#번호	받은 파일	원문	번역
00001	sw_001.tsv	ゲームを ちゅうだんします\nよろしいですか?	게임을 중단합니다\n괜찮습니까?
00002	sw_001.tsv	{0015}{0002}データを選んでください	{0015}{0002}데이터를 선택해 주세요
00003	sw_001.tsv	{0015}{0002}処理を選んでください	{0015}{0002}처리를 선택해 주세요
00004	sw_001.tsv	{0015}{0002}バックアップRAMを選んでください	{0015}{0002}백업 RAM을 선택해 주세요
00005	sw_001.tsv	{0015}{0002}このデータを 消してよろしいですか?	{0015}{0002}이 데이터를 지워도 되겠습니까?
00006	sw_001.tsv	{0015}{0002}このデータを 更新しますか?	{0015}{0002}이 데이터를 갱신하시겠습니까?
00007	sw_001.tsv	{0015}{0002}本体RAMの容量が 不足しています{0008}	{0015}{0002}본체 RAM의 용량이 부족합니다{0008}
00008	sw_001.tsv	{0015}{0002}カートリッジRAMの容量が 不足しています{0008}	{0015}{0002}카트리지 RAM의 용량이 부족합니다{0008}
00009	sw_001.tsv	{0015}{0002}容量不足のため コピーできません{0008}	{0015}{0002}용량 부족으로 복사할 수 없습니다{0008}
00010	sw_001.tsv	{0015}{0002}容量不足のため 新規のセーブはできません{0008}	{0015}{0002}용량 부족으로 신규 저장을 할 수 없습니다{0008}
00011	sw_001.tsv	{0015}{0002}カートリッジRAMが ありません{0008}	{0015}{0002}카트리지 RAM이 없습니다{0008}
00012	sw_001.tsv	{0015}{0002}カートリッジRAMには 書き込みできません{0008}	{0015}{0002}카트리지 RAM에는 쓸 수 없습니다{0008}
00013	sw_001.tsv	{0015}{0002}「きろくのしょ」を ひとつ使って\nここまでの冒険を 記録することができます。\n記録しますか?	{0015}{0002}「기록의 서」를 하나 사용해서\n지금까지의 모험을 기록할 수 있습니다.\n기록하시겠습니까?
00014	sw_001.tsv	{0015}{0009}{0007}記録を保存するために17の空き容量が必要です。\nこのままゲームをスタートさせた場合\n記録を保存することができません{0005}\n冒険の記録を保存したい場合は\n保存データ管理画面でデータを整理して\nゲームを再スタートしてください。{0008}	{0015}{0009}{0007}기록을 저장하려면 17의 여유 용량이 필요합니다.\n이대로 게임을 시작할 경우\n기록을 저장할 수 없습니다{0005}\n모험의 기록을 저장하고 싶다면\n저장 데이터 관리 화면에서 데이터를 정리하고\n게임을 다시 시작해 주세요.{0008}
00015	sw_001.tsv	{0015}{0002}{0009}{0007}書き込みに失敗しました{0008}	{0015}{0002}{0009}{0007}쓰기에 실패했습니다{0008}
00016	sw_001.tsv	{0015}{0002}バックアップデータはありません	{0015}{0002}백업 데이터가 없습니다
00017	sw_001.tsv	{0015}{0009}{0007}本体RAMの準備が できていません。\n保存データ管理画面で 全ての記録を消し\nゲームを 再スタートしてください。	{0015}{0009}{0007}본체 RAM의 준비가 되어 있지 않습니다.\n저장 데이터 관리 화면에서 모든 기록을 지우고\n게임을 다시 시작해 주세요.
00018	sw_001.tsv	{0015}{0009}{0007}カートリッジRAMの準備が できていません。\n保存データ管理画面で 全ての記録を消し\nゲームを 再スタートしてください。	{0015}{0009}{0007}카트리지 RAM의 준비가 되어 있지 않습니다.\n저장 데이터 관리 화면에서 모든 기록을 지우고\n게임을 다시 시작해 주세요.
00019	sw_001.tsv	{0015}{000E}を手に入れた{0004}	{0015}{000E} 획득!{0004}
00020	sw_001.tsv	{0015}{000A}は バトルソードを見つけて\nショートソードを 宝箱においた。{0008}	{0015}{000A}는 배틀 소드를 발견하고\n쇼트 소드를 보물상자에 두었다.{0008}
00021	sw_001.tsv	{0015}鍵がかかっている{0007}	{0015}잠겨 있다{0007}
00022	sw_001.tsv	それは エルフに伝わる魔法石・・・\nきっと {000A}に役立つはずだ{0005}	그것은 엘프에게 전해지는 마법석…\n분명 {000A}에게 도움이 될 거야{0005}
00023	sw_001.tsv	この先は キミにはまだ無理だ\nそれを持って 外に戻りなさい\nいずれ会う日まで・・・さらばだ。{0008}	이 앞은 아직 네게는 무리야\n그걸 가지고 밖으로 돌아가렴\n언젠가 만날 날까지…안녕히.{0008}
00024	sw_001.tsv	まあ {000A}様ったら・・・\n白鳥を お供にされるなんて\n茶目っ気が おありなんですこと!{0008}	어머 {000A}님도 참…\n백조를 데리고 다니시다니\n장난기가 많으시네요!{0008}
00025	sw_001.tsv	うふふ・・・{000A}様は\n剣士の身分に おなりになっても\nかざり気のない 性格ですのね?{0008}	우후후…{000A}님은\n검사의 신분이 되셨어도\n꾸밈없는 성격이시네요?{0008}
00026	sw_001.tsv	{000A}様の お連れの白鳥は\nどちらで 見つけられたのです?\n何だか とっても気品がありますわ。{0008}	{000A}님의 동행인 백조는\n어디서 발견하신 거예요?\n어쩐지 아주 기품이 있네요.{0008}
00027	sw_001.tsv	コホン・・・申し上げておきますが\n城中に 生き物を持ち込むことは\nかたく禁じられております ハイ。{0008}	흠흠…미리 말씀드리지만\n성 안에 생물을 들이는 것은\n엄격히 금지되어 있습니다요.{0008}
00028	sw_001.tsv	おや {000A}殿のお供は・・・\nもしや 白鳥ではありませぬかな\nへええ そういう しゅ味ですか?{0008}	이런 {000A}님의 동행이란…\n혹시 백조가 아니십니까\n허허 그런 취미이십니까?{0008}
00029	sw_001.tsv	あれまあ 白鳥を従えての登城とは\nいったい どのような心境ですかな?\nこれまた 変わったお供だこと・・・。{0008}	어머나 백조를 거느리고 등성하시다니\n대체 어떤 심경이신지요?\n이거 참 특이한 동행이군요…{0008}
00030	sw_001.tsv	何ですか・・・{000A}殿?\nやや もしや その白鳥を\n料理してくれと いわれますか?{0008}	뭡니까…{000A}님?\n혹시나 그 백조를\n요리해 달라는 말씀이십니까?{0008}
00031	sw_001.tsv	お前は 剣士に出世したことで\nどこか おかしくなったのか?\nだって それ 白鳥だよなあ。{0008}	너 검사로 출세하더니\n어딘가 이상해진 거 아니냐?\n그거 백조잖아,그거.{0008}
00032	sw_001.tsv	{000A}が 冒険に出てると聞いて\nどんなことを やってくるかと思ったら\n・・・白鳥を さがしてくることとは!{0008}	{000A}가 모험을 떠났다고 듣고\n무슨 일을 해 올까 했더니\n…백조를 찾아오다니!{0008}
00033	sw_001.tsv	おれは {000A}の出世の知らせを\n素直に よろこんでいたんだけど・・・\n白鳥を従える お前見ると ガッカリだ。{0008}	나는 {000A}가 출세했다는 소식을\n솔직히 기뻐했었는데…\n백조를 거느린 너를 보니 실망이야.{0008}
00034	sw_001.tsv	{000A}殿は 剣士になられて\nますます たくましくなった・・・が\nププッ お供に白鳥とは ケッサクだ!{0008}	{000A}님은 검사가 되셔서\n더욱 늠름해지셨는데…가\n푸흡 동행이 백조라니 걸작이로군!{0008}
00035	sw_001.tsv	! {000A}様は はずかしくないのか?\n剣士たる者が 白鳥を従えるとは・・・\nオデガンの剣士も 地に落ちたなあ。{0008}	!{000A}님은 부끄럽지 않으십니까?\n검사 된 자가 백조를 거느리다니…\n오데간의 검사도 땅에 떨어졌구나.{0008}
00036	sw_001.tsv	{000A}様の 後ろにいるのは\n白鳥ですけど・・・ははあ・・・\n剣士の冒険と 関係があるんでしょ?{0008}	{000A}님 뒤에 있는 건\n백조인 것 같은데…허허…\n검사의 모험과 관계가 있는 거겠죠?{0008}
00037	sw_001.tsv	{000A}様は 白鳥を飼われたの?\nでも なんてきれいな白鳥なんでしょ!\nそれに 気品にあふれているわよ。{0008}	{000A}님은 백조를 기르시는 거예요?\n근데 정말 아름다운 백조네요!\n게다가 기품이 넘쳐요.{0008}
00038	sw_001.tsv	{000A}様と 白鳥の取り合わせ?\nみんなは おかしく思うでしょうけど\n私は・・・すごくステキだと思う。{0008}	{000A}님과 백조의 조합이요?\n다들 이상하게 생각하겠지만\n저는…정말 멋지다고 생각해요.{0008}
00039	sw_001.tsv	剣士になられた {000A}様ですね?\nそんな身分の方が あら いやだわあ\n白鳥が 後をつけてきていますわよ。{0008}	검사가 되신 {000A}님이시죠?\n그런 신분이신 분이 어머 싫어라\n백조가 뒤를 따라오고 있어요.{0008}
00040	sw_001.tsv	へぇぇ ホントに以外だなあ・・・\n{000A}が 白鳥を従えて歩くなんて\nいままでのキミからは 考えられないよ。{0008}	헤에 정말 의외네…\n{000A}가 백조를 거느리고 걷다니\n지금까지의 너로는 상상도 못 했어.{0008}
00041	sw_001.tsv	う うん? なんだサルじゃないか!\n出世のチャンスを のがしたボクを\nなぐさめに きてくれたんだね ぐー。{0008}	으 응?뭐야 원숭이잖아!\n출세의 기회를 놓친 나를\n위로하러 와 준 거구나 끄응.{0008}
00042	sw_001.tsv	まあ かわいい おサルさん\nきっと お腹でもすいたんでしょ?\nでも今 バナナは持っていないの。{0008}	어머 귀여운 원숭이씨\n분명 배가 고픈 거겠죠?\n근데 지금 바나나는 안 가지고 있어요.{0008}
00043	sw_001.tsv	あらイヤだわ サルじゃないのよ\nサルは すぐイタズラするから\nキライなのよねぇ シッシ シッシ。{0008}	어머 싫어라 원숭이가 아니에요\n원숭이는 바로 장난을 쳐서\n싫어한다니까요 훠이 훠이.{0008}
00044	sw_001.tsv	お城に おサルさんがくるなんて\nきっと はじめてのことじゃない?\nけいび兵は 何してるのかしら!{0008}	성에 원숭이씨가 오다니\n분명 처음 있는 일이겠죠?\n경비병은 뭘 하고 있는 걸까요!{0008}
00045	sw_001.tsv	コホン・・・申し上げておきますが\nオデガン城では 生き物の入城は\nかたく お断り申し上げておりますぞ。{0008}	흠흠…미리 말씀드리지만\n오데간 성에서는 생물의 입성을\n엄격히 사절하고 있습니다요.{0008}
00046	sw_001.tsv	おい サル! どこから来たんだ\nそんな所で ダンスをしてないで\n頼むから 城から出て行ってくれ!{0008}	이봐 원숭이!어디서 왔냐\n그런 데서 춤추지 말고\n제발 성에서 나가 줘!{0008}
00047	sw_001.tsv	ほほう これがモンキーダンス!\nちまたの 若者たちのあいだでは\n大流行の おどりと聞きました。{0008}	호오 이게 바로 몽키 댄스!\n거리의 젊은이들 사이에서\n대유행이라고 들었습니다.{0008}
00048	sw_001.tsv	ありゃ こりゃまた・・・・\nでっかいサルが やってきたぞ\nどうやって 料理するのかなあ?{0008}	어이쿠 이거 또…\n거대한 원숭이가 왔구나\n어떻게 요리할까나?{0008}
00049	sw_001.tsv	こいつ オレの前でダンスとは!\n手柄を立てない オレのことを\nバカにしてるみたいで くやしいぜ。{0008}	이놈이 내 앞에서 춤을 추다니!\n공을 세우지 못한 나를\n바보 취급하는 것 같아 분하다.{0008}
00050	sw_001.tsv	ダンシング ダンシング!\nこりゃまた すげぇリズム感だな\nオレも ムズムズしてきたぜ!{0008}	댄싱 댄싱!\n이거 참 굉장한 리듬감이네\n나까지 몸이 근질근질해졌어!{0008}
00051	sw_001.tsv	ああ やめろっ やめてくれっ\n今日は 朝から頭が痛いってのに\nそんなとこで ダンスされてたまるか!{0008}	아아 그만둬 그만두라고\n오늘은 아침부터 머리가 아픈데\n그런 데서 춤춰대다니 못 참겠다!{0008}
00052	sw_001.tsv	城下町に 巨大なサルが来るなんて\n何かの 前触れにちがいないです\n・・・にしても ノリのいいサルだ!{0008}	성하마을에 거대한 원숭이가 오다니\n뭔가의 전조임에 틀림없습니다\n…그나저나 흥이 넘치는 원숭이구나!{0008}
00053	sw_001.tsv	ありゃりゃ いきなりダンスとは\n大胆にして 不敵なサルですねぇ\nいつまでおどるか 見てよっと!{0008}	어이쿠 갑자기 춤을 추다니\n대담하고도 겁 없는 원숭이네요\n언제까지 추는지 지켜봐야지!{0008}
00054	sw_001.tsv	これは サルだよなあ・・・\n芸まで やってるってことは\nサーカスから にげたのかも!{0008}	이건 원숭이 맞지…\n재주까지 부리는 걸 보면\n서커스에서 도망친 걸지도!{0008}
00055	sw_001.tsv	まあ かわいい おサルさんだわ\nでも・・・かわいいっていうには\nちょっと 大きすぎる気もするわ。{0008}	어머 귀여운 원숭이씨네\n하지만…귀엽다고 하기엔\n조금 큰 것 같기도 해요.{0008}
00056	sw_001.tsv	きゃーっ だれかーっ 助けてーっ\n・・・って おどろいてみたけど\nひたすら おどっているだけだわ。{0008}	꺄아 누구 없어요 도와줘요\n…라고 놀란 척 해봤지만\n그냥 계속 춤만 추고 있을 뿐이네.{0008}
00057	sw_001.tsv	季節の変わり目は どんな生き物も\nたしかに 浮かれるものだけど\nこれは ちょっと 浮かれすぎよ。{0008}	환절기에는 어떤 생물이든\n확실히 들뜨기 마련이지만\n이건 좀 너무 들뜬 거 같아.{0008}
00058	sw_001.tsv	モンスターはヘビーシューズを持っていた{0006}	몬스터는 헤비 슈즈를 가지고 있었다{0006}
00059	sw_001.tsv	{000A}はヘビーシューズを手に入れた{0005}	{000A}는 헤비 슈즈를 손에 넣었다{0005}
00060	sw_001.tsv	サテラ王女よ よくぞまいられた\n心より 歓迎しましょうぞ。{0008}	사테라 왕녀,잘 와 주셨소\n진심으로 환영하겠소.{0008}
00061	sw_001.tsv	オデガン王にも 困ったものだ\n私の願いさえ かなえてくれたなら\nこんな手荒なマネは しなかったろう。{0008}	오데간 왕도 참 곤란한 사람이군\n내 소원만 들어주었더라면\n이런 거친 짓은 하지 않았을 텐데.{0008}
00062	sw_001.tsv	たとえ 聖なるティアラで守られていようと\n魔力によって 呼び寄せてしまえば\n王家の力も 何の意味もなくなる{0005}	설령 성스러운 티아라로 지켜지고 있다 해도\n마력으로 불러들여 버리면\n왕가의 힘도 아무 의미가 없어진다{0005}
00063	sw_001.tsv	サテラ王女の命に 別状がなければ!と\nオデガン王たちは 考えたろうが\nそこに 油断も生まれたということだ。{0008}	사테라 왕녀의 목숨에 지장만 없다면!하고\n오데간 왕 일행은 생각했겠지만\n거기에 방심도 생겨났다는 것이다.{0008}
00064	sw_001.tsv	カーリー!{0008}	칼리!{0008}
00065	sw_001.tsv	全能なる 地の底におわすお方よ\n我に力を 貸したまえ・・・\nこの娘の美を 与えたまえ!{0008}	전능하신 땅속에 계신 분이시여\n제게 힘을 빌려주소서…\n이 소녀의 아름다움을 내려주소서!{0008}
00066	sw_001.tsv	・・・パゾート様\nいかがで ございましょう?{0008}	…파조트 님\n어떠신지요?{0008}
00067	sw_001.tsv	みごとだ カーリー!{0007}\nさて 後は・・・{0005}	훌륭하구나 칼리!{0007}\n자 다음은…{0005}
00068	sw_001.tsv	王女を 助けにやってきた\n向こう見ずな 新米兵士殿に\n活躍して もらうとしようか?{0008}	왕녀를 구하러 온\n저 무모한 신참 병사 나리에게\n활약을 좀 해 받도록 할까?{0008}
00069	sw_001.tsv	お前の言っていた 新米兵士とは\nこの少年のことだな バンボ?{0008}	네가 말하던 그 신참 병사가\n바로 이 소년이란 말이지 밤보?{0008}
00070	sw_001.tsv	はい パゾート様\nまちがいございません!{0008}	네 파조트 님\n틀림없습니다!{0008}
00071	sw_001.tsv	さて 次の計画のために\nだれに 相手をさせようかな?{0008}	자 다음 계획을 위해\n누구를 상대로 시킬까나?{0008}
00072	sw_001.tsv	これは 私のアイデアですから\nぜひ・・・私におまかせを!{0008}	이건 제 아이디어이니\n부디…저에게 맡겨 주십시오!{0008}
00073	sw_001.tsv	バンボ・・・お前にか・・・{0006}\nよかろう! やって みるがいい。{0008}	밤보…네게 말이냐…{0006}\n좋다!한번 해 보거라.{0008}
00074	sw_001.tsv	やっぱり やってきたんですね\n精神力の強い 新米兵士君?{0005}	역시 찾아왔군요\n정신력이 강한 신참 병사님?{0005}
00075	sw_001.tsv	みごと 王女様を助けられるか\n私が 試して上げましょう{0006}\nさあ かかっていらっしゃい!{0008}	멋지게 왕녀님을 구해내는지\n제가 시험해 드리죠{0006}\n자 덤비세요!{0008}
00076	sw_001.tsv	ホッホ 戦いを 放きして\n王女を 助けようなんて\nルールいはんは いけませんね。{0008}	호호 싸움을 내팽개치고\n왕녀를 구하겠다니\n규칙 위반은 안 되죠.{0008}
00077	sw_001.tsv	こぞう よくぞバンボに勝ったな?\n・・・水がなければ頼りないとは\nバンボも ぶざまなものよな!{0008}	꼬맹이 녀석,용케 밤보를 이겼구나?\n…물이 없으면 못 미덥다니\n밤보도 참 꼴사납구나!{0008}
00078	sw_001.tsv	・・・私としたことが\nゆだんとはいえ おはずかしい。{0008}	…저답지 않게도\n방심했다니,부끄럽기 그지없습니다.{0008}
00079	sw_001.tsv	ほう・・・まだいしきがあるとは\nバンボのいう通り 大したものだ{0006}\nしかし それも長くはもつまい!{0008}	호오…아직 의식이 있다니\n밤보의 말대로 제법이구나{0006}\n하지만 그것도 오래가지 못하리라!{0008}
00080	sw_001.tsv	・・・ここは どこでしょう?{0008}	…여긴 어디일까요?{0008}
00081	sw_001.tsv	あ あなたは 私・・・\nそんな・・・いいえ ちがうわ\nオデガン王女サテラは 私よ。{0008}	아 당신은 저…\n그런…아니야 아니에요\n오데간 왕녀 사테라는 바로 저예요.{0008}
00082	sw_001.tsv	そう・・・しかし 今夜限りです\n明日から その者がサテラ王女となり\nオデガン城で くらすことになります。{0008}	그래…하지만 오늘 밤뿐이다\n내일부터는 그 자가 사테라 왕녀가 되어\n오데간 성에서 살게 될 것이다.{0008}
00083	sw_001.tsv	そ そんな・・・どうやって?{0006}\n私は・・・どうなるのです・・・。{0008}	그 그런…어떻게요?{0006}\n저는…어떻게 되는 건가요…{0008}
00084	sw_001.tsv	ふっふっふ あなた・・・ですか?{0006}\nあなたはいまから 白鳥にでもなり\n永遠に 迷いの森をさまようのです。{0008}	후후후 너…말이냐?{0006}\n너는 지금부터 백조라도 되어\n영원히 미혹의 숲을 헤매는 것이다.{0008}
00085	sw_001.tsv	いやっ いやよ!\nあなたは だれ?\n何を たくらんでいるの?{0008}	싫어 싫다고!\n당신은 누구예요?\n무엇을 꾸미고 있는 거죠?{0008}
00086	sw_001.tsv	私は 魔導師パゾート!\n世界を 闇に変える者だ!{0008}	나는 마도사 파조트!\n세계를 어둠으로 바꾸는 자다!{0008}
00087	sw_001.tsv	{0015}鍵がかかっている{0008}	{0015}잠겨 있다{0008}
00088	sw_001.tsv	それは  エルフに伝わる魔法石・・・\nきっと  {000A}に役立つはずだ{0005}	그것은  엘프에게 전해지는 마법석…\n분명  {000A}에게 도움이 될 거야{0005}
00089	sw_001.tsv	この先は  キミにはまだ無理だ\nそれを持って  外に戻りなさい\nいずれ会う日まで・・・さらばだ。{0008}	이 앞은  네게는 아직 무리야\n그걸 가지고  밖으로 돌아가렴\n언젠가 만날 날까지…안녕히.{0008}
00090	sw_001.tsv	!  {000A}様は はずかしくないのか?\n剣士たる者が 白鳥を従えるとは・・・\nオデガンの剣士も 地に落ちたなあ。{0008}	!  {000A}님은 부끄럽지 않으십니까?\n검사 된 자가 백조를 거느리다니…\n오데간의 검사도 땅에 떨어졌구나.{0008}
00091	sw_001.tsv	ホホホ やって来たわね {000A}!{0008}	호호호 왔구나 {000A}!{0008}
00092	sw_001.tsv	でも・・・残念だわね\n土のジンは 解放されたわ!{0008}	하지만…유감이네\n땅의 진은 해방되었어!{0008}
00093	sw_001.tsv	ホホホ くやしいかしら?\n私を 倒したいことでしょうね!{0008}	호호호 분하니?\n나를 쓰러뜨리고 싶겠지!{0008}
00094	sw_001.tsv	ダメダメ {0006}今は戦ってるヒマがないわ\n・・・そう 私はホビットの村に行くの\nホビットの村の 仕事を片づけるのよ{0005}	안 돼 안 돼{0006}지금은 싸우고 있을 틈이 없어\n…그래 나는 호빗 마을로 간다\n호빗 마을의 일을 마무리 지을 거야{0005}
00095	sw_001.tsv	戦いたければ そこにいらっしゃい\nあなたが望むだけ 戦ってあげるわ。{0008}	싸우고 싶으면 거기로 오렴\n네가 원하는 만큼 상대해 줄게.{0008}
00096	sw_001.tsv	いいことを 教えて上げましょう!\nジンの宝玉は 土のジンを解放して\n彼を守っている 怪物にあげたの{0005}	좋은 걸 알려줄게!\n진의 보옥은 땅의 진을 해방시켜준\n그를 지키는 괴물에게 주었어{0005}
00097	sw_001.tsv	もしも あれがほしいのだったら\nそこの サンドウォームと戦うのね\nそれじゃ がんばりなさいな!{0008}	혹시 그게 갖고 싶다면\n거기 있는 샌드웜과 싸워 보렴\n그럼 열심히 해 보려무나!{0008}
00098	sw_001.tsv	「迷宮に眠る ジンに会いたいと願うなら\n 砂が石になる時 現れる石の女神像を\n 最上階のコロシアムの 扉にはめるのだ。」{0008}	「미궁에 잠든 진을 만나고 싶다면\n 모래가 돌이 될 때 나타나는 돌 여신상을\n 최상층 콜로세움의 문에 끼워 넣어라.」{0008}
00099	sw_001.tsv	どこからともなく 声がする・・・\n「砂が石に変わるとき 砂に埋ずもれし女神\nその姿を 現わすであろう」{0008}	어디선가 목소리가 들린다…\n「모래가 돌로 변할 때 모래에 묻힌 여신\n그 모습을 드러내리라」{0008}
00100	sw_001.tsv	扉に文字が 刻まれている・・・\n「固く閉ざされし 我が心\n女神のほほえみにより 開かれん」{0008}	문에 문자가 새겨져 있다…\n「굳게 닫힌 내 마음\n여신의 미소로 인해 열리리라」{0008}
00101	sw_001.tsv	ひょっとして・・・ キミは\n千年樹の仙人に 会いに来たの?	혹시…너는\n천년수의 선인을 만나러 온 거야?
00102	sw_001.tsv	そうだよね キミの体重じゃあ・・・\n木のヘソを どんなにふんだって\n葉っぱを おどろかせられないもの。{0005}	그렇겠지 네 몸무게로는…\n나무배꼽을 아무리 밟아도\n잎사귀를 놀라게 할 수 없으니까.{0005}
00103	sw_001.tsv	でもね 頂上の仙人に頼めば\nどんな病にも 効く薬といわれる\n千年樹の樹液を 分けてくれるんだって!{0008}	그런데 말이야 정상의 선인에게 부탁하면\n어떤 병에도 효과가 있다는\n천년수의 수액을 나눠준대!{0008}
00104	sw_001.tsv	千年樹の幹に 意地悪な葉が広がってて\n先に行こうとしても 通れないんだよ{0005}\n大きな葉っぱを おどろかすには\n木のヘソと呼ばれる でっぱりのところに\n大きなショックを 与えればいいんだよ。{0008}	천년수 줄기에 심술궂은 잎이 퍼져 있어서\n먼저 가려고 해도 지나갈 수가 없어{0005}\n커다란 잎사귀를 놀라게 하려면\n나무배꼽이라고 불리는 돌기 부분에\n큰 충격을 주면 돼.{0008}
00105	sw_001.tsv	お客さんとは めずらしいの・・・。{0008}	손님이라니 정말 드문 일이로군…{0008}
00106	sw_001.tsv	わざわざ ここまで来たって事は\n何かワシに 用事があってのことじゃろ?{0005}	일부러 여기까지 왔다는 건\n뭔가 내게 볼일이 있어서겠지?{0005}
00107	sw_001.tsv	千年樹を登ってきた 根性にめんじて\nワシにできることは かなえてやろう\nさあ 言ってみるがいい。{0008}	천년수를 올라온 근성을 보아\n내가 해줄 수 있는 건 들어주마\n자 말해 보거라.{0008}
00108	sw_001.tsv	お前さんが 何か困っているのは\nその顔を見れば よくわかるが\nいま 助けてやれることはないのう{0005}	네놈이 뭔가 곤란한 일이 있다는 건\n그 얼굴만 봐도 잘 알겠지만\n지금 도와줄 수 있는 건 없구나{0005}
00109	sw_001.tsv	そうだ・・・樹液がほしのであろう\nそのボトルを ちょっと かしなさい\nさっそく 入れちゃるぞ。{0008}	그래…수액이 갖고 싶은 게지\n그 병을 좀 빌려 보거라\n바로 채워주마.{0008}
00110	sw_001.tsv	仙人は {000A}のボトルに\n樹液の薬を つめこんだ。{0008}	선인은 {000A}의 병에\n수액 약을 채워 넣었다.{0008}
00111	sw_001.tsv	さあ それを持って 帰るがいい。{0008}	자 그걸 가지고 돌아가거라.{0008}
00112	sw_001.tsv	ワシの専門は 魔法を解くことじゃから\n必要になったら いつでも来なさい\nいくらでも 直して進ぜようぞ。{0008}	내 전문은 마법을 푸는 것이니\n필요할 때 언제든 오거라\n얼마든지 고쳐 주마.{0008}
00113	sw_001.tsv	おや その白鳥は・・・かわいそうに\nだれかに 魔法をかけられたのじゃな?\n前に出なさい 直してあげるぞ。{0008}	오 그 백조는…가엾구나\n누군가에게 마법에 걸린 게로구나?\n앞으로 나오거라 고쳐 주마.{0008}
00114	sw_001.tsv	少しの しんぼうじゃから\n怖がらんで ええんじゃぞ!{0008}	잠깐 참으면 되니까\n무서워하지 않아도 된단다!{0008}
00115	sw_001.tsv	どうじゃな? 元にもどったじゃろ?{0008}	어떠냐?원래대로 돌아왔지?{0008}
00116	sw_001.tsv	私・・・もどったのね・・・\n元のサテラに もどれたのね?{0008}	저…돌아왔네요…\n원래의 사테라로 돌아올 수 있었네요?{0008}
00117	sw_001.tsv	ああ 仙人様 私・・・私は\nどのように かんしゃすればいいのか!{0008}	아아 선인님 저…저는\n어떻게 감사드려야 할지!{0008}
00118	sw_001.tsv	フォフォフォ{0006} 何もせんでよい・・・\nそれより 少しでも早く城にもどり\nオデガン王に 見せてやるがいい。{0008}	포호호호{0006} 아무것도 안 해도 된다…\n그보다 조금이라도 빨리 성으로 돌아가\n오데간 왕에게 보여 주거라.{0008}
00119	sw_001.tsv	それじゃ 仙人様は・・・\n最初から 私のことを?{0008}	그럼 선인님은…\n처음부터 제 정체를?{0008}
00120	sw_001.tsv	フォフォフォ これでも仙人じゃでな\n大抵のことは 見通しているつもりだ\nさあ 急いで オデガン城にお帰り!{0008}	포호호호 이래 봬도 선인이니라\n대개의 일은 내다보고 있느니라\n자 서둘러 오데간 성으로 돌아가거라!{0008}
00121	sw_001.tsv	そうか・・・樹液がほしかったかいの\nそのボトルを ちょっと かしなさい\nさっそく 入れちゃるぞ。{0008}	그랬나…수액이 갖고 싶었구먼\n그 병을 좀 빌려 보거라\n바로 채워주마.{0008}
00122	sw_001.tsv	妖精のうわさでは ダークエルフが\nジンの宝玉で 巨人を復活させる気じゃ\nヤツに盗まれぬよう 気を付けたがよい。{0008}	요정들의 소문에 의하면 다크엘프가\n진의 보옥으로 거인을 부활시킬 작정이라는군\n놈에게 빼앗기지 않도록 조심하거라.{0008}
00123	sw_001.tsv	お前さんは ホビットを知っとるか?{0008}	네놈은 호빗을 알고 있느냐?{0008}
00124	sw_001.tsv	ホビットたちも かわいそうに・・・\nダークエルフの 手下のワナによって\n彼らの村が 大変なことになっとるぞ{0005}	호빗들도 참 가엾게도…\n다크엘프 부하들의 함정으로 인해\n그들의 마을이 큰일이 났구나{0005}
00125	sw_001.tsv	ちょうど ここで見ておったんじゃが\n村全体が 光に包まれての・・・\n彼らの姿が 見えなくなったのじゃ。{0008}	마침 여기서 지켜보고 있었는데\n마을 전체가 빛에 휩싸이더니…\n그들의 모습이 보이지 않게 되었다.{0008}
00126	sw_001.tsv	オデガンの 西の地方の水辺に住む\n小柄で せいじつな種族なのじゃが\nどうも ワナにはまったようなのじゃ。{0008}	오데간 서쪽 지방의 물가에 사는\n몸집이 작고 성실한 종족이다만\n아무래도 함정에 빠진 모양이더라.{0008}
00127	sw_001.tsv	ダークエルフどもは よりにもよって\nとんでもないことを しでかしおった\n迷宮のジンたちを 解放するとはの!{0005}	다크엘프 놈들은 하필이면\n터무니없는 짓을 저질렀구나\n미궁의 진들을 해방시키다니!{0005}
00128	sw_001.tsv	お前さんは オデガン城に急ぐんじゃ\nあの地底に眠る巨人が 目覚める前に\nジンを 封じなければエライこっちゃ!{0008}	네놈은 오데간 성으로 서둘러 가거라\n저 지저에 잠든 거인이 깨어나기 전에\n진을 봉인하지 않으면 큰일이다!{0008}
00129	sw_001.tsv	王女の姿が 元にもどったか!\n急いで オデガン城に帰って\nカーリー様に 知らせなければ!{0008}	왕녀의 모습이 원래대로 돌아왔구나!\n서둘러 오데간 성으로 돌아가\n칼리 님께 알려야 한다!{0008}
00130	sw_001.tsv	成長しそうな つたの芽があるぞ\nなにか 使ってみる?	자랄 것 같은 덩굴 싹이 있구나\n뭔가 써 볼까?
00131	sw_001.tsv	なにも おこらなかったようだ{0008}	아무 일도 일어나지 않은 듯하다{0008}
00132	sw_001.tsv	ほんのすこし 芽が伸びたような気がした{0008}	아주 조금 싹이 자란 것 같은 기분이 들었다{0008}
00133	sw_001.tsv	わかりにくいけど また少し芽が伸びた\nもうすこし伸びれば 登れそうだぞ{0008}	알아보기 힘들지만 또 조금 싹이 자랐다\n조금만 더 자라면 오를 수 있을 것 같다{0008}
00134	sw_001.tsv	芽は 元気いっぱい\nあとは 伸びるのを気長に待とう。{0008}	싹은 아주 기운이 넘친다\n남은 건 자라나기를 느긋하게 기다리자.{0008}
00135	sw_001.tsv	{0015}鍵がかかっている{0004}	{0015}잠겨 있다{0004}
00136	sw_001.tsv	おれは {000A}の出世の知らせを\n素直に よろこんでいたんだけど・・・\n白鳥を従える お前を見ると ガッカリだ。{0008}	나는 {000A}의 출세했다는 소식을\n솔직히 기뻐했었는데…\n백조를 거느린 너를 보니 실망이야.{0008}
00137	sw_001.tsv	ここは 仮眠用のベッドで\n眠ることが できます\n眠りますか?	여기는 가면 쉬기용 침대로\n잠을 잘 수 있습니다\n주무시겠습니까?
00138	sw_001.tsv	おお 戻ったか {000A}!\n・・・いや 何もいわんでよいぞ\nせいいっぱい やった結果なのだ{0005}	오오 돌아왔느냐 {000A}!\n…아니 아무 말도 안 해도 된다\n최선을 다한 결과이니라{0005}
00139	sw_001.tsv	砂の迷宮で ダメだったからには\n{000A}にも 西の地方に行って\n残りの迷宮を 回ってもらうしかない{0005}	모래의 미궁에서 실패했으니\n{000A}에게도 서쪽 지방에 가서\n남은 미궁을 돌아줄 수밖에 없다{0005}
00140	sw_001.tsv	水 火 空気の どの迷宮でも棈わぬ\nやつらの 野望をくい止めてくれ!\n私は {000A}を信じておるぞ。{0008}	물 불 공기 어느 미궁이든 상관없다\n그놈들의 야망을 막아 다오!\n나는 {000A}를 믿고 있다.{0008}
00141	sw_001.tsv	おお 戻ったか {000A}!\n・・・いや 何もいわんでよいぞ\n私は 成功のほうこくを待っている{0005}	오오 돌아왔느냐 {000A}!\n…아니 아무 말도 안 해도 된다\n나는 성공의 보고를 기다리고 있다{0005}
00142	sw_001.tsv	その顔つきでは 失敗だったようだな?\n自分のために オデガン国があぶないと\nそう思っているなら それはまちがいだ{0005}	그 얼굴을 보니 실패였던 모양이구나?\n자신 때문에 오데간국이 위험하다고\n그리 생각한다면 그건 틀렸다{0005}
00143	sw_001.tsv	お前の父親は どんな時もくじけずに\nいつも前向きに 全てを考えてたぞ\n過去をふり帰らず 前を見て進むんだ。{0008}	네 아버지는 어떤 때도 좌절하지 않고\n항상 긍정적으로 모든 것을 생각했다\n과거를 돌아보지 말고 앞을 보고 나아가라.{0008}
00144	sw_001.tsv	どうした {000A}にしちゃあ\nずいぶん 元気がないじゃないか?{0005}	무슨 일이냐 {000A}답지 않게\n꽤나 기운이 없구나?{0005}
00145	sw_001.tsv	王様も われわれ オデガン国民も\nお前に 運命をあずけているのだから\nそんな顔で 心配させないでおくれ。{0008}	국왕님도 우리 오데간 국민들도\n네게 운명을 맡기고 있으니\n그런 얼굴로 걱정시키지 말아다오.{0008}
00146	sw_001.tsv	{000A}様 会いに来て下さったのね\nサテラは {000A}様が心配です\nもっと 元気を出して下さいませ。{0008}	{000A}님 만나러 와 주셨군요\n사테라는 {000A}님이 걱정돼요\n좀 더 기운을 내 주세요.{0008}
00147	sw_001.tsv	{000A} オーブを手に入れたか?\nじゃあ 魔法は使えるようになったか!{0008}	{000A} 오브를 손에 넣었느냐?\n그럼 마법을 쓸 수 있게 되었나!{0008}
00148	sw_001.tsv	おや? {000A}じゃないか!\n久しぶりに 会いに来てくれたんだ\nボクは 相変わらず夜のけいびだよ。{0008}	어라?{000A} 아니냐!\n오랜만에 만나러 와 주었구나\n나는 여전히 밤 경비를 서고 있어.{0008}
00149	sw_001.tsv	グゴーッ・・・グゴーッ・・・\nスヤスヤ・・・スヤスヤ・・・。{0008}	쿠고오…쿠고오…\n새근새근…새근새근…{0008}
00150	sw_001.tsv	こうなってみると やっぱり気になる!\nあの夜に見た 西の方向の光は\nダークエルフの しわざにちがいない。{0008}	이렇게 되고 보니 역시 신경 쓰여!\n그날 밤 본 서쪽 방향의 빛은\n다크엘프의 짓임에 틀림없어.{0008}
00151	sw_001.tsv	オレたちが こうしている間にも\n破減が 近づいているのか・・・\nイヤ そんなこと言っちゃいけないな。{0008}	우리가 이러고 있는 동안에도\n파멸이 다가오고 있는 걸까…\n아니 그런 말을 하면 안 되지.{0008}
00152	sw_001.tsv	ここにいると 色々なことがわかって\nこうしてちゃ いけない気がします\n・・・でも 何をすればいいのかしら。{0008}	여기 있으면 여러 가지를 알게 돼서\n이러고 있으면 안 될 것 같아요\n…하지만 뭘 해야 할지 모르겠네요.{0008}
00153	sw_001.tsv	王女様も {000A}様に気があるなら\n・・・強敵現るって 感じなんですわ\nでも 私もぜったい 負けないんだから。{0008}	왕녀님도 {000A}님께 마음이 있다면\n…강적 출현이라는 느낌이네요\n하지만 저도 절대로 지지 않을 거예요.{0008}
00154	sw_001.tsv	オデガン国に 破減の日が近づいても\n何だか 実感がないんだなあ・・・\n私たち女の子って ドライなんです。{0008}	오데간국에 파멸의 날이 다가와도\n왠지 실감이 안 나네…\n우리 여자애들은 참 쿨한가 봐요.{0008}
00155	sw_001.tsv	王様ったら 不安がいっぱいでしょうに\nかえって 明るく振る舞われたりして!\nああ 母性本能が くすぐられますわ。{0008}	국왕님도 불안이 가득하실 텐데\n오히려 밝게 행동하시다니!\n아아 모성본능이 자극되네요.{0008}
00156	sw_001.tsv	こうなったからには 私も男です\n巨人が現れる日まで 王様に仕え\nジタバタしないで 運命を待ちましょう。{0008}	이렇게 된 이상 저도 남자입니다\n거인이 나타나는 날까지 국왕님을 모시며\n허둥대지 말고 운명을 기다립시다.{0008}
00157	sw_001.tsv	{000A}殿が 気落ちされたのでは\nここで待つ者は どうなりましょう?\n残されたチャンスを つかみましょうな。{0008}	{000A}님이 낙담하신다면\n여기서 기다리는 자들은 어찌 됩니까?\n남은 기회를 붙잡읍시다.{0008}
00158	sw_001.tsv	西の地方に 出陣した者たちは\nホビットの村に ついたでしょうか?\nそれさえも わからないのですなあ。{0008}	서쪽 지방으로 출진한 이들은\n호빗 마을에 도착했을까요?\n그것조차도 모르는 상황이네요.{0008}
00159	sw_001.tsv	昔 あれだけ か弱かった王女様が\n{000A}殿との 旅の後からは\nすっかり きじょうな方になられて!{0008}	옛날엔 그렇게나 연약하시던 왕녀님이\n{000A}님과의 여행 이후로는\n완전히 강인한 분이 되셨구나!{0008}
00160	sw_001.tsv	{000A} 西の地方に行ったら\nオデガン軍のことも 気に止めて\nわかったことを 教えてくれよな。{0008}	{000A} 서쪽 지방에 가게 되면\n오데간 군대의 상황도 신경 써서\n알게 된 걸 알려줘라.{0008}
00161	sw_001.tsv	ダークエルフたちは もう来ないと\nわかっちゃいるんだけどさあ・・・\nどうしても 気持ちが抜けないんだ。{0008}	다크엘프들은 이제 안 온다고\n알고는 있다만…\n아무래도 기분이 가시질 않는구나.{0008}
00162	sw_001.tsv	王女様は {000A}様が気がかりで\nかわいそうなほど・・・なんですわ\nあんな王女様・・・見てられない。{0008}	왕녀님은 {000A}님이 걱정되어\n가엾을 정도로…그렇답니다\n저런 왕녀님…보고 있을 수가 없어요.{0008}
00163	sw_001.tsv	最近・・・お前の人気が上がってると\n兵士仲間でも ウワサになってるよ\nなんで オレの人気は上がらないんだ。{0008}	요즘…네 인기가 오르고 있다고\n병사들 사이에서도 소문이 자자하더라\n왜 내 인기는 안 오르는 거냐고.{0008}
00164	sw_001.tsv	おお 戻ったか {000A}!\n・・・風のジンは解放されたか・・・。{0008}	오오 돌아왔느냐 {000A}!\n…바람의 진은 해방되었느냐…{0008}
00165	sw_001.tsv	・・・・・・。{0008}	…{0008}
00166	sw_001.tsv	お前に すべてをたくしていたのに\n4つも チャンスを失敗しおって!\nこ この役立たずが わ 私は・・・。{0008}	네게 모든 걸 맡겼건만\n네 번이나 기회를 실패하다니!\n이 이 쓸모없는 녀석이 나 나는…{0008}
00167	sw_001.tsv	よさんか! 大臣!{0008}	그만두지 못할까!대신!{0008}
00168	sw_001.tsv	{000A}を見てみろ・・・。{0008}	{000A}를 보라…{0008}
00169	sw_001.tsv	キズだらけに なりながら・・・\n迷宮をさぐり パゾート一味と戦い\n4つの宝玉を うばい返してきた!{0005}	온몸이 상처투성이가 되면서도…\n미궁을 탐색하고 파조트 일당과 싸워\n네 개의 보옥을 되찾아 왔다!{0005}
00170	sw_001.tsv	これ以上 何を彼に求められよう?\n私は かんしゃの気持ちでいっぱいだ。{0008}	더 이상 그에게 무엇을 바라겠는가?\n나는 감사의 마음으로 가득하다.{0008}
00171	sw_001.tsv	オデガン国は まだ破減していない!\n少しでも チャンスがあるのならば\nそれに 前向きに取り組もうぞ!{0008}	오데간국은 아직 멸망하지 않았다!\n조금이라도 기회가 있다면\n그것에 긍정적으로 임하자!{0008}
00172	sw_001.tsv	{000A}よ ジンが解放された今\n残された道は ジンを封じることだけだ\n早速だが 地底の沼に向かってくれ!{0008}	{000A}여 진이 해방된 지금\n남은 길은 진을 봉인하는 것뿐이다\n급한 대로 지저의 늪으로 향해 다오!{0008}
00173	sw_001.tsv	カズンが 地底の沼にいったまま・・・\n消息も わからなくなっています\n十分に 注意して行って下さい{0005}	카즌이 지저의 늪에 간 채로…\n소식도 알 수 없게 되었습니다\n부디 조심해서 가 주세요{0005}
00174	sw_001.tsv	そして もしどこかで見つけたら\nどうか彼を・・・お願いします。{0008}	그리고 만약 어딘가에서 발견하면\n부디 그를…부탁드립니다.{0008}
00175	sw_001.tsv	さあ 行くがいい{000A}!\nオデガンの 勇者の血を引きし者よ\nお前の力を 見せてやるがよい!{0008}	자 가거라{000A}!\n오데간 용사의 피를 이어받은 자여\n네 힘을 보여 다오!{0008}
00176	sw_001.tsv	4つのジンさえも 討ち果たす剣\nシャイニングソードも 用意はいいな\n忘れずに 持って行かねばならんぞ{0005}	네 명의 진마저 쓰러뜨리는 검\n샤이닝 소드도 준비는 되었겠지\n잊지 말고 가져가야 한다{0005}
00177	sw_001.tsv	地底の沼には パゾートもいるはず\nけっして 油断してはならんぞ!{0008}	지저의 늪에는 파조트도 있을 터\n절대 방심해서는 안 된다!{0008}
00178	sw_001.tsv	シャイニングソードの 用意はいいな?\n地底の沼には パゾートもいるはず\nけっして 油断してはならんぞ!{0008}	샤이닝 소드 준비는 되었느냐?\n지저의 늪에는 파조트도 있을 터\n절대 방심해서는 안 된다!{0008}
00179	sw_001.tsv	カズンが 地底の沼に行ったままなのです\nまさか パゾートに出会って・・・\nあいつの 怖ろしい魔法に・・・。{0008}	카즌이 지저의 늪에 간 채로입니다\n설마 파조트와 마주쳐…\n그 무서운 마법에…{0008}
00180	sw_001.tsv	風のジンまで 解放されてしまうとは!\n残されたのは わずかな時間で\n4つのジンを 封じることだけだ。{0008}	바람의 진마저 해방되어 버리다니!\n남은 건 얼마 안 되는 시간뿐\n네 개의 진을 봉인하는 것뿐이다.{0008}
00181	sw_001.tsv	ここにいれば きっと会えると・・・\nパゾートを追って 地底の沼に行っても\nどうか・・・必ず帰ってきて下さい。{0008}	여기 있으면 분명 만날 수 있다고…\n파조트를 쫓아 지저의 늪에 가시더라도\n부디…꼭 돌아와 주세요.{0008}
00182	sw_001.tsv	ホビットの村から 客人が来てるが\n2人のエルフの内で 男の方は\n見かけないが どこかに行ったかな?{0008}	호빗 마을에서 손님이 와 있는데\n두 엘프 중에 남자 쪽은\n안 보이던데 어디 갔으려나?{0008}
00183	sw_001.tsv	スースー・・・スースー・・・\nほ ほこらに・・・男が・・・\nダメだよ 入っちゃ・・・スースー。{0008}	스으스으…스으스으…\n저 사당에…남자가…\n안 돼요 들어가면…스으스으.{0008}
00184	sw_001.tsv	かつて オレが見た怪しげな光は\nホビットの村から とどいたんだよ\nあの光で 鏡の迷宮に封じられたんだ。{0008}	예전에 내가 본 수상한 빛은\n호빗 마을에서 왔던 거였어\n그 빛으로 거울의 미궁에 봉인된 거야.{0008}
00185	sw_001.tsv	風のジンが 西の空から飛んできた頃\n大きな物が 落ちたような音がした\nジンが 地下にもぐった音だったか!{0008}	바람의 진이 서쪽 하늘에서 날아왔을 무렵\n뭔가 큰 것이 떨어진 듯한 소리가 났어\n진이 지하로 들어간 소리였구나!{0008}
00186	sw_001.tsv	すべてのジンが 解放されたからには\nオデガン国も 終わりなんでしょうか?\nグスン 何だか涙が出てきちゃったわ。{0008}	모든 진이 해방되었으니\n오데간국도 끝인 걸까요?\n훌쩍 왠지 눈물이 나오네요.{0008}
00187	sw_001.tsv	4つのジンを 封じこめるために\n今度は 地底の沼に行かれますのね\nああ なんて男らしいんでしょう。{0008}	네 개의 진을 봉인하기 위해\n이번엔 지저의 늪으로 가신다니\n아아 정말 남자답네요.{0008}
00188	sw_001.tsv	みんな {000A}様に頼ってるけど\nその責任で 苦しまないで下さいね。{0008}	다들 {000A}님만 의지하고 있지만\n그 책임감에 괴로워하지 말아 주세요.{0008}
00189	sw_001.tsv	あのカッコイイ エルフの殿方は\nあの女性と どんな関係なんでしょ?\nウフ 私って 気が多いかしらね。{0008}	그 멋진 엘프 신사분은\n저 여성과 무슨 관계일까요?\n우흐 제가 바람기가 많은 걸까요.{0008}
00190	sw_001.tsv	この前は カッコつけてしまいましたが\n本当に ジンが解放されてしまいますと\n正直言って 死ぬのは怖いのです・・・。{0008}	저번엔 멋진 척 해버렸지만\n정말로 진이 해방되어 버리니\n솔직히 말해 죽는 건 무서워요…{0008}
00191	sw_001.tsv	{000A}殿 ドンマイでございます!\nジンが 解放されたぐらいでなんです\nラストチャンスで 逆転しましょうな。{0008}	{000A}님 힘내세요!\n진이 해방된 정도로 뭘 그러세요\n마지막 기회로 역전합시다.{0008}
00192	sw_001.tsv	あのエルフの女性は お美しい!\nこんなことでもなければ出会えぬ\nはかない・・・恋でしょうがな。{0008}	저 엘프 여성분은 정말 아름다워!\n이런 일이라도 없었으면 못 만났을\n덧없는…사랑이겠지요.{0008}
00193	sw_001.tsv	光の迷宮は 見つかりましたかな?\n伝説の剣 シャイニングソードは\nもはや 手に入れましたでしょうな!{0008}	빛의 미궁은 찾으셨습니까?\n전설의 검 샤이닝 소드는\n이미 손에 넣으셨겠지요!{0008}
00194	sw_001.tsv	オデガン軍が 帰ってこないように\nお前とも 会えないかと思ってた!\n元気そうで 本当に安心したよ。{0008}	오데간 군이 돌아오지 않아서\n너와도 못 만나는 줄 알았어!\n잘 지내는 것 같아서 정말 안심했다.{0008}
00195	sw_001.tsv	オデガン城の かくし通路の話は\nやっぱり 本当だったんだなあ\n玉座のウラに かくしてあったんだ!{0008}	오데간 성의 숨겨진 통로 이야기는\n역시 사실이었구나\n옥좌 뒤에 숨겨져 있었던 거야!{0008}
00196	sw_001.tsv	玉座にいれば {000A}様に会えると\nサテラ様は 行かれたままなのですわ\n王女様も 今はウブなタダの娘です。{0008}	옥좌에 있으면 {000A}님을 만날 수 있다고\n사테라 님은 가신 채로예요\n왕녀님도 지금은 순진한 그냥 소녀일 뿐이에요.{0008}
00197	sw_001.tsv	お前のように モテるようになるには\n強くならないと ダメなんだろうなあ\nじゃあ オレにはエンがなさそうだ。{0008}	너처럼 인기가 많아지려면\n강해지지 않으면 안 되는 거겠지\n그럼 나는 인연이 없겠구나.{0008}
00198	sw_001.tsv	あっ カズン殿ではありませんか!{0008}	앗 카즌 님 아니신가요!{0008}
00199	sw_001.tsv	聞きましたよ ごかつやくのこと!\n巨人の復活を くい止めたそうですね\nいやあ 本当に めでたい日ですよ!{0008}	들었습니다 활약하셨다는 얘기!\n거인의 부활을 막으셨다죠\n정말로 경사스러운 날이로군요!{0008}
00200	sw_001.tsv	{000A}は 失敗続きですから\nちょっと 心配だったんですが\nいや 本当にありがとう!{0008}	{000A}는 실패가 계속됐으니\n조금 걱정했었는데\n정말로 고마워!{0008}
00201	sw_001.tsv	いや・・・どういたしまして・・・\nそれを聞いたら 功労者の・・・\n天国の{000A}も よろこびましょう。{0008}	아니…천만에요…\n그 얘기를 들으면 공로자인…\n천국의 {000A}도 기뻐하겠죠.{0008}
00202	sw_001.tsv	功労者のって? それじゃあいつが!{0004}\nえっ ちょっと 待って下さいよ\n天国って それじゃ あいつ・・・。{0008}	공로자라니?그럼 그놈이!{0004}\n엣 잠깐 기다려 주세요\n천국이라니 그럼 그놈…{0008}
00203	sw_001.tsv	カズン殿 お帰りなさい\nいやあ やってくれましたね!{0008}	카즌 님 돌아오셨군요\n이야 정말 해내셨네요!{0008}
00204	sw_001.tsv	オデガンも・・・おしまいかと・・・\nそれを こうやって笑える日が来て\nなんと 礼を申せばいいやら・・・。{0008}	오데간도…끝인가 했는데…\n이렇게 웃을 수 있는 날이 오다니\n뭐라 감사드려야 할지…{0008}
00205	sw_001.tsv	ねえ カズン殿・・・頼みます\n地底の沼での 冒険の話とかを\nちょっと 聞かせてくれませんか?{0008}	있잖아요 카즌 님…부탁드려요\n지저 늪에서의 모험 이야기를\n좀 들려주시지 않겠어요?{0008}
00206	sw_001.tsv	今度の手柄が あなただということで\nオレは ムネがスーッとしたんです!{0008}	이번 공이 당신이라는 걸 알고\n제 가슴이 후련해졌어요!{0008}
00207	sw_001.tsv	だって{000A}は 新米のクセに\nオレたちより 出世しやがってさ\nつけ上がってるんです あいつ!{0008}	왜냐면 {000A}는 신참 주제에\n우리보다 출세해 버려서\n우쭐대고 있거든요 그놈이!{0008}
00208	sw_001.tsv	{000A}は {000A}は・・・\nきさまらのような ヤツのために\n命をかけて 戦ってきたのか・・・。{0008}	{000A}는 {000A}는…\n네놈들 같은 녀석들을 위해\n목숨을 걸고 싸워왔던 건가…{0008}
00209	sw_001.tsv	ど どうしたんです・・・か?{0008}	무 무슨 일이신가…요?{0008}
00210	sw_002_ko.tsv	あいつは・・・もったいないよ・・・\nきさまらのような・・・ばかどもの命を\n・・・救うために・・・散った・・・。{0008}	그 녀석은…아까운 녀석이야…\n네놈들 같은…바보들의 목숨을\n…구하기 위해…흩어져 갔다…{0008}
00211	sw_002_ko.tsv	けっ なんだい えばりやがって!\nフン だからエルフは きらいなんだ!{0008}	흥 뭐야 잘난 척하기는!\n쳇 그래서 엘프는 싫다니까!{0008}
00212	sw_002_ko.tsv	・・・まあ ここはガマンてことよ\nどうせ あいつは 帰っちまうんだ\n{000A}も 散ったんだしさあ・・・。{0008}	…뭐 여기서는 참는 수밖에\n어차피 그 녀석은 돌아가 버릴 거야\n{000A}도 흩어졌고 말이야…{0008}
00213	sw_002_ko.tsv	おそいですなあ・・・\nカズン殿は まだですかな!{0008}	늦는구먼…\n카즌 공은 아직인가!{0008}
00214	sw_002_ko.tsv	巨人を くい止めたとは聞いても\n本人から 直接でないと・・・\n早く 安心したいものですな。{0008}	거인을 막아냈다고는 들었지만\n본인에게서 직접 듣지 않고서는…\n빨리 안심하고 싶은 법이지요.{0008}
00215	sw_002_ko.tsv	お前たちが やきもきしている間に\n向こうを よく見てみるがよいぞ\nカズン殿が やってまいられた!{0008}	그대들이 안절부절못하는 사이에\n저쪽을 잘 보도록 하라\n카즌 공이 오셨도다!{0008}
00216	sw_002_ko.tsv	カズン ただいま戻りました!{0008}	카즌,지금 돌아왔습니다!{0008}
00217	sw_002_ko.tsv	うむ ごくろうでありました\nでは・・・早速ですが・・・\n首尾について お聞かせいただこう!{0008}	음 수고 많았소\n그럼…바로 본론입니다만…\n경위를 들려주시게!{0008}
00218	sw_002_ko.tsv	4つのジンを 再び封印することで\n巨人の復活を くい止める使命は!{0008}	4개의 진을 다시 봉인함으로써\n거인의 부활을 막는 사명은!{0008}
00219	sw_002_ko.tsv	おお くい止める使命は・・・。{0008}	오오 막는 사명은…{0008}
00220	sw_002_ko.tsv	成功・・・いたしました・・・。{0008}	성공…하였습니다…{0008}
00221	sw_002_ko.tsv	そうか! 成功いたしましたか!{0008}	그런가!성공하였는가!{0008}
00222	sw_002_ko.tsv	さらに パゾートも倒しました!{0008}	게다가 파조트도 쓰러뜨렸습니다!{0008}
00223	sw_002_ko.tsv	なんと パゾートも倒したか?\nこりゃめでたい こりゃめでたい!{0008}	뭐라,파조트까지 쓰러뜨렸다고?\n이거 경사로다 이거 경사로다!{0008}
00224	sw_002_ko.tsv	やったわね カズン!\nあなた 大手柄じゃない?\n私・・・見直しちゃった!{0008}	해냈구나 카즌!\n당신 큰 공을 세운 거 아니야?\n나…다시 봤어!{0008}
00225	sw_002_ko.tsv	あの・・・カズン様・・・\n私は {000A}様のこと・・・。{0008}	저…카즌 님…\n저는 {000A}님을…{0008}
00226	sw_002_ko.tsv	あっ いえ・・・それは・・・・。{0008}	아 아니…그건…{0008}
00227	sw_002_ko.tsv	違うんだよ サラ・・・違うんだ!\n{000A}なんだよ・・・みんな!\n{000A}が やってくれたんだ!{0008}	아니야 사라…아니야!\n{000A} 덕분이야…모두!\n{000A}가 해 준 거야!{0008}
00228	sw_002_ko.tsv	そういえば・・・{000A}・・・\nあいつは どうしたのですか?{0008}	그러고 보니…{000A}…\n그 녀석은 어떻게 된 겁니까?{0008}
00229	sw_002_ko.tsv	そうか・・・そうだった・・・\n{000A}も 行ってましたな・・・。{0008}	그래…그랬었지…\n{000A}도 갔었지…{0008}
00230	sw_002_ko.tsv	オデガンが 救われたよろこびで\n{000A}を 忘れておった・・・。{0008}	오데간이 구원받은 기쁨에\n{000A}를 잊고 있었다…{0008}
00231	sw_002_ko.tsv	みんな・・・{000A}がやったって?\nそれ・・・どういうこと・・・。{0008}	다들…{000A}가 했다고?\n그…무슨 말이야…{0008}
00232	sw_002_ko.tsv	{000A}様が・・・やったのですか?\nジンの封印も・・・パゾートも・・・。{0008}	{000A}님이…해내신 겁니까?\n진의 봉인도…파조트도…{0008}
00233	sw_002_ko.tsv	オデガンが・・・国が減びなければ\nそれに立ち向かった・・・者のことは\nどうだって・・・いいんですか王様?{0008}	오데간이…나라가 망하지 않는다면\n그에 맞서 싸운…자의 일 따위는\n어찌 되든…상관없단 말입니까 왕이시여?{0008}
00234	sw_002_ko.tsv	サテラ王女・・・あなたの言葉で\n{000A}も 報われるでしょう\nきっと・・・やすらかに うううっ。{0008}	사테라 왕녀…그대의 말로\n{000A}도 보답받을 것이오\n분명…편안히 으으으윽.{0008}
00235	sw_002_ko.tsv	そんな・・・どうして・・・\nなぜ・・・泣くのです・・・。{0008}	그런…어째서…\n왜…우시는 겁니까…{0008}
00236	sw_002_ko.tsv	まさか・・・{000A}様が?\nし 死んだの・・・ですか・・・。{0008}	설마…{000A}님이?\n주,죽은…건가요…{0008}
00237	sw_002_ko.tsv	{000A}は 立派でした・・・\nパゾートまでも・・・倒して・・・\n私は・・・くやしくてたまらない!{0008}	{000A}는 훌륭했습니다…\n파조트까지도…쓰러뜨리고…\n저는…분해서 견딜 수가 없습니다!{0008}
00238	sw_002_ko.tsv	うそ・・・うそでしょ・・・\nねえ 言ってよ・・・\nうそだと 言って・・・。{0008}	거짓말…거짓말이죠…\n저기 말해 줘요…\n거짓말이라고 말해 줘요…{0008}
00239	sw_002_ko.tsv	国の無事を よろこぶ前に・・・\n戦いに出かけた者を 案ずる人が\nサテラ王女 一人だなんて・・・。{0008}	나라가 무사한 것을 기뻐하기 전에…\n싸움에 나선 자를 염려하는 사람이\n사테라 왕녀 혼자뿐이라니…{0008}
00240	sw_002_ko.tsv	私は・・・そうなのかも知れん・・・\nあれほど 国民のためと思いながら\n{000A}を・・・考えないとは!{0008}	나는…그런 건지도 모르겠구나…\n그토록 백성을 위한다고 생각하면서\n{000A}를…생각하지 않았다니!{0008}
00241	sw_002_ko.tsv	そんな・・・それは確かに・・・\nでも こんな時に・・・\nだれが 考えられましょうか?{0008}	그런…그건 분명…\n하지만 이런 때에…\n누가 생각할 수 있었겠습니까?{0008}
00242	sw_002_ko.tsv	そうか {000A}が命をかけて\nオデガンを 救ってくれましたか?\nなのに・・・この私は・・・。{0008}	그런가 {000A}가 목숨을 걸고\n오데간을 구해 주었단 말이지?\n그런데…이 몸은…{0008}
00243	sw_002_ko.tsv	カイパ殿・・・あなたまで・・・。{0008}	카이파 공…당신까지…{0008}
00244	sw_002_ko.tsv	オデガンは・・・冷たい国だ・・・\n私は・・・こんな所はたくさんだ。{0008}	오데간은…차가운 나라다…\n나는…이런 곳은 지긋지긋하다.{0008}
00245	sw_002_ko.tsv	帰ろう サラ・・・グランシールへ!\nなつかしい ボウイや仲間たちの所へ。{0008}	돌아가자 사라…그랑실로!\n그리운 보위와 동료들이 있는 곳으로.{0008}
00246	sw_002_ko.tsv	もう その辺でよかろう・・・\nカズンよ 許して上げなさい!{0008}	이제 그쯤 해 두는 게 좋겠구나…\n카즌이여 용서해 주려무나!{0008}
00247	sw_002_ko.tsv	あなたの 気持ちもわかるが・・・\nそれほど 悲観したものでも・・・\nないかも知れませんぞ カズン殿!{0008}	그대의 마음도 이해하지만…\n그렇게까지 비관할 일도…\n아닐지도 모르오 카즌 공!{0008}
00248	sw_002_ko.tsv	先ほど・・・いわれましたこと・・・\nまさか・・・まだ {000A}が\n生きていると・・・いうことですか?{0008}	조금 전…말씀하신 것…\n설마…아직 {000A}가\n살아 있다는…말씀입니까?{0008}
00249	sw_002_ko.tsv	どう 説明したらよいかのう・・・。{0008}	어떻게 설명해야 할꼬…{0008}
00250	sw_002_ko.tsv	仙人が 先ほど私に語られたことを\n説明されるのが よろしいでしょう!{0008}	선인께서 조금 전 저에게 말씀하신 것을\n설명하시는 것이 좋을 듯합니다!{0008}
00251	sw_002_ko.tsv	おお そうか・・・そうじゃのう\nそれが わかりやすいじゃろうな!{0008}	오오 그런가…그렇구먼\n그게 알기 쉽겠구먼!{0008}
00252	sw_002_ko.tsv	さよう あれは・・・ジンの気が消えて\nしばらくして すごい魔法の力と力が\nぶつかり合って いるときじゃった。{0008}	그래…그건…진의 기운이 사라지고\n얼마 지나지 않아 엄청난 마법의 힘끼리\n부딪히고 있을 때였느니라.{0008}
00253	sw_002_ko.tsv	きっと {000A}とパゾートが戦って\n魔法を ぶつけ合っているんじゃろうと\nわしは・・・そう思ったんじゃよ。{0008}	분명 {000A}와 파조트가 싸우며\n마법을 서로 부딪치고 있는 거라고\n나는…그렇게 생각했느니라.{0008}
00254	sw_002_ko.tsv	わしは 並の戦いでないことを感じて\n{000A}に力を貸そうと・・・な\n谷の精を・・・さそいに行ったんじゃ。{0008}	나는 보통 싸움이 아님을 느끼고\n{000A}에게 힘을 빌려주려고…말이다\n골짜기의 정령을…부르러 갔느니라.{0008}
00255	sw_002_ko.tsv	ところが グドーに着いた時に\n大きな生命の火が 消えたのじゃ!{0008}	그런데 구도에 도착했을 때\n커다란 생명의 불꽃이 꺼졌느니라!{0008}
00256	sw_002_ko.tsv	わしらの出番は なかったと言って\n谷の精霊と話していた・・・その時\nもう一つの生命が 消えそうになった!{0008}	우리가 나설 차례는 없었다며\n골짜기의 정령과 이야기하던…그때\n또 하나의 생명이 꺼지려 하였다!{0008}
00257	sw_002_ko.tsv	あの時ですよ・・・きっと・・・\n最後の パゾートの声がした直後!\n{000A}を 道連れにしたんです。{0008}	그때였습니다…분명…\n마지막 파조트의 목소리가 들린 직후!\n{000A}를 함께 데려간 겁니다.{0008}
00258	sw_002_ko.tsv	そうなる前なら 手を貸せるが・・・\n運命のつきた者に 手は貸せない!\nこれは 自然界のおきて・・・なんじゃ。{0008}	그리되기 전이라면 손을 빌려줄 수 있으나…\n운명이 다한 자에게는 손을 빌려줄 수 없다!\n이것은 자연계의 법도…니라.{0008}
00259	sw_002_ko.tsv	残念ながら・・・そうでしたな・・・\nそのおきては どんな精霊であろうと\nやぶっては・・・ならないのでしたな。{0008}	유감스럽게도…그러하였지요…\n그 법도는 어떤 정령일지라도\n깨뜨려서는…안 되는 것이었지요.{0008}
00260	sw_002_ko.tsv	パルメキア戦争の 後に知りましたが\nそれをやぶった時は 天バツが下って\n全ての力をうばわれ 迷宮に封じられる。{0008}	팔메키아 전쟁 후에 알게 되었습니다만\n그것을 어겼을 때는 천벌이 내려져\n모든 힘을 빼앗기고 미궁에 봉인된다고.{0008}
00261	sw_002_ko.tsv	そうじゃ 怖ろしいばつが待っている\nところが・・・グドーの精霊は行った\n{000A}の所へ 行きおったんじゃ!{0008}	그렇지,무시무시한 벌이 기다리고 있지\n그런데…구도의 정령은 가 버렸느니라\n{000A}가 있는 곳으로 가 버렸단 말이다!{0008}
00262	sw_002_ko.tsv	それじゃあ {000A}を救いに?\n{000A}は 助かるのですか!{0008}	그럼 {000A}를 구하러?\n{000A}는 살아나는 건가요!{0008}
00263	sw_002_ko.tsv	さあ・・・どうじゃろうのう・・・\n様子を見に行った だけかも知れん。{0008}	글쎄…어떠할는지…\n상태를 보러 갔을 뿐일지도 모르느니라.{0008}
00264	sw_002_ko.tsv	しかし・・・じょうしきで考えれば\nグドーの精も ムチャはせんじゃろな。{0008}	하지만…상식적으로 생각하면\n구도의 정령도 무모한 짓은 안 할 걸세.{0008}
00265	sw_002_ko.tsv	カズンの いかりをしずめるために\n気がかりなことを 大きく話しただけ\n・・・それが 本当の所でしょうなあ。{0008}	카즌의 분노를 가라앉히기 위해\n걱정되는 일을 크게 부풀려 말했을 뿐\n…그것이 진짜 속사정이겠지요.{0008}
00266	sw_002_ko.tsv	いいえ・・・きっと精霊は・・・\nおきてを 破られたと思いますわ!{0008}	아니요…분명 정령은…\n법도를 어겼다고 생각할 거예요!{0008}
00267	sw_002_ko.tsv	サテラの気持ちは よくわかる・・・\nしかし あまり期待せぬ方がよいぞ。{0008}	사테라의 마음은 잘 알겠으나…\n너무 큰 기대는 하지 않는 편이 좋을 것이야.{0008}
00268	sw_002_ko.tsv	そんな・・・だったら・・・\nその目の前の {000A}様は?\nみなさんには 見えないのですか!{0008}	그런…그렇다면…\n저 눈앞에 계신 {000A}님은요?\n여러분께는 보이지 않으시는 겁니까!{0008}
00269	sw_002_ko.tsv	な なんと! {000A}!{0008}	뭐,뭐라고!{000A}!{0008}
00270	sw_002_ko.tsv	{000A}!{0008}	{000A}!{0008}
00271	sw_002_ko.tsv	あなたなのね {000A}!{0008}	당신이었군요 {000A}!{0008}
00272	sw_002_ko.tsv	ほんに・・・{000A}じゃ!{0008}	정말로…{000A}로구나!{0008}
00273	sw_002_ko.tsv	帰ってきたか {000A}!{0008}	돌아왔구나 {000A}!{0008}
00274	sw_002_ko.tsv	{000A}・・・様・・・。{0004}	{000A}…님…{0004}
00275	sw_002_ko.tsv	{000A}様・・・。{0004}	{000A}님…{0004}
00276	sw_002_ko.tsv	{000A}!{0004}	{000A}!{0004}
00277	sw_002_ko.tsv	お前は 新入りの{000A}だな?{0006}\nカイパ様が さっきからお待ちだぜ。\n今は右の通路で 大臣とお話中さ。{0008}	너는 신참 {000A}구나?{0006}\n카이파 님이 아까부터 기다리고 계셔\n지금은 오른쪽 통로에서 대신과 이야기 중이야.{0008}
00278	sw_002_ko.tsv	この2・3日 おかしいんだ・・・{0006}\n城のけいびを きびしくしてるけど\nいったい 何があったんだろう?{0008}	요 2,3일 좀 이상해…{0006}\n성의 경비를 엄중히 하고 있는데\n대체 무슨 일이 있었던 걸까?{0008}
00279	sw_002_ko.tsv	遅いなあ・・・まだかなあ・・・{0006}\nカイパ様に 頼まれたんだけど・・・\n道にでも 迷ったのかも知れない。{0008}	늦네…아직인가…{0006}\n카이파 님이 부탁하신 건데…\n길이라도 헤매는 건지도 모르겠군.{0008}
00280	sw_002_ko.tsv	英雄ジャイルズ様の 息子ってのが\n今日から 城に来るらしいんだ・・・\nきっと 熊みたいにでかいんだろう?{0008}	영웅 자일스 님의 아들이라는 게\n오늘부터 성에 온다던데…\n분명 곰처럼 덩치가 클 거야?{0008}
00281	sw_002_ko.tsv	けいびが 異常にきつくなったけど\n城の東の棟で 何があったんだ?\n我々さえも 通してくれない・・・。{0008}	경비가 비정상적으로 삼엄해졌는데\n성의 동쪽 건물에서 무슨 일이 있었던 거지?\n우리조차도 들여보내 주지 않아…{0008}
00282	sw_002_ko.tsv	城の東は 王女様のお部屋があるけど\nまさか・・・サテラ王女のお身体に?\nなんて・・・あるわけがないよなあ。{0008}	성의 동쪽에는 왕녀님의 방이 있는데\n설마…사테라 왕녀님의 몸에?\n라니…그럴 리가 없겠지.{0008}
00283	sw_002_ko.tsv	城の西の中庭には ほこらがあるが\nカギがかかっていて 入れないんだ\nあそこには 何があるのかな・・・。{0008}	성 서쪽 안뜰에는 사당이 있는데\n자물쇠가 걸려 있어 들어갈 수 없어\n저기에는 무엇이 있는 걸까…{0008}
00284	sw_002_ko.tsv	城の西の棟は 兵士の棟になっていて\n非番の者が 自由に休めるんだけど\n男ばかりでは イヤになっちまうよ。{0008}	성의 서쪽 건물은 병사들 숙소라서\n비번인 자가 자유롭게 쉴 수 있지만\n남자들뿐이라 지겨워진다니까.{0008}
00285	sw_002_ko.tsv	まったく オデガンの兵士ときたら\nグウタラのくせに イバリ散らして\nいざとなったら 頼りになるのかな?{0008}	정말이지 오데간의 병사들이란\n게으른 주제에 거들먹거리기나 하고\n정작 유사시엔 믿을 수 있을지 원?{0008}
00286	sw_002_ko.tsv	大臣と カイパ様の話を聞いた?\nサテラ王女が ご病気だそうで\n眠りから 目覚めないらしいよ。{0008}	대신과 카이파 님의 이야기 들었어?\n사테라 왕녀님이 병에 걸리셔서\n잠에서 깨어나지 못하신다더라고.{0008}
00287	sw_002_ko.tsv	この先は オデガン王家の宝物庫だ\n許しのない者は 立ち去るがよい!{0008}	이 앞은 오데간 왕가의 보물고다\n허가 없는 자는 물러가라!{0008}
00288	sw_002_ko.tsv	この地下にある オデガン王家の宝は\nオデガン国にとって 重要な物らしい\nどんなことがあろうと 守り抜くのだ。{0008}	이 지하에 있는 오데간 왕가의 보물은\n오데간국에 있어 중요한 것인 듯하다\n무슨 일이 있어도 지켜 낼 것이다.{0008}
00289	sw_002_ko.tsv	いったい 急にどうしたんだろ?\n城の守りを 固めろとの命令で\n城内は けいびでいっぱいだぜ。{0008}	대체 갑자기 왜 이러는 거지?\n성의 방비를 굳히라는 명령으로\n성안은 경비로 가득하다고.{0008}
00290	sw_002_ko.tsv	今日 ホビット村の村長たちが\n王様に 会いに来る約朿なんだけど\n追い返せと 命令があったんだ{0005}	오늘 호빗 마을 촌장들이\n왕을 뵈러 오기로 약속되어 있었는데\n내쫓으라는 명령이 떨어졌어{0005}
00291	sw_002_ko.tsv	でも なんかおかしいよ・・・{0006}\nあんなに 仲の良かったホビットに\n王様が 会おうとしないだなんて。{0008}	근데 뭔가 이상해…{0006}\n그렇게 사이좋았던 호빗을\n왕께서 만나려 하지 않으시다니.{0008}
00292	sw_002_ko.tsv	ホビットの村は 北の洞窟を越えた\nずっと 西の方にあるんだけど・・・{0006}\n彼らは 何の用事でやってくるのかな?{0008}	호빗 마을은 북쪽 동굴을 넘어\n한참 서쪽에 있는데…{0006}\n그들은 무슨 용건으로 오는 걸까?{0008}
00293	sw_002_ko.tsv	本当はオレ 今日は休みなのに\nけいびの仕事を やらされてるんだ\nああ いやになっちまうよ・・・。{0008}	사실 나 오늘은 쉬는 날인데\n경비 일을 하게 됐어\n아 진짜 지겹다니까…{0008}
00294	sw_002_ko.tsv	サテラ王女は 毎日 歌いながら\n中庭の花をつむのが 日課でした・・・{0006}\nでも3日ほど 歌が聞こえないのです。{0008}	사테라 왕녀님은 매일 노래하며\n안뜰의 꽃을 꺾는 게 일과였는데…{0006}\n요 3일 정도는 노래가 들리지 않아요.{0008}
00295	sw_002_ko.tsv	あれほど 食欲の進んでいた王様が\n好物のシチューを ほとんど残された{0006}\n・・・おなかの具合でも 悪いのかな?{0008}	그토록 식욕이 왕성하시던 왕께서\n좋아하시던 스튜를 거의 남기셨어{0006}\n…속이라도 안 좋으신 걸까?{0008}
00296	sw_002_ko.tsv	うーん・・・どの本を調べたところで\n眠り続ける奇病など どこにもない!{0005}	으음…어느 책을 뒤져 봐도\n계속 잠만 자는 괴병 따위는 없다!{0005}
00297	sw_002_ko.tsv	お身体を調べても 異常はないし・・・{0006}\n王様も何かをかくしていらっしゃるし\nなんともはや 困り果てましたぞ!{0008}	몸을 살펴봐도 이상은 없고…{0006}\n왕께서도 뭔가를 숨기고 계신 듯하고\n참으로 난감하기 그지없구려!{0008}
00298	sw_002_ko.tsv	いま 話し中だから\nちょっと 待っててくれ!{0008}	지금 이야기 중이니\n잠깐만 기다려 줘!{0008}
00299	sw_002_ko.tsv	その後・・・パゾートからは\n連銘してこない・・・{0006}らしい。{0008}	그 후…파조트 쪽에서는\n연락이 없다…{0006}고 하더군.{0008}
00300	sw_002_ko.tsv	ホビットたちと 連銘を取れば\nサテラ様の・・・保証しないとか?\nいったい 何が狙いなのでしょう。{0008}	호빗들과 연락을 취하면\n사테라 님의…안전은 보장 못 한다고?\n대체 무엇을 노리는 걸까요.{0008}
00301	sw_002_ko.tsv	・・・まるで ジャイルズに\nそっくりなヤツ・・・{0006}まてよ?{0008}	…마치 자일스를\n쏙 빼닮은 녀석…{0006}잠깐만?{0008}
00302	sw_002_ko.tsv	おまえは ジャイルズの息子\n・・・{000A}に間違いない!\nそうだな? {000A}だよな!	너는 자일스의 아들\n…{000A}가 틀림없구나!\n그렇지?{000A}가 맞지!
00303	sw_002_ko.tsv	{0002}ハハハッ ウソをついてもわかるぞ\nお前は ジャイルズにそっくりだ。{0008}	{0002}하하핫 거짓말해도 다 알아\n너는 자일스를 쏙 빼닮았어.{0008}
00304	sw_002_ko.tsv	{0002}ワハハッ やっぱり{000A}だったか!\nお前は ジャイルズにそっくりだ。{0008}	{0002}와핫 역시 {000A}였구나!\n너는 자일스를 쏙 빼닮았어.{0008}
00305	sw_002_ko.tsv	彼が 先程話しました{000A}!\n今日から 城に勤めることになる\nジャイルズの 息子でございます。{0008}	그가 조금 전 말씀드린 {000A}입니다!\n오늘부터 성에서 근무하게 될\n자일스의 아들이옵니다.{0008}
00306	sw_002_ko.tsv	ほほう お前が{000A}!\nあのジャイルズの 血を引きし者か!{0008}	호오 네가 {000A}인가!\n그 자일스의 피를 이은 자인가!{0008}
00307	sw_002_ko.tsv	アルフッ アルフッ{0006}\nアルフレッドは いないか!{0008}	알프,알프{0006}\n알프레드 없느냐!{0008}
00308	sw_002_ko.tsv	はい ここにおります!{0008}	예,여기 있습니다!{0008}
00309	sw_002_ko.tsv	ちょっと こっちに 来てくれないか!{0008}	잠깐 이쪽으로 와 주겠는가!{0008}
00310	sw_002_ko.tsv	はい ただいま まいります。{0008}	예,지금 가겠습니다.{0008}
00311	sw_002_ko.tsv	私は 何かと忙しいので\n当面のことは 彼に頼んである\nしばらくは アルフと行動してくれ!{0008}	나는 이것저것 바쁘니\n당면한 일은 그에게 맡겨 두었다\n당분간은 알프와 함께 행동하라!{0008}
00312	sw_002_ko.tsv	大臣 大変お待たせしました\nそれでは 王様の所にまいりましょう。{0008}	대신,많이 기다리셨습니다\n그럼 왕께 가도록 하시지요.{0008}
00313	sw_002_ko.tsv	はじめまして ボクはアルフレッド\nまだ 入ったばかりの新米兵士なんだ{0005}	처음 뵙겠습니다 저는 알프레드\n아직 막 들어온 신참 병사예요{0005}
00314	sw_002_ko.tsv	そうか キミが{000A}だったのか・・・\nもっとデカくて 強そうな人かと思った{0006}\nキミとなら 気が合いそうな気がする。{0008}	그런가 자네가 {000A}였군…\n더 덩치 크고 강해 보이는 사람인 줄 알았어{0006}\n자네라면 마음이 맞을 것 같은 느낌이야.{0008}
00315	sw_002_ko.tsv	ボクらは 夜の警備の仕事なんだけど\nまだ時間があるから 色々見てきたら?{0005}	우리는 야간 경비 일인데\n아직 시간 있으니 이것저것 보고 오는 게 어때?{0005}
00316	sw_002_ko.tsv	ファー・・・ボクは 一足先に\n夜勤用の ベッドルームへ行ってるね。{0008}	하아…나는 먼저\n야간 근무용 침실로 가 있을게.{0008}
00317	sw_002_ko.tsv	・・・ホビット族の長老達が\n王様に会わせろと 帰らないんだ!{0008}	…호빗족 장로들이\n왕을 뵙게 해 달라며 돌아가지 않아!{0008}
00318	sw_002_ko.tsv	ホビット族の長老を 追い帰せって\n命令する方は 楽だろうさ・・・{0006}\n自分で やってみろってんだよ!{0008}	호빗족 장로를 쫓아 돌려보내라고\n명령하는 쪽은 편하겠지…{0006}\n본인이 직접 해 보라는 거지!{0008}
00319	sw_002_ko.tsv	ホビットの長老は 西の王と呼ばれ\nオデガン西の地方を 支配している\nそれは 力のある種族の長なんだ。{0008}	호빗의 장로는 서쪽의 왕이라 불리며\n오데간 서쪽 지방을 다스리고 있는\n힘 있는 종족의 수장이란다.{0008}
00320	sw_002_ko.tsv	王様が お会いできないことは\n長老に ご連銘ずみのはずです\nどうか お引き取り下さい!{0008}	왕께서 만나실 수 없다는 것은\n장로께 이미 연락드렸을 터입니다\n부디 돌아가 주십시오!{0008}
00321	sw_002_ko.tsv	いいや 絶対 帰らんぞ!\nオデガンの地の 一大事の時に\nどうして 帰れるというのじゃ。{0008}	아니,절대 안 돌아가느니!\n오데간 땅에 큰일이 난 이때\n어찌 돌아가라 할 수 있는 게야.{0008}
00322	sw_002_ko.tsv	そなたらも ワシと王との仲は\n十分 承知しておろうが?{0008}	그대들도 이 몸과 왕의 사이를\n충분히 알고 있지 않은가?{0008}
00323	sw_002_ko.tsv	だったら はよう取り次がんかい!{0008}	그렇다면 어서 전해 주지 않고 뭐 하는가!{0008}
00324	sw_002_ko.tsv	・・・ですから 何度も言うように\n本日は 王様の体調が悪いので\n日を改めて 頂きたいのです!{0008}	…그러니까요 몇 번을 말씀드려도\n오늘은 왕께서 몸이 편찮으시니\n날을 다시 잡아 주셨으면 합니다!{0008}
00325	sw_002_ko.tsv	うんにゃ ワシは引き下がらん\nオデガン王と 会見できるまで\n一歩も ここを動かんからな!{0008}	흥,이 몸은 물러서지 않느니\n오데간 왕과 회견할 수 있을 때까지\n한 발짝도 여기서 움직이지 않을 것이야!{0008}
00326	sw_002_ko.tsv	ホビットの長老が やってきたのか?\n城の正門のあたりが さわがしいな。{0008}	호빗 장로가 온 건가?\n성 정문 쪽이 소란스럽군.{0008}
00327	sw_002_ko.tsv	くそっ どうしたら帰ってくれるんだ?\nまったく・・・こんなイヤな役目を\nオレたちに 押しつけやがって!{0008}	제기랄 어떻게 해야 돌아가 줄까?\n정말이지…이런 짜증 나는 역할을\n우리한테 떠넘기다니!{0008}
00328	sw_002_ko.tsv	ファー 家で寝ると良く眠れるよ\nでも・・・夕べの夜勤の者たちは\n仕事のくせに 寝てたんだってな?{0008}	하아 집에서 자면 잘 잘 수 있는데\n근데…어젯밤 야간 근무자들은\n일하는 주제에 자고 있었다며?{0008}
00329	sw_002_ko.tsv	夕べは 夜勤だったんだけど・・・\n眠ってしまって 気がついたら朝だろ\n今から 眠れやしないから困ったよ。{0008}	어젯밤은 야간 근무였는데…\n잠들어 버려서 정신 차려 보니 아침이지 뭐야\n지금은 잠도 안 올 테니 곤란하네.{0008}
00330	sw_002_ko.tsv	朝 オデガン城に やってきたら\nみんな寝てるんで ビックリさ!\nまったく みんな だらしがないぜ!{0008}	아침에 오데간 성에 와 보니\n다들 자고 있어서 깜짝 놀랐다니까!\n정말이지 다들 칠칠치 못하다고!{0008}
00331	sw_002_ko.tsv	王様に呼ばれて・・・道順がわかるか?\nここは まるで迷路のようだからなあ\nよし オレが道順を教えてやるよ!{0005}	왕께서 부르셨는데…가는 길 아는가?\n여기는 마치 미로 같아서 말이야\n좋아 내가 길을 가르쳐 주지!{0005}
00332	sw_002_ko.tsv	そこを南に行って 部屋の階段を上って\n2階を東に行くと 大広間に出るから\n中央の階段をよけて 北に行けばいい。{0008}	거기서 남쪽으로 가서 방의 계단을 오르고\n2층을 동쪽으로 가면 대광장이 나오니까\n중앙 계단을 피해서 북쪽으로 가면 돼.{0008}
00333	sw_002_ko.tsv	突然 キリが流れてきたんだ・・・\nそしたら 頭がボーッとしてきて\n気がついたら・・・朝になってた。{0008}	갑자기 안개가 밀려오더니…\n그러고는 머리가 멍해지면서\n정신 차려 보니…아침이 돼 있었어.{0008}
00334	sw_002_ko.tsv	夕べ この城の西側の者たちが\n全員 眠ってたことを知って・・・\n大臣も カイパ様もおこってたなあ。{0008}	어젯밤 이 성 서쪽에 있던 자들이\n전원 잠들어 있었던 걸 알고…\n대신도 카이파 님도 화내셨지.{0008}
00335	sw_002_ko.tsv	夕べは 城の西側の建物の方だけ\nキリが かかっていたらしいんだよ\nあれは・・・エルフの魔法だって?{0008}	어젯밤은 성 서쪽 건물 쪽에만\n안개가 끼어 있었다던데\n그거…엘프의 마법이라고?{0008}
00336	sw_002_ko.tsv	西側の兵士が 眠らされてたとか・・・\n数日前にも そんなことがありましたが\nあの時は 東側の建物でしたよね?{0008}	서쪽 병사가 잠들게 됐다니…\n며칠 전에도 그런 일이 있었는데\n그때는 동쪽 건물이었죠?{0008}
00337	sw_002_ko.tsv	眠らされるとは 情けないヤツらだ\n宝を守る 私のようなエリート兵士は\n魔法などに 屈しないぞ わはははっ。{0008}	잠들다니 한심한 녀석들이군\n보물을 지키는 나 같은 엘리트 병사는\n마법 따위에 굴복하지 않는다 와하하핫.{0008}
00338	sw_002_ko.tsv	エルフ族が使う 眠りの魔法は\nとても 強力なものだと聞いているが\nかけられたら どんな気持ちなのかな?{0008}	엘프족이 쓰는 수면 마법은\n매우 강력하다고 들었는데\n걸리면 어떤 기분일까?{0008}
00339	sw_002_ko.tsv	きのうは ホビットの長老のおかげで\n正門の兵士は 大変な思いをしたんだ。{0008}	어제는 호빗 장로 덕분에\n정문 병사가 고생이 이만저만이 아니었지.{0008}
00340	sw_002_ko.tsv	えっ 目の回りにアザができてる?\nそうだよ 名よのふしょうだよ・・・{0005}	어라 눈가에 멍이 들었네?\n그래 창피한 노릇이지…{0005}
00341	sw_002_ko.tsv	ホビットの長老を 帰そうとしたら\nコウフンした長老に なぐられたのさ。{0008}	호빗 장로를 돌려보내려다가\n흥분한 장로에게 얻어맞았어.{0008}
00342	sw_002_ko.tsv	おい そいつの顔を見ても 笑うなよ\nホビットの長老に なぐられたアザで\nすごく 気が立っているはずだからさ。{0008}	이봐,저 녀석 얼굴 보고 웃지 마\n호빗 장로에게 맞아서 생긴 멍 때문에\n잔뜩 신경이 곤두서 있을 테니까.{0008}
00343	sw_002_ko.tsv	ここの所 オデガン城では色々起こるな\nホビットの長老が 押し掛けたと思えば\n夕べは エルフの魔法事件だもんな!{0008}	요즘 오데간 성에는 별일이 다 생기는군\n호빗 장로가 들이닥치더니\n어젯밤은 엘프 마법 사건이라니!{0008}
00344	sw_002_ko.tsv	メシ メシって どうなってるんだ?\n今日はまた 兵士たちが腹を滅らして\n兵士の数が 倍にでもなったみたいだ。{0008}	밥 밥 하는데 대체 왜들 그러는 거야?\n오늘은 또 병사들이 배가 고파서\n병사 수가 두 배라도 된 것 같다니까.{0008}
00345	sw_002_ko.tsv	また おかわりを もらいに来たのか?\n残念だけど 今日は売れ行きが良くて\n何も残ってないんだ 帰った 帰った!{0008}	또 더 달라고 온 거야?\n아쉽지만 오늘은 매상이 좋아서\n남은 게 하나도 없어 가라 가!{0008}
00346	sw_002_ko.tsv	うーん・・・うーん・・・\nやはり どの本を調べてみても\n眠り続ける病は 記されていない{0005}	으음…으음…\n역시 어느 책을 찾아봐도\n계속 잠만 자는 병은 적혀 있지 않다{0005}
00347	sw_002_ko.tsv	こうやって 調べている間に\n王女の病が 直ってたらいいなあ\nトホホ・・・ホントに どうしよう。{0008}	이렇게 조사하고 있는 사이에\n왕녀님 병이 나아 있으면 좋겠는데\n허허 참…정말로 어쩌면 좋을꼬.{0008}
00348	sw_002_ko.tsv	{0015}死んだように 眠っている{0008}	{0015}죽은 듯이 잠들어 있다{0008}
00349	sw_002_ko.tsv	{000A}が 事件を解決したから\nオデガンも 平和に戻るだろう・・・\nああ 出世のチャンスを逃したぜ。{0008}	{000A}가 사건을 해결했으니\n오데간도 평화로 돌아가겠지…\n아아,출세할 기회를 놓쳤네.{0008}
00350	sw_002_ko.tsv	ああ また ひどい目にあったよ\nまさか・・・あのパゾートたちが\nこのオデガン城に 押し入るとは!{0008}	아 또 험한 꼴을 당했어\n설마…그 파조트 녀석들이\n이 오데간 성에 쳐들어오다니!{0008}
00351	sw_002_ko.tsv	まだ オデガンに勤めたばかりの\nお前が ダークエルフを倒した?\nウーン どうも信じられないぞ。{0008}	아직 오데간에서 일한 지 얼마 안 된\n네가 다크엘프를 쓰러뜨렸다고?\n으음…아무래도 믿기지가 않는군.{0008}
00352	sw_002_ko.tsv	お前は 活躍したからいいけど\nオレは 眠らされて頭を打ったのか?\nコブができちゃったんだ おお痛ぇ。{0008}	너는 활약했으니 됐지만\n나는 잠들게 돼서 머리를 부딪친 건가?\n혹이 생겨 버렸어 아이고 아파라.{0008}
00353	sw_002_ko.tsv	あの魔法は キリの魔法なのか?\nオレが 魔法で眠らされる時は\n直前に いつもキリが出てきた!{0008}	그 마법은 안개의 마법이었던 건가?\n내가 마법으로 잠들게 될 때는\n직전에 항상 안개가 나타났거든!{0008}
00354	sw_002_ko.tsv	今度の手柄で お前の位が上がったら\nもう けいびの仕事はやらないだろう?\nだけど 気軽に話しかけてくれよな。{0008}	이번 공으로 네 계급이 오르면\n이제 경비 일은 안 하려나?\n근데 편하게 말 걸어 줘.{0008}
00355	sw_002_ko.tsv	{000A}殿は ほかの兵士たちとは\nものがちがうと 思ってましたが\nやっぱり やってくれましたね。{0008}	{000A} 공은 다른 병사들과는\n뭔가 다르다고 생각했는데\n역시나 해내셨군요.{0008}
00356	sw_002_ko.tsv	手柄を お立てになった{000A}殿は\nきっと エラくなられることになって\n自分をみがく 仕事が与えられるはず!{0005}	공을 세우신 {000A} 공은\n분명 출세하시게 되어서\n자신을 갈고닦는 일을 맡게 되실 거예요!{0005}
00357	sw_002_ko.tsv	もしも 城でわからないことがあれば\nギルドの連中を たずねてみて下さい\n魔法使いは 物知りですからねぇ。{0008}	혹시 성에서 모르는 게 있다면\n길드 사람들에게 물어보십시오\n마법사들은 아는 게 많으니까요.{0008}
00358	sw_002_ko.tsv	ダークエルフの 魔法の前に\n我々も 眠ったといわれますかな?{0005}	다크엘프의 마법 앞에\n우리도 잠들었다고들 하던가요?{0005}
00359	sw_002_ko.tsv	まあ 何といわれても けっこう!\n宝物庫の宝は 無事だったのです。{0008}	뭐 뭐라고 하든 좋습니다!\n보물고의 보물은 무사했으니까요.{0008}
00360	sw_002_ko.tsv	眠りの魔法に かけられた気持ちは\nとても ひとくちじゃ言えないけど\nもう一度・・・かかってもいいなあ。{0008}	수면 마법에 걸렸을 때의 기분은\n도저히 한마디로는 말할 수 없지만\n또 한 번…걸려도 좋겠구먼.{0008}
00361	sw_002_ko.tsv	この国は ホントに不思議な所さ!\nこの前は もやした大木の下から\nどうくつが見つかったものなあ。{0008}	이 나라는 정말 신기한 곳이라니까!\n지난번에는 불탄 거목 밑에서\n동굴이 발견됐다지 뭐야.{0008}
00362	sw_002_ko.tsv	パゾートの使う 眠りの魔法は\nなんて 強力な魔法なんだろう\n城の者すべてを 眠らすなんて!{0008}	파조트가 쓰는 수면 마법은\n얼마나 강력한 마법이기에\n성에 있는 모두를 재워 버린단 말인가!{0008}
00363	sw_002_ko.tsv	城をさわがせた 事件が解決したなら\n外に出て 地面でもほってみようかな?\nたまに 宝が見つかることがあるんだ。{0008}	성을 떠들썩하게 한 사건이 해결됐으니\n밖에 나가 땅이라도 파 볼까?\n가끔 보물이 발견되곤 하거든.{0008}
00364	sw_002_ko.tsv	ダークエルフを 追い払ったと聞いて\nゆだんして 守りを甘くしていたら\nまた 変なヤツにねらわれますぞ。{0008}	다크엘프를 쫓아냈다는 말을 듣고\n방심해서 경계를 느슨히 했다가는\n또 이상한 녀석에게 노림당할 겁니다.{0008}
00365	sw_002_ko.tsv	王様が 昔のように食欲をもどして\nすごいいきおいで 食事を取られる\nそのおかげで また忙しいんです。{0008}	왕께서 예전처럼 식욕을 되찾으셔서\n엄청난 기세로 식사를 드시는 바람에\n그 덕분에 또 바쁩니다.{0008}
00366	sw_002_ko.tsv	{000A}殿! 大活躍だったそうですね!\nダークエルフから サテラ王女を守り\nやつらを 追い払ったって聞きましたよ。{0008}	{000A} 공!대활약하셨다면서요!\n다크엘프로부터 사테라 왕녀님을 지키고\n그들을 쫓아내셨다고 들었어요.{0008}
00367	sw_002_ko.tsv	{000A}殿 ありがとうございます\nあなたのおかげで 王女がめざめて\n私も仕事を 続けることができます。{0008}	{000A} 공 고맙습니다\n당신 덕분에 왕녀님이 깨어나셔서\n저도 일을 계속할 수 있게 됐습니다.{0008}
00368	sw_002_ko.tsv	お帰り {000A}!\n剣士の冒険は 順調かい?\nオレも そういうのが仕事ならな。{0008}	어서 와 {000A}!\n검사의 모험은 순조로운가?\n나도 그런 게 일이면 좋을 텐데.{0008}
00369	sw_002_ko.tsv	夕べ 王家の墓の方に向かう\nサテラ王女を 見た者がいる・・・\nまあ そんなことはあり得ないけど。{0008}	어젯밤 왕가의 묘 쪽으로 향하는\n사테라 왕녀님을 본 사람이 있어…\n뭐 그런 일이 있을 리 없지만.{0008}
00370	sw_002_ko.tsv	あれは たしかにサテラ王女だった\n・・・でも それをみんなに話しても\nだれも信じてくれん さみしいぜ。{0008}	그건 분명 사테라 왕녀님이었어\n…하지만 그걸 다들한테 말해도\n아무도 안 믿어 줘 쓸쓸하다니까.{0008}
00371	sw_002_ko.tsv	サテラ王女が 夜中に歩き回るなんて\nだれが 信じられるかってんだよ!\nなあ お前も そう思うだろ?{0008}	사테라 왕녀님이 한밤중에 돌아다니다니\n누가 믿을 수 있겠냐고!\n있잖아 너도 그렇게 생각하지?{0008}
00372	sw_002_ko.tsv	夜中の城内で サテラ王女を見たけど\nどうせ だれも信じちゃくれないさ\nやっぱり 言わなくてよかったな!{0008}	한밤중 성안에서 사테라 왕녀님을 봤는데\n어차피 아무도 안 믿어 주겠지\n역시 말하지 않길 잘했어!{0008}
00373	sw_002_ko.tsv	サテラ王女が 王家の墓から帰って\n万事が うまく済んだと思ったけど\n何だか おかしな具合になってるなあ。{0008}	사테라 왕녀님이 왕가의 묘에서 돌아와서\n모든 게 잘 끝났다고 생각했는데\n왠지 이상한 상황이 되어 가는군.{0008}
00374	sw_002_ko.tsv	えっ 何ですか 私がそんな・・・\n王女様を うたがうわけがありません\nそれとも しょうこでもありますか!{0008}	엣 뭐라고요 제가 그런…\n왕녀님을 의심할 리가 없습니다\n아니면 증거라도 있습니까!{0008}
00375	sw_002_ko.tsv	私は 正直に申し上げますが・・・\n王女様は行動といい おかしすぎます\n外見は本物でも 中身はどうですか?{0008}	저는 솔직히 말씀드리는데…\n왕녀님은 행동도 그렇고 너무 이상합니다\n겉모습은 진짜라도 속은 어떨까요?{0008}
00376	sw_002_ko.tsv	私は・・・サテラ王女のためなら\nどんなことでも 従います・・・\n私は・・・王女のしもべです。{0008}	저는…사테라 왕녀님을 위해서라면\n무엇이든…따르겠습니다…\n저는…왕녀님의 종이니까요.{0008}
00377	sw_002_ko.tsv	お美しい・・・サテラ王女・・・\nなんなりと お申しつけ下さい・・・\n必ず お役に立って見せます・・・。{0008}	아름다우신…사테라 왕녀님…\n무엇이든 분부해 주십시오…\n반드시 도움이 되어 보이겠습니다…{0008}
00378	sw_002_ko.tsv	王女様が 町に出かけたという話を\n{000A}は 聞いてたかい・・・\nでも いま お帰りになったんだ。{0008}	왕녀님이 마을에 나가셨다는 이야기를\n{000A}는 들었는가…\n하지만 방금 돌아오셨어.{0008}
00379	sw_002_ko.tsv	うーん 王女様は いつもお美しい\nこんなに近くで 会えるなんて・・・\nあれ? お一人で外出だったのかな?{0008}	으음 왕녀님은 언제나 아름다우셔\n이렇게 가까이서 뵐 수 있다니…\n어라?혼자서 외출하셨던 건가?{0008}
00380	sw_002_ko.tsv	王様も 寛大になったんだなあ・・・\nあんなに かわいがってた王女様が\nお一人で外に出るのを 許可したんだ。{0008}	왕께서도 너그러워지셨구나…\n그렇게 아끼시던 왕녀님께서\n혼자 밖에 나가시는 걸 허락하시다니.{0008}
00381	sw_002_ko.tsv	オデガン城の 危険が去ったからって\nみんな ゆだんをしすぎてる気がする\nだから 王女まで一人で外出するのさ。{0008}	오데간 성의 위험이 사라졌다고\n다들 너무 방심하는 것 같아\n그래서 왕녀님까지 혼자 외출하시는 거지.{0008}
00382	sw_002_ko.tsv	最近 王様が食欲のない分だけ\n王女様が よくお食べになってます\nこの前は 牛1頭をペロッですから!{0008}	요즘 왕께서 식욕이 없으신 만큼\n왕녀님께서 잘 드시고 계세요\n요전에는 소 한 마리를 순식간에 다 드셨다니까요!{0008}
00383	sw_002_ko.tsv	王女様が ダークエルフから助けられ\n昔のように 美しく歌われると思ったら\nお声が・・・ハスキーに変わってました。{0008}	왕녀님이 다크엘프로부터 구출되어\n예전처럼 아름답게 노래하실 줄 알았는데\n목소리가…허스키하게 변해 있었어요.{0008}
00384	sw_002_ko.tsv	王様の病気も 治せないのかって\nまた どなられちゃいましたよ\nええ ええ どうせそうですとも!{0008}	왕의 병도 못 고치는 거냐며\n또 혼이 났지 뭡니까\n네 네 어차피 그렇겠죠!{0008}
00385	sw_002_ko.tsv	ガクガクガク・・・ブルブルブル\n私がふるえてるのは 武者ぶるいです\n怖がってるわけでは ありませんぞ。{0008}	덜덜덜…부들부들부들\n제가 떨고 있는 건 전의가 끓어올라서입니다\n무서워서 그런 게 아니랍니다.{0008}
00386	sw_002_ko.tsv	この真っ昼間に 敵がやってくるとは\nあなた方が ふがいないからですぞ\nキズを負ったら どうしてくれます!{0008}	이 한낮에 적이 쳐들어오다니\n당신들이 미덥지 못해서 그런 겁니다\n상처라도 입으면 어쩌실 겁니까!{0008}
00387	sw_002_ko.tsv	大臣の命令で 守りを固めたが・・・\nまさか 宝物庫のけいびの者たちが\nジンのオーブを 持ち去るなんて!{0008}	대신의 명령으로 방비를 굳혔는데…\n설마 보물고 경비를 서던 자들이\n진의 오브를 가져가 버리다니!{0008}
00388	sw_002_ko.tsv	こっちは だいじょうぶだから\n安心して 敵を追ってくれ!\nアリの子1匹 通さないからな!{0008}	이쪽은 괜찮으니까\n안심하고 적을 쫓아가게!\n개미 새끼 한 마리 지나가게 안 할 테니까!{0008}
00389	sw_002_ko.tsv	女エルフが 王女に化けてたなんて\nとんでもないこと しでかしやがる!\n{000A} そいつを逃がすなよ。{0008}	여자 엘프가 왕녀로 둔갑했다니\n말도 안 되는 짓을 저질렀구나!\n{000A} 그놈을 놓치지 마라.{0008}
00390	sw_002_ko.tsv	兵士仲間が 敵に手を貸すなんて\nオデガン兵の 面よごしだってんだ\nでも 操られてる だけなんだろ?{0008}	병사 동료가 적에게 힘을 빌려주다니\n오데간 병사의 얼굴에 먹칠하는 짓인데\n근데 조종당하고 있는 것뿐이지?{0008}
00391	sw_002_ko.tsv	イヤ こっちには 敵は来なかった!\n王家の墓方面に 向かったはずだから\nあっちの中庭を 抜けてくのがいいぜ。{0008}	아니 이쪽으로는 적이 안 왔어!\n왕가의 묘 쪽으로 향했을 테니\n저쪽 안뜰을 지나가는 게 좋을 거야.{0008}
00392	sw_002_ko.tsv	おそかったじゃないか {000A}!\nお前が迷ってるかと 待ってたんだよ\nここを東に 王家の墓方面に行くんだ。{0008}	늦었잖아 {000A}!\n네가 길을 헤매는 줄 알고 기다렸어\n여기서 동쪽으로 가면 왕가의 묘 쪽이야.{0008}
00393	sw_002_ko.tsv	あれ なんで こっちに来るんだよ\nそのまま 東側の出口を抜けるんだ\n王家の墓方面だって 聞かなかったか?{0008}	어 왜 이쪽으로 오는 거야\n그대로 동쪽 출구를 빠져나가\n왕가의 묘 쪽이라고 말 안 했었나?{0008}
00394	sw_002_ko.tsv	お前って 方向オンチだったのか?\nこんなとこで ゆっくりしてたら\n女エルフに 逃げられちまうぜ!{0008}	너 길치였던 거야?\n이런 데서 느긋하게 있으면\n여자 엘프를 놓치고 만다고!{0008}
00395	sw_002_ko.tsv	けっこうな人数の オデガン兵士が\n西の地方の ジンの迷宮に向かった\n危険な所らしいが だいじょうぶかな?{0008}	상당한 인원의 오데간 병사가\n서쪽 지방의 진의 미궁으로 향했어\n위험한 곳이라던데 괜찮을까?{0008}
00396	sw_002_ko.tsv	いやあ イザというじたいにもなると\nオデガン兵士も 見上げたものですな\n西の地方に 出かけていきましたぞ。{0008}	이야 유사시가 되고 보니\n오데간 병사들도 제법이더군\n서쪽 지방으로 출진했소이다.{0008}
00397	sw_002_ko.tsv	これは ホンのウワサなのですが\n西の地方に向かう どうくつ近くには\n空中を進める すごい宝があるとか!{0005}	이건 순전히 소문입니다만\n서쪽 지방으로 향하는 동굴 근처에는\n공중을 나아가는 굉장한 보물이 있다던가!{0005}
00398	sw_002_ko.tsv	ただし そのどうくつに入っても\n並の力では 奥まで進めぬほどの\nキケンが 待ち受けているそうです。{0008}	다만 그 동굴에 들어가더라도\n보통 힘으로는 안쪽까지 나아갈 수 없을 만큼\n위험이 기다리고 있다고 합니다.{0008}
00399	sw_002_ko.tsv	大臣から 命令を受けてるから\n安心して 宝を持って行くがいいさ{0005}	대신으로부터 명령을 받았으니\n안심하고 보물을 가져가도 좋소{0005}
00400	sw_002_ko.tsv	でも これまで命がけで守った宝を\n{000A}が 持って行っちまうとは\n何だか すごくフクザツな心境だぜ。{0008}	근데 지금까지 목숨 걸고 지킨 보물을\n{000A}가 가져가 버리다니\n뭔가 참 복잡한 심경이군.{0008}
00401	sw_002_ko.tsv	ジンのオーブと 呼ばれる宝玉が\nパゾートたちに うばわれたせいで\n多くの兵が 西の地方に向かった{0005}	진의 오브라 불리는 보옥이\n파조트 무리에게 빼앗긴 탓에\n많은 병사가 서쪽 지방으로 향했다{0005}
00402	sw_002_ko.tsv	やつらとは 長いつきあいだったが\nまた 酒をくみ交わせるかどうか?{0008}	그놈들과는 오랜 친분이었는데\n다시 술잔을 주고받을 수 있을까?{0008}
00403	sw_002_ko.tsv	オレたちは 平和の意味さえもわすれ\nいままで 変化ばかりを求めてきたが\nそんなもんじゃ なかったんだ・・・{0005}	우리는 평화의 의미조차 잊고\n지금까지 변화만을 추구해 왔지만\n그런 게 아니었어…{0005}
00404	sw_002_ko.tsv	こうして わざわいが起こって\n初めて 平和のとうとさを知ったよ。{0008}	이렇게 재앙이 일어나고 나서야\n비로소 평화의 소중함을 알게 됐네.{0008}
00405	sw_002_ko.tsv	オデガン軍が 進軍するからといって\nコックまで 連れて行かなくてもねぇ\nああ 今日から 私も一人ですよ。{0008}	오데간군이 진군한다고 해서\n요리사까지 데려갈 것까지야 있나\n아,오늘부터 저도 혼자네요.{0008}
00406	sw_002_ko.tsv	うばわれた宝玉を とりもどしに\n多くの兵が 西へ向かったそうだ\nこれで ひと安心・・・かな?{0008}	빼앗긴 보옥을 되찾으러\n많은 병사가 서쪽으로 향했다더군\n이걸로 한시름…놓은 건가?{0008}
00407	sw_002_ko.tsv	あんな ヘンな生き物が\nペットだなんて・・・{0005}	그런 이상한 생물이\n애완동물이라니…{0005}
00408	sw_002_ko.tsv	カーリーってやつの まわりには\nあんなのが たくさんいるのかな?\nああ オレは理解に苦しむぞ。{0008}	칼리라는 녀석 주변에는\n저런 게 많이 있는 걸까?\n아아,나는 도통 이해가 안 되는군.{0008}
00409	sw_002_ko.tsv	まさか 宝を守るエリート兵士が\nカーリーとかいう ダークエルフに\nあやつられて 宝を盗まれるなんて。{0008}	설마 보물을 지키는 엘리트 병사가\n칼리라는 다크엘프에게\n조종당해서 보물을 도둑맞다니.{0008}
00410	sw_002_ko.tsv	ジンが 解放されたことによって\n伝説の巨人が 活動をはじめたんだ\n・・・みんな ウワサしているよ。{0008}	진이 해방됨으로써\n전설의 거인이 활동을 시작했대\n…다들 소문내고 있어.{0008}
00411	sw_002_ko.tsv	このゆれは 気味が悪くてたまりません\n毎日 少しづつ大きくなっていくようで\n巨人の復活も 間近ですかなあ・・・。{0008}	이 진동은 기분 나빠서 참을 수가 없습니다\n매일 조금씩 커지고 있는 것 같으니\n거인의 부활도 머지않은 걸까요…{0008}
00412	sw_002_ko.tsv	王様の顔色が 日増しに悪くなって\nあのままでは 倒れてしまわれる!\nしかし 私では どうにもなりません。{0008}	왕의 안색이 날로 나빠지셔서\n저대로는 쓰러지고 마실 겁니다!\n하지만 저로서는 어찌할 도리가 없습니다.{0008}
00413	sw_003_ko.tsv	宝物庫の宝を 守る必要がなくなると\nいけないと思っても 気が抜けるんだ\nオレは ここで何をけいびするんだ?{0008}	보물고의 보물을 지킬 필요가 없어지면\n안 된다고 생각하면서도 긴장이 풀려\n나는 여기서 뭘 경비하는 거지?{0008}
00414	sw_003_ko.tsv	{000A}は 責任を感じる必要ない\nお前は いっしょうけんめいやってて\nオレたちも わかってるんだからさ。{0008}	{000A}는 책임을 느낄 필요 없어\n네가 열심히 하고 있다는 건\n우리도 다 알고 있으니까.{0008}
00415	sw_003_ko.tsv	ここまでの オデガンのピンチは\nいままでも なかったけどさ・・・{0005}	여기까지 오데간이 위기였던 적은\n지금까지 없었지만…{0005}
00416	sw_003_ko.tsv	わが軍が ホビット村についていれば\n長老が 何か いってくると思ってた\nそんなに はくじょうだったのかな?{0008}	우리 군이 호빗 마을에 가 있었다면\n장로가 뭔가 말해 올 거라고 생각했는데\n그렇게까지 매정했던 걸까?{0008}
00417	sw_003_ko.tsv	王様の食が 日増しに細ってるから\n精力のつくものを 食べてもらうんだ\nさあて 何を食べてもらおうか・・・。{0008}	왕께서 식사를 날로 줄이고 계시니\n정력에 좋은 걸 드시게 해야 해\n자아 뭘 드시게 할까…{0008}
00418	sw_003_ko.tsv	西の地方に行った オデガン軍は\nいったい 何やってるんだろう?\nあいつら・・・ダメだったのかなあ。{0008}	서쪽 지방으로 간 오데간군은\n대체 뭘 하고 있는 걸까?\n그놈들…안 됐으려나.{0008}
00419	sw_003_ko.tsv	城の西にある ほこらの奥には\nいったい 何がかくされてんだ!\nあの辺が やけにゆれる気がする。{0008}	성 서쪽에 있는 사당 깊숙한 곳에는\n대체 뭐가 숨겨져 있는 거냐!\n그 근처가 유독 흔들리는 느낌이 든다.{0008}
00420	sw_003_ko.tsv	この前 風のジンが飛んできた日から\nあのユレが 収まってしまったんだ\nこれはいったい どういうことだろう?{0008}	얼마 전 바람의 진이 날아온 날부터\n그 흔들림이 가라앉아 버렸어\n이건 대체 어찌 된 일일까?{0008}
00421	sw_003_ko.tsv	ホビットの長老が やってきた時\n一緒に来ていた エルフ族の若者が\n長老の使いだといって 来ているのです。{0008}	호빗 장로가 왔을 때\n함께 와 있던 엘프족 젊은이가\n장로의 심부름꾼이라며 와 있습니다.{0008}
00422	sw_003_ko.tsv	巨人の沈んだ 地底の沼というのが\n城の地下にあると 知ってましたか?\n災厄が 足下にありましたとは・・・。{0008}	거인이 가라앉은 지저의 늪이\n성 지하에 있다는 걸 알고 있었나요?\n재앙이 발밑에 있었다니…{0008}
00423	sw_003_ko.tsv	宝物庫を 一緒に守っていた仲間は\n西の地方に 進軍してから帰らない\nうーむ やられちゃったのかなあ。{0008}	보물고를 함께 지키던 동료는\n서쪽 지방으로 진군한 뒤 돌아오지 않아\n으음 당한 걸까.{0008}
00424	sw_003_ko.tsv	ホビットと やってきたエルフ族は\nわが国の 味方だったんだな・・・\n最初は けいかいしたんだけどさ。{0008}	호빗과 함께 온 엘프족은\n우리나라의 아군이었구나…\n처음엔 경계했었는데 말이야.{0008}
00425	sw_003_ko.tsv	怖ろしい パゾートの4人の手下を\n{000A}が やっつけたのかよ\nお前・・・本当に強かったんだなあ。{0008}	무시무시한 파조트의 네 수하를\n{000A}가 해치웠다고?\n너…정말로 강했구나.{0008}
00426	sw_003_ko.tsv	風のジンが 飛んできたってことは\n4つのジンが ヤツらに解放されて\n巨人を 復活させてるってことだろ。{0008}	바람의 진이 날아왔다는 건\n네 개의 진이 놈들에게 풀려나\n거인을 부활시키고 있다는 거겠지.{0008}
00427	sw_003_ko.tsv	ブルブルブル・・・ガタガタガタ\n巨人が 復活しようとしてると思うと\nどうにも ふるえが止まらないんだよ。{0008}	부들부들부들…덜덜덜덜\n거인이 부활하려 한다고 생각하면\n도무지 떨림이 멈추질 않는다고.{0008}
00428	sw_003_ko.tsv	西のほこらで 怪しいかげを見たんだ\nパゾートの手下が 倒されたとしたら\nあれは・・・パゾートだったのか!{0008}	서쪽 사당에서 수상한 그림자를 봤어\n파조트의 수하가 쓰러졌다면\n그건…파조트였던 건가!{0008}
00429	sw_003_ko.tsv	カズン殿 聞きましたよ!\n巨人の復活を くい止めたそうで\nやってくれましたなあ わっはっは。{0008}	카즌 님,들었습니다!\n거인의 부활을 막으셨다죠\n정말 잘하셨습니다 와하하.{0008}
00430	sw_003_ko.tsv	いや やったのは私ではなく\n巨人は 封ぜられましたが・・・。{0008}	아니,해낸 건 내가 아니라\n거인은 봉인되었습니다만…{0008}
00431	sw_003_ko.tsv	どうしたのです カズン殿・・・\nこんな ゆかいな日はありませんぞ\nオデガンが 平和になったのです!{0008}	왜 그러십니까 카즌 님…\n이렇게 유쾌한 날은 없을 겁니다\n오데간이 평화로워진 겁니다!{0008}
00432	sw_003_ko.tsv	そ そうですね・・・それでは・・・\n私は 王様に報告にまいりますので!{0008}	그,그렇군요…그럼…\n저는 왕께 보고드리러 가겠습니다!{0008}
00433	sw_003_ko.tsv	剣士様に出世した {000A}殿も\nカズン殿には かなわなかったとは!\nまあ あいつにも いい薬ですなあ。{0008}	검사로 출세한 {000A} 님도\n카즌 님께는 못 당했다니!\n뭐,그 녀석한테도 좋은 약이 되겠군요.{0008}
00434	sw_003_ko.tsv	{000A}は {000A}は・・・\nううっ 何がわかる ううっ・・・。{0008}	{000A}는 {000A}는…\n으윽 뭘 안다고 으윽…{0008}
00435	sw_003_ko.tsv	なあ おい・・・オレ・・・\nいま 何か変なこと言ったか?{0008}	있잖아,저기…나…\n지금 뭔가 이상한 소리 했나?{0008}
00436	sw_003_ko.tsv	いやあ・・・どうかなあ・・・。{0008}	글쎄…어떨까…{0008}
00437	sw_003_ko.tsv	古代のほこらの マグマの先へ!\nジャンプシューズの ジャンプ力では\nマグマの運河は渡れない と書いてある。{0008}	고대 사당의 마그마 너머로!\n점프 슈즈의 점프력으로는\n마그마 운하는 못 건넌다고 적혀 있다.{0008}
00438	sw_003_ko.tsv	ヘビーシューズの 利用と効力\nその場ジャンプで ヒビの床を割り\n移動キックで 木のブロックを動かす。{0008}	헤비 슈즈의 이용과 효력\n제자리 점프로 금 간 바닥을 깨고\n이동 킥으로 나무 블록을 움직인다.{0008}
00439	sw_003_ko.tsv	エルフ族の持つ 魔法の道具!\nエルフの 初歩の眠りの魔法は\n目覚めの石で バッチリ対抗だ!{0008}	엘프족이 가진 마법 도구!\n엘프의 초보 수면 마법은\n각성의 돌로 완벽하게 대항할 수 있다!{0008}
00440	sw_003_ko.tsv	砂の迷宮の 仕切りの中の宝箱は?\n上下の地形を じっくり考えて\n真上から 落ちてみたりするのも手だ。{0008}	모래 미궁의 칸막이 안 보물상자는?\n위아래 지형을 잘 생각해서\n바로 위에서 떨어져 보는 것도 방법이다.{0008}
00441	sw_003_ko.tsv	雲のモンスターの 傾向と対策は?\n上空にいるときは ひたすら逃げて\n低空のときに すかさず斬りつけろ!{0008}	구름 몬스터의 경향과 대책은?\n상공에 있을 때는 그저 도망치고\n저공일 때 놓치지 말고 베어라!{0008}
00442	sw_003_ko.tsv	動く石像で 動かぬ石像が動くとき!\n王家の墓の 動く石像を押してみると\n地ひびきと共に じゃまな石像が動く。{0008}	움직이는 석상으로 안 움직이는 석상이 움직일 때!\n왕가의 묘에서 움직이는 석상을 밀어 보면\n땅울림과 함께 방해되는 석상이 움직인다.{0008}
00443	sw_003_ko.tsv	パッセージミラーの ナゾにせまる!\n火の迷宮に かくされた魔法の鏡は\n魔法の鏡に合わせると 鏡の迷宮に?{0008}	패시지 미러의 수수께끼에 다가가다!\n불의 미궁에 숨겨진 마법의 거울은\n마법의 거울에 맞추면 거울 미궁으로?{0008}
00444	sw_003_ko.tsv	炎の もえさかる通路を抜けろ!\nヘビーシューズと ブラストの魔法だ\nどうしても 通れない壁にも試したら。{0008}	불타오르는 불꽃 통로를 빠져나가라!\n헤비 슈즈와 블래스트 마법이다\n아무래도 못 지나가는 벽에도 시도해 보면.{0008}
00445	sw_003_ko.tsv	グドーの精霊は いたずら好き?\nまず人前に 本当の姿を現さないで\n変化の姿で 色々な場所に出没する。{0008}	구도의 정령은 장난을 좋아하나?\n우선 사람 앞에 진짜 모습을 드러내지 않고\n변화한 모습으로 여러 장소에 출몰한다.{0008}
00446	sw_003_ko.tsv	トゲトゲサボテンと 出会ったら?\n足をすくって 横倒しにしてみるのだ\nトゲを引っ込めたら すかさず攻撃開始。{0008}	가시투성이 선인장과 마주치면?\n다리를 걸어 옆으로 쓰러뜨려 보는 거다\n가시를 움츠리면 놓치지 말고 공격 개시.{0008}
00447	sw_003_ko.tsv	パワーグラブ そのおどろきの力!\nその魔法のグラブに 秘められし力は\n石像や爆弾や火山弾さえ 投げられるぞ!{0008}	파워 글러브,그 놀라운 힘!\n그 마법 글러브에 숨겨진 힘은\n석상이나 폭탄,화산탄까지도 던질 수 있다!{0008}
00448	sw_003_ko.tsv	ホビットは オデガン西の水辺の住人!\n千年樹の先の 川向こうに住んでいて\nその近くに 水の迷宮などがあるのだ。{0008}	호빗은 오데간 서쪽 물가의 주민!\n천년수 너머,강 건너편에 살고 있고\n그 근처에 물의 미궁 등이 있는 것이다.{0008}
00449	sw_003_ko.tsv	グドーの迷宮は ヒビの床に落ちてみろ!\n一段上がった 高台の地形に上るには\nヒビの床に穴をあけ 落ちてみることさ。{0008}	구도의 미궁은 금 간 바닥에 떨어져 봐라!\n한 단 높은 고지대 지형에 오르려면\n금 간 바닥에 구멍을 내고 떨어져 보는 거다.{0008}
00450	sw_003_ko.tsv	砂の迷宮の宝 モグラハンドの活用!\n砂が続く場所ならば どこであろうと\n壁の中さえも もぐっていけるのだ!{0008}	모래 미궁의 보물,두더지 핸드의 활용!\n모래가 이어진 장소라면 어디든\n벽 속까지도 파고들어 갈 수 있다!{0008}
00451	sw_003_ko.tsv	迷いの森の 忘れられた古代の宝!\nものぐさな 古代人の発明した宝は\n座ったまま物が取れる 第2の手だ。{0008}	미혹의 숲,잊혀진 고대의 보물!\n게으름뱅이 고대인이 발명한 보물은\n앉은 채로 물건을 집을 수 있는 제2의 손이다.{0008}
00452	sw_003_ko.tsv	ライフストックの 回復の方法!\n現在の ライフ以外を保存する器は\n宿に泊まることで 回復する器だ。{0008}	라이프 스톡의 회복 방법!\n현재 라이프 이외를 보존하는 그릇은\n여관에 묵으면 회복되는 그릇이다.{0008}
00453	sw_003_ko.tsv	水辺のカメとの 賢いつきあい方!\n大きなユレでひっくり返したカメは\n押すと勢いよく滑り ミゾにはまるぞ。{0008}	물가 거북이와의 현명한 사귀는 법!\n큰 흔들림으로 뒤집은 거북이는\n밀면 기세 좋게 미끄러져 도랑에 빠진다.{0008}
00454	sw_003_ko.tsv	ここは 夜勤の者のための\n仮眠用の ベッドルームだ\n利用する者は 申告してくれ。{0008}	여기는 야간 근무자를 위한\n선잠용 침실이다\n이용하는 자는 신고해 주게.{0008}
00455	sw_003_ko.tsv	ムニャムニャ・・・スースー{0008}	드르렁드르렁…새근새근{0008}
00456	sw_003_ko.tsv	頼むから 起こさないでくれ・・・\nオレ 寝付きがすごく悪いから\n必死に 寝ようとしてるんだ・・・。{0008}	부탁이니까 깨우지 마…\n나,잠드는 게 엄청 느려서\n필사적으로 자려는 중이거든…{0008}
00457	sw_003_ko.tsv	カイパ様は けいびを強化すると\nこんな所まで 兵を配備したが\nここを 守る必要があるのかな?{0008}	카이파 님은 경비를 강화하면서\n이런 곳까지 병사를 배치하셨는데\n여길 지킬 필요가 있는 걸까?{0008}
00458	sw_003_ko.tsv	はい なんでしょう・・・?\n王様に ご用事があるのでしょうが\n今は 誰とも会われないそうですわ。{0008}	예,무슨 일이신지…?\n왕께 볼일이 있으신 거겠지만\n지금은 아무도 만나지 않으신다고 해요.{0008}
00459	sw_003_ko.tsv	私・・・王様を見ていられません\nサテラ王女のことで 心を痛めて\n食事も ノドを通らないのですわ。{0008}	저…왕을 뵙고 있을 수가 없어요\n사테라 왕녀님 일로 마음이 아파서\n식사도 목으로 넘어가질 않아요.{0008}
00460	sw_003_ko.tsv	王様を こんな目にあわせたのは\nダークエルフの パゾートですって!\nあなたは その人をご存じですか?{0008}	왕을 이런 꼴로 만든 건\n다크엘프 파조트라고요!\n당신은 그 사람을 아시나요?{0008}
00461	sw_003_ko.tsv	王様は ホビットたちと会えると\nあんなに 楽しみにされていたのに\nどうして 追い返すことにしたのかしら。{0008}	왕께서는 호빗들을 만나길\n그렇게나 기대하고 계셨는데\n어째서 돌려보내기로 하신 걸까요.{0008}
00462	sw_003_ko.tsv	王様は 誰ともお会いになりません!\nこんなことになったのも 元を正せば\n兵士たちが なまけていたおかげですぞ。{0008}	왕께서는 아무와도 만나지 않으십니다!\n이런 일이 된 것도 원인을 따지자면\n병사들이 게으름을 피웠기 때문입니다.{0008}
00463	sw_003_ko.tsv	魔法使いの パゾートの狙いは・・・\nオデガンに対する 挑戦に違いない\nヤツは オデガン軍をなめているのです。{0008}	마법사 파조트의 노림수는…\n오데간에 대한 도전임이 틀림없다\n놈은 오데간군을 깔보고 있는 겁니다.{0008}
00464	sw_003_ko.tsv	王様とホビットを 会見させないのには\nヤツの企みと・・・関係がありますぞ\nうむ きっと そうに違いありません。{0008}	왕과 호빗을 만나지 못하게 하는 데는\n놈의 음모와…관계가 있을 겁니다\n으음,분명 그럴 게 틀림없습니다.{0008}
00465	sw_003_ko.tsv	学者殿は どうされましたか・・・\n眠り続ける病について 調べに行って\n3日ほど 戻って来られませんなあ。{0008}	학자님은 어떻게 되셨는지…\n계속 잠드는 병에 대해 조사하러 가셔서\n3일째 돌아오지 않으시는군요.{0008}
00466	sw_003_ko.tsv	この先は 玉座になっている!\nたとえ 我がオデガン兵士であろうと\nむだんで進ませる わけにはまいらん。{0008}	이 앞은 옥좌가 있는 곳이다!\n설령 우리 오데간 병사라 할지라도\n무단으로 들여보낼 수는 없다.{0008}
00467	sw_003_ko.tsv	どうも お前は新入りらしいから\n王様に 会ってみたいのだろうが\n今日のところは あきらめるんだな。{0008}	아무래도 자네는 신참인 듯한데\n왕을 만나 보고 싶은 거겠지만\n오늘은 포기하는 게 좋을 거다.{0008}
00468	sw_003_ko.tsv	ここは サテラ王女のお部屋です\n殿方の出入りは 許されません\nどうか お戻り下さい。{0008}	여기는 사테라 왕녀님의 방입니다\n남자분의 출입은 허락되지 않습니다\n부디 돌아가 주세요.{0008}
00469	sw_003_ko.tsv	サテラ王女は とても気さくな方で\n声をかけて頂くのが 楽しみなのだ\nでもこの数日・・・姿を見ないな。{0008}	사테라 왕녀님은 아주 싹싹하신 분이라\n말 걸어 주시는 게 즐거움이었는데\n그런데 요 며칠…모습을 안 보이시네.{0008}
00470	sw_003_ko.tsv	ムームムムッ パゾートめぇぇっ\n私の大事な サテラ王女に何を!{0005}	으으으음 이 파조트 노오옴!\n내 소중한 사테라 왕녀님께 무슨 짓을!{0005}
00471	sw_003_ko.tsv	私は約朿通り ホビットに会わんぞ\n・・・しかし あのオーブは渡せん\n王家の宝 魔法のオーブだけは・・・。{0008}	나는 약속대로 호빗을 만나지 않겠다\n…하지만 그 오브는 못 넘긴다\n왕가의 보물,마법의 오브만은…{0008}
00472	sw_003_ko.tsv	ウ ウーン・・・スヤスヤ・・・。{0008}	으 으음…쿨쿨…{0008}
00473	sw_003_ko.tsv	お前さんは 新米の{000A}だな?\nアルフレッドから 申告は受けてる\n空いてるベッドを 利用してくれ。{0008}	자넨 신입 {000A}로구나?\n알프레드한테서 신고는 받았다\n비어 있는 침대를 이용하게.{0008}
00474	sw_003_ko.tsv	ここは 仮眠用のベッドで\n眠ることが できます\n夜まで 眠りますか?	여기는 선잠용 침대로\n잠들 수 있습니다\n밤까지 주무시겠습니까?
00475	sw_003_ko.tsv	・・・う うーん・・・。{0008}	…으 으음…{0008}
00476	sw_003_ko.tsv	やあ {000A}・・・\nもう 色々と見てきたのかい?{0005}	야,{000A}…\n이제 이것저것 둘러본 거야?{0005}
00477	sw_003_ko.tsv	だったら テーブルの兵士に話して\nベッドで 眠ったらいいよ・・・\nそれじゃ おやすみ・・・すやすや。{0008}	그럼 테이블의 병사에게 말하고\n침대에서 자면 돼…\n그럼 잘 자…쿨쿨.{0008}
00478	sw_003_ko.tsv	・・・う うーん・・・\nぐーぐー すやすや・・・。{0008}	…으 으음…\n드르렁드르렁 새근새근…{0008}
00479	sw_003_ko.tsv	あいつら・・・夕べ寝てたはずなのに\nまた 仮眠ベッドで寝ちまったんだ\nよく眠れるなあ ウン ビックリだ。{0008}	저 녀석들…어젯밤 잤을 텐데\n또 선잠용 침대에서 자 버렸어\n잘도 저렇게 자는구나 참,놀랍다.{0008}
00480	sw_003_ko.tsv	あ あ キリが・・・キリが・・・\nなんだか・・・気持ちがいい・・・\nグーッ・・・スヤスヤ・・・。{0008}	아 아 눈이…눈이…\n왠지…기분이 좋아…\n쿨쿨…새근새근…{0008}
00481	sw_003_ko.tsv	毛布は・・・いいよなあ・・・\n夕べは・・・地面だったから・・・\nやっぱりベッドさ・・・ぐーぐー。{0008}	담요는…좋단 말이지…\n어젯밤은…땅바닥이었으니까…\n역시 침대야…드르렁드르렁.{0008}
00482	sw_003_ko.tsv	夕べは エルフの眠りの魔法で\n大変だったらしいのに・・・\nお前たちは 大丈夫だったんだって?{0008}	어젯밤은 엘프의 수면 마법 때문에\n큰일이었던 모양인데…\n너희는 괜찮았다면서?{0008}
00483	sw_003_ko.tsv	はじめて 王様と会われるのならば\n南の正面から まっすぐ入ってらして!\nそして まず王様と会われますように。{0008}	처음으로 왕을 뵙는 거라면\n남쪽 정면에서 똑바로 들어오세요!\n그리고 먼저 왕을 만나시길 바랍니다.{0008}
00484	sw_003_ko.tsv	大臣をはじめ みなさん集まって\n{000A}殿を お待ちになってます\nどうぞ 王様の所まで お急ぎ下さい。{0008}	대신님을 비롯해 모두 모여서\n{000A} 님을 기다리고 계십니다\n부디 왕이 계신 곳으로 서둘러 가세요.{0008}
00485	sw_003_ko.tsv	強力なエルフの魔法に 負けない方って\nいったい どんな強者なのかと思ったら\n意外とかわいいので おどろいちゃった。{0008}	강력한 엘프 마법에 지지 않는 분이라니\n대체 얼마나 강자일까 했는데\n의외로 귀여워서 놀랐어요.{0008}
00486	sw_003_ko.tsv	{000A}殿で ございますね?\n王様をはじめ みなさん心配してますわ\n城の中を 迷ったんじゃないかって!{0008}	{000A} 님이시죠?\n왕을 비롯해 모두 걱정하고 계세요\n성 안에서 길을 잃으신 게 아닐까 하고요!{0008}
00487	sw_003_ko.tsv	あなたが エルフの魔法に打ち勝つ\n強力な精神力の持ち主 {000A}殿?\nははあ・・・イメージが狂いましたな。{0008}	당신이 엘프 마법을 이겨 낸\n강력한 정신력의 소유자 {000A} 님?\n허허…이미지가 어긋났네요.{0008}
00488	sw_003_ko.tsv	あなた方の 存在を知った王様は\n少しだけ 元気を取り戻しました\n早く 正面から まっすぐ王様の所へ!{0008}	당신들의 존재를 알게 된 왕께서는\n조금 기운을 되찾으셨습니다\n어서 정면에서 똑바로 왕께로!{0008}
00489	sw_003_ko.tsv	魔法に打ち勝つ 精神力を持つのは\nなるほど ジャイルズ様の血筋ですか!\nまずは正面から 王様のところへお急ぎを。{0008}	마법을 이겨 내는 정신력을 가진 건\n과연 자일스 님의 혈통이군요!\n우선 정면에서 왕께 서둘러 가세요.{0008}
00490	sw_003_ko.tsv	{000A}殿は 血筋の良さを感じます\nしかし あのアルフレッドという兵士は\n本当に 頼りになりますかなあ ウーム。{0008}	{000A} 님은 혈통의 좋음이 느껴집니다\n하지만 그 알프레드라는 병사는\n정말로 믿음직한지 어떤지 으음.{0008}
00491	sw_003_ko.tsv	{000A}殿は 中に進むがよい\n・・・その前に 教えてほしいのだ{0005}	{000A} 님은 안으로 들어가도 좋다\n…그 전에 알려 줬으면 하는 게 있네{0005}
00492	sw_003_ko.tsv	エルフの魔法に 耐えられたらしいけど\n・・・本当に だいじょうぶだったのか!\nオレにも コツを教えてくれんかな?{0008}	엘프의 마법을 견뎌 냈다는데\n…정말로 괜찮았던 거냐!\n나한테도 요령 좀 알려 주지 않을래?{0008}
00493	sw_003_ko.tsv	コッホン どうぞ 王様が待ってるよ\n・・・早速 王様にお目通り願えるとは\nまったく お前は 本当についてるぜ。{0008}	콜록콜록,어서 가봐 왕께서 기다리셔\n…이렇게 빨리 왕을 알현할 수 있다니\n정말 넌 참 운이 좋구나.{0008}
00494	sw_003_ko.tsv	おかしい・・・どうしてだろうか?\nサテラ王女が 今日も出てこないのは\nどう考えても ふつうとは思えんぞ。{0008}	이상해…어째서일까?\n사테라 왕녀님이 오늘도 나오시지 않는 건\n아무리 생각해도 정상이라 생각할 수 없어.{0008}
00495	sw_003_ko.tsv	夕べは エルフの魔法があったのに\n夜の間 けいびを続けたそうだな?\n{000A}よ 本当にでかしたぞ!{0008}	어젯밤은 엘프의 마법이 있었는데도\n밤새 경비를 계속했다고?\n{000A}여,정말 장하구나!{0008}
00496	sw_003_ko.tsv	アルフレッドの話が まことの事なら\nお前たちは 願ってもない人材だぞ\nさあ 王様の前に 進むがいい!{0008}	알프레드의 이야기가 사실이라면\n너희는 더없이 바라던 인재다\n자,왕 앞으로 나아가거라!{0008}
00497	sw_003_ko.tsv	・・・{000A}が 遅いものだから\n来ないんじゃないかと 心配したよ\n頼むから・・・話を合わせてよね!{0008}	…{000A}가 늦길래\n안 오는 건가 걱정했어\n부탁이니까…말 좀 맞춰 줘!{0008}
00498	sw_003_ko.tsv	本当に 何もなかったのだな?{0008}	정말 아무 일도 없었던 거지?{0008}
00499	sw_003_ko.tsv	だが・・・西の門の衛兵は\nエルフに 眠らされていた・・・。{0008}	하지만…서쪽 문의 경비병은\n엘프 때문에 잠들어 있었다…{0008}
00500	sw_003_ko.tsv	王様! エルフの眠りの魔法が\n彼らに 効かなかったのでしょうか?{0008}	왕이시여!엘프의 수면 마법이\n그들에게는 듣지 않은 걸까요?{0008}
00501	sw_003_ko.tsv	わからん・・・わからんが\nやつらが侵入を 企んだからには\nサテラのけいびを 強化しなければ!{0008}	모르겠구나…모르겠지만\n놈들이 침입을 꾀했으니\n사테라의 경비를 강화해야겠다!{0008}
00502	sw_003_ko.tsv	王様に 申し上げます\n{000A}殿が まいりました。{0008}	왕께 아룁니다\n{000A} 님이 오셨습니다.{0008}
00503	sw_003_ko.tsv	おそいぞ {000A}!\nさあ 早く こちらに来なさい。{0008}	늦었다 {000A}!\n자,어서 이리로 오너라.{0008}
00504	sw_003_ko.tsv	そちが {000A}だな?\n・・・待ちかねたぞ!{0008}	그대가 {000A}인가?\n…기다리고 있었다!{0008}
00505	sw_003_ko.tsv	王様 いかがでございましょう?{0008}	왕이시여,어떠하신지요?{0008}
00506	sw_003_ko.tsv	ウム そちの言う通りじゃ\nジャイルズに よく似ておるの。{0008}	음,그대 말대로구나\n자일스를 꼭 닮았구나.{0008}
00507	sw_003_ko.tsv	あの悪夢のような ドラゴンの日から\nやがて 10年にもなるかな・・・{0005}	그 악몽 같은 드래곤의 날로부터\n어느덧 10년이 되나…{0005}
00508	sw_003_ko.tsv	そちを見ていると 不思議な気分だ\nまるで あの勇者ジャイルズが\nオデガンに 戻ったようで・・・。{0008}	그대를 보고 있으면 묘한 기분이 드는구나\n마치 그 용자 자일스가\n오데간으로 돌아온 것 같아서…{0008}
00509	sw_003_ko.tsv	夕べ 城の西側で異変が起こった。\n衛兵が 眠らされていたのだ!{0008}	어젯밤 성 서쪽에서 이변이 일어났다.\n경비병이 잠들어 있었던 것이다!{0008}
00510	sw_003_ko.tsv	我々が 今朝 登城してみると・・・\n西側の者が 眠らされていたのだ・・・\nどうも エルフの魔法によるものらしい。{0008}	저희가 오늘 아침 등성해 보니…\n서쪽 사람들이 잠들어 있었습니다…\n아무래도 엘프의 마법에 의한 것 같습니다.{0008}
00511	sw_003_ko.tsv	あのダークエルフめが・・・\nサテラ姫だけでは もの足りず\nこんなことまで たくらみおって!{0008}	그 다크엘프 놈이…\n사테라 공주만으로는 부족한지\n이런 짓까지 꾀하다니!{0008}
00512	sw_003_ko.tsv	大臣! そこまでだ。{0008}	대신!거기까지다.{0008}
00513	sw_003_ko.tsv	これは 私としたことが・・・{0006}\nよけいなことまで ペラペラ・・・{0006}\nたいへん 申し訳ございません。{0008}	이것 참 제가…{0006}\n쓸데없는 것까지 재잘재잘…{0006}\n정말로 죄송합니다.{0008}
00514	sw_003_ko.tsv	{000A}! キミは\nだいじょうぶだったそうだな?	{000A}!자네는\n괜찮았다고 하던데?
00515	sw_003_ko.tsv	{0002}おかしいな? アルフがいうには\n君たちに 異常がなかったというが\nアルフの言っていたのは 本当か?	{0002}이상하네?알프 말로는\n자네들한테 이상이 없었다던데\n알프가 한 말이 사실인가?
00516	sw_003_ko.tsv	{0002}やはり そうなのだな!{0008}	{0002}역시 그런 것이로구나!{0008}
00517	sw_003_ko.tsv	王様! 王女を・・・\n彼らにまかせて よろしいですね?{0008}	왕이시여!왕녀님을…\n저들에게 맡겨도 되겠습니까?{0008}
00518	sw_003_ko.tsv	{000A}! アルフレッド!\n今晩より 姫のけいびを命ずる!{0008}	{000A}!알프레드!\n오늘 밤부터 공주의 경비를 명한다!{0008}
00519	sw_003_ko.tsv	サテラ王女を お守りするということは\n世界の命運を にぎることにもつながる{0005}	사테라 왕녀님을 지킨다는 것은\n세계의 운명을 쥐는 일로도 이어진다{0005}
00520	sw_003_ko.tsv	よいか! それだけ重要な役目なのだ\nこの役目を 見事果たしてくれよ!\nさあ 夜に備えて よく眠っておけ!{0008}	알겠느냐!그만큼 중요한 임무다\n이 임무를 훌륭히 완수해 다오!\n자,밤에 대비해 잘 자 두거라!{0008}
00521	sw_003_ko.tsv	まだ わからないことだらけだろうが\nカイパの言うことは まことのことだ\n頼んだぞ・・・さあ 行くがいい。{0008}	아직 모르는 것투성이겠지만\n카이파가 하는 말은 사실이다\n부탁하마…자,가 보거라.{0008}
00522	sw_003_ko.tsv	ち ちょっと {000A}・・・\nボクのウソが元で 大変な事になった{0005}	자 잠깐만 {000A}…\n내 거짓말 때문에 큰일이 났어{0005}
00523	sw_003_ko.tsv	いまさら 言ってもはじまらないけど\nど どうしたらいい・・・こまったな\nとにかく ベッドルームに行ってるね。{0008}	이제 와 말해 봤자 소용없지만\n어,어떡하지…곤란하네\n아무튼 침실에 가 있을게.{0008}
00524	sw_003_ko.tsv	サテラ王女は・・・かわいそうに\nあのダークエルフのために・・・{0005}	사테라 왕녀님은…가엾게도\n그 다크엘프 때문에…{0005}
00525	sw_003_ko.tsv	しかし どんなことがあっても\nあれだけは 渡す訳にはいかん\n世界を 売り渡すことになってしまう。{0008}	하지만 어떤 일이 있어도\n그것만은 넘겨줄 수 없다\n세계를 팔아넘기는 게 되어 버린다.{0008}
00526	sw_003_ko.tsv	王様も カイパ殿も甘すぎる!\n私はまだ お前たちのことを\n信じてはいないのだ 忘れるな!{0008}	왕도 카이파 님도 너무 무르다!\n나는 아직 너희를\n믿지 않는다,잊지 마라!{0008}
00527	sw_003_ko.tsv	弱ったなあ・・・困ったなあ・・・{0007}\nでも もうやるしかないんだろうな?\n夜に備えて 寝ようね{0006} グーグー。{0008}	난감하네…곤란하네…{0007}\n하지만 이제 할 수밖에 없는 거겠지?\n밤에 대비해 자자{0006} 쿨쿨.{0008}
00528	sw_003_ko.tsv	グーグー・・・スヤスヤ・・・。{0008}	드르렁드르렁…새근새근…{0008}
00529	sw_003_ko.tsv	アルフレッドから 話は聞いたよ\n大変な命令を 受けたんだって?\nベッドなら 好きなだけ使ってくれ。{0008}	알프레드한테서 얘기 들었어\n엄청난 명령을 받았다며?\n침대라면 마음껏 써.{0008}
00530	sw_003_ko.tsv	オデガン城って とても広いから\n私なんて まだ覚えきれないのよ\n新米のあなたは なおさらよねえ!{0008}	오데간성은 정말 넓어서\n나도 아직 다 외우질 못했는걸\n신참인 당신은 더더욱 그렇겠지!{0008}
00531	sw_003_ko.tsv	お城の情報を 集めはじめるなんて・・・\n{000A}殿は 若いのに似合わず\n世渡りのコツを 身につけてらっしゃる。{0008}	성의 정보를 모으기 시작하다니…\n{000A} 님은 젊은데도 어울리지 않게\n처세의 요령을 익히고 계시네요.{0008}
00532	sw_003_ko.tsv	王様に 初めて会見した その日に\n私たちに 声をかけた人ははじめてよ\nプレイボーイの血が 流れているのね。{0008}	왕을 처음 알현한 바로 그날에\n우리에게 말을 건 사람은 처음이에요\n플레이보이의 피가 흐르는 모양이네요.{0008}
00533	sw_003_ko.tsv	王女様のことは ここだけのヒミツです\nまあ ジャイルズ様の 血筋ですから\n口は 軽くないと信じておりますけど。{0008}	왕녀님 일은 여기만의 비밀입니다\n뭐,자일스 님의 혈통이시니까\n입이 가볍진 않을 거라 믿고 있지만요.{0008}
00534	sw_003_ko.tsv	魔法に打ち勝つ 精神力を持つのは\nなるほど ジャイルズ様の血筋ですか!\nそういう人物を 待っていたのですよ。{0008}	마법을 이겨 내는 정신력을 가진 건\n과연 자일스 님의 혈통이군요!\n그런 인물을 기다리고 있었답니다.{0008}
00535	sw_003_ko.tsv	いくら勇者の 血筋とはいってもさあ\n・・・早速 王様にお目通り願えるとは\nまったく お前は 本当についてるぜ。{0008}	아무리 용자의 혈통이라지만\n…이렇게 빨리 왕을 알현할 수 있다니\n정말 넌 참 운이 좋구나.{0008}
00536	sw_003_ko.tsv	ここは 仮眠用のベッドで\n眠ることが できます\n夜まで 眠りますか?{0008}	여기는 선잠용 침대로\n잠들 수 있습니다\n밤까지 주무시겠습니까?{0008}
00537	sw_003_ko.tsv	{0015}死んだように 眠っている・・・。{0008}	{0015}죽은 듯이 잠들어 있다…{0008}
00538	sw_003_ko.tsv	・・・ウウン・・・ウウン・・・。{0008}	…으응…으응…{0008}
00539	sw_003_ko.tsv	王様! {000A}がまいりました!{0008}	왕이시여!{000A}가 왔습니다!{0008}
00540	sw_003_ko.tsv	なんと {000A}がきたか!\nおお {000A}だ {000A}だ\nさあさ 早く中に入っておくれ!{0008}	오,{000A}가 왔구나!\n오오 {000A}다 {000A}다\n자 어서 안으로 들여라!{0008}
00541	sw_003_ko.tsv	・・・サテラ王女から 全てを聞いた\n{000A}よ よくやってくれたな!{0008}	…사테라 왕녀에게서 전부 들었다\n{000A}여,정말 잘해 주었구나!{0008}
00542	sw_003_ko.tsv	あの憎むべき ダークエルフめが!\nオデガン城に 魔法をかけた上で\nサテラ王女の 誘拐をくわだてるとは!{0008}	그 가증스러운 다크엘프 놈이!\n오데간성에 마법을 건 뒤에\n사테라 왕녀를 납치하려 획책하다니!{0008}
00543	sw_003_ko.tsv	もしも サテラが連れ去られていたら\n・・・私は サテラ王女と引き替えに\nこの国の平和を あきらめていたろう{0005}	만약 사테라가 끌려갔더라면…\n…나는 사테라 왕녀와 맞바꿔\n이 나라의 평화를 포기했을 것이다{0005}
00544	sw_003_ko.tsv	その全ては {000A}よ\nお前によって 救われたのだ!{0008}	그 모든 것은 {000A}여\n네 덕분에 구원받은 것이다!{0008}
00545	sw_003_ko.tsv	お前は 王女をお助けした上に\nパゾート一味を 追い払ったそうな?\nまた 大変な手柄を上げたものだな!{0008}	너는 왕녀님을 구해 드린 데다가\n파조트 일당까지 쫓아냈다더군?\n또다시 엄청난 공을 세웠구나!{0008}
00546	sw_003_ko.tsv	{000A}様は パゾートに戦いをいどみ\nやつらから 私を助けてくれました!{0008}	{000A} 님은 파조트에게 싸움을 걸어\n저들로부터 저를 구해 주셨어요!{0008}
00547	sw_003_ko.tsv	あの恐ろしい ダークエルフたちを\nこの国から 追放した{000A}様に\nごほうびを 差し上げて頂けませんか?{0008}	그 무서운 다크엘프들을\n이 나라에서 몰아낸 {000A} 님께\n상을 내려 주실 수 없겠습니까?{0008}
00548	sw_003_ko.tsv	ははは 当然考えてあるとも!{0008}	하하하,물론 생각해 두었느니라!{0008}
00549	sw_003_ko.tsv	{000A}には 今度のかつやくで\n剣士の称号を 与えることにした!{0008}	{000A}에게는 이번 활약으로\n검사의 칭호를 내리기로 했다!{0008}
00550	sw_003_ko.tsv	剣士の称号を受けた {000A}は\nこれにより 兵士の任がとかれた\nこれ以後は 冒険がお前の仕事だ。{0008}	검사의 칭호를 받은 {000A}는\n이로써 병사의 임무를 벗었다\n이제부터는 모험이 네 일이다.{0008}
00551	sw_003_ko.tsv	お父さま・・・いえ 王様・・・。{0008}	아버지…아니 왕이시여…{0008}
00552	sw_003_ko.tsv	さて{000A}の最初の冒険は\nオデガン北東の グドーの谷に行って\n谷の妖精に会ってくることだ{0005}	자,{000A}의 첫 모험은\n오데간 북동쪽 구도 계곡에 가서\n계곡의 요정을 만나고 오는 것이다{0005}
00553	sw_003_ko.tsv	グドーの谷の ナゾを解き明かし\n谷の妖精に 会うことができたなら\n妖精から 贈り物がさずけられようぞ{0008}	구도 계곡의 수수께끼를 풀어내고\n계곡의 요정을 만날 수 있다면\n요정에게서 선물을 받게 될 것이다{0008}
00554	sw_003_ko.tsv	その中の カギを持っていけば\n迷宮の扉を 開けることができる\nさあそれを持って出かけるのだ!{0008}	그 안의 열쇠를 가져가면\n미궁의 문을 열 수 있다\n자,그것을 가지고 떠나거라!{0008}
00555	sw_003_ko.tsv	アルフレッドなら そこのベッドさ\nせっかく つかんだチャンスを生かせず\n自分に いや気がさしているってことだ。{0008}	알프레드라면 저기 침대야\n모처럼 잡은 기회를 살리지 못해서\n스스로한테 정이 떨어졌다는 거야.{0008}
00556	sw_003_ko.tsv	毛布は・・・いいよなあ・・・\nオレは 夕べも地面のベッドだったから\n身体が 冷えちまった ヘックション!{0008}	담요는…좋단 말이지…\n나는 어젯밤도 땅바닥 침대였으니까\n몸이 차가워졌어 에취!{0008}
00557	sw_003_ko.tsv	ここのところの 一連の怪事件は\nダークエルフの しわざだったのか!\nそれを お前が解決したんだってな?{0008}	요즘 일어난 일련의 괴사건은\n다크엘프의 소행이었던 거냐!\n그걸 네가 해결했다고?{0008}
00558	sw_003_ko.tsv	あらン・・・これは {000A}様\n王女様を お救いになられるなんて\nまるで おとぎ話みたいで ステキ!{0008}	어머…이건 {000A} 님\n왕녀님을 구해 내시다니\n마치 동화 같아서 멋져요!{0008}
00559	sw_003_ko.tsv	まあ・・・{000A}様・・・\nとつぜん 話しかけられても\n心の準備が できてませんわ。{0008}	어머…{000A} 님…\n갑자기 말을 거시니\n마음의 준비가 안 됐어요.{0008}
00560	sw_003_ko.tsv	ダークエルフの パゾートという人は\nパルメキア大陸で 有名な魔導師でしょ\nその割には 以外と弱かったのねえ。{0008}	다크엘프 파조트라는 사람은\n팔메키아 대륙에서 유명한 마도사죠\n그런 것치고는 의외로 약했네요.{0008}
00561	sw_003_ko.tsv	城には たくさんの兵士がいたのに\nみんな 魔法にかかっちゃうなんて\nだらしがないわよ ゲンメツだわ。{0008}	성에는 많은 병사가 있었는데\n다들 마법에 걸려 버리다니\n한심하네요,실망했어요.{0008}
00562	sw_003_ko.tsv	これは ダークエルフを追い払った\nオデガン国の英雄 {000A}殿!\n王様をはじめ みなさんがお待ちです。{0008}	이분이 다크엘프를 쫓아낸\n오데간국의 영웅 {000A} 님!\n왕을 비롯해 모두가 기다리고 계세요.{0008}
00563	sw_003_ko.tsv	あの有名な ダークエルフのパゾートを\nこらしめたのが こんな少年兵士とは!\n人は 年れいだけではないのですなあ。{0008}	그 유명한 다크엘프 파조트를\n혼쭐낸 게 이런 소년 병사였다니!\n사람은 나이만으로 판단할 게 아니네요.{0008}
00564	sw_003_ko.tsv	{000A}殿は この前王様に会われ\n気に入られた ばかりにもかかわらず\nもう 大変な手柄を上げられましたか!{0008}	{000A} 님은 얼마 전 왕을 뵙고\n마음에 드셨을 뿐인데도\n벌써 이런 엄청난 공을 세우셨다니!{0008}
00565	sw_003_ko.tsv	王様は 頼りないオデガンの兵士に\nいつも 頭をなやましていました{0005}	왕께서는 미덥지 못한 오데간 병사들 때문에\n늘 골머리를 앓고 계셨습니다{0005}
00566	sw_003_ko.tsv	そうしたことから 考えても\n今回の {000A}殿の手柄なら\n位が上がるのは 当然の話です。{0008}	그렇게 생각해 보면\n이번 {000A} 님의 공로라면\n지위가 오르는 건 당연한 일이지요.{0008}
00567	sw_003_ko.tsv	王家の墓は・・・しかけだらけの\nおそろしい場所と 聞いていたが\nあそこで 何があったんだよ。{0008}	왕가의 묘는…함정투성이에\n무서운 곳이라고 들었는데\n거기서 무슨 일이 있었던 거야.{0008}
00568	sw_003_ko.tsv	今回の事件を まきおこしたのは\nあの魔導師の パゾートだったのか?\nそれをお前一人で? そんなばかな。{0008}	이번 사건을 일으킨 게\n그 마도사 파조트였던 거야?\n그걸 너 혼자서?설마.{0008}
00569	sw_003_ko.tsv	王女様が さらわれました・・・が\nもう もどって来られたのですから\nおどろいているヒマも ありませんわ。{0008}	왕녀님이 납치되셨지만…\n이제 돌아오셨으니\n놀라고 있을 틈도 없네요.{0008}
00570	sw_003_ko.tsv	王女様が 姿を見せなかったのは\nパゾートの 呪いのせいだったとは!{0008}	왕녀님이 모습을 보이지 않은 게\n파조트의 저주 때문이었다니!{0008}
00571	sw_003_ko.tsv	・・・やあ・・・{000A}か・・・\nダークエルフから 王女を助けたって?\n・・・おめでとうを いわせてもらうよ。{0008}	…야…{000A}인가…\n다크엘프에게서 왕녀를 구했다고?\n…축하한다고 말해 주지.{0008}
00572	sw_003_ko.tsv	パゾートは 王家の宝によって\n伝説の巨人を 復活させようとした\nよくぞ ヤツを追い払ってくれたな!{0005}	파조트는 왕가의 보물로\n전설의 거인을 부활시키려 했다\n용케도 놈을 쫓아내 주었구나!{0005}
00573	sw_003_ko.tsv	お前の父親の 剣士ジャイルズも\n冒険によって 勇者となっていった\nお前の成長も 楽しみにしているぞ。{0008}	네 아버지인 검사 자일스도\n모험을 통해 용자가 되어 갔다\n네 성장도 기대하고 있다.{0008}
00574	sw_003_ko.tsv	ダークエルフの パゾートを\nお前が 倒したとは・・・\nとても 信じられんぞ!{0005}	다크엘프 파조트를\n네가 쓰러뜨렸다니…\n도무지 믿을 수가 없구나!{0005}
00575	sw_003_ko.tsv	ヤツは 恐るべき魔導師として知られる\nパルメキアいちの 魔法の使い手だとか?\n簡単に目的を あきらめる訳がない。{0008}	놈은 두려운 마도사로 알려진\n팔메키아 제일의 마법 사용자라던데?\n쉽게 목적을 포기할 리가 없다.{0008}
00576	sw_003_ko.tsv	パゾートは 私を魔法にかけて\n魔法のオーブを 手に入れようと\nお父さまを おどしていたらしいわ{0005}	파조트는 나한테 마법을 걸어서\n마법의 오브를 손에 넣으려고\n아버님을 협박하고 있었던 것 같아{0005}
00577	sw_003_ko.tsv	でも もうだいじょうぶよね・・・\n{000A}が ヤツらを追い払ったから!\nフフフ 平和って すばらしいわね。{0008}	하지만 이제 괜찮겠지…\n{000A}가 놈들을 쫓아냈으니까!\n후후후,평화란 정말 멋지네요.{0008}
00578	sw_003_ko.tsv	でかしたぞ {000A}!\nサテラ王女より 話は聞いたが\nまず 王様の前に行くがいい。{0008}	잘했다 {000A}!\n사테라 왕녀로부터 이야기는 들었으니\n우선 왕 앞으로 가 보거라.{0008}
00579	sw_003_ko.tsv	オデガンで 剣士の称号を受けし者は\n大事に備え 経験をつまねばならん\nそれが 剣士に課せられた仕事なのだ{0005}	오데간에서 검사의 칭호를 받은 자는\n큰일에 대비해 경험을 쌓아야만 한다\n그것이 검사에게 주어진 일이다{0005}
00580	sw_003_ko.tsv	まず最初に お前に課せられた冒険は\nグドーの谷の 迷宮の中にいるという\n谷を守る妖精に 会ってくることだ{0005}	우선 가장 먼저 너에게 맡겨진 모험은\n구도 계곡의 미궁 안에 있다는\n계곡을 지키는 요정을 만나고 오는 것이다{0005}
00581	sw_003_ko.tsv	妖精は 迷宮の奥にやって来た者には\nその者の 知恵と勇気をたたえて\n自然の声を聞く力を 与えてくれるのだ。{0008}	요정은 미궁 깊숙이 찾아온 자에게는\n그자의 지혜와 용기를 기려\n자연의 소리를 듣는 힘을 주는 것이다.{0008}
00582	sw_003_ko.tsv	ただし・・・谷のなぞをとくカギは\n迷いの森にも かくされているらしい\n迷宮に詰まったら 行ってみることだ。{0008}	다만…계곡의 수수께끼를 푸는 열쇠는\n미혹의 숲에도 숨겨져 있는 모양이다\n미궁에서 막히면 가 보는 것도 좋을 거다.{0008}
00583	sw_003_ko.tsv	谷の妖精に 会うことはできたかな?\nグドーの谷の迷宮で行きづまったなら\n迷いの森に 行ってみるといい。{0008}	계곡의 요정을 만날 수 있었느냐?\n구도 계곡의 미궁에서 막혔다면\n미혹의 숲에 가 보는 게 좋을 거다.{0008}
00584	sw_003_ko.tsv	{000A}は 金貨50枚を受け取った{0008}	{000A}는 금화 50닢을 받았다{0008}
00585	sw_003_ko.tsv	キャッ {000A}さまですわン・・・\n町では あなたを王子様あつかいですし\nウワサって 大きくなりますわねぇ。{0008}	꺅,{000A}님이시네요…\n마을에서는 당신을 왕자님 취급이고요\n소문이란 게 점점 커지네요.{0008}
00586	sw_003_ko.tsv	まあ {000A}様 ポーッ・・・\nほんのちょっと 見ない間に\nますます たくましくなられて!{0008}	어머,{000A} 님,두근…\n잠깐 못 본 사이에\n더욱 늠름해지셨네요!{0008}
00587	sw_003_ko.tsv	あの事件の日から 王様は・・・\n少しづつ おやつれになられて\nそしてついに お倒れになったのです。{0008}	그 사건이 있던 날부터 왕께서는…\n조금씩 수척해지시더니\n결국 쓰러지고 마셨습니다.{0008}
00588	sw_003_ko.tsv	王女様の ご様子がおかしいことは\nみんな 気づいていると思います{0005}	왕녀님의 상태가 이상하다는 건\n다들 눈치채고 있을 거라 생각해요{0005}
00589	sw_003_ko.tsv	王様が お倒れになる前の日には\n宝箱のカギを せがんでおいででした\n何で 宝箱のカギなんかを・・・?{0008}	왕께서 쓰러지시기 전날에는\n보물상자 열쇠를 졸라대셨어요\n어째서 보물상자 열쇠 같은 걸…?{0008}
00590	sw_003_ko.tsv	王女様の行動が おかしいことは\n私も 承知しているのです・・・\nあんなことの あった後ですからな。{0008}	왕녀님의 행동이 이상한 것은\n저도 알고 있습니다…\n그런 일이 있었던 뒤니까요.{0008}
00591	sw_003_ko.tsv	いやあ {000A}殿のおかげで\nオデガン城も 平和になりました\n王様も 気がぬけただけですとも。{0008}	아니,{000A} 님 덕분에\n오데간성도 평화로워졌습니다\n왕께서도 그저 긴장이 풀리신 것뿐이지요.{0008}
00592	sw_003_ko.tsv	王様が お倒れになった原因は\nいま 学者たちが調べておりますが\nオデガンの学者は あてになりません。{0008}	왕께서 쓰러지신 원인은\n지금 학자들이 조사하고 있습니다만\n오데간의 학자들은 믿음직하질 않아요.{0008}
00593	sw_003_ko.tsv	{000A}殿の 剣士としての冒険が\nきっといつか オデガンに役立ちます\n私は それを楽しみにしておりますぞ。{0008}	{000A} 님의 검사로서의 모험이\n언젠가 분명 오데간에 도움이 될 겁니다\n저는 그것을 기대하고 있습니다.{0008}
00594	sw_003_ko.tsv	おお お前ってやつは すごいな!\nダークエルフを のしちまったって?\n今度 その時のことを 聞かせてよ。{0008}	오오,너란 녀석은 정말 대단하구나!\n다크엘프를 해치웠다고?\n다음에 그때 이야기 좀 들려줘.{0008}
00595	sw_003_ko.tsv	王女様は・・・お帰りになられてから\nまるで 人が変わったようですわ{0005}	왕녀님은…돌아오신 이후로\n마치 사람이 변한 것 같아요{0005}
00596	sw_003_ko.tsv	これは 兵士の方から聞いたのですが\n夜の宝物庫に 入ろうとしたとか・・・。{0008}	이건 병사한테서 들은 건데\n밤에 보물고에 들어가려 하셨다던가…{0008}
00597	sw_003_ko.tsv	王様が とつぜんお倒れになったのだ\nあれ以来 王女様の様子もおかしいし\n・・・ああ 心配のタネはつきない。{0008}	왕께서 갑자기 쓰러지신 데다가\n그 이후로 왕녀님 모습도 이상하고\n…아아,걱정거리가 끊이질 않는군요.{0008}
00598	sw_003_ko.tsv	王様の おかわいそうなこと・・・\n寝言で サテラ王女の名をよばれては\n夜中に 目をおさましになられるのです{0005}	왕께서 참 안쓰럽게도…\n잠꼬대로 사테라 왕녀의 이름을 부르시고\n한밤중에 잠에서 깨신답니다{0005}
00599	sw_003_ko.tsv	こんなじょうたいが 長く続いたら\nお倒れに なってしまわれます・・・。{0008}	이런 상태가 계속되면\n또 쓰러지시고 말 거예요…{0008}
00600	sw_003_ko.tsv	サテラ王女が ねらわれるなんて・・・\nダークエルフは なんてひきょうなんだ{0005}	사테라 왕녀님이 노림을 당하다니…\n다크엘프는 정말 비겁하구나{0005}
00601	sw_003_ko.tsv	しかし まだ 少しの時間はあるはず!\n聖なるティアラで 守られている限り\nだれも王女には 簡単に手を出せないさ。{0008}	하지만 아직 조금은 시간이 있을 터!\n성스러운 티아라로 지켜지는 한\n누구도 왕녀님께 쉽게 손대지 못할 거야.{0008}
00602	sw_003_ko.tsv	{000A}殿 王様に会われましたか?\n王女様が 元気に帰ってこられて・・・\n久しぶりに うれしそうでしたよ!{0008}	{000A} 님,왕을 만나 뵈셨나요?\n왕녀님이 건강하게 돌아오셔서…\n오랜만에 기뻐하시는 모습이셨어요!{0008}
00603	sw_003_ko.tsv	王女様が お元気になったおかげで\n病のことで なやまずにすみます\n・・・あいつも 帰ってくるでしょう。{0008}	왕녀님이 건강해지신 덕분에\n병 걱정은 하지 않아도 되겠네요\n…그 녀석도 돌아오겠죠.{0008}
00604	sw_003_ko.tsv	{000A}様に 渡すようにと\n王様から ごほうびを預かってます\nどうか これをお受け取り下さい。{0008}	{000A} 님께 전해 드리라고\n왕께서 상을 맡기셨습니다\n부디 이것을 받아 주세요.{0008}
00605	sw_003_ko.tsv	シルバーボトルを 手に入れた。{0008}	실버 보틀을 손에 넣었다.{0008}
00606	sw_003_ko.tsv	王女様の 病が治ったと思ったら\n今度は・・・王様が倒れました\n学者殿は 何をやっているのやら?{0008}	왕녀님 병이 나았나 했더니\n이번엔…왕께서 쓰러지셨어요\n학자님은 대체 뭘 하고 계신 건지?{0008}
00607	sw_003_ko.tsv	やや {000A}よ でかした!\nそれこそ お前に与えた使命のあかし\n谷の精の持つ ささやきの貝だ!{0005}	오,{000A}여,훌륭하구나!\n그것이야말로 너에게 내린 사명의 증표\n계곡 정령이 가진 속삭임의 조개다!{0005}
00608	sw_003_ko.tsv	これでお前も お前の父に近づいたな\n私か? 私は 体調をくずしただけだ\nわっはっは・・・ゲッホ ゲホゲホッ。{0008}	이걸로 너도 네 아버지에게 한 걸음 가까워졌구나\n나 말이냐?나는 그저 컨디션이 안 좋을 뿐이다\n와하하…콜록 콜록콜록.{0008}
00609	sw_004_ko.tsv	次は 王様が不思議な病にかかって\n早く直せと いわれ続けています\n私は 医者じゃないんだけどなあ。{0008}	다음은 국왕님이 이상한 병에 걸려서\n빨리 고치라는 말을 계속 듣고 있어요\n저는 의사가 아닌데 말이죠.{0008}
00610	sw_004_ko.tsv	王女が 私のことを心配して\n宝箱のカギを 渡すようにいうのだ{0005}	왕녀님이 저를 걱정해서\n보물상자 열쇠를 건네라고 하시는군{0005}
00611	sw_004_ko.tsv	しかし オデガンの宝を守るのは\nオデガン国王の 私の勤めなのだ\nこれだけは だれにも預けはしない。{0008}	하지만 오데간의 보물을 지키는 것은\n오데간 국왕인 나의 소임이네\n이것만은 누구에게도 맡기지 않을 걸세.{0008}
00612	sw_004_ko.tsv	王女様の振るまいは 目に余ります\n王様の命が 長くないのだから\nカギをよこせとは 何事ですか!{0008}	왕녀님의 행동은 눈에 거슬립니다\n국왕님의 목숨이 얼마 남지 않았다고\n열쇠를 내놓으라니 무슨 짓입니까!{0008}
00613	sw_004_ko.tsv	王様の病は 毒だと思うのです\nでも・・・王女様が 毒味をしてるし\nやっぱり ちがうのでしょうねぇ。{0008}	국왕님의 병은 독이라고 생각합니다\n하지만…왕녀님이 독을 맛보고 계시니\n역시 아니겠죠.{0008}
00614	sw_004_ko.tsv	私が 王女のことをうたがうとは\n父親としての 情がうすいためかな?{0005}	내가 왕녀를 의심하다니\n아비로서의 정이 부족한 탓일까?{0005}
00615	sw_004_ko.tsv	お前に従う その白鳥の方が・・・\nどうにも いとおしく感じるのだ\nはは・・・私も どうかしているな。{0008}	너를 따르는 그 백조 쪽이…\n어쩐지 더 사랑스럽게 느껴지는구나\n하하…나도 어떻게 된 모양이군.{0008}
00616	sw_004_ko.tsv	わはは サルが見まいに来るとは!{0005}\nオデガンの 領土の者たちは\n情にあつくて うれしく思うぞ。{0008}	와하하,원숭이가 병문안을 오다니!{0005}\n오데간 영토의 백성들은\n정이 두터워서 기쁘구나.{0008}
00617	sw_004_ko.tsv	争う物音が したと思ったら・・・\nやはり あの王女様はニセ者でしたか?\nしかも 宝箱のカギまで盗まれるとは!{0008}	다투는 소리가 났다 싶더니…\n역시 그 왕녀님은 가짜였습니까?\n게다가 보물상자 열쇠까지 도둑맞다니!{0008}
00618	sw_004_ko.tsv	王様の お毒味をしていた王女様が\nパゾートの手下・・・するとやはり\nヤツが 王様の食事に毒を入れたのです。{0008}	국왕님의 독 시식을 하던 왕녀님이\n파조트의 부하라니…그렇다면 역시\n그자가 국왕님의 식사에 독을 넣은 겁니다.{0008}
00619	sw_004_ko.tsv	みんなは 災いを恐れていますが\n私は ここに何が起ころうとも\n王様を お守りするつもりです。{0008}	다들 재앙을 두려워하고 있지만\n저는 여기서 무슨 일이 일어나더라도\n국왕님을 지킬 생각입니다.{0008}
00620	sw_004_ko.tsv	砂の迷宮の ジンの神殿に入るには\n何かの像を はめ込まねばならないと\nどれかの本で 読んだきおくがあります。{0008}	모래 미궁의 진의 신전에 들어가려면\n어떤 상을 끼워 넣어야 한다고\n어느 책에서 읽은 기억이 있습니다.{0008}
00621	sw_004_ko.tsv	災いだ最悪だと さわいでも・・・\n勇者が現れて 世界を救ってくれると\nみんな人ごとのように 考えています。{0008}	재앙이다,최악이다 떠들어도…\n용사가 나타나 세상을 구해 줄 거라고\n다들 남의 일처럼 생각하고 있습니다.{0008}
00622	sw_004_ko.tsv	みんな・・・ジンが解放されたとき\nすぐに 巨人が動くと考えていますが\nそんなに 急ではないらしいのです{0005}	다들…진이 해방되면\n바로 거인이 움직인다고 생각하지만\n그렇게 급하지는 않은 모양입니다{0005}
00623	sw_004_ko.tsv	すべてのジンが 巨人に力を送っても\n巨人が パワーをたくわえるまでには\nしばらく・・・時間がかかるようです。{0008}	모든 진이 거인에게 힘을 보내도\n거인이 힘을 비축하기까지는\n얼마간…시간이 걸리는 모양입니다.{0008}
00624	sw_004_ko.tsv	{000A}殿 全力をつくせば\nだれも 文句など申しますまい\n王様も かくごはできております。{0008}	{000A}님,전력을 다하신다면\n아무도 불평하지 않을 겁니다\n국왕님께서도 각오는 되어 계십니다.{0008}
00625	sw_004_ko.tsv	4つのジンが 解放されたからには\nいっこくのゆうよも なくなりました\n地底の沼に どうか急がれますように!{0008}	네 진이 해방된 이상\n한시의 여유도 없어졌습니다\n지저의 늪으로 부디 서둘러 주십시오!{0008}
00626	sw_004_ko.tsv	大陸西で起こった パルメキア戦争!\n3大魔王 ゼオン復活を狙った魔界軍と\nボウイ率いるグランシール軍との戦いだ。{0008}	대륙 서쪽에서 일어난 팔메키아 전쟁!\n3대 마왕 제온의 부활을 노린 마계군과\n보위가 이끄는 그랑실군의 싸움이다.{0008}
00627	sw_004_ko.tsv	虹色の光線は 魔法で跳ね返せる!\nサソリなどが 射ってくる虹色の光線は\nフリーズの魔法系で 跳ね返せるのだ!{0008}	무지개색 광선은 마법으로 튕겨낼 수 있다!\n전갈 등이 쏘는 무지개색 광선은\n프리즈 계열 마법으로 튕겨낼 수 있다!{0008}
00628	sw_004_ko.tsv	剣豪伝 剣士対クサリ分銅の勝負!\nリーチの短い分 不利であった剣士は\nクサリをジャンプでよけつつ戦った。{0008}	검호전,검사 대 사슬 분동의 승부!\n리치가 짧은 만큼 불리했던 검사는\n사슬을 점프로 피하며 싸웠다.{0008}
00629	sw_004_ko.tsv	新興国 豊かな国ストームサング!\n最近 めきめきと頭角を現した国だが\nさらに 種族間の交流がさかんである。{0008}	신흥국,풍요로운 나라 스톰상!\n최근 눈에 띄게 두각을 나타낸 나라지만\n더욱이 종족 간의 교류가 활발하다.{0008}
00630	sw_004_ko.tsv	宝剣 シャイニングソードを訪ねて!\n災いの絶えない 地上世界のために\n神が与えたもうた剣 各所にあるらしい。{0008}	보검,샤이닝 소드를 찾아서!\n재앙이 끊이지 않는 지상 세계를 위해\n신이 내려주신 검이 각지에 있다고 한다.{0008}
00631	sw_004_ko.tsv	王族は コレステロールにご注意!\n食っちゃ寝の 乱れた生活を改めて\n適度な運動が 長生きの第一歩です。{0008}	왕족은 콜레스테롤을 조심하세요!\n먹고 자는 흐트러진 생활을 고치고\n적당한 운동이 장수의 첫걸음입니다.{0008}
00632	sw_004_ko.tsv	独り者の王様に 耳寄りマダム情報!\n新しいプレイスポット オデガン酒場は\n若いマダムの 夜のプライベートゾーン。{0008}	독신 국왕님께 솔깃한 마담 정보!\n새로운 플레이스팟 오데간 주점은\n젊은 마담들의 밤의 프라이빗 존.{0008}
00633	sw_004_ko.tsv	サテラ王女 17才の素顔にせまる!\n今や オデガン国中のアイドルとなった\n王女の 17年を振り返って特集します。{0008}	사테라 왕녀,17세의 민낯에 다가서다!\n이제는 오데간 전국의 아이돌이 된\n왕녀의 17년을 돌아보는 특집입니다.{0008}
00634	sw_004_ko.tsv	シャイニングソードは 選ばれし者の剣\n4つの元素の魔法を 使いこなせる者が\n双子岩の 光の迷宮の扉を開けるのだ。{0008}	샤이닝 소드는 선택받은 자의 검\n네 원소의 마법을 자유자재로 다루는 자가\n쌍둥이 바위의 빛의 미궁 문을 여는 것이다.{0008}
00635	sw_004_ko.tsv	この西側の中庭には ほこらがあって\nそれを 見張っているように言われた{0005}	이 서쪽 안뜰에는 사당이 있는데\n그걸 지켜보고 있으라는 말을 들었다{0005}
00636	sw_004_ko.tsv	でも あそこは カギがかかってるし\n見張る必要なんか ないと思うんだよ。{0008}	근데 저긴 자물쇠도 걸려 있고\n지켜볼 필요 같은 거 없다고 생각하는데.{0008}
00637	sw_004_ko.tsv	オデガン国は 戦のない国だから\n兵士の数が 多くないんだよ・・・\nもう3日間 休みなしに働いてる。{0008}	오데간국은 전쟁이 없는 나라라서\n병사 수가 많지 않거든…\n벌써 3일째 쉬지 않고 일하고 있어.{0008}
00638	sw_004_ko.tsv	王様のお部屋に 何の用でやってきた!\n・・・どうせ 城をうろついてる内に\n迷ったんだろう? サッサと戻るんだ。{0008}	국왕님 방엔 무슨 용건으로 온 거냐!\n…어차피 성을 어슬렁거리다\n길을 잃은 거겠지?얼른 돌아가라.{0008}
00639	sw_004_ko.tsv	城の中で 何かが起こってるらしい\n何かは・・・わからないけど・・・\nそれで 我々も気が立っているんだ。{0008}	성 안에서 뭔가 일어나고 있는 모양이야\n뭔지는…모르겠지만…\n그래서 우리도 신경이 곤두서 있어.{0008}
00640	sw_004_ko.tsv	お前・・・ここを通りたいんだろう?\n普段の日なら 通してやれるんだけど\n今は 誰も通すなとの 命令なんだよ。{0008}	너…여길 지나가고 싶은 거지?\n평소라면 통과시켜 줄 수 있는데\n지금은 아무도 통과시키지 말라는 명령이거든.{0008}
00641	sw_004_ko.tsv	こうして つくづく城を見てみると\nオデガン城も 古くなってきたなあ{0005}	이렇게 새삼 성을 보고 있자니\n오데간 성도 낡아졌구나{0005}
00642	sw_004_ko.tsv	我々としては 立て直してほしいけど\nかくし通路の 伝説まである通り・・・{0006}\n名城とうたわれた城だから・・・ムリだよな。{0008}	우리로서는 다시 지었으면 좋겠지만\n숨겨진 통로의 전설까지 있는 걸 보면…{0006}\n명성이라 불리는 성이니까…무리겠지.{0008}
00643	sw_004_ko.tsv	この通路の少し右側の くずれたかべは\nだいぶ前に しゅうりすることになって\nたしか 修理したはずなんだけど・・・{0005}	이 통로 약간 오른쪽의 무너진 벽은\n꽤 오래전에 수리하기로 됐는데\n분명 수리했을 텐데…{0005}
00644	sw_004_ko.tsv	さっき見たら またくずれてるだろ?\nおどろいたというか・・・変だよな。{0008}	아까 봤더니 또 무너져 있더라고?\n놀랐다고 할까…이상하단 말이야.{0008}
00645	sw_004_ko.tsv	オレ どこのけいびをまかされるか?\nドキドキしてたけど ここでよかったよ{0005}	나 어디 경비를 맡게 될까\n두근두근했는데 여기라서 다행이야{0005}
00646	sw_004_ko.tsv	城の北の方にある 王家の墓だったら\n気味が悪くて けいびどころじゃないぜ。{0008}	성 북쪽에 있는 왕가의 묘였으면\n으스스해서 경비고 뭐고 아니었을 거야.{0008}
00647	sw_004_ko.tsv	オレは なんて幸福者なんだろう?\n王女様の棟で けいびができるんだぜ\nああ サテラ王女はまだかなあ・・・。{0008}	나는 정말 행운아구나\n왕녀님 전각에서 경비를 설 수 있다니\n아아,사테라 왕녀님은 아직인가…{0008}
00648	sw_004_ko.tsv	こいつ・・・サテラ王女が好きなのさ\nだから ここでけいびをしていれば\n王女様に会えると ウキウキなんだ。{0008}	이 녀석…사테라 왕녀님을 좋아해\n그래서 여기서 경비를 서고 있으면\n왕녀님을 만날 수 있다고 들떠 있는 거야.{0008}
00649	sw_004_ko.tsv	へックション・・・グスグス・・・\n夕べ 西側のけいびで眠ったからって\n続けて 仕事をしろなんてヒドイーッ。{0008}	에취…훌쩍훌쩍…\n어젯밤 서쪽 경비 서다 잠들었다고\n이어서 일을 시키다니 너무해.{0008}
00650	sw_004_ko.tsv	ダークエルフが 国をねらってると\nうわさになってるが 本当だろうか?\nだとしたら この国も終わりかもな。{0008}	다크엘프가 나라를 노리고 있다고\n소문이 돌던데,사실일까?\n그렇다면 이 나라도 끝장일지도.{0008}
00651	sw_004_ko.tsv	夕べの事件が エルフのしわざなら\nどうして そんなことをしたんだ?\nぬすまれた物も ないようだしな。{0008}	어젯밤 사건이 엘프의 짓이라면\n왜 그런 짓을 한 거지?\n도둑맞은 물건도 없는 것 같고 말이야.{0008}
00652	sw_004_ko.tsv	事件が起こったって さわいでるが\nこうしてると ノンビリしたもんさ\nあーあ ポカポカとあたたかいや!{0008}	사건이 일어났다고 다들 소란이지만\n이러고 있으니 느긋하기만 하네\n아아,따끈따끈 따뜻하다!{0008}
00653	sw_004_ko.tsv	きのうは ホビットの長老たちで\n城下町の方が さわがしかったけど\n静かになったし 帰ったのかな?{0008}	어제는 호빗 장로들 때문에\n성하마을이 시끌시끌했는데\n조용해진 걸 보니 돌아간 건가?{0008}
00654	sw_004_ko.tsv	けさ 城に来てみると魔法さわぎで\nみんな 途方にくれていたが・・・\nエルフの魔法は おそろしいよなあ{0005}	오늘 아침 성에 와 보니 마법 소동으로\n다들 어쩔 줄 몰라 하고 있었는데…\n엘프의 마법은 무섭단 말이야{0005}
00655	sw_004_ko.tsv	たしか千年樹には えらい仙人がいて\nどんな魔法でも 解いてしまうらしい\nその人を オデガン城によべないかな?{0008}	분명 천년수에는 대단한 선인이 있어서\n어떤 마법이든 풀어 버린다던데\n그 사람을 오데간 성으로 부를 수 없을까?{0008}
00656	sw_004_ko.tsv	オレ 王家の墓がこわかったんだけど\n城の西側も 何かがあったらしいな?\nやっぱり ここのけいびでよかった。{0008}	나 왕가의 묘가 무서웠는데\n성 서쪽에도 뭔가 있었던 모양이네?\n역시 여기 경비라서 다행이야.{0008}
00657	sw_004_ko.tsv	オレは なんて幸せ者なんだろう?\n王女様の近くで けいびができるんだ\nああ サテラ王女はまだかなあ・・・。{0008}	나는 정말 행운아구나\n왕녀님 가까이서 경비를 설 수 있다니\n아아,사테라 왕녀님은 아직인가…{0008}
00658	sw_004_ko.tsv	どうしたんだ {000A}・・・\nははあ さては 初めての夜勤で\n眠くて 忘れ物でもしたんだな?{0008}	무슨 일이야 {000A}…\n하하,그렇군,첫 야근이라\n졸려서 뭘 깜빡한 거구나?{0008}
00659	sw_004_ko.tsv	サテラ様は どうなるのでしょう?{0008}	사테라 님은 어떻게 되는 걸까요?{0008}
00660	sw_004_ko.tsv	残念だが・・・わからん。{0008}	유감이지만…모르겠네.{0008}
00661	sw_004_ko.tsv	あの・・・ひとつだけ\n質問しても よろしいですか?{0008}	저기…하나만\n질문해도 될까요?{0008}
00662	sw_004_ko.tsv	うむ・・・どんなことかな?{0008}	음…뭔가?{0008}
00663	sw_004_ko.tsv	色々と ウワサをまとめてみると\nボクたちの守る 王女様のお身体には\n何か・・・いじょうがあるのでは?{0005}	이런저런 소문을 종합해 보면\n저희가 지키는 왕녀님의 몸에는\n뭔가…이상이 있는 게 아닐까요?{0005}
00664	sw_004_ko.tsv	それに ホビットの長老を帰したのも\n今度のことと 関係がありそうですし\n先に 話しておいていただけませんか?{0008}	게다가 호빗 장로를 돌려보낸 것도\n이번 일과 관계가 있어 보이니\n먼저 말씀해 주실 수 없겠습니까?{0008}
00665	sw_004_ko.tsv	いや・・・大臣 彼らには・・・\nすべてを 話しておきましょう。{0008}	아니…대신,이들에게는…\n전부 말해 두겠네.{0008}
00666	sw_004_ko.tsv	・・・お前たちの 気づいたとおり\n王女は ダークエルフの魔法によって\n何日も 眠り続けているのだよ{0005}	…너희가 눈치챈 대로\n왕녀는 다크엘프의 마법으로 인해\n며칠째 계속 잠들어 있는 거다{0005}
00667	sw_004_ko.tsv	王女が魔法にかけられた あの夜\nダークエルフは 王様の目の前に現れ\n王女の命と 交換じょうけんを出した。{0008}	왕녀가 마법에 걸린 그날 밤\n다크엘프가 국왕님 눈앞에 나타나\n왕녀의 목숨과 맞바꿀 조건을 내걸었다.{0008}
00668	sw_004_ko.tsv	王女は 魔法によって眠らせた・・・\n今のところ 命にかかわることはないが\n元にもどしたくば 宝玉を渡せ {0006}とな{0005}	왕녀는 마법으로 잠재워 두었다…\n지금은 목숨에 지장은 없지만\n원래대로 되돌리고 싶으면 보옥을 넘겨라{0006}…라더군{0005}
00669	sw_004_ko.tsv	この城の者以外に このことが知れたら\n特にホビット族には 知らせてはならん\nその時は 永久に王女は目覚めないと。{0008}	이 성의 사람 외에 이 일이 알려지면\n특히 호빗족에게는 알려서는 안 된다\n그때는 영원히 왕녀가 깨어나지 않는다고.{0008}
00670	sw_004_ko.tsv	だから ホビットの長老にも会わずに\nこうして・・・王女をお守りするのだ{0005}	그래서 호빗 장로도 만나지 않고\n이렇게…왕녀를 지키고 있는 것이다{0005}
00671	sw_004_ko.tsv	ダークエルフのねらいが 巨人なら\n宝玉で 伝説の巨人が目覚めたら・・・\nこのオデガンは 終わりだから・・・。{0008}	다크엘프의 노림수가 거인이라면\n보옥으로 전설의 거인이 깨어난다면…\n이 오데간은 끝장이니까…{0008}
00672	sw_004_ko.tsv	だが王女には 聖なるティアラがある\nあのティアラを 身につけている限り\nやつらも むやみには手を出せまい{0005}	하지만 왕녀에게는 성스러운 티아라가 있다\n그 티아라를 몸에 지니고 있는 한\n그놈들도 함부로 손대지는 못할 것이다{0005}
00673	sw_004_ko.tsv	ただし もしもさらわれてしまったら\n王様とて もう ヤツらに抵抗できまい\n4つのオーブを 渡してしまうだろう。{0008}	다만 혹시 납치당해 버리면\n국왕님이라 해도 더 이상 놈들에게 저항하지 못하고\n네 개의 오브를 넘겨주고 말 것이다.{0008}
00674	sw_004_ko.tsv	君たちの役目が どんなに大切かわかっただろう\nそれでは しっかりたのんだぞ!{0008}	너희의 임무가 얼마나 중요한지 알았겠지\n그럼 단단히 부탁한다!{0008}
00675	sw_004_ko.tsv	なんだか・・・きりが出てきた\n気味が悪くて イヤだなあ{0005}	왠지…안개가 끼기 시작했어\n으스스해서 싫은데{0005}
00676	sw_004_ko.tsv	さあ それじゃ けいびをはじめよう\n{000A}から 見回ってきてよ。{0008}	자,그럼 경비를 시작하자\n{000A}부터 둘러보고 와.{0008}
00677	sw_004_ko.tsv	それじゃあ {000A}から\nグルッと 見回ってきてよ。{0008}	그럼 {000A}부터\n한 바퀴 둘러보고 와.{0008}
00678	sw_004_ko.tsv	王様は もうお休みになったので\n用なら 明日の朝出直してくるのだ。{0008}	국왕님은 이미 주무시러 들어가셨으니\n볼일이 있으면 내일 아침에 다시 오게.{0008}
00679	sw_004_ko.tsv	今夜は 少し はだざむいな\nこういうときは 酒に限るが\n仕事中だし 止めておくか・・・。{0008}	오늘 밤은 좀 쌀쌀하네\n이럴 땐 술이 최고지만\n근무 중이니 참아야겠지…{0008}
00680	sw_004_ko.tsv	お前・・・ベッドでサボル気だな?\n悪いことは いわないからヤメとけ!\nバレたら 後で何かといわれるぞ。{0008}	너…침대에서 땡땡이칠 생각이지?\n나쁜 말 안 할 테니 관둬!\n들키면 나중에 한소리 들을 거야.{0008}
00681	sw_004_ko.tsv	{000A}の持ち場は 東側だろ!\nいくら 方向オンチといったって\n限度ってものが あるだろうが?{0008}	{000A}의 담당 구역은 동쪽이잖아!\n아무리 방향치라고 해도\n정도라는 게 있지 않겠어?{0008}
00682	sw_004_ko.tsv	うーっ さびぃーっ ぶるぶる・・・\nオレは さむいのがにがてだからって\nあれほど言ったのに 夜勤だもんな。{0008}	으으,추워,덜덜…\n나는 추위를 잘 못 견딘다고\n그렇게 말했는데 야근이라니.{0008}
00683	sw_004_ko.tsv	しっかり けいびしろっていっても\n毎日 事件が起こるわけでもないし\n適当に いこうよ 適当にね。{0008}	철저히 경비하라고 해도\n매일 사건이 일어나는 것도 아니고\n적당히 하자고,적당히.{0008}
00684	sw_004_ko.tsv	オデガン国を さわがしてるのは\nダークエルフの 魔導師らしいが\n何だって こんなことするのかな?{0008}	오데간국을 소란스럽게 하는 건\n다크엘프의 마도사인 모양인데\n대체 뭣 때문에 이런 짓을 하는 걸까?{0008}
00685	sw_004_ko.tsv	そろそろ いいですかね?{0008}	슬슬 괜찮을까요?{0008}
00686	sw_004_ko.tsv	そろそろ 呪文が\n効いているはずですが・・・?{0008}	슬슬 주문이\n효과를 보고 있을 텐데요…?{0008}
00687	sw_004_ko.tsv	やはり・・・ おかしい?\nそんなはずは ないのですが・・・?{0008}	역시…이상한데?\n그럴 리가 없을 텐데요…?{0008}
00688	sw_004_ko.tsv	ほーら やっぱり\nちゃんと眠ってますよねえ。{0008}	보세요,역시\n잘 주무시고 계시잖아요.{0008}
00689	sw_004_ko.tsv	でも キミは・・・\n起きているんですよね?{0008}	그런데 당신은…\n깨어 있는 거죠?{0008}
00690	sw_004_ko.tsv	おや・・・ それは何ですか?{0008}	어라…그건 뭔가요?{0008}
00691	sw_004_ko.tsv	バンボは{000A}を調べた{0008}	밤보는 {000A}를 조사했다{0008}
00692	sw_004_ko.tsv	{0002}バンボは 目覚めの石 を見つけた{0008}	{0002}밤보는 각성의 돌을 발견했다{0008}
00693	sw_004_ko.tsv	そうですか! これだったんですね?\nこれを持っているのは エルフだけだから\nこの件に エルフがからんだのですね?{0008}	그렇군요!이거였군요?\n이걸 갖고 있는 건 엘프뿐이니\n이 일에 엘프가 관여한 거였군요?{0008}
00694	sw_004_ko.tsv	・・・これはいただくとして\nキミを どうしましょうかね{0005}	…이건 가져가기로 하고\n당신을 어떻게 할까요{0005}
00695	sw_004_ko.tsv	見たところでは 動けそうもないし\nどうせ何も できっこないでしょう?\n{0006}まあ ゆるすことに しましょう!{0008}	보아하니 움직일 수 있을 것 같지도 않고\n어차피 아무것도 못 할 거잖아요?\n{0006}뭐,용서해 드리기로 하죠!{0008}
00696	sw_004_ko.tsv	さあ それじゃサテラ王女に\n同行していただきますよ!{0008}	자,그럼 사테라 왕녀님께\n동행해 주셔야겠어요!{0008}
00697	sw_004_ko.tsv	プリンセス・サテラ カモーン!{0008}	프린세스 사테라,컴온!{0008}
00698	sw_004_ko.tsv	はーい プリンセス・サテラ!\nごきげんは いかが?{0008}	네~프린세스 사테라!\n기분은 어떠신가요?{0008}
00699	sw_004_ko.tsv	それは けっこう!\nすいみんは 女性にとって大事ね。\nびようと けんこうにも一番ですから。{0008}	그거 다행이네요!\n수면은 여성에게 중요하니까요.\n미용과 건강에도 제일이고요.{0008}
00700	sw_004_ko.tsv	プリンセス まいりましょうか?{0008}	프린세스,가실까요?{0008}
00701	sw_004_ko.tsv	王家の墓に急ぎなさい!\n偉大なる ダークエルフにして魔道師\nパゾート様が お待ちになっています。{0008}	왕가의 묘로 서둘러라!\n위대하신 다크엘프이자 마도사\n파조트 님께서 기다리고 계신다.{0008}
00702	sw_004_ko.tsv	プリンセス・サテラ\nレッツ・・・ゴーッ!{0008}	프린세스 사테라\n렛츠…고!{0008}
00703	sw_004_ko.tsv	おや・・・ キミは今\n動きましたよね?{0008}	어라…당신 방금\n움직였죠?{0008}
00704	sw_004_ko.tsv	キミには 驚きましたよ\nエルフの 助けだけじゃなく\n人並み外れた精神力・・・ですねえ。{0008}	당신한테는 놀랐습니다\n엘프의 도움뿐만 아니라\n보통을 넘어서는 정신력이군요.{0008}
00705	sw_004_ko.tsv	ボクたちは キミみたいな人を\n一番恐れて いるんですよ。{0008}	저희는 당신 같은 사람을\n제일 두려워하고 있답니다.{0008}
00706	sw_004_ko.tsv	でも・・・ボクとしては\nキミの頑張りに 期待したいですね\nおおいに 楽しませてください。{0008}	하지만…저로서는\n당신의 분투를 기대하고 싶군요\n마음껏 즐겁게 해 주세요.{0008}
00707	sw_004_ko.tsv	また あいましょう!{0008}	또 만납시다!{0008}
00708	sw_004_ko.tsv	事件が解決して けいびの仕事も\n楽になると よろこんでたんだ\nでも 当分 今のまんまだってさ。{0008}	사건이 해결돼서 경비 일도\n편해질 거라고 기뻐했었어\n근데 당분간 지금 그대로래.{0008}
00709	sw_004_ko.tsv	魔導師の パゾートにねらわれたら\nオデガンなんて アッという間・・・\nと思ったら 案外だいじょうぶなんだ。{0008}	마도사 파조트한테 찍히면\n오데간 같은 건 순식간에…\n라고 생각했는데 의외로 괜찮더라고.{0008}
00710	sw_004_ko.tsv	このところ しんこくな話が多くて\n国中が しずんでた感じだったけど\nこれで 元の明るい国に戻るだろう。{0008}	요즘 심각한 이야기가 많아서\n온 나라가 가라앉은 분위기였는데\n이걸로 원래의 밝은 나라로 돌아가겠지.{0008}
00711	sw_004_ko.tsv	北の迷いの森は 不思議なところで\n木の精の トレントとかもいるんだ\n自然の声を 聞く能力があればなあ。{0008}	북쪽 미혹의 숲은 신비한 곳이라\n나무의 정령 트렌트 같은 것도 있어\n자연의 목소리를 듣는 능력이 있으면 좋을 텐데.{0008}
00712	sw_004_ko.tsv	王様が パゾートにおどされてたのは\n城の者にも しらせてなかったのに\nみんな おかしいと思っていたよな。{0008}	국왕님이 파조트한테 협박당하고 있던 건\n성 사람들에게도 알리지 않았는데\n다들 이상하다고 생각하고 있었지.{0008}
00713	sw_004_ko.tsv	もし 北東のグドーの谷とか行くなら\n兵士の装備では 危険だそうな・・・\nかたいモンスターが 多いらしいぞ。{0008}	혹시 북동쪽 구도 계곡 같은 데 간다면\n병사 장비로는 위험하다더군…\n단단한 몬스터가 많다던데.{0008}
00714	sw_004_ko.tsv	考えて見れば この事件のおかげで\nオデガンの兵士の 心がまえなんかも\n変わってきた感じがするよ ウン!{0008}	생각해 보면 이번 사건 덕분에\n오데간 병사들의 마음가짐도\n달라진 느낌이 들어,응!{0008}
00715	sw_004_ko.tsv	王家の墓は 恐ろしい所と思ってたが\nダークエルフの パゾートまでがね\nウーン やっぱりカンが当ってた!{0008}	왕가의 묘는 무서운 곳이라 생각했는데\n다크엘프 파조트까지 나오다니\n음,역시 감이 맞았어!{0008}
00716	sw_004_ko.tsv	王女様は 呪いにかかってたのか?\nそれを・・・オレが助けられずに\nお前に おいしいとこを取られた!{0008}	왕녀님이 저주에 걸려 있었던 거야?\n그걸…내가 구하지도 못하고\n너한테 알짜배기를 뺏겼잖아!{0008}
00717	sw_004_ko.tsv	{000A}が 王女様を助けたって?\nでも そこから 一人で来たんだぜ\n何でお前が いっしょじゃなかった?{0008}	{000A}가 왕녀님을 구했다고?\n근데 거기서부터 혼자 왔잖아\n왜 네가 같이 있지 않았던 거야?{0008}
00718	sw_004_ko.tsv	マジックハンドという 宝があれば\nジンの力が宿った時に きせきが起き\n火の竜が現れるというが ホントかな。{0008}	매직 핸드라는 보물이 있으면\n진의 힘이 깃들었을 때 기적이 일어나\n불의 용이 나타난다는데 정말일까.{0008}
00719	sw_004_ko.tsv	{000A}が ここを通りたいなら\nオレは 通したって棈わないんだが\n王様の命令の方が 絶対だからな。{0008}	{000A}가 여길 지나가고 싶다면\n나야 통과시켜 줘도 상관없지만\n국왕님의 명령이 절대니까 말이야.{0008}
00720	sw_004_ko.tsv	王女様は 本当に王様思いの方だよ\n夕べだって 心配だというから\n実はこっそり ここから入れたんだ。{0008}	왕녀님은 정말 국왕님을 생각하는 분이야\n어젯밤에도 걱정된다고 하셔서\n사실 몰래 여기로 들여보내 드렸어.{0008}
00721	sw_004_ko.tsv	最近の王女様は 寝つけないのか?\nよく 夜中にお見かけするらしいが\n何か 良いクスリでもないものかな。{0008}	요즘 왕녀님은 잠을 못 이루시나?\n한밤중에 자주 뵌다던데\n뭔가 좋은 약이라도 없으려나.{0008}
00722	sw_004_ko.tsv	王女様は 先ほどから中にいるのに\nまた南から 王女がやってきたんだ\nホントだよ この目で見たんだって!{0008}	왕녀님은 아까부터 안에 계시는데\n또 남쪽에서 왕녀님이 오신 거야\n진짜야,내 눈으로 봤다니까!{0008}
00723	sw_004_ko.tsv	光の剣と呼ばれる 伝説の剣からは\nジンの力を 利用することによって\n数々の技が くり出せたと聞いたぞ。{0008}	빛의 검이라 불리는 전설의 검은\n진의 힘을 이용함으로써\n수많은 기술을 펼칠 수 있었다고 들었어.{0008}
00724	sw_004_ko.tsv	なんか・・・王家の墓の方から\n大きな生き物の うなり声がするんだ\nだれか 変なものをかってないかな?{0008}	뭔가…왕가의 묘 쪽에서\n커다란 생물의 울음소리가 들려\n누가 이상한 거라도 기르는 거 아닐까?{0008}
00725	sw_004_ko.tsv	王女様は ここから出なかったのに\n南から 帰ってきたりするんだよ\nどうやって 表に出たんだろう・・・。{0008}	왕녀님은 여기서 나가지 않으셨는데\n남쪽에서 돌아오시곤 해\n대체 어떻게 밖으로 나가신 걸까…{0008}
00726	sw_004_ko.tsv	王女様って 一見あどけないけど\n実は けっこう 情熱的だったりして!\nあのまなざしは グッときちゃうよな。{0008}	왕녀님은 언뜻 천진해 보이지만\n실은 꽤 열정적이시다고!\n그 눈빛엔 정말 설렌다니까.{0008}
00727	sw_004_ko.tsv	オデガンの宝には 色々あるらしくて\nパワーグラブと 呼ばれる宝ときたら\nどんな物も 持ち上げる力が出るらしい。{0008}	오데간의 보물에는 여러 가지가 있다는데\n파워 글러브라고 불리는 보물은\n어떤 물건이든 들어 올리는 힘이 나온대.{0008}
00728	sw_004_ko.tsv	王女様が ニセ者だったんだって!\nくそっ 夕べ ここを通した時に\n宝箱のカギを 持っていったんだ。{0008}	왕녀님이 가짜였대!\n젠장,어젯밤 여길 통과시켜 줬을 때\n보물상자 열쇠를 가져가 버린 거야.{0008}
00729	sw_004_ko.tsv	お前は パゾートの手下を追って\n王家の墓に 向かったはずなのに?\nまさか エルフが化けてるんじゃ。{0008}	너는 파조트의 부하를 쫓아\n왕가의 묘로 향했을 텐데?\n설마 엘프가 변신한 거 아니야?{0008}
00730	sw_004_ko.tsv	おそいじゃないか {000A}!\n敵を追っていった カイパ様と大臣が\n王家の墓で お前を待ってるはずだ。{0008}	늦었잖아 {000A}!\n적을 쫓아간 카이파 님과 대신이\n왕가의 묘에서 너를 기다리고 있을 거야.{0008}
00731	sw_004_ko.tsv	おそいじゃないか {000A}!\nお前が迷ってるかと 待ってたんだ\nここを入って 王家の墓に抜けるんだ。{0008}	늦었잖아 {000A}!\n네가 길을 헤매나 해서 기다리고 있었어\n여길 들어가면 왕가의 묘로 빠지는 거야.{0008}
00732	sw_004_ko.tsv	砂の迷宮は 南の砂漠の奥にあって\n色々なワナが 仕掛けられてるんだ\n砂を進める宝が かくされてるらしい。{0008}	모래 미궁은 남쪽 사막 깊숙이 있는데\n여러 가지 함정이 설치되어 있어\n모래를 가르는 보물이 숨겨져 있다더군.{0008}
00733	sw_004_ko.tsv	{000A}は 王女様の魔法をときに\n西の地方に 行ったことがあるって?\nよくまあ 生きて帰ってこれたよなあ。{0008}	{000A}는 왕녀님의 마법을 풀러\n서쪽 지방에 간 적이 있다고?\n용케도 살아서 돌아왔구나.{0008}
00734	sw_004_ko.tsv	この国には 伝説の戦争のなごりで\nいろんな宝が 眠っているそうだから\nどこかで見つけたら 分けてくれよな。{0008}	이 나라에는 전설의 전쟁 흔적으로\n여러 보물이 잠들어 있다니까\n어디서 발견하면 나눠 줘.{0008}
00735	sw_004_ko.tsv	南の 砂漠から続く岩山の上にも\n道のようなものが 見えるんだけど\nあれは どこに通じているのかなあ。{0008}	남쪽 사막에서 이어지는 바위산 위에도\n길 같은 게 보이던데\n저건 어디로 통하는 걸까.{0008}
00736	sw_004_ko.tsv	お前 王女様と旅をしてたらしいが\n何か 変なことはしなかったろうな?\n何だよ その顔は・・・まさか・・・。{0008}	너 왕녀님이랑 여행했다며\n뭔가 이상한 짓은 안 했겠지?\n뭐야 그 표정은…설마…{0008}
00737	sw_004_ko.tsv	前に オレのジイさんがいってたけど\n戦って 戦闘がうまくなるのは技術で\n戦いで 色々見つけることが経験だって。{0008}	예전에 우리 할아버지가 말씀하시길\n싸워서 전투가 능숙해지는 건 기술이고\n싸움에서 이것저것 깨닫는 게 경험이라고 하셨어.{0008}
00738	sw_004_ko.tsv	ジンの迷宮に ひとりで行くなんて\nオレには 怖ろしくてできないよ\n{000A}は 勇気があるよなあ。{0008}	진의 미궁에 혼자 가다니\n나는 무서워서 못 해\n{000A}는 용기가 있구나.{0008}
00739	sw_004_ko.tsv	火の迷宮と 北のカンバンの迷宮は\n・・・何か かんけいがあるそうだ\nどうも かくされた宝のことらしい。{0008}	불의 미궁과 북쪽 칸반 미궁은\n…뭔가 관계가 있다더군\n아무래도 숨겨진 보물에 관한 일인 모양이야.{0008}
00740	sw_004_ko.tsv	ジンの迷宮は 水 火 風の順に\n先に行くほど つらくなるらしいが\nくわしい者は オデガンにはいない。{0008}	진의 미궁은 물,불,바람 순으로\n먼저 갈수록 힘들어진다는데\n자세히 아는 사람은 오데간에 없어.{0008}
00741	sw_004_ko.tsv	巨人の 沈んだ地底の沼ってのは\nこのオデガン城の 真下にあるって!\nそんなウワサを きかなかったかい?{0008}	거인이 가라앉은 지저의 늪이라는 게\n이 오데간 성 바로 아래에 있다던데!\n그런 소문 못 들었어?{0008}
00742	sw_004_ko.tsv	王女様から 声をかけられちまった!\nこんな時だから 親しくなれたんだし\n災いも たまにはいいかもしんないな。{0008}	왕녀님이 나한테 말을 걸어 주셨어!\n이런 때라서 친해질 수 있었던 거고\n재앙도 가끔은 나쁘지 않을지도 몰라.{0008}
00743	sw_004_ko.tsv	オレは 西の空からジンがやってきて\nほこらの中に 消えるのを見たんだ!\nそれは 巨大なヨロイの騎士だったぜ。{0008}	나는 서쪽 하늘에서 진이 날아와\n사당 안으로 사라지는 걸 봤어!\n그건 거대한 갑옷 기사였어.{0008}
00744	sw_004_ko.tsv	ああ イヤだ・・・イヤだ・・・\nオデガン国が 破減するとわかって\nまじめに 仕事する気になるかい?{0008}	아아 싫다…싫어…\n오데간국이 망할 거라는 걸 알고서\n성실하게 일할 마음이 생기겠냐고.{0008}
00745	sw_004_ko.tsv	ホビットの長老の 紹介だって\nエルフを 気持ちよく受け入れるか?\n元は・・・といえばダークエルフだぜ。{0008}	호빗 장로의 소개라고 해도\n엘프를 기분 좋게 받아들일 수 있겠어?\n원래는…따지고 보면 다크엘프잖아.{0008}
00746	sw_004_ko.tsv	ジンていうのは そりゃあ大きいんだ\n・・・ということは・・・だよ\n地下の巨人は どれだけ大きいんだ?{0008}	진이라는 게 그렇게 크다면\n…그렇다는 건…말이지\n지하의 거인은 대체 얼마나 큰 거야?{0008}
00747	sw_004_ko.tsv	王女様の 近くにいられる幸せは\nそう長くは 続きそうもないな・・・\nオレの幸せよ 永遠なれ!{0008}	왕녀님 곁에 있을 수 있는 행복은\n그리 오래 가지 않을 것 같지만…\n내 행복이여 영원하라!{0008}
00748	sw_004_ko.tsv	ふわああ おかしいなあ・・・\n今日は とっても眠いぞ!\n{000A} キミはどうだい?	하아암,이상하네…\n오늘은 엄청 졸리네!\n{000A} 너는 어때?
00749	sw_004_ko.tsv	{0002}そうかあ {000A}は偉いんだなあ\nお父さんは ドラゴン倒しの英雄だし\nボクとは 何から何まで大違いだ。{0008}	{0002}그렇구나,{000A}는 대단하구나\n아버지는 드래곤 슬레이어 영웅이고\n나랑은 완전히 다르네.{0008}
00750	sw_004_ko.tsv	{0002}へええ {000A}でもそうなのかあ\nやっぱり ボクだけじゃないんだ。{0008}	{0002}오,{000A}도 그런 거야?\n역시 나만 그런 게 아니었구나.{0008}
00751	sw_004_ko.tsv	なあ {000A}・・・\nボクは すごく疲れてるらしい\n起きてられそうも ないくらいにね{0005}	있잖아,{000A}…\n나 엄청 피곤한가 봐\n깨어 있지 못할 정도로 말이야{0005}
00752	sw_004_ko.tsv	そこで 相談なんだけど・・・{0006}\n少しだけ 居眠りしちゃだめかな?	그래서 말인데…{0006}\n잠깐만 졸아도 괜찮을까?
00753	sw_004_ko.tsv	{0002}そうか そうだよなあ・・・。{0008}	{0002}그렇구나,그렇지…{0008}
00754	sw_004_ko.tsv	勤務中に 居眠りなんて・・・\n悪いことだとは わかってるけど\n ど{0006} しても・{0006}・・ね む いんだ。{0008}	근무 중에 졸다니…\n나쁜 짓인 건 알지만\n도{0006}저히・{0006}…졸 려 서.{0008}
00755	sw_004_ko.tsv	悪いけど・・・ちょっとだけ\nちょっとの間 おやす{0006} み・・・。{0008}	미안하지만…아주 잠깐\n잠깐만 자{0006}야지…{0008}
00756	sw_004_ko.tsv	{0002}えっ ホントにいいんだね\n{000A}って いいやつだよなあ。{0008}	{0002}엣,진짜 괜찮은 거지\n{000A}는 정말 좋은 녀석이야.{0008}
00757	sw_004_ko.tsv	じゃあ 悪いけど 眠らしてもらうよ\nおや {0006}す・・み・・・スースー。{0008}	그럼 미안하지만 자게 해 줘\n잘 {0006}자…쿨쿨.{0008}
00758	sw_004_ko.tsv	!!{0008}	!!{0008}
00759	sw_004_ko.tsv	うーん・・・もう少し\nもう少し 寝かせておくれよ。{0008}	으음…조금만 더\n조금만 더 자게 해 줘.{0008}
00760	sw_004_ko.tsv	ここまでを セーブしておきますか?	여기까지를 저장해 두시겠습니까?
00761	sw_004_ko.tsv	あーあ よく眠った。{0008}	아아,잘 잤다.{0008}
00762	sw_004_ko.tsv	{000A} 気持ちのいい朝だね\n夕べは 何も起こらなくて良かった。{0008}	{000A},상쾌한 아침이네\n어젯밤 아무 일도 없어서 다행이야.{0008}
00763	sw_004_ko.tsv	おい アルフレッド!\n夕べは 何もなかっただろうな?{0008}	이봐,알프레드!\n어젯밤 아무 일도 없었겠지?{0008}
00764	sw_004_ko.tsv	は はい 何もありませんでした。{0008}	네,네,아무 일도 없었습니다.{0008}
00765	sw_004_ko.tsv	な 何だと? 本当か!\n何も 起こらなかったというのか?{0008}	뭐,뭐라고?정말이냐!\n아무 일도 일어나지 않았단 말이냐?{0008}
00766	sw_004_ko.tsv	は はい・・・本当ですとも!\n夕べは 何もありませんでした\n{000A} そうだよな?	네,네…정말입니다!\n어젯밤 아무 일도 없었습니다\n{000A},그렇지?
00767	sw_004_ko.tsv	{0002}そ そんなあ・・・\nさっき 何もなかったって・・・\nなあ ウソだよな 何もなかったろ?	{0002}그,그럴 수가…\n아까 아무 일도 없었다니…\n야,거짓말이지,아무 일도 없었지?
00768	sw_004_ko.tsv	{0002}へへへっ どうです?\nやっぱり 何もなかったでしょ!{0008}	{0002}헤헤헷,어때요?\n역시 아무 일도 없었죠!{0008}
00769	sw_004_ko.tsv	これは 王様たちがよろこぶぞ!\nいますぐ いっしょに来てくれ\nそして 今のことを王様に話すのだ。{0008}	이거 국왕님이 기뻐하시겠군!\n지금 당장 같이 가 주게\n그리고 방금 일을 국왕님께 말씀드리는 거야.{0008}
00770	sw_004_ko.tsv	えっ 王様がよろこぶって・・・\nいったい どういうことですか?{0008}	엣,국왕님이 기뻐하신다니…\n대체 무슨 말씀이세요?{0008}
00771	sw_004_ko.tsv	まあ ついてくればわかるさ!{0008}	뭐,따라오면 알게 될 거야!{0008}
00772	sw_004_ko.tsv	{000A}よ 君もだ\n王様の所に きてくれよな!{0008}	{000A},너도다\n국왕님 계신 곳으로 와 줘!{0008}
00773	sw_004_ko.tsv	{000A}・・・どうしよう・・・{0006}\nとにかくボクは 先に行ってるから\n君も ぜったいに来てくれよな!{0008}	{000A}…어쩌지…{0006}\n아무튼 나는 먼저 가 있을 테니까\n너도 꼭 와 줘야 해!{0008}
00774	sw_004_ko.tsv	何してるんだ {000A}?\nお前は 砂の迷宮に行くんだろ\n早く やつらを倒してきてくれよ。{0008}	뭐 하는 거야 {000A}?\n너는 모래 미궁에 가는 거잖아\n얼른 그놈들 쓰러뜨리고 와.{0008}
00775	sw_004_ko.tsv	たまに起こるユレは なれたけど\n夜にほこらから 聞こえてくる音は\n何だろうか・・・うなり声かな?{0008}	가끔 일어나는 흔들림은 익숙해졌지만\n밤에 사당에서 들려오는 소리는\n뭘까…울음소리인가?{0008}
00776	sw_004_ko.tsv	ウワッと! おどかすなよ・・・\nほこらと 地底の沼の関係を知ってから\nここを守るのが 怖ろしいんだからさあ。{0008}	으왓!놀라게 하지 마…\n사당과 지저 늪의 관계를 알고 나서\n여길 지키는 게 무섭단 말이야.{0008}
00777	sw_004_ko.tsv	おお カズン殿ではありませんか!{0008}	오,카즌 님 아니십니까!{0008}
00778	sw_004_ko.tsv	さっきから 見ていましたが\nずいぶん 力を落とされて・・・\nまさか 巨人が復活したのでは?{0008}	아까부터 보고 있었습니다만\n상당히 기운이 없으신데…\n설마 거인이 부활한 겁니까?{0008}
00779	sw_004_ko.tsv	いいや ジンは封じられました\nこれで 巨人も復活しますまい。{0008}	아니,진은 봉인되었네\n이걸로 거인도 부활하지 못할 걸세.{0008}
00780	sw_004_ko.tsv	な なんですって・・・本当ですか!\nそれでは・・・オデガンは・・・\nオデガンに 平和が戻ったのですね!{0008}	무,뭐라고요…정말입니까!\n그럼…오데간은…\n오데간에 평화가 돌아온 거군요!{0008}
00781	sw_004_ko.tsv	カズン殿 ありがとうございます\n早速 みんなに知らせてやらなきゃ!{0008}	카즌 님,감사합니다\n얼른 다들한테 알려 줘야겠어요!{0008}
00782	sw_004_ko.tsv	あ いや・・・ほかにも・・・{0007}\nくっ もう 行ってしまったか。{0008}	아,아니…그 밖에도…{0007}\n쯧,벌써 가 버렸나.{0008}
00783	sw_004_ko.tsv	ここは オデガン王家代々の墓だ\n中を あらされることのないように\n我々が しっかり守っているのさ。{0008}	여기는 오데간 왕가 대대로의 묘다\n안이 훼손되는 일이 없도록\n우리가 단단히 지키고 있는 것이다.{0008}
00784	sw_004_ko.tsv	なあ ここって気持ち悪いよな?\nまわりは 樹海におおわれてて\n夜なんか いられたもんじゃない。{0008}	있잖아,여기 좀 으스스하지?\n주변은 수해로 뒤덮여 있어서\n밤에는 도저히 있을 수가 없어.{0008}
00785	sw_004_ko.tsv	ムギュー・・・。{0008}	끄응…{0008}
00786	sw_004_ko.tsv	カーリーは・・・手強いぞ・・・。{0008}	칼리는…만만치 않군…{0008}
00787	sw_004_ko.tsv	カーリーを そこまで追いつめたら\nいきなり 魔物を呼び出しおったぞ\n兵士がやられた今 {000A}が頼りだ{0005}	칼리를 거기까지 몰아붙였더니\n갑자기 마물을 불러냈다\n병사들이 당한 지금 {000A}가 의지다{0005}
00788	sw_004_ko.tsv	・・・ \nそうだ・・・魔物と戦うために\nこれをやろう 役立ててくれ!{0008}	…\n그렇지…마물과 싸우기 위해\n이걸 주마,요긴하게 써 줘!{0008}
00789	sw_004_ko.tsv	{000A}は 薬草を手に入れた。{0008}	{000A}는 약초를 손에 넣었다.{0008}
00790	sw_004_ko.tsv	残念だが 私以外は倒された・・・\nもう {000A}だけが頼りなのだ\nあの魔物を倒し カーリーを頼む!{0005}	유감이지만 나 외에는 모두 쓰러졌다…\n이제 {000A}만이 의지야\n저 마물을 쓰러뜨리고 칼리를 부탁한다!{0005}
00791	sw_004_ko.tsv	・・・ \nそうだ・・・薬草は多い方がいいな\nここにある 私の薬草をやろう。{0008}	…\n그렇지…약초는 많은 편이 좋겠지\n여기 있는 내 약초를 주마.{0008}
00792	sw_004_ko.tsv	{000A}よ でかした!{0008}	{000A},잘했다!{0008}
00793	sw_004_ko.tsv	しかし カーリーはどこですかな\nまさか・・・ 逃げられたのでは!{0008}	그런데 칼리는 어디 있습니까\n설마…놓친 겁니까!{0008}
00794	sw_004_ko.tsv	ホホホ 私の可愛いペットを\nよくぞ倒したわね {000A}!{0008}	호호호,내 귀여운 애완동물을\n용케도 쓰러뜨렸구나 {000A}!{0008}
00795	sw_004_ko.tsv	ジンの宝玉は 確かにいただいた!\n我々は これからジンを解放しに行くわ\n返してほしければ その迷宮においで!{0008}	진의 보옥은 확실히 받았다!\n우리는 지금부터 진을 해방하러 갈 거야\n돌려받고 싶으면 그 미궁으로 와!{0008}
00796	sw_004_ko.tsv	私も その時には・・・\n今回の借りを 返してあげるわ\nその時を楽しみに ホホホ・・・。{0008}	나도 그때는…\n이번 빚을 갚아 줄게\n그때를 기대하렴,호호호…{0008}
00797	sw_004_ko.tsv	終わりだ・・・この国の終わりだ\n宝玉を持ち去られ 封印を解かれ\nジンが解放されたら・・・終わるのだ!{0008}	끝이다…이 나라의 끝이야\n보옥을 빼앗기고 봉인이 풀려\n진이 해방되면…끝장이다!{0008}
00798	sw_004_ko.tsv	いや・・・しかし・・・\nまだ 間に合うかも知れませんぞ。{0008}	아니…하지만…\n아직 늦지 않았을지도 모릅니다.{0008}
00799	sw_004_ko.tsv	{000A}よ 頼む\nカーリーを 追ってくれ!{0008}	{000A},부탁한다\n칼리를 쫓아 줘!{0008}
00800	sw_004_ko.tsv	我々は カーリーに逃げられたことを\n王様に 知らせに行くが・・・\n一刻も早く ヤツを追ってくれ!{0008}	우리는 칼리를 놓쳤다는 걸\n국왕님께 알리러 가겠지만…\n한시라도 빨리 그자를 쫓아 줘!{0008}
00801	sw_004_ko.tsv	ここには だれも来なかったな・・・\n女エルフとかが やって来るどころか\n現住のモンスター以外 静かなもんさ{0005}	여긴 아무도 안 왔군…\n여자 엘프 같은 게 오기는커녕\n원래 살던 몬스터 말고는 조용하더라고{0005}
00802	sw_004_ko.tsv	それより 城の方で何かあったのか?\n大きな怪物の うなり声が聞こえて\n戦っているような 気配がしてたぞ。{0008}	그것보다 성 쪽에 뭔 일 있었어?\n커다란 괴물의 울음소리가 들리고\n싸우는 듯한 기척이 났었는데.{0008}
00803	sw_004_ko.tsv	オレたちは ずっとここにいたけど\n何の変わりも なかったよ・・・{0005}	우리는 계속 여기 있었는데\n아무 변화도 없었어…{0005}
00804	sw_004_ko.tsv	パゾートの手下が 王女に化けてて\nジンのオーブを 盗んだのか・・・\nウーン これは大変なことになった。{0008}	파조트의 부하가 왕녀로 변해서\n진의 오브를 훔친 건가…\n음,이거 큰일 났군.{0008}
00805	sw_004_ko.tsv	どうだな 剣士{000A}よ\nグドーの谷を 守る精に会って\nささやきの貝を手に入れたか?{0008}	어떤가,검사 {000A}여\n구도 계곡을 지키는 정령을 만나\n속삭임의 조개를 손에 넣었는가?{0008}
00806	sw_004_ko.tsv	なんと! それは でかしたぞ!\nそれで トレントたちとも話せるぞ\nこのことは 王様にお伝えしよう。{0008}	뭐라!그거 잘했구나!\n그걸로 트렌트들과도 이야기할 수 있겠군\n이 일은 국왕님께 전해 드려야겠다.{0008}
00807	sw_004_ko.tsv	さて 次の冒険だが・・・そうだ!\n王様のため 千年樹に行ってもらおう\n大木からわく 薬をくんできてくれ。{0008}	자,다음 모험인데…그렇지!\n국왕님을 위해 천년수에 가 주게\n거목에서 솟는 약을 길어다 주게.{0008}
00808	sw_004_ko.tsv	お前が 北西の地方の千年樹から\n大木の薬を 持って帰ってくれたら\n具合の悪い王様に 飲んで頂こう。{0008}	네가 북서쪽 지방의 천년수에서\n거목의 약을 가져다준다면\n편찮으신 국왕님께 드시게 해야겠다.{0008}
00809	sw_004_ko.tsv	ほほほ どうしたの?\n私が 何かおかしいかしら?	호호호,왜 그러세요?\n제가 뭔가 이상한가요?
00810	sw_004_ko.tsv	そうでしょうとも 私はサテラよ\nオデガン国の 正当後継者ですわ。{0008}	그렇겠죠,저는 사테라예요\n오데간국의 정당한 후계자랍니다.{0008}
00811	sw_004_ko.tsv	{0002}私が ニセ者だとでもいうの?	{0002}제가 가짜라도 된다는 건가요?
00812	sw_004_ko.tsv	{0002}ほほほ そうでしょうとも!\nうたがうなんて どうかしてるわよ。{0008}	{0002}호호호,그렇겠죠!\n의심하다니 어떻게 된 거 아니에요.{0008}
00813	sw_004_ko.tsv	{0002}あら それじゃ 誰だというの\nパゾートの手下が 化けてるとでも?{0005}	{0002}어머,그럼 누구라는 거예요\n파조트의 부하가 변신한 거라도 된다는 건가요?{0005}
00814	sw_004_ko.tsv	{0002}まさか 夢でも見たんじゃないの\nそれとも 証明できるかしら・・・\nやれるものなら やってみるがいいわ。{0008}	{0002}설마 꿈이라도 꾼 거 아니에요\n아니면 증명할 수 있나요…\n할 수 있으면 한번 해 보시죠.{0008}
00815	sw_005.tsv	やや {000A}が持っているのは\n千年樹からわく 大木の薬だな!\n早速 こちらにもらっておこう。{0008}	오호,{000A}가 가지고 있는 건\n천년수에서 솟아나는 거목의 약이로구나!\n냉큼 이쪽에서 받아 두지.{0008}
00816	sw_005.tsv	{000A}は 大木の薬を渡して\n新しいシルバーボトルを もらった。{0008}	{000A}는 거목의 약을 건네고\n새로운 실버 보틀을 받았다.{0008}
00817	sw_005.tsv	お前が 成長してくれたおかげで\n貴重な薬まで 手に入るようになった{0005}	네가 성장해 준 덕분에\n귀중한 약까지 손에 넣을 수 있게 됐구나{0005}
00818	sw_005.tsv	そうだ 薬をとってきたことの\nほうびを やらねばならんな?{0008}	그렇지,약을 가져온 것에 대한\n포상을 줘야겠지?{0008}
00819	sw_005.tsv	ミラクルダイアリを手に入れた。{0008}	미라클 다이어리를 손에 넣었다.{0008}
00820	sw_005.tsv	お前の冒険に それはきっと役立つぞ\n・・・ところで {000A}は\n王様の病について どう思うかな?{0008}	네 모험에 그건 분명 도움이 될 게야\n…그런데 {000A}는\n왕의 병에 대해 어떻게 생각하느냐?{0008}
00821	sw_005.tsv	ふむぅ お前にもわからんか・・・\n大臣は城の者をうたがっていて\n犯人を捜すと 息まいているのだ。{0008}	흐음,너도 모르는 건가…\n대신은 성안 사람들을 의심하며\n범인을 찾겠다고 씩씩거리고 있다.{0008}
00822	sw_005.tsv	王様が倒れては 次の使命も渡せない\n・・・王様の病の原因が 毒とかなら\nお前も 犯人を捜してくれないか?{0008}	왕께서 쓰러지시면 다음 사명도 전할 수 없다\n…왕의 병의 원인이 독이라도 된다면\n너도 범인을 찾아 주지 않겠느냐?{0008}
00823	sw_005.tsv	王様の病は・・・私が思うに・・・\nあのパゾートが 銘んでいるのでは\nと・・・うたがっているのだ{0005}	왕의 병은…내 생각에는…\n그 파조트가 벌인 짓이 아닐까\n하고…의심하고 있다{0005}
00824	sw_005.tsv	お前の力で その辺りのところを\n調べてみては くれないか?{0008}	네 힘으로 그 부근을\n조사해 봐 주지 않겠느냐?{0008}
00825	sw_005.tsv	まったく・・・宝箱のカギは・・・\nどこに かくしているのかしら?{0005}	정말이지…보물상자 열쇠는…\n어디에 숨기고 계신 걸까?{0005}
00826	sw_005.tsv	王様の病が 直りそうもないから\nカギを 預かるといってるのに・・・\nさすがに 抜け目のない王様だこと。{0008}	왕의 병이 나을 것 같지 않아서\n열쇠를 맡아 두겠다고 하는데도…\n역시 빈틈없는 왕이시라니까.{0008}
00827	sw_005.tsv	ハハハッ {000A}よ\nいつから お前はペットを連れて\n登城するように なったのだ?{0005}	하하핫,{000A}야\n언제부터 너는 애완동물을 데리고\n성에 오게 된 것이냐?{0005}
00828	sw_005.tsv	・・・それにしても その白鳥は\nなんて 理知的な目をしてるんだ\nしかも 深い悲しみを感じる・・・。{0008}	…그나저나 그 백조는\n어쩜 이렇게 이지적인 눈을 하고 있을까\n게다가 깊은 슬픔이 느껴져…{0008}
00829	sw_005.tsv	{000A}は 剣士に出世しながら\n白鳥なんかを 供にしてるとは・・・\nまだ 子供の気持ちが抜けないのか!{0005}	{000A}는 검사로 출세했으면서\n백조 따위를 동행으로 데리고 다니다니…\n아직 애티를 못 벗은 게냐!{0005}
00830	sw_005.tsv	おや・・・どういうわけだろう?\nその白鳥は 私のことばに反応した{0006}\nまあよい 以後 気をつけるのだぞ。{0008}	어라…어찌 된 일이지?\n그 백조가 내 말에 반응했다{0006}\n뭐 됐다,앞으로는 조심하거라.{0008}
00831	sw_005.tsv	やや・・・お前に従う白鳥は・・・\nぼうや・・・なかなかやるわね\nまさか お前が探し出すとは意外だわ{0005}	어머…널 따르는 백조는…\n꼬마야…제법이구나\n설마 네가 찾아낼 줄은 뜻밖이야{0005}
00832	sw_005.tsv	わざわざ 私の前に連れてきたのは\nサテラを 見つけたといいたいわけ?\nでもそれを だれが信じるかしら!{0008}	일부러 내 앞에 데려온 건\n사테라를 찾았다고 말하고 싶은 거야?\n근데 그걸 누가 믿겠어!{0008}
00833	sw_005.tsv	おわっ サ サルが出おったか!\nお前は どこの山から来たのだ・・・\nとか聞いても 答えるワケないよな。{0008}	으왓,워,원숭이가 나타났나!\n넌 어느 산에서 왔느냐…\n라고 물어봐도 대답할 리 없겠지.{0008}
00834	sw_005.tsv	だ だれか・・・おらんか!\n巨大なボスザルが やってきた\n早く・・・何とかしてくれ とほほ。{0008}	누,누구 없느냐!\n거대한 보스 원숭이가 나타났다\n빨리…어떻게 좀 해 다오,으허허.{0008}
00835	sw_005.tsv	ほほほ いくら サルに変化しても\n{000A}殿であるのは かくせないわ{0005}	호호호,아무리 원숭이로 변해도\n{000A} 님이라는 건 감출 수 없어{0005}
00836	sw_005.tsv	そんなに サルが気に入っているなら\nホントのサルに して上げましょうか?{0008}	그렇게 원숭이가 마음에 든다면\n진짜 원숭이로 만들어 줄까?{0008}
00837	sw_005.tsv	よお {000A}久しぶり!\nたまには アルフレッドの所にも\n顔を出してやれよ しょげてるぜ。{0008}	여어,{000A} 오랜만이야!\n가끔은 알프레드한테도\n얼굴 좀 비춰 줘,풀 죽어 있더라고.{0008}
00838	sw_005.tsv	{000A}に 教えてやるけど\n夜に西の方向で すごい光を見たよ\n西の地方で 何かが起きたんだよ!{0008}	{000A}한테 알려 주는데\n밤에 서쪽 방향에서 엄청난 빛을 봤어\n서쪽 지방에서 뭔가 일어난 거야!{0008}
00839	sw_005.tsv	なんだい・・・どうかしたか?\n何だか 焦っている感じだけど\n何かあったなら 教えてくれよ!{0008}	왜 그래…무슨 일 있어?\n왠지 초조해 보이는데\n뭔가 있었으면 말해 줘!{0008}
00840	sw_005.tsv	ねえ {000A}様 見て下さい!\nサテラ王女が 2人になるなんて\n私の目が おかしいのでしょうか?{0008}	저기,{000A} 님,보세요!\n사테라 왕녀님이 두 명이 되다니\n제 눈이 이상해진 걸까요?{0008}
00841	sw_005.tsv	もう ビックリしちゃいました!\n王女様が 王様と話してらしたら\nとつぜん 王女様が入ってきたの!{0008}	정말 깜짝 놀랐어요!\n왕녀님이 왕과 이야기하고 계셨는데\n갑자기 또 왕녀님이 들어오신 거예요!{0008}
00842	sw_005.tsv	王女様は 王様の正面にいたのですが\n外から 王女様が入ってきたので・・・\n右・・・左? どっちだったかしら!{0008}	왕녀님은 왕의 정면에 계셨는데\n바깥에서 왕녀님이 들어오셔서…\n오른쪽…왼쪽?어느 쪽이었더라!{0008}
00843	sw_005.tsv	あわわっ 王女様が2人になるなんて\nこんなことって・・・あっ そうだ!\n王女様は 本当は双子だったんだわ。{0008}	어버버,왕녀님이 두 명이 되다니\n이런 일이…아,맞다!\n왕녀님은 사실 쌍둥이였던 거야.{0008}
00844	sw_005.tsv	オロオロ・・・オロオロ・・・\n{000A}殿に おたずねしますが\n王女様が 白鳥だったとは本当ですか?{0008}	허둥허둥…허둥허둥…\n{000A} 님께 여쭙는데\n왕녀님이 백조였다는 게 사실인가요?{0008}
00845	sw_005.tsv	あっちに 王女様がいらしたのに\nそっちから 王女様が入ってらして\nウーン・・・頭がコンランしてます。{0008}	저쪽에 왕녀님이 계셨는데\n그쪽에서도 왕녀님이 들어오셔서\n으음…머리가 혼란스러워요.{0008}
00846	sw_005.tsv	いやあ・・・長年生きておりますが\nこんなことは ありませんでしたなあ\nサテラ王女が 分身するなんて・・・。{0008}	허어…오래 살아왔지만\n이런 일은 없었는데 말이지\n사테라 왕녀님이 분신을 하다니…{0008}
00847	sw_005.tsv	そ そんなあ・・・でもなあ・・・\nお父親である 王様でもわからないほど\n似ている人が 生まれるものですかな?{0008}	그,그런…근데 말이지…\n친아버지이신 왕도 구분 못 할 만큼\n닮은 사람이 태어날 수 있는 건가?{0008}
00848	sw_005.tsv	王様は 今日は少し元気とのことで\n玉座の方に 出ていらしてるんだ\nウン・・・王女様も いらっしゃるよ。{0008}	왕께서는 오늘 조금 기운이 나셔서\n옥좌 쪽에 나와 계셔\n응…왕녀님도 와 계시고.{0008}
00849	sw_005.tsv	ちょっと 中の様子が変だなあ・・・\nまあ 争うような 物音はしないし\n呼ばれたら 行けば良いんだろうさ。{0008}	좀 안쪽 분위기가 이상한데…\n뭐,싸우는 듯한 소리는 안 나고\n불리면 가면 되겠지.{0008}
00850	sw_005.tsv	あの・・・{000A}様は感じません?\n王女様の ケモノの様な気配を・・・\n私は 何だか・・・怖ろしいのです。{0008}	저기…{000A} 님은 못 느끼세요?\n왕녀님의 짐승 같은 기척을…\n저는 왠지…무서워요.{0008}
00851	sw_005.tsv	こうして 毎日のけいびをしてると\nたまには 何かが起きないかと思うんだ\nでも それはいけないことなんだよな。{0008}	이렇게 매일 경비를 서다 보면\n가끔은 뭔가 일어나지 않을까 싶어\n근데 그건 바람직하지 않은 거겠지.{0008}
00852	sw_005.tsv	王女様が お2人になってしまうとは!\n・・・王様が 見分けがつかぬのでは\n私に わかるわけがないであろう・・・。{0008}	왕녀님이 두 분이 되어 버리다니!\n…왕께서도 구분을 못 하시는데\n나한테 구분이 될 리가 없지…{0008}
00853	sw_005.tsv	あっ {000A}様 どうしましょう?\nニセ者が こんなに似てるなんて・・・\n私でさえ 鏡にうつしているみたいです。{0008}	앗,{000A} 님,어쩌죠?\n가짜가 이렇게까지 닮다니…\n저조차 거울에 비친 것 같아요.{0008}
00854	sw_005.tsv	{000A}様には わかりますわね!\n白鳥から 元の姿にもどす旅をしてきて\nサテラを 理解してくれたと信じてます。{0008}	{000A} 님이시라면 아시겠죠!\n백조에서 원래 모습으로 되돌리는 여행을 해 오시며\n사테라를 이해해 주셨을 거라 믿어요.{0008}
00855	sw_005.tsv	や やあ {000A}元気かい?\nボクは相変わらず けいびなんだ{0005}	야,야,{000A} 잘 지내?\n난 여전히 경비 서는 중이야{0005}
00856	sw_005.tsv	はは 夜に備えなきゃいけないから\n悪いけど 眠らしてもらうよ グー。{0008}	하하,밤에 대비해야 하니까\n미안하지만 좀 잘게,쿨쿨.{0008}
00857	sw_005.tsv	グーグー・・・スースー・・・。{0008}	쿨쿨…새근새근…{0008}
00858	sw_005.tsv	見ての通りだ {000A}よ\n片方の王女様は 白鳥の姿だった所を\nお前に救われたと・・・そうなのか?	보는 바와 같다,{000A}야\n한쪽 왕녀님은 백조 모습이었던 걸\n네가 구했다고…그런 것이냐?
00859	sw_005.tsv	それじゃあ・・・後から来た方が\nやはり ニセ者であったのか!\nでも 気立ては良さそうだったぞ。{0008}	그럼…나중에 온 쪽이\n역시 가짜였던 건가!\n근데 성격은 좋아 보였는데.{0008}
00860	sw_005.tsv	ウーム・・・やはり そうだったのか!\nしかし これは困ったぞ・・・\nどちらだったか わからなくなった。{0008}	으음…역시 그랬던 건가!\n근데 이거 곤란하군…\n어느 쪽이었는지 모르게 됐다.{0008}
00861	sw_005.tsv	いったい どうなってるんだ!{0008}	대체 어떻게 된 거냐!{0008}
00862	sw_005.tsv	王女様が 2人になるなど\n私にも 訳が分かりません!{0008}	왕녀님이 두 명이 되다니\n저도 영문을 모르겠어요!{0008}
00863	sw_005.tsv	王女様が 2人いるわけがありません\nきっと どちらかがニセ者ですぞ!{0008}	왕녀님이 두 명일 리가 없습니다\n분명 둘 중 하나는 가짜입니다!{0008}
00864	sw_005.tsv	お父さま よくごらんになって?\n私が 本物のサテラですわ!{0008}	아버님,잘 보세요?\n제가 진짜 사테라예요!{0008}
00865	sw_005.tsv	んまあ! なんてズウズウしい!{0008}	어머나!어쩜 저렇게 뻔뻔할까!{0008}
00866	sw_005.tsv	とんでもありませんわ お父さま!\nサテラは私 ダマされてはいけません。{0008}	말도 안 돼요,아버님!\n사테라는 저예요,속으시면 안 돼요.{0008}
00867	sw_005.tsv	まあ あなたが サテラ王女?\nじゃあ 私は誰だと言うの?{0008}	어머,네가 사테라 왕녀라고?\n그럼 난 누구라는 거야?{0008}
00868	sw_005.tsv	まあ 開き直る気ね!\nならば 言ってあげるわ\nあなたは パゾートの手下だわ{0005}	어머,뻔뻔하게 나오시겠다?\n그럼 말해 줄게\n넌 파조트의 부하야{0005}
00869	sw_005.tsv	名前は・・・たしか・・・\nそう カー・・・カーリーよ!{0008}	이름은…분명…\n맞아,카…칼리야!{0008}
00870	sw_005.tsv	もう よい!{0008}	이제 됐다!{0008}
00871	sw_005.tsv	少し 考えさせてくれ・・・。{0008}	잠시 생각 좀 하게 해 다오…{0008}
00872	sw_005.tsv	むむ・・・そうだ・・・その手が!{0008}	으음…그래…그 방법이!{0008}
00873	sw_005.tsv	イヤ・・・それはできない\nいくらティアラに 守られていても\n自分の娘に 剣は向けられぬ・・・。{0008}	아니…그건 할 수 없다\n아무리 티아라의 가호가 있다 해도\n내 딸에게 검을 겨눌 순 없어…{0008}
00874	sw_005.tsv	しかし 私はオデガンの王だ\n国の平和のためには やらねばならぬ!{0005}	허나 나는 오데간의 왕이다\n나라의 평화를 위해서는 해야만 한다!{0005}
00875	sw_005.tsv	カイパよ 剣を抜け!\nそして・・・どちらでもかまわぬから\n王女に その剣で切りつけるのだ!{0008}	카이파야,검을 뽑아라!\n그리고…어느 쪽이든 상관없으니\n왕녀를 그 검으로 베어라!{0008}
00876	sw_005.tsv	王様・・・私にはできません。{0008}	왕이시여…저로서는 할 수 없습니다.{0008}
00877	sw_005.tsv	なんと! なぜ できぬのだ!{0008}	뭐라고!왜 못 한다는 것이냐!{0008}
00878	sw_005.tsv	王様! カイパはせめられません{0005}	왕이시여!카이파를 탓하실 순 없습니다{0005}
00879	sw_005.tsv	本物の・・・お優しいサテラ王女に\nもしものことが あったらと思うと\nできることでは ありませんぞ。{0008}	진짜…다정하신 사테라 왕녀님께\n혹시라도 무슨 일이 생기면 어쩌나 생각하면\n할 수 있는 일이 아닙니다.{0008}
00880	sw_005.tsv	ぬぬぬ・・・おまえたち・・・\n私が 喜んでやらせると思うのか!\n・・・やれ オデガンの平和のために。{0008}	으으음…너희들…\n내가 기꺼이 시킨다고 생각하느냐!\n…하거라,오데간의 평화를 위해.{0008}
00881	sw_005.tsv	し しかし・・・王様!{0008}	하,하지만…왕이시여!{0008}
00882	sw_005.tsv	ま まだ わからんのか!{0008}	아,아직도 모르겠느냐!{0008}
00883	sw_005.tsv	おや? {000A}ではないか!\nそうか やはりもどっていたのか?{0005}	오?{000A} 아니냐!\n그렇군,역시 돌아왔던 것이냐?{0005}
00884	sw_005.tsv	すると・・・片方のサテラの話は\nウソでは なかったようだなあ。{0008}	그렇다면…한쪽 사테라의 이야기는\n거짓말이 아니었던 모양이군.{0008}
00885	sw_005.tsv	だから 言ったではありませんか!{0008}	그러니까 제가 말씀드렸잖아요!{0008}
00886	sw_005.tsv	{000A}様が いなかったら\n白鳥に変えられた ままでしたわ。{0008}	{000A} 님이 안 계셨으면\n백조로 바뀐 채였을 거예요.{0008}
00887	sw_005.tsv	こりゃあ まいったぞ!\n後から来た王女は どっちだったかな?\nわからなくなってしまった・・・。{0008}	이거 큰일이로군!\n나중에 온 왕녀가 어느 쪽이었더라?\n모르게 돼 버렸어…{0008}
00888	sw_005.tsv	はてさて・・・どちらでしたかなあ。{0008}	글쎄올시다…어느 쪽이었더라.{0008}
00889	sw_005.tsv	それなら 私です!\nお忘れに ならないで下さい。{0008}	그거라면 저예요!\n잊지 말아 주세요.{0008}
00890	sw_005.tsv	まあ なんてずうずうしい!\n{000A}様と 帰ってきたのは私ですわ。{0008}	어머,어쩜 저렇게 뻔뻔할까!\n{000A} 님과 함께 돌아온 건 저예요.{0008}
00891	sw_005.tsv	もう よい! \n頭が 変になりそうだ・・・。{0008}	이제 됐다!\n머리가 이상해질 것 같다…{0008}
00892	sw_005.tsv	もう 我々には訳がわからん・・・\n今や 切りつける以外に方法もない{0005}	이젠 우리로서는 영문을 모르겠다…\n이제는 베는 것 말고는 방법이 없다{0005}
00893	sw_005.tsv	そうだ! {000A}だ\n{000A}に 選んでもらおう!{0008}	그렇지!{000A}다\n{000A}한테 고르게 하자!{0008}
00894	sw_005.tsv	王様 それはあまりに・・・。{0008}	왕이시여,그건 너무도…{0008}
00895	sw_005.tsv	まあ 聞け・・・大臣よ\nもし 後から来た王女の話が本当なら\n我々には ニセの王女が見抜けなかった{0005}	자,들어라…대신이여\n만약 나중에 온 왕녀의 이야기가 사실이라면\n우리는 가짜 왕녀를 꿰뚫어 보지 못한 것이다{0005}
00896	sw_005.tsv	しかし {000A}は白鳥の王女を助け\nこうやって 連れて帰って来てくれた\n{000A}なら きっと見抜いてくれよう!{0008}	하지만 {000A}는 백조 왕녀를 구해\n이렇게 데리고 돌아와 주었다\n{000A}라면 분명 꿰뚫어 볼 수 있을 것이다!{0008}
00897	sw_005.tsv	さあ {000A}よ\n本物は 右の王女か?	자,{000A}야\n진짜는 오른쪽 왕녀냐?
00898	sw_005.tsv	なに? それでは 右の王女か?	뭐라고?그러면 오른쪽 왕녀냐?
00899	sw_005.tsv	なに? それでは 左の王女か?	뭐라고?그러면 왼쪽 왕녀냐?
00900	sw_005.tsv	そうか! 右の王女が本物か!{0008}	그렇군!오른쪽 왕녀가 진짜냐!{0008}
00901	sw_005.tsv	カイパよ 切れ!\n左が ニセモノだ!{0008}	카이파야,베어라!\n왼쪽이 가짜다!{0008}
00902	sw_005.tsv	そうか! 左の王女が本物か!{0008}	그렇군!왼쪽 왕녀가 진짜냐!{0008}
00903	sw_005.tsv	カイパよ 切れ!\n右が ニセモノだ!{0008}	카이파야,베어라!\n오른쪽이 가짜다!{0008}
00904	sw_005.tsv	カイパよ やめい!\nそれこそ まことのサテラ王女だ!{0008}	카이파야,멈춰라!\n그쪽이야말로 진짜 사테라 왕녀다!{0008}
00905	sw_005.tsv	そうか・・・きさまがニセ者か?\nよくも 王女にバケおったな!{0008}	그렇군…네놈이 가짜였느냐?\n용케도 왕녀로 둔갑했구나!{0008}
00906	sw_005.tsv	ホホホ ばれてしまったわね\nそう 私が魔女 カーリーよ。{0008}	호호호,들켜 버렸네\n그래,내가 마녀 칼리야.{0008}
00907	sw_005.tsv	だまし通せるかと 思っていたけど\nついに 見抜かれてしまったわね?\nでも 残念ながら 遅かった{0005}	속여 넘길 수 있을 줄 알았는데\n결국 들통나고 말았네?\n하지만 아쉽게도 이미 늦었어{0005}
00908	sw_005.tsv	宝箱のカギは 夕べ頂いておいたわ\nそのカギで 催眠術にかかった兵士が\n今頃は ジンのオーブを盗んでいる!{0005}	보물상자 열쇠는 어젯밤에 받아 뒀어\n그 열쇠로 최면에 걸린 병사가\n지금쯤 진의 오브를 훔치고 있을걸!{0005}
00909	sw_005.tsv	これで パゾート様のユメがかない\n迷宮のジンたちを 開放できるのよ。{0008}	이걸로 파조트 님의 꿈이 이루어져\n미궁의 진들을 해방할 수 있는 거야.{0008}
00910	sw_005.tsv	そ そんなバカなことが!\nここに しっかりと・・・。{0008}	그,그런 말도 안 되는!\n여기 분명히…{0008}
00911	sw_005.tsv	な ないぞ 宝箱のカギが!{0008}	어,없다,보물상자 열쇠가!{0008}
00912	sw_005.tsv	ジンを開放・・・する?\nやはり 伝説の巨人スルトを・・・\n復活させようと しているのだな!{0008}	진을 해방…한다고?\n역시 전설의 거인 수르트를…\n부활시키려는 속셈이었구나!{0008}
00913	sw_005.tsv	スルトの巨人の伝説は・・・\n作り話では なかったのか・・・。{0008}	수르트 거인의 전설은…\n지어낸 이야기가 아니었던 건가…{0008}
00914	sw_005.tsv	スルトは 災いの巨人・・・\nそんなものを よみがえらせたら\nこのオデガンの国は・・・終わりだ。{0008}	수르트는 재앙의 거인…\n그런 걸 되살리면\n이 오데간 나라는…끝장이다.{0008}
00915	sw_005.tsv	そうよ! もう 終わるのよ!\nこの国も タイクツで平和な世界もね。{0008}	맞아!이제 끝나는 거야!\n이 나라도,따분하고 평화로운 세상도.{0008}
00916	sw_005.tsv	ならんぞ・・・させてはならん\n捕まえろ 宝玉を取り戻すのだ!{0008}	안 된다…그렇게 둘 순 없다\n붙잡아라,보주를 되찾아야 한다!{0008}
00917	sw_005.tsv	ホホホ 私から取り戻すつもり?\nできるものだったら やってごらん!{0008}	호호호,나한테서 되찾겠다고?\n할 수 있으면 해 보시지!{0008}
00918	sw_005.tsv	大臣よ カーリーが逃げぬように\nすべての通路を 兵士でふさぎ\n追いつめるのだ さあ 行け!{0008}	대신이여,칼리가 도망치지 못하게\n모든 통로를 병사로 막아\n몰아붙여라,자,가라!{0008}
00919	sw_005.tsv	{000A}よ お前も行け!\nなんとしても カーリーから\nジンの宝玉を 取り戻すのだ!{0008}	{000A}야,너도 가거라!\n어떻게든 칼리한테서\n진의 보주를 되찾아야 한다!{0008}
00920	sw_005.tsv	パゾートたちの たくらみには\n怖ろしい 目的があったのですね\nそれに 私を利用するなんて・・・{0005}	파조트 일당의 음모에는\n무서운 목적이 있었군요\n게다가 절 이용하다니…{0005}
00921	sw_005.tsv	{000A}様 どうかお願いです\nやつらの野望を くい止めて下さい。{0008}	{000A} 님,부디 부탁드려요\n그들의 야망을 막아 주세요.{0008}
00922	sw_005.tsv	あ あのカーリーとかいう人が\n目の前を通った時は ビックリ!\nその階段を・・・降りていきました。{0008}	그,그 칼리라던 사람이\n눈앞을 지나갔을 때는 깜짝 놀랐어요!\n저 계단으로…내려갔어요.{0008}
00923	sw_005.tsv	{000A}様が 助けた人って\nは・・・ニセ者だったんですね\n姿が変わった時には 怖ろしかったわ。{0008}	{000A} 님이 구하신 분\n은…가짜였던 거군요\n모습이 바뀌었을 때는 무서웠어요.{0008}
00924	sw_005.tsv	カイパ様が 王女様を斬ったときは\n目を向けて いられませんでした\nでも お考えがあったのですね。{0008}	카이파 님이 왕녀님을 베셨을 때는\n차마 눈을 뜨고 볼 수 없었어요\n하지만 생각이 있으셨던 거군요.{0008}
00925	sw_005.tsv	王女が 危険にさらされてまでも\n国のためを 思ってらっしゃるなんて\n王様を・・・見直しましたわ・・・。{0008}	왕녀님을 위험에 빠뜨리면서까지\n나라를 생각하시다니\n왕을…다시 보게 됐어요…{0008}
00926	sw_005.tsv	私は 王様を信じておりました・・・\nにしても カイパ様に剣を抜かせて\n王女様を 斬りつけさせますとは!{0008}	저는 왕을 믿고 있었어요…\n그나저나 카이파 님께 검을 뽑게 해서\n왕녀님을 베게 하시다니!{0008}
00927	sw_005.tsv	大臣が すぐに命令したことで\n城内の通路は せきとめられました\n安心して カーリーを追って下さい。{0008}	대신께서 즉시 명령하신 덕에\n성안 통로는 다 막혔습니다\n안심하고 칼리를 쫓아 주세요.{0008}
00928	sw_005.tsv	パゾートは オデガンをあきらめたと\n私は そう信じておったのです・・・\nダークエルフは しゅうねん深い!{0008}	파조트는 오데간을 포기했다고\n나는 그렇게 믿고 있었건만…\n다크엘프는 집념이 깊구나!{0008}
00929	sw_005.tsv	{000A}殿は こんなことをやって\nヒマをつぶしてる 場合ではありません\n敵は 一階の方に回ったようですぞ!{0008}	{000A} 님은 이런 일을 하며\n시간을 때우고 있을 때가 아닙니다\n적은 1층 쪽으로 돌아간 모양입니다!{0008}
00930	sw_005.tsv	敵は だれでもソックリに化けるから\nだれも 通すなと命令を受けてるんだ\nたとえ{000A}でも 通せないぞ!{0008}	적은 누구로든 똑같이 둔갑하니까\n아무도 통과시키지 말라는 명령을 받았다\n설령 {000A}라도 못 지나간다!{0008}
00931	sw_005.tsv	敵は カーリーという女エルフだって?\nどうも 王家の墓の方に行ったらしい\nお前も早く そっちに向かうんだ!{0008}	적은 칼리라는 여자 엘프라고?\n아무래도 왕가의 무덤 쪽으로 간 모양이다\n너도 얼른 그쪽으로 향해라!{0008}
00932	sw_005.tsv	なんだか知らないが 大臣の命令で\nアリの子1匹たりとも 通すなとさ\nだから悪いが ここは通せないんだよ。{0008}	뭔지는 모르겠지만 대신의 명령으로\n개미 새끼 한 마리도 통과시키지 말랬어\n그러니 미안하지만 여긴 못 지나가.{0008}
00933	sw_005.tsv	いきなり お呼びがかかったら\n何があろうと 守り抜けだなんて\n理由ぐらい 教えてほしいよなあ。{0008}	갑자기 호출이 와서는\n무슨 일이 있어도 지켜 내라니\n이유 정도는 알려 줬으면 좋겠는데.{0008}
00934	sw_005.tsv	あれ? たしか{000A}は\n王家の墓の方に 向かうんじゃ?\n早くしないと 大臣にしかられるぜ。{0008}	어라?분명 {000A}는\n왕가의 무덤 쪽으로 가는 거 아냐?\n서두르지 않으면 대신한테 혼난다고.{0008}
00935	sw_005.tsv	王家の墓方面に 向かうのだったら\nその階段を 下りるのが近道だぜ\n中庭から キッチンを抜ければいい。{0008}	왕가의 무덤 쪽으로 가는 거라면\n그 계단을 내려가는 게 지름길이야\n안뜰에서 주방을 지나가면 돼.{0008}
00936	sw_005.tsv	おお {000A}よ どうだった!\nカーリーは 見つかったのか?{0008}	오,{000A}야,어땠느냐!\n칼리는 찾았느냐?{0008}
00937	sw_005.tsv	その分では・・・ダメだったようだな。{0008}	그 모양새로 보면…안 됐던 모양이구나.{0008}
00938	sw_005.tsv	やつらは あの宝玉を使って\nジンを開放しに 行くことでしょうな?{0008}	놈들은 그 보주를 써서\n진을 해방하러 갈 생각이겠지요?{0008}
00939	sw_005.tsv	ごくろうだが これからすぐに\n南にある 砂の迷宮に行ってくれ!{0008}	수고스럽지만 지금 당장\n남쪽에 있는 모래의 미궁으로 가 다오!{0008}
00940	sw_005.tsv	なんとしても やつらの野望を\n砂の迷宮で くい止めるのだ!{0005}	무슨 수를 써서라도 놈들의 야망을\n모래의 미궁에서 막아야 한다!{0005}
00941	sw_005.tsv	あそこでダメだと やっかいなのだ\n・・・西の地方という見知らぬ地で\nジンの迷宮を 探さねばならなくなる。{0008}	거기서 실패하면 성가셔지는구나\n…서쪽 지방이라는 낯선 땅에서\n진의 미궁을 찾아야만 하게 된다.{0008}
00942	sw_005.tsv	そんなことに なったならば・・・\nますます・・・イヤ いかんいかん\n{000A}を 信じて待っていよう。{0008}	그런 일이 벌어지면…\n더욱더…아니,안 돼,안 돼\n{000A}를 믿고 기다리자.{0008}
00943	sw_005.tsv	{000A}よ 剣を見せてみよ。{0008}	{000A}야,검을 보여 보거라.{0008}
00944	sw_005.tsv	お前の これからのことを思うと\nショートソードでは 心細いだろう?{0005}	네 앞날을 생각하면\n쇼트 소드로는 불안하겠지?{0005}
00945	sw_005.tsv	これからの冒険に 見合う剣をと\nおやさしい王様からの 贈り物だ\nありがたく 受け取るがよいぞ{0005}	앞으로의 모험에 걸맞은 검을\n자애로우신 왕께서 내리시는 선물이다\n감사히 받도록 하여라{0005}
00946	sw_005.tsv	そうだ! 新しい剣を受け取ると\n古い剣は ジャマになるだろう?\n宝箱の中に 置いていくがいい。{0008}	그렇지!새 검을 받으면\n낡은 검은 거추장스럽겠지?\n보물상자 안에 두고 가거라.{0008}
00947	sw_005.tsv	お前が 砂の迷宮に行くにあたって\n宝物庫の宝を 与えることにした!{0005}	네가 모래의 미궁에 가는 데 있어\n보물고의 보물을 내려 주기로 했다!{0005}
00948	sw_005.tsv	宝箱のカギは 開けておいたから\nえんりょなく 持って行くがいいぞ。{0008}	보물상자 열쇠는 열어 두었으니\n사양 말고 가져가도록 하여라.{0008}
00949	sw_005.tsv	お前の力だけが 我々の頼りなのだ\nたのむぞ{000A} なんとしてでも\nヤツらの企みを くい止めてくれ!{0008}	네 힘만이 우리의 의지할 곳이다\n부탁한다,{000A},무슨 일이 있어도\n놈들의 음모를 막아 다오!{0008}
00950	sw_005.tsv	宝玉を盗まれるとは うかつだった!\nもしも 巨人が復活してしまったら\nあの宝玉だけが 最後の望みなのだ{0005}	보주를 도둑맞다니 방심했구나!\n만약 거인이 부활해 버리면\n그 보주만이 마지막 희망이다{0005}
00951	sw_005.tsv	魔族の強大な力に 打ち勝つといわれる\nシャイニングソードの 迷宮のとびらは\n宝玉だけが 開けられるというのに。{0008}	마족의 강대한 힘에 맞설 수 있다는\n샤이닝 소드가 있는 미궁의 문은\n보주로만 열 수 있다는데.{0008}
00952	sw_005.tsv	西の地方の ジンの迷宮の方には\nすでに 他の者を送っておいたが\nパゾートたちには 歯が立つまい{0005}	서쪽 지방의 진의 미궁 쪽에는\n이미 다른 자를 보내 두었지만\n파조트 일당에게는 역부족일 게다{0005}
00953	sw_005.tsv	もしも 土のジンが解放されたなら\nお前も 西の地方に向かってくれ\n残った迷宮で くい止めるしかない。{0008}	만약 땅의 진이 해방된다면\n너도 서쪽 지방으로 향해 다오\n남은 미궁에서 막는 수밖에 없다.{0008}
00954	sw_005.tsv	あんなに 平和だったオデガンが\nこんなことで 終わってしまうのか?\nそりゃあ あんまりだあ トホホ。{0008}	그렇게 평화롭던 오데간이\n이런 일로 끝나 버리는 건가?\n그건 너무하잖아,으허허.{0008}
00955	sw_005.tsv	{000A}様 ご無事でしたのね!\n怖ろしい怪物と 戦われたと聞いて\n・・・心配しておりました ポッ。{0008}	{000A} 님,무사하셨군요!\n무서운 괴물과 싸우셨다고 들어서\n…걱정하고 있었어요,볼.{0008}
00956	sw_005.tsv	真っ昼間に 敵がおそってくるなんて\nまったく だいたん不敵なやつらだ\nしかも 宝玉を取られちまうとはなあ。{0008}	대낮에 적이 습격해 오다니\n정말이지 대담무쌍한 놈들이군\n게다가 보주까지 빼앗기다니 말이야.{0008}
00957	sw_005.tsv	あの時 {000A}が助けた王女様は\nカーリーという 敵の魔女だったのか!\nでも 剣士の身分のままだなんて・・・。{0008}	그때 {000A}가 구한 왕녀님은\n칼리라는 적의 마녀였던 건가!\n근데 검사 신분 그대로라니…{0008}
00958	sw_005.tsv	{000A}に 教えてやるけど\n夜に西の方向で すごい光を見たよ\n西の地方で 何かが起きたんだよ。{0008}	{000A}한테 알려 주는데\n밤에 서쪽 방향에서 엄청난 빛을 봤어\n서쪽 지방에서 뭔가 일어난 거야.{0008}
00959	sw_005.tsv	さっき 急いでいるお前を見かけたが\n王女様が ニセ者と変えられてたなんて\n・・・どおりで 焦ってたわけだよな。{0008}	아까 서두르는 널 봤는데\n왕녀님이 가짜랑 바뀌어 있었다니\n…어쩐지 초조해하더라니.{0008}
00960	sw_005.tsv	ああ・・・カーリーという魔女に\n宝玉を 持ち去られるなんて・・・\nオデガン城の殿方は 頼りないわあ。{0008}	아아…칼리라는 마녀한테\n보주를 빼앗기다니…\n오데간 성의 남자들은 미덥지 못하다니까.{0008}
00961	sw_005.tsv	私 歴史は よくわからないけれど\nあの宝玉によって よみがえる巨人は\nオデガンに 不幸をもたらすのでしょ?{0008}	저,역사는 잘 모르지만\n그 보주로 되살아나는 거인은\n오데간에 불행을 가져오는 거죠?{0008}
00962	sw_005.tsv	{000A}様 どうかお願いよ\n砂の迷宮で やつらの悪巧みを\nどうか くい止めて下さい。{0008}	{000A} 님,부디 부탁이에요\n모래의 미궁에서 그들의 악한 꿍꿍이를\n부디 막아 주세요.{0008}
00963	sw_005.tsv	先ほどの ごりっぱなふるまいも\nどことなく 気落ちされた所も\n王様・・・乙女心をくすぐるわ。{0008}	아까 그 훌륭하신 모습도\n어딘가 기운 없어 보이시던 모습도\n왕이시여…소녀의 마음을 간질이네요.{0008}
00964	sw_005.tsv	王女様が パゾートに連れ去られた日\nあなたが 王女様をお助け下さったと\n信じておりましたのに・・・。{0008}	왕녀님이 파조트한테 끌려가신 날\n당신이 왕녀님을 구해 주셨다고\n믿고 있었는데…{0008}
00965	sw_005.tsv	{000A}殿とも あろうお方が\nまんまと 王女にすり替わった魔女を\nパゾートから 助け出してくるとは!{0005}	{000A} 님이나 되시는 분이\n감쪽같이 왕녀로 바뀐 마녀를\n파조트한테서 구해 내 오시다니!{0005}
00966	sw_005.tsv	あれが 宝玉の盗まれる原因ですから\n何としても 宝玉を取り戻して下さい。{0008}	그게 보주를 도둑맞은 원인이니까\n어떻게든 보주를 되찾아 주세요.{0008}
00967	sw_005.tsv	あの宝玉で 巨人がよみがえれば\nオデガンは 大変なことですが・・・{0005}	그 보주로 거인이 되살아나면\n오데간은 큰일이지만…{0005}
00968	sw_005.tsv	そんな昔に 地下に沈んだ巨人が\nよみがえって くるものですかな?{0008}	그렇게 옛날에 땅속에 가라앉은 거인이\n정말 되살아나는 걸까요?{0008}
00969	sw_005.tsv	あの魔女は カーリーでしたか?\n宝玉を盗んだ にくい敵ですが\nなかなか みりょく的でしたな!{0008}	그 마녀가 칼리였나요?\n보주를 훔친 괘씸한 적이지만\n꽤 매력적이었습니다!{0008}
00970	sw_005.tsv	{000A}が もどってくる前に\nオデガン軍が 西の地方へ出発した\nジンの迷宮に 向かったんだよ。{0008}	{000A}가 돌아오기 전에\n오데간군이 서쪽 지방으로 출발했어\n진의 미궁으로 향한 거야.{0008}
00971	sw_005.tsv	さっき出発した オデガン軍は\nまず ホビットの村によって\n彼らの力を 借りるつもりなのさ。{0008}	아까 출발한 오데간군은\n우선 호빗 마을에 들러서\n그들의 힘을 빌릴 생각인 거야.{0008}
00972	sw_005.tsv	聞いて下さい 王女様ったら・・・\nさっきから {000A}様の話ばかりで\nもう 耳に タコができそうですわ!{0008}	들어 보세요,왕녀님이 글쎄…\n아까부터 {000A} 님 얘기만 하셔서\n귀에 딱지가 앉을 것 같아요!{0008}
00973	sw_005.tsv	このフロアーは そうでもないが\nジンの迷宮に 進軍したおかげで\nオデガン城も さみしくなったぜ。{0008}	이 층은 그렇지도 않지만\n진의 미궁으로 진군한 덕분에\n오데간 성도 쓸쓸해졌어.{0008}
00974	sw_005.tsv	{0015}この先 オデガン東の地方へ\n旅の用意のない者は 入るべからず。{0008}	{0015}이 앞은 오데간 동쪽 지방으로\n여행 준비가 없는 자는 들어가지 말 것.{0008}
00975	sw_005.tsv	{0015}水の迷宮へ 通り抜けられます\n双子岩の西の岬も こちら!{0008}	{0015}물의 미궁으로 빠져나갈 수 있습니다\n쌍둥이 바위 서쪽 곶도 이쪽!{0008}
00976	sw_005.tsv	{0015}ホビットの村に ようこそ\nこころより かんげいいたします。{0008}	{0015}호빗 마을에 오신 것을\n진심으로 환영합니다.{0008}
00977	sw_005.tsv	{0015}千年樹方面は 川向こうに!\n向こう岸に 渡りたい方は\nパネルに 飛び込むこと!{0008}	{0015}천년수 방면은 강 건너편으로!\n건너편 기슭으로 건너고 싶으신 분은\n패널에 뛰어드십시오!{0008}
00978	sw_005.tsv	{0015}ホビット村・水の迷宮は川向こうへ\n向こう岸に 渡りたい方は\nパネルに 飛び込むこと!{0008}	{0015}호빗 마을·물의 미궁은 강 건너편으로\n건너편 기슭으로 건너고 싶으신 분은\n패널에 뛰어드십시오!{0008}
00979	sw_005.tsv	{0015}この先 北に千年樹\n仙人に ごようの方は 頂上まで{0008}	{0015}이 앞 북쪽에 천년수\n선인께 볼일 있으신 분은 정상까지{0008}
00980	sw_005.tsv	{0015}この迷宮は 砂漠地帯へ\nオデガン東地方に 近道。{0008}	{0015}이 미궁은 사막 지대로\n오데간 동쪽 지방으로 가는 지름길.{0008}
00981	sw_005.tsv	{0015}火山地帯は ガケ向こうに!\n要ジャンプ力 キケン。{0008}	{0015}화산 지대는 절벽 너머로!\n점프력 필요,위험.{0008}
00982	sw_005.tsv	{0015}光の装備を欲する者は 対岸の岬の岩で\n黒いカベに体を当て その権利を示せ!\n正当と認めし時 光の迷宮が現れよう。{0008}	{0015}빛의 장비를 원하는 자는 건너편 곶의 바위에서\n검은 벽에 몸을 대어 그 자격을 증명하라!\n정당함이 인정될 때 빛의 미궁이 나타나리라.{0008}
00983	sw_005.tsv	へい いらっしゃい{0006}\nあいにく全部品切れでね・・・\nまた来てくださいよ。{0008}	예,어서 옵쇼{0006}\n공교롭게도 전부 품절이라서…\n또 와 주세요.{0008}
00984	sw_005.tsv	おや おきゃくさんかい?\n悪いけど まだ じゅんびちゅうなんだよ\nもうすこししたら またおいで!	어라,손님이신가?\n미안하지만 아직 준비 중이야\n조금 있다가 다시 와!
00985	sw_005.tsv	へいいらっしゃい!\nいい品物ばかりだよ!\nゆっくり見ていってくれよ!{0008}	예,어서 옵쇼!\n좋은 물건뿐이라고!\n천천히 보고 가라고!{0008}
00986	sw_005.tsv	{000E} だね そいつは\n金貨{0010}枚になるけど\nそれで いいかい?	{000E}로군,그거\n금화 {0010}닢인데\n그걸로 괜찮겠나?
00987	sw_005.tsv	{0002}はいよ 渡すぜ\nだいじに使ってくれよな!\n{0007}{0002}もう一ついるかい?	{0002}옜다,받아라\n소중히 써 줘!\n{0007}{0002}하나 더 필요해?
00988	sw_005.tsv	{0002}そいつはざんねんだなあ{0008}	{0002}거 참 아쉽구먼{0008}
00989	sw_005.tsv	ありがとう またよってくれよ!{0007}{0008}	고마워,또 들러 줘!{0007}{0008}
00990	sw_005.tsv	おや・・・お金が足りませんよ{0008}	어라…돈이 부족한데요{0008}
00991	sw_005.tsv	おや・・・{000E}はもう持てませんよ{0008}	어라…{000E}는 더 못 가져요{0008}
00992	sw_005.tsv	{000A}様 オデガンですのね?{0008}	{000A} 님,오데간이시죠?{0008}
00993	sw_005.tsv	私のニセ者が いるかと思うと・・・\n{000A}様・・・私 先にまいります\nニセ者の正体を あばかなければ!{0008}	제 가짜가 있다고 생각하니…\n{000A} 님…저 먼저 가겠어요\n가짜의 정체를 밝혀야만 해요!{0008}
00994	sw_005.tsv	{0015}この迷宮はキケン 入るべからず!\nジャンプ力を与える 迷宮の宝が目当ての\nトレジャーハンターへ オデガン王。{0008}	{0015}이 미궁은 위험,들어가지 말 것!\n점프력을 주는 미궁의 보물이 목적인\n트레저 헌터에게,오데간 왕.{0008}
00995	sw_005.tsv	{0015}この先 オデガン西の地方へ\n旅の用意のない者は 入るべからず。{0008}	{0015}이 앞은 오데간 서쪽 지방으로\n여행 준비가 없는 자는 들어가지 말 것.{0008}
00996	sw_005.tsv	{0015}この先 迷いの森へ\nキノコ取りに入る者は\n野生動物に 十分注意!{0008}	{0015}이 앞은 미혹의 숲으로\n버섯을 캐러 들어가는 자는\n야생 동물에 충분히 주의할 것!{0008}
00997	sw_005.tsv	{0015}ここから グドーの谷\nどうもうな 動物多し!{0008}	{0015}여기서부터 구도 계곡\n사나운 동물 많음!{0008}
00998	sw_005.tsv	{0015}ようこそ オデガン城下町へ\nどうぞ まっすぐお入り下さい。{0008}	{0015}오데간 성하마을에 오신 것을 환영합니다\n그대로 곧장 들어오십시오.{0008}
00999	sw_005.tsv	{0015}オデガン城・城下町は この先!\n橋を渡って 真っ直ぐお進み下さい。{0008}	{0015}오데간 성·성하마을은 이 앞!\n다리를 건너 곧장 나아가십시오.{0008}
01000	sw_005.tsv	{0015}ここから 西にオデガン城\n北にグドーの谷・迷いの森\n南に砂漠地帯・砂の迷宮。{0008}	{0015}여기서 서쪽으로 오데간 성\n북쪽으로 구도 계곡·미혹의 숲\n남쪽으로 사막 지대·모래의 미궁.{0008}
01001	sw_005.tsv	{0015}オデガン城は 西に進め!\n{000A}の祖父より{0008}	{0015}오데간 성은 서쪽으로 가라!\n{000A}의 할아버지로부터{0008}
01002	sw_005.tsv	ここは 神聖なるオデガン教会です\n迷える子羊よ よくぞまいられました\n冒険を 記録して進ぜましょうか?	이곳은 신성한 오데간 교회입니다\n길 잃은 어린 양이여,잘 오셨습니다\n모험을 기록해 드릴까요?
01003	sw_005.tsv	なんと? 記録を断りなされますか?\nまあ それもよろしいでしょう・・・\nまた 救いを求めに おいでなさい。{0008}	뭐라고요?기록을 거부하시겠습니까?\n뭐,그것도 좋겠지요…\n또 구원을 구하러 오십시오.{0008}
01004	sw_005.tsv	うむ 記録はできました\nいつでも 冒険を再開できますぞ\nさて 冒険を続けられますかな?	음,기록이 되었습니다\n언제든 모험을 재개하실 수 있습니다\n자,모험을 계속하시겠습니까?
01005	sw_005.tsv	ふむむ さらに冒険されますか?\nまあ それもよろしいでしょう・・・\nくれぐれも 無理をなされぬようにな。{0008}	흐음,더 모험하시겠습니까?\n뭐,그것도 좋겠지요…\n부디 무리하지 않으시기를.{0008}
01006	sw_005.tsv	ふむ 次回の冒険にそなえ\nしばし休息をとるのが よろしかろう。{0008}	흠,다음 모험에 대비해\n잠시 휴식을 취하시는 게 좋겠지요.{0008}
01007	sw_005.tsv	何をしてるか 知りたいですか?\n残念ながら 私もわからないんです\n人が 集まってたもので・・・。{0008}	뭘 하는지 알고 싶으세요?\n아쉽지만 저도 모르겠어요\n사람들이 모여 있길래…{0008}
01008	sw_005.tsv	ここは パルメキア大陸の北の大国\nオデガン国の首都 オデガンの町だ。{0008}	이곳은 팔메키아 대륙 북쪽의 대국\n오데간국의 수도,오데간 마을이다.{0008}
01009	sw_005.tsv	オデガン地方は 海と山に守られて\n他の国から 干渉を受けないので\nとても平和で 美しいところだわ。{0008}	오데간 지방은 바다와 산으로 둘러싸여\n다른 나라의 간섭을 받지 않아서\n아주 평화롭고 아름다운 곳이야.{0008}
01010	sw_005.tsv	わーっ お兄ちゃんのヨロイ新品だ\nこれから お城に勤めに行くんだね?\nいいなあ ボクも兵士になりたいな。{0008}	와,형 갑옷 새것이다\n이제 성에 일하러 가는 거지?\n좋겠다,나도 병사가 되고 싶어.{0008}
01011	sw_005.tsv	お兄ちゃん・・・見ない顔ね・・・\nキョロキョロしたら はずかしいわよ\n都会を見るのが 珍しいんでしょ?{0008}	오빠…못 보던 얼굴이네…\n두리번거리면 창피하다구\n도시를 보는 게 신기한 거지?{0008}
01012	sw_005.tsv	お前さんは? どこから来なすった?\nお城に 勤めに来られたんじゃろ!\nなあに わしは何だってお見通しじゃ。{0008}	자네는?어디서 왔는고?\n성에 일하러 온 게로구먼!\n뭘,난 뭐든 다 꿰뚫어 본다네.{0008}
01013	sw_005.tsv	あたしゃ ずっとここに住んでるけど\nあの人は 一度も見たことがないねえ\nあのバアさん・・・よそ者だよ。{0008}	나는 계속 여기 살고 있는데\n저 사람은 한 번도 본 적이 없네\n저 할망구…외지인이야.{0008}
01014	sw_005.tsv	私は 移住してきたばかりなので\n見るもの全てが 新しいのです・・・{0006}\nおや? あなたもそうでしたか?{0008}	저는 이주해 온 지 얼마 안 돼서\n보는 것 전부가 새로워요…{0006}\n어라?당신도 그러셨나요?{0008}
01015	sw_005.tsv	あの ふんすいの前にいるバアさんが\n集まれっていうから 来たんだけど\nいったい何が 始まるんだろうねえ?{0008}	저 분수 앞에 있는 할머니가\n모이라고 해서 왔는데\n대체 뭐가 시작되는 걸까요?{0008}
01016	sw_005.tsv	あんたも ヤジ馬なんだろ?{0006}\nそこからじゃ 見にくいだろうから\n見やすいところを 探すがいいさ。{0008}	당신도 구경꾼이구먼?{0006}\n거기서는 보기 힘들 테니\n잘 보이는 곳을 찾는 게 좋을걸.{0008}
01017	sw_005.tsv	聞いとくれよ・・・\nほんとに このまんまじゃ!{0008}	들어 보게나…\n정말로 이대로 가다간!{0008}
01018	sw_005.tsv	オデガンの 城も町も{0006}\nみんな 減びちまうんだ。{0008}	오데간의 성도 마을도{0006}\n전부 멸망해 버린다고.{0008}
01019	sw_005.tsv	あんた 疑ってるね!{0008}	당신,의심하고 있군!{0008}
01020	sw_005.tsv	あんたも 信じてないね!{0008}	당신도 안 믿고 있구먼!{0008}
01021	sw_005.tsv	あんたも!{0008}	당신도!{0008}
01022	sw_005.tsv	はああー なさけないねぇ・・・。{0008}	하아~,한심하구먼…{0008}
01023	sw_005.tsv	だけど 本当のことだよ。{0008}	근데 정말이라고.{0008}
01024	sw_005.tsv	この水晶に 写ったのさ{0006}\nだから どうしても・・・。{0008}	이 수정에 비쳤다니까{0006}\n그러니까 아무래도…{0008}
01025	sw_005.tsv	ちょっ ちょっと\nどこに 行こうってんだよ。{0008}	자,잠깐\n어디 가려는 거야.{0008}
01026	sw_005.tsv	面白い見せ物でも やるかと思ったら\n国が破減するだとか じゃなあ・・・\nまったく 時間を無駄にしちまった!{0008}	재밌는 구경거리라도 하나 했더니\n나라가 멸망한다느니 하는 소리나 하고…\n정말이지 시간 낭비했구먼!{0008}
01027	sw_005.tsv	その上に 水晶だからなあ\n期待して 損したぜ。{0008}	게다가 수정이라니\n기대한 내가 손해 봤군.{0008}
01028	sw_005.tsv	そんなこと・・・あたしゃ見たんだよ\nだからそれを みんなの力でさあ・・・。{0008}	그런…나는 본 거라고\n그러니까 그걸 모두의 힘으로…{0008}
01029	sw_005.tsv	水晶に 写ったからって\nなんだっていうのさ・・・?{0008}	수정에 비쳤다고 해서\n그게 어쨌다는 거야…?{0008}
01030	sw_005.tsv	よしてくれよ エンギでもない。{0008}	그만둬,재수 없게.{0008}
01031	sw_005.tsv	悪いな! 忙しいんだ。{0008}	미안하구먼!바빠서 말이야.{0008}
01032	sw_005.tsv	イカサマだって いうのかい!{0008}	사기라는 거야!{0008}
01033	sw_005.tsv	・・・情けないねえ・・・・・・。{0008}	…한심하구먼……{0008}
01034	sw_005.tsv	あんたたち! この国がどうなっても\nあたしゃ もう知らないからね!{0008}	너희들!이 나라가 어떻게 되든\n나는 이제 모른다!{0008}
01035	sw_005.tsv	あんたは お城の兵士だね\nさっきの話を 聞いてたんだろ{0007}\nどうせ あたしのことを・・・\nイカサマ占い師だと 思ってるんだろ?	당신은 성의 병사구먼\n아까 그 얘기 들었지{0007}\n어차피 나를…\n사기 점쟁이라고 생각하는 거지?
01036	sw_005.tsv	フン そんなことだろうと思ったよ\nあっちに行っておくれ シッシ。{0008}	흥,그럴 줄 알았어\n저리 가,훠이.{0008}
01037	sw_005.tsv	なんだよ まだ 何か用かい?\nどうせイカサマだと 思ってるんだろ!	뭐야,아직 무슨 볼일이야?\n어차피 사기라고 생각하는 거지!
01038	sw_005.tsv	ほう それじゃあ もっと\n詳しく 聞きたいって言うんだね?{0006}	호오,그럼 좀 더\n자세히 듣고 싶다는 거구먼?{0006}
01039	sw_005.tsv	フーン・・・{0006}けど・・・{0006}それにしちゃあ\nなんだか 随分 頼りないねえ。{0008}	흐응…{0006}근데…{0006}그런 것치고는\n왠지 꽤나 미덥지가 않네.{0008}
01040	sw_006.tsv	あたしが オデガン城に来たのは\nドラゴンとも 対等に戦える勇者に\n国の危険を 知らせるためだったのさ{0005}	내가 오데간 성에 온 건\n드래곤과도 대등하게 싸울 수 있는 용사에게\n나라의 위험을 알리기 위해서였어{0005}
01041	sw_006.tsv	けれど・・・{0006}あたしの心配が的中した{0006}\nオデガン国には もう勇者なんかいない{0006}\n勇者なんて いなくなっちまったのさ!{0008}	그런데…{0006}내 걱정이 들어맞았지{0006}\n오데간 나라에는 이제 용사 따위 없어{0006}\n용사 같은 건 사라져 버렸다고!{0008}
01042	sw_006.tsv	ジャイルズのような 活きのいいのは{0006}\nもう 現れないのかと思うと・・・{0006}\nホントに さびしい・・・ねえ。{0008}	자일스 같은 팔팔한 녀석은{0006}\n이제 다시는 안 나타나는 건가 싶으면…{0006}\n정말로 쓸쓸하네…그치.{0008}
01043	sw_006.tsv	あんた! 勇者になりたいかい!	당신!용사가 되고 싶어!
01044	sw_006.tsv	{0002}まあ そんなこといったって\nあんたの その若さじゃ・・・{0006}\nそりゃあ わかんないだろうさ。{0008}	{0002}뭐,그렇게 말해 봐도\n당신의 그 나이로는…{0006}\n그건 모를 거야.{0008}
01045	sw_006.tsv	{0002}あんたは オデガンの兵士の中じゃ\n見込みがありそうだから 言っとくけど{0005}	{0002}당신은 오데간 병사들 중에서는\n가망이 있어 보여서 말해 두겠는데{0005}
01046	sw_006.tsv	4つのジンが 甦ろうとしていて{0006}\nジンは さらなる災厄を導くのさ・・・{0006}	네 개의 진이 되살아나려 하고 있고{0006}\n진은 더 큰 재앙을 불러들이는 거지…{0006}
01047	sw_006.tsv	オデガン王女には 気を付けることだよ。{0008}	오데간 왕녀는 조심하는 게 좋아.{0008}
01048	sw_006.tsv	ちょいと おまちよ!{0008}	잠깐,기다리라고!{0008}
01049	sw_006.tsv	オデガン地方は 海と山に守られて\n他の国から 干渉を受けないのよ\nだから 平和で美しいところなの。{0008}	오데간 지방은 바다와 산에 둘러싸여\n다른 나라로부터 간섭을 받지 않아\n그래서 평화롭고 아름다운 곳이지.{0008}
01050	sw_006.tsv	あれ? おかしいなあ・・・{0006}\nたしか今 この辺に人がいたのに\n目を離したすきに 消えちゃった。{0008}	어라?이상하네…{0006}\n분명 방금 이 근처에 사람이 있었는데\n눈을 뗀 사이에 사라져 버렸어.{0008}
01051	sw_006.tsv	兄ちゃん・・・見ない顔ね・・・{0006}\nキョロキョロしたら はずかしいわよ\n都会を見るのが 珍しいんでしょ?{0008}	오빠…못 보던 얼굴이네…{0006}\n두리번거리면 창피하다구\n도시 구경하는 게 신기한 거지?{0008}
01052	sw_006.tsv	あの・・・演説ぶってたバアさんは\nこの町では 初めて見かける顔だ{0005}	저기…연설을 늘어놓던 할머니는\n이 마을에서는 처음 보는 얼굴이야{0005}
01053	sw_006.tsv	なんでも グドーの谷から来たそうだが\nあんな所に 人が住んでたかなあ?\n私は 聞いたことがないぞ・・・。{0008}	듣자 하니 구도 계곡에서 왔다는데\n그런 곳에 사람이 살고 있었나?\n나는 들어 본 적이 없는데…{0008}
01054	sw_006.tsv	町の南西の角に 魔法使いの館があって\nうす気味悪い人が 沢山出入りしてるわ\n何で あんな連中を ほっとくのかね?{0008}	마을 남서쪽 모퉁이에 마법사의 저택이 있는데\n왠지 꺼림칙한 사람들이 잔뜩 드나들어\n왜 저런 자들을 그냥 두는 걸까?{0008}
01055	sw_006.tsv	あのバアさん・・・たちが悪いぜ!\nこの国が 減びるとか言ってたけど\nこんな平和な国に 何も起こるもんか。{0008}	그 할머니…아주 고약하다고!\n이 나라가 망한다는 둥 말했지만\n이렇게 평화로운 나라에 아무 일도 일어날 리 없지.{0008}
01056	sw_006.tsv	よお あんた! {000A}だろ?{0006}\n今日から 城に勤める新米兵のな!\nカイパ様が 中でお待ちになってるぜ。{0008}	어이,당신!{000A}지?{0006}\n오늘부터 성에서 일하는 신참병이잖아!\n카이파 님이 안에서 기다리고 계셔.{0008}
01057	sw_006.tsv	私は この国の平和だというウワサで\n山脈を越えて やって来たんですが\nオデガンは ノンビリとしたいい国だ{0005}	저는 이 나라가 평화롭다는 소문을 듣고\n산맥을 넘어서 왔는데\n오데간은 느긋하고 좋은 나라네요{0005}
01058	sw_006.tsv	それを なんですか あのバアさん?\nこんないい国が 減びるとか言って!\nきっと 平和がねたましいんですよね。{0008}	그런데 그게 뭔가요,그 할머니는?\n이렇게 좋은 나라가 망한다는 둥 말하다니!\n분명 이 평화가 샘나는 거겠죠.{0008}
01059	sw_006.tsv	町には 入り口のない建物があるけど\n南西の角の館は かくし通路を見つけた{0006}\nでも その小屋の入口はわかんないよ?{0008}	마을에는 입구가 없는 건물이 있는데\n남서쪽 모퉁이 저택은 숨겨진 통로를 찾았어{0006}\n근데 그 오두막 입구는 모르겠더라고?{0008}
01060	sw_006.tsv	ここは オデガンの城ですが・・・{0006}\nオデガン城に どんな用事ですかな?{0005}	여기는 오데간의 성입니다만…{0006}\n오데간 성에 무슨 용무십니까?{0005}
01061	sw_006.tsv	なにい 今日から勤める新入だと・・・{0006}\n一般兵は 西の入り口の詰め所に回れ!{0008}	뭐라고,오늘부터 일하는 신입이라고…{0006}\n일반 병사는 서쪽 입구 초소로 가라!{0008}
01062	sw_006.tsv	山脈を越えた パルメキアの西の方では\n戦争騒ぎが 絶えないらしいけど・・・{0006}\nオデガンに攻め込む 軍隊はないよな{0005}	산맥 너머 팔메키아 서쪽에서는\n전쟁 소동이 끊이지 않는다던데…{0006}\n오데간을 공격해 올 군대는 없겠지{0005}
01063	sw_006.tsv	オレが オデガンの兵士になったのは\n命をかけた戦いに あこがれたからだ\nあーあ 兵士なんてたいくつだ・・・。{0008}	내가 오데간의 병사가 된 건\n목숨을 건 전투를 동경했기 때문이야\n아아,병사 따위 지루하다고…{0008}
01064	sw_006.tsv	あんた 魔法使いの館に入りたい?\nだったら 館の周りを調べてごらんよ。{0008}	당신,마법사의 저택에 들어가고 싶어?\n그럼 저택 주변을 조사해 보라고.{0008}
01065	sw_006.tsv	おや? お泊まりかい・・・{0006}\n悪いなあ 今日は予約がいっぱいだ\nまた今度 泊まってくれよな。{0008}	어라?묵으시려고…{0006}\n미안하네,오늘은 예약이 꽉 찼어\n다음에 또 묵어 줘.{0008}
01066	sw_006.tsv	今日は 北西のホビットの村から\n村長一行が お泊まりになるらしい{0005}	오늘은 북서쪽 호빗 마을에서\n촌장 일행이 묵으신다나 봐{0005}
01067	sw_006.tsv	あんた ホビットを見たことあるかい?\n何だったら 後で見に来るがいい。{0008}	당신,호빗을 본 적 있어?\n뭣하면 나중에 보러 와도 좋아.{0008}
01068	sw_006.tsv	あんた? まだ未成年だろ!\n昼間から 酒場なんかうろついてると\n不良になるよ 帰った 帰った!{0008}	당신?아직 미성년자잖아!\n대낮부터 술집 같은 데를 얼쩡거리면\n불량해진다고,가,가!{0008}
01069	sw_006.tsv	4つのジンは その昔・・・\nスルトの巨人を封じ込めたのじゃ{0005}\n我らの使う 魔法の力の多くは\nそのジンに 与えられておるのじゃ。{0008}	네 개의 진은 아주 먼 옛날…\n수르트의 거인을 봉인했다네{0005}\n우리가 쓰는 마법의 힘 대부분은\n그 진에게서 받은 것이지.{0008}
01070	sw_006.tsv	炎をつかさどる\n火のジンの 力を借りれば\nこんなことなど朝飯前だ ワッハッハ。{0008}	불꽃을 다스리는\n불의 진의 힘을 빌리면\n이런 건 식은 죽 먹기지,와핫핫.{0008}
01071	sw_006.tsv	若き戦士よ 教えてやろう!\nこの地は 汚れし土地じゃ{0005}\n古えの神々と 悪魔の最終決戦で\n伝説のいまわしき巨人が 倒れし土地ぞ。{0008}	젊은 전사여,가르쳐 주마!\n이 땅은 더럽혀진 땅이니라{0005}\n먼 옛날 신들과 악마의 최종 결전에서\n전설의 불길한 거인이 쓰러진 땅이니라.{0008}
01072	sw_006.tsv	私 見習いの魔法使いなんだけど\n魔法って 思ったより簡単よね\nだって すぐにマスターしたもの!{0005}	나,견습 마법사인데\n마법이란 거 생각보다 쉽더라고\n왜냐면 금방 마스터했거든!{0005}
01073	sw_006.tsv	この国は 魔法の精霊の力のために\n割と楽に 魔法が扱えるんだって!\nでも精霊って どこにいるのかしら?{0008}	이 나라는 마법 정령의 힘 덕분에\n제법 쉽게 마법을 다룰 수 있대!\n근데 정령은 대체 어디 있는 걸까?{0008}
01074	sw_006.tsv	魔法の精霊は 巨人の力をうばったが\nその強大な力に 操られかけて・・・\nそれぞれの迷宮に 封じられたそうだ{0005}	마법 정령은 거인의 힘을 빼앗았지만\n그 강대한 힘에 조종당할 뻔해서…\n각자의 미궁에 봉인되었다더군{0005}
01075	sw_006.tsv	精霊がひとたび 解放されたなら\n地底の沼の 巨人の洞窟へ向かい\nやつを よみがえらせるだろう・・・。{0008}	정령이 한번 해방되면\n지저의 늪,거인의 동굴로 향해\n그놈을 되살려 낼 거다…{0008}
01076	sw_006.tsv	ホビットの長老が やってきたけど\n城の正門で 足止めされてるのよ\nどうして 中に入れないのかねえ?{0008}	호빗의 장로가 왔는데\n성 정문에서 발이 묶였어\n왜 안으로 못 들어가게 하는 걸까?{0008}
01077	sw_006.tsv	ホビットの長老の 会見の申し入れは\n数日前に 断ったはずだったのに・・・\n正門の所で ねばっているらしいぞ。{0008}	호빗 장로의 면담 요청은\n며칠 전에 거절했을 텐데…\n정문에서 버티고 있다는군.{0008}
01078	sw_006.tsv	バアさんの次が ホビットの長老とは\n今日は ホントについてない日だ\nこれ以上 何も起こらないだろうな。{0008}	할머니 다음은 호빗 장로라니\n오늘은 정말 재수 없는 날이군\n이 이상 더는 아무 일도 안 일어나겠지.{0008}
01079	sw_006.tsv	今日はまた 色々ある日ですなあ\nいかがわしい バアさんの次は\nホビットたちの さわぎですか?{0008}	오늘은 또 이런저런 일이 많은 날이군요\n수상쩍은 할머니 다음에는\n호빗들의 소동입니까?{0008}
01080	sw_006.tsv	おれは 一生けんめい止めたんだけど\nホビットの長老も ガンコだから・・・{0005}	나는 필사적으로 말렸지만\n호빗 장로도 고집이 세서…{0005}
01081	sw_006.tsv	王様が 彼らに会ってくれないと\nホビットたちは 帰らないだろうさ。{0008}	왕께서 그들을 만나 주지 않으면\n호빗들은 돌아가지 않을 거야.{0008}
01082	sw_006.tsv	ホビットたちの 後ろにいるのは\nたしか エルフ族だと思うんだけど\nなぜ・・・エルフ族が一緒なのかな?{0008}	호빗들 뒤에 있는 건\n분명 엘프족인 것 같은데\n왜…엘프족이 함께 있는 걸까?{0008}
01083	sw_006.tsv	ありゃりゃ エルフがいないぞ!\nさっきは 確かにいたんだけど\nいつの間に いなくなったんだ?{0008}	어이쿠,엘프가 없잖아!\n방금 전까지는 분명 있었는데\n어느새 사라진 거지?{0008}
01084	sw_006.tsv	あんた ホビットの族長を知ってる?\n一番先頭の 左の人が族長なんだけど\n賢者と呼ばれ そんけいされてるのよ。{0008}	당신,호빗 족장 알아?\n맨 앞줄 왼쪽에 있는 사람이 족장인데\n현자라고 불리며 존경받고 있어.{0008}
01085	sw_006.tsv	この宿が いっぱいになるなんて\nホントに しばらくぶりのことで\nしかも ホビットたちだから大変だ{0005}	이 여관이 꽉 차다니\n정말 오랜만의 일이라\n게다가 호빗들이니까 큰일이네{0005}
01086	sw_006.tsv	なんたって 彼らは大酒飲みだから\n今日はだいぶ もうかりそうなのさ\n急いで えん会の用意をしなくちゃ!{0008}	뭐니 뭐니 해도 그들은 술고래라서\n오늘은 꽤 벌이가 쏠쏠할 것 같아\n서둘러 연회 준비를 해야겠어!{0008}
01087	sw_006.tsv	エルフのじょうほうを 聞かせるため\n彼らと供に ここまでやってきたのに\nオデガン王は ワシと会おうとしない{0005}	엘프의 정보를 들려주려고\n그들과 함께 여기까지 왔는데\n오데간 왕은 나와 만나려 하지 않는구나{0005}
01088	sw_006.tsv	ワシとオデガン王の仲だというのに\nいったい どうなっとるんじゃ?{0008}	나와 오데간 왕의 사이인데\n대체 어떻게 된 거냐?{0008}
01089	sw_006.tsv	ぼくたちと やってきたエルフたちは\nはるばる パルメキアの西の地方から\nダークエルフのことを 知らせに来た{0005}	우리와 함께 온 엘프들은\n머나먼 팔메키아 서쪽 지방에서\n다크엘프에 대해 알리러 왔어{0005}
01090	sw_006.tsv	こんな重大な話を 伝えに来たのに\nオデガン王が 出てこないなんて!{0008}	이렇게 중대한 이야기를 전하러 왔는데\n오데간 왕이 나오지 않다니!{0008}
01091	sw_006.tsv	オデガン王が 会ってくれないなんて\nいったい そんなことってあるかい?\nホビットが きらいになったのかなあ。{0008}	오데간 왕이 만나 주지 않다니\n대체 그런 일이 있을 수 있어?\n호빗이 싫어진 걸까.{0008}
01092	sw_006.tsv	ボクらの里は ずっと西にあるんだ\n仙人の住む 千年樹の大木の向こうの\n水辺を望む それは美しい都さ。{0008}	우리 마을은 훨씬 서쪽에 있어\n선인이 사는 천년수 거목 너머\n물가를 바라보는,그야말로 아름다운 도시야.{0008}
01093	sw_006.tsv	オデガンの城下町は 初めてだけど\nこんな簡単に 町に入れるんだね{0005}	오데간의 성하마을은 처음인데\n이렇게 쉽게 마을에 들어올 수 있구나{0005}
01094	sw_006.tsv	ホビットは とても用心深いのさ\nだから ぼくらが招待しない者だと\n村にだって たどり着けやしないよ。{0008}	호빗은 아주 조심성이 많거든\n그래서 우리가 초대하지 않은 사람은\n마을에조차 다다를 수 없어.{0008}
01095	sw_006.tsv	ウーム これは困ったぞ・・・\nオデガン王の 協力が得られなければ\nダークエルフの 思うつぼだ・・・。{0008}	으음,이거 곤란하군…\n오데간 왕의 협력을 얻지 못하면\n다크엘프가 바라는 대로 되고 말 거야…{0008}
01096	sw_006.tsv	魔導師パゾートが 何かをする前に\n先手を打たなければ 大変なのだけど{0006}\n・・・それとも・・・まさか・・・。{0008}	마도사 파조트가 무언가를 하기 전에\n선수를 쳐야 큰일이 안 날 텐데{0006}\n…아니면…설마…{0008}
01097	sw_006.tsv	ホビットの族長なら 泊まってるよ\n2階の突き当たり 一番奥の部屋さ{0005}	호빗 족장이라면 묵고 있어\n2층 복도 끝,제일 안쪽 방이야{0005}
01098	sw_006.tsv	でも どうして宿に泊まるんだろう?\nいつもは 城の客人なのに・・・。{0008}	근데 왜 여관에 묵는 걸까?\n평소엔 성의 손님인데…{0008}
01099	sw_006.tsv	やあ お帰りなさい!\nもう お部屋の準備は整ってますよ。{0008}	오,어서 와요!\n이미 방 준비는 다 되어 있어요.{0008}
01100	sw_006.tsv	オデガン王が 長老に会われないのは\nパゾートが 関係していると思うのね\nだとしたら これからどうしましょう?{0008}	오데간 왕이 장로를 만나지 않는 건\n파조트가 관련 있다고 생각해\n그렇다면 이제 어떡하지?{0008}
01101	sw_006.tsv	パゾートのねらいは わかっている!\nしかし それを実現するためには\nオデガンの宝玉が 必要なのもね{0005}	파조트의 목적은 알고 있어!\n하지만 그걸 실현하려면\n오데간의 보주가 필요하다는 것도 말이야{0005}
01102	sw_006.tsv	宝玉は このオデガン国の宝だから\nオデガン王が 渡すとは思わないけど\n念のため今夜 調べてこようと思う。{0008}	보주는 이 오데간 나라의 보물이니까\n오데간 왕이 넘겨줄 거라고는 생각 안 하지만\n혹시 몰라서 오늘 밤 조사해 보려고 해.{0008}
01103	sw_006.tsv	えっ それじゃ まさか!\n今夜 オデガン城に・・・。{0008}	어,그럼 설마!\n오늘 밤 오데간 성에…{0008}
01104	sw_006.tsv	しっ・・・。{0008}	쉿…{0008}
01105	sw_006.tsv	ねえ! どうしたの?{0008}	저기!무슨 일이야?{0008}
01106	sw_006.tsv	何か あったの?{0008}	무슨 일 있었어?{0008}
01107	sw_006.tsv	いや・・・なんでもない\n気のせいだったらしい。{0008}	아니…아무것도 아냐\n착각이었나 봐.{0008}
01108	sw_006.tsv	彼ね?{0008}	그 사람 맞지?{0008}
01109	sw_006.tsv	うむ 彼だ・・・まちがいない\nあとは 実行に移すだけだ。{0008}	음,그 녀석이다…틀림없어\n이제는 실행에 옮기기만 하면 돼.{0008}
01110	sw_006.tsv	オデガン地方は 海と山に囲まれて\n他の国も 簡単には近づけないの\nだから とっても平和な国なのよ。{0008}	오데간 지방은 바다와 산에 둘러싸여서\n다른 나라도 쉽게는 다가올 수 없어\n그래서 아주 평화로운 나라인 거야.{0008}
01111	sw_006.tsv	ホビットが 町を出る前に\nこのあたりで 消えたんだけど\nいったい どこに行ったのかな?{0008}	호빗이 마을을 나가기 전에\n이 근처에서 사라졌는데\n대체 어디로 간 걸까?{0008}
01112	sw_006.tsv	グスン ホビットさんが帰っちゃった\n小さくて かわいらしい人たちだから\nとっても 好きだったのに・・・。{0008}	훌쩍,호빗 아저씨들이 돌아가 버렸어\n작고 귀여운 사람들이라\n정말 좋아했는데…{0008}
01113	sw_006.tsv	朝っぱらから 帰ってきたのは\nエルフ族じゃったが 散歩かなあ?\nそれにしちゃ えらく早かったぞ。{0008}	아침 댓바람부터 돌아온 건\n엘프족이었는데 산책이었나?\n그치고는 너무 이르던걸.{0008}
01114	sw_006.tsv	あたしゃ 夕べ 見たんだよ・・・\n深夜にエルフが 外出したのを!{0005}	나는 어젯밤 봤다고…\n한밤중에 엘프가 외출하는 걸!{0005}
01115	sw_006.tsv	けさになったら オデガン城では\nエルフのことで さわぎになってるし\n・・・きっと あいつのことだわね。{0008}	아침이 되니 오데간 성에서는\n엘프 일로 소란이 벌어졌고\n…분명 그 녀석 짓일 거야.{0008}
01116	sw_006.tsv	ホビットが 帰ってから知ったんだが\n城では エルフの魔法さわぎじゃない?\nはんにんは ひょっとしたら・・・。{0008}	호빗이 돌아가고 나서 알았는데\n성에서는 엘프의 마법 소동이 있었다던데\n범인은 혹시…{0008}
01117	sw_006.tsv	オデガンは 平和なところだったのに\nここのところ おかしなことが続くよ\nまだ 何か起こるんじゃないだろうな?{0008}	오데간은 평화로운 곳이었는데\n요즘 이상한 일이 계속되네\n또 뭔가 일어나는 거 아니겠지?{0008}
01118	sw_006.tsv	お城で おかしな事が続いてると\n町のうわさですが 本当ですか?\nここは 平和だと思ってたのに・・・。{0008}	성에서 이상한 일이 계속된다고\n마을에 소문이 도는데 정말인가요?\n여긴 평화로운 줄 알았는데…{0008}
01119	sw_006.tsv	あんた あんまり走んないでくれよな\nあんなすごいスピードで 走られると\n危なくてしょうがないぜ まったく!{0008}	당신,너무 뛰지 좀 마\n그렇게 엄청난 속도로 뛰면\n위험해서 못 봐주겠다고,정말!{0008}
01120	sw_006.tsv	きのう ホビットの後ろにいたのは\n耳の長さからして エルフだよなあ\nエルフは この地方じゃめずらしいな。{0008}	어제 호빗 뒤에 있던 건\n귀 길이로 봐서 엘프겠지\n엘프는 이 지방에선 드물지.{0008}
01121	sw_006.tsv	今日も ホビットが来るかと思ったら\nけさ早くに 帰ったって言うじゃない\nなんだか 気が抜けちまうよなあ。{0008}	오늘도 호빗이 오려나 했더니\n오늘 아침 일찍 돌아갔다잖아\n왠지 맥이 탁 풀리네.{0008}
01122	sw_006.tsv	ホビットの住む オデガン西の地方は\nここいらとは 比べものにならない程\nキケンなんだってよ コワイねえ!{0008}	호빗이 사는 오데간 서쪽 지방은\n이 근처와는 비교도 안 될 만큼\n위험하다더라,무섭네!{0008}
01123	sw_006.tsv	ホビット族の 長老達なら\n今朝早くに この町を去って\n彼らの都に 戻っていったぜ{0005}	호빗족 장로들이라면\n오늘 아침 일찍 이 마을을 떠나서\n자기네 도시로 돌아갔어{0005}
01124	sw_006.tsv	しかし 本当にかわいそうだな\nあんな遠くから やってきたのに\n追い返されちまったんだからよ。{0008}	근데 진짜 불쌍하네\n그렇게 먼 데서 왔는데\n쫓겨나 버렸으니까 말이야.{0008}
01125	sw_006.tsv	いやあ 夕べのえん会はスゴかった!\n飲めや歌えの 大さわぎだったのさ\nヒック いけね まだ酒が残ってら!{0008}	이야,어젯밤 연회는 대단했지!\n마시고 노래하고 아주 난리였다고\n히끅,이런,아직 술이 남아 있네!{0008}
01126	sw_006.tsv	ホビットの 飲みっぷりはすごかったわ\n・・・でも ちょっと気になったのは\nエルフが 一人しかいなかったことよ{0005}	호빗이 술 마시는 모습은 대단했어\n…근데 조금 신경 쓰였던 건\n엘프가 한 명밖에 없었다는 거야{0005}
01127	sw_006.tsv	たしか・・・エルフは 女性だけで\n男の方は いなかった気がするのさ。{0008}	분명…엘프는 여자들뿐이고\n남자 쪽은 없었던 것 같아.{0008}
01128	sw_006.tsv	王が ホビットを追い返したことは\nきっと 不吉なことの前触れじゃ\nおお・・・おそろしいことが起こるぞ。{0008}	왕이 호빗을 쫓아낸 건\n분명 불길한 일의 전조일 게야\n오오…무서운 일이 일어날 거다.{0008}
01129	sw_006.tsv	炎を司る 火のジンの力を借りれば\nこんなことなど 朝飯前なんだが・・・\n今日のは 元気が良すぎるみたいだ。{0008}	불꽃을 다스리는 불의 진의 힘을 빌리면\n이런 건 식은 죽 먹기인데…\n오늘 건 너무 기운이 넘치는 모양이야.{0008}
01130	sw_006.tsv	勇者ジャイルズの 子供とはお前か?\nうむ 良い面がまえをしているな\nそれなら この国も安心というものだ。{0008}	용사 자일스의 자식이 바로 너냐?\n음,좋은 얼굴을 하고 있구나\n그렇다면 이 나라도 안심이지.{0008}
01131	sw_006.tsv	今日の朝 ホビットがやってきて\nオババ様と 話してらしたけど\n何の 話しをしていたのかしら?{0005}	오늘 아침 호빗이 찾아와서\n할머님과 이야기를 나누셨는데\n무슨 얘기를 했던 걸까?{0005}
01132	sw_006.tsv	ホビットが 帰ってから・・・\nコワイ顔を しているのだけど。{0008}	호빗이 돌아가고 나서…\n무서운 얼굴을 하고 계시는데.{0008}
01133	sw_006.tsv	ホビットの長老殿の 話しによると\n巨人伝説を 実現しようとする者が\nオデガン国に 現れたということだ{0005}	호빗 장로님 말씀에 따르면\n거인 전설을 실현하려는 자가\n오데간 나라에 나타났다고 한다{0005}
01134	sw_006.tsv	もしも その話しが本当のことなら\n王家の宝が ねらわれているはず。{0008}	만약 그 이야기가 사실이라면\n왕가의 보물이 노려지고 있을 거야.{0008}
01135	sw_006.tsv	へい いらっしゃいませ!\nうちの商品は 冒険の助けになるぜ\nさあ どれでも買っていってくれよ。{0008}	예,어서 오세요!\n저희 상품은 모험에 도움이 될 거예요\n자,뭐든 사 가세요.{0008}
01136	sw_006.tsv	よお 新米の{000A}殿\nあんたが 剣士の位につくってホント?	어이,신참 {000A} 공\n당신이 검사 자리에 오른다는 게 사실이야?
01137	sw_006.tsv	やっぱり・・・そうだったんだあ\nどんなに まじめに勤めてたって\n手柄を上げなきゃ ダメだよなあ。{0008}	역시…그랬구나\n아무리 성실하게 근무해도\n공을 세우지 않으면 안 되는 거지.{0008}
01138	sw_006.tsv	ふーん なんだ ちがったのか・・・\nやっぱり ウワサはあてにならんな。{0008}	흐음,뭐야,아니었구나…\n역시 소문은 믿을 게 못 되네.{0008}
01139	sw_006.tsv	あんたは グドーの谷に行くのかい?	당신은 구도 계곡에 갈 거야?
01140	sw_006.tsv	グドーの谷で 宝を1つ・・・\n迷いの森でも 宝を一つ・・・\nそれを 忘れずに見つけてごらん。{0008}	구도 계곡에서 보물 하나…\n미로의 숲에서도 보물 하나…\n그걸 잊지 말고 찾아보라고.{0008}
01141	sw_006.tsv	でも・・・行くことになるだろうよ\nその時は また たずねておいで。{0008}	그래도…가게 될 거야\n그때는 또 찾아와.{0008}
01142	sw_006.tsv	オデガンの町の宿屋に ようこそ\nお一人様 10ゴールドですが\nお泊まりに なりますか?	오데간 마을 여관에 오신 걸 환영해요\n한 분당 10골드인데\n묵으시겠어요?
01143	sw_006.tsv	おや・・・お金が足りませんよ\n残念ですが お泊めできません\nまた お立ち寄り下さい。{0008}	어머…돈이 부족하네요\n아쉽지만 재워 드릴 수 없어요\n다시 들러 주세요.{0008}
01144	sw_006.tsv	おやめに なるんですね?\nまた お立ち寄り下さい。{0008}	그만두시는 거죠?\n다시 들러 주세요.{0008}
01145	sw_006.tsv	それでは ごゆっくり\n身体を お休め下さい。{0008}	그럼 편안히\n몸을 쉬어 주세요.{0008}
01146	sw_006.tsv	・・・おはようございます\nゆっくり 休みになれましたか?\nそれでは またお立ち寄り下さい。{0008}	…좋은 아침이에요\n푹 쉬셨나요?\n그럼 또 들러 주세요.{0008}
01147	sw_006.tsv	南の道を 川沿いに北上していくと\n東側に けわしいグドーの谷が\n西側に 迷いの森が見えてくるわ。{0008}	남쪽 길을 강을 따라 북상하다 보면\n동쪽에 험준한 구도 계곡이\n서쪽에 미로의 숲이 보일 거야.{0008}
01148	sw_006.tsv	ねえ ダークエルフの魔導師って何さ!\nお城が おそわれたって ホントなの?\n子供あつかいしないで 答えてってば。{0008}	저기,다크엘프의 마도사라는 게 뭐야!\n성이 습격당했다는 게 사실이야?\n애 취급하지 말고 대답 좀 해 줘.{0008}
01149	sw_006.tsv	王女様が エルフにゆうかいされたの?\nでも ステキな王子様が助けにきて\n2人は 恋に落ちたんですって・・・。{0008}	왕녀님이 엘프에게 납치됐어요?\n근데 멋진 왕자님이 구하러 와서\n두 사람은 사랑에 빠졌다던데…{0008}
01150	sw_006.tsv	川沿いの道を どこまでも北上すると\nどうくつの入り口が 見えてきます\nそこをぬけたのが 西の地方ですとも。{0008}	강을 따라 난 길을 끝없이 북상하면\n동굴 입구가 보입니다\n거기를 지나면 서쪽 지방이죠.{0008}
01151	sw_006.tsv	お姫様がさらわれて 王子様が現れて!\n悪者を倒して 恋に落ちるなんて・・・\n子供のユメとは たあいのないものです。{0008}	공주님이 납치되고 왕자님이 나타나서!\n악당을 쓰러뜨리고 사랑에 빠지다니…\n아이들 꿈이란 참 시시한 거예요.{0008}
01152	sw_006.tsv	だれが しゃべったのか知らんが\nもう王女のことを 町の者が知ってて\n色々と聞いてくるので つかれるよ。{0008}	누가 떠들었는지 모르겠지만\n벌써 왕녀 일을 마을 사람들이 알아서\n이것저것 물어보는 통에 지친다고.{0008}
01153	sw_006.tsv	お城で ダークエルフと戦いがあったと\n兵士に聞いて ビックリしましたよ!\nイザとなれば 兵士もやるもんですな。{0008}	성에서 다크엘프와 싸움이 있었다고\n병사에게 듣고 깜짝 놀랐어요!\n정작 상황이 닥치면 병사들도 하는군요.{0008}
01154	sw_006.tsv	あんたが ウワサの{000A}だろ!\n王女を助けたって さわがれてるが\n・・・王女様って キレイだった?{0008}	당신이 소문의 {000A}이지!\n왕녀를 구했다고 떠들썩하던데\n…왕녀님은 예뻤어?{0008}
01155	sw_006.tsv	ホビットたちは 西の地方に帰って\n今ごろ 水辺の村についてるだろう\nきっと 城のさわぎも知らないでさ。{0008}	호빗들은 서쪽 지방으로 돌아가서\n지금쯤 물가 마을에 도착했겠지\n분명 성의 소동도 모른 채 말이야.{0008}
01156	sw_006.tsv	ホビットたちと いっしょにいたのが\nダークエルフ・・・ちがうよなあ\nだとしたら あのエルフたちって?{0008}	호빗들과 함께 있던 게\n다크엘프…는 아니겠지\n그럼 그 엘프들은 대체 뭐였지?{0008}
01157	sw_006.tsv	お城が おそわれたんだって・・・\nオデガンの西側は ぶっそうだけど\nこっち側も ゆだんできないんだねぇ。{0008}	성이 습격당했다던데…\n오데간 서쪽은 뒤숭숭하지만\n이쪽도 방심할 수 없네요.{0008}
01158	sw_006.tsv	ホビットたちが 帰っちまったから\nこの宿も ずいぶん ヒマだなあ\nああ 団体さんが来ないかなあ・・・。{0008}	호빗들이 돌아가 버려서\n이 여관도 꽤나 한가하네\n아,단체 손님이 안 오려나…{0008}
01159	sw_006.tsv	ここを南に下ると 砂漠があるけど\nあそこは 行かない方がいいわね\n砂の迷宮とかも あるらしいしさ。{0008}	여기서 남쪽으로 내려가면 사막이 있는데\n거긴 안 가는 게 좋을 거야\n모래의 미궁 같은 것도 있다나 봐.{0008}
01160	sw_006.tsv	砂の迷宮の フライパンコロシアムに\n土のジンが 眠っていると聞くが・・・\n巨大な魔物が そこを守っているらしい。{0008}	모래의 미궁,프라이팬 콜로세움에\n흙의 진이 잠들어 있다고 들었는데…\n거대한 마물이 그곳을 지키고 있다더군.{0008}
01161	sw_006.tsv	今度の事件が パゾートのしわざなら\n変化の魔法を 使ってこなかったか?{0005}	이번 사건이 파조트의 소행이라면\n변신 마법을 쓰지는 않았나?{0005}
01162	sw_006.tsv	ヤツを 追い払ったなら心配ないが\nもし その魔法にかけられたならば\n大木の仙人に 助けてもらわねばならん。{0008}	그놈을 쫓아냈다면 걱정 없지만\n만약 그 마법에 걸렸다면\n거목의 선인에게 도움을 받아야 한다.{0008}
01163	sw_006.tsv	今回 ダークエルフのねらった宝は\nジンの力を封じた 水晶の玉なの{0005}	이번에 다크엘프가 노린 보물은\n진의 힘을 봉인한 수정 구슬이야{0005}
01164	sw_006.tsv	そのジンのオーブは 装備する者に\n魔法の力を 与えると聞いたわ・・・。{0008}	그 진의 오브는 장비한 자에게\n마법의 힘을 준다고 들었어…{0008}
01165	sw_006.tsv	土のジンの眠る 砂の迷宮以外は\nすべて 西の地方にあるというが\n入るのさえも 楽ではないと聞くぞ。{0008}	흙의 진이 잠든 모래의 미궁 말고는\n전부 서쪽 지방에 있다는데\n들어가는 것조차 쉽지 않다는군.{0008}
01166	sw_006.tsv	記録の書を 使いますか?{0008}	기록의 서를 사용하시겠습니까?{0008}
01167	sw_006.tsv	今までの冒険は 記録しました\nまだ ゲームをつづけますか?{0008}	지금까지의 모험은 기록했습니다\n계속 게임을 하시겠습니까?{0008}
01168	sw_006.tsv	フリーズの魔法の 有効活用とは?\n水のジンから 与えられる魔法の力は\n水やバクダンさえも 凍らせるのだ。{0008}	프리즈 마법의 효과적인 활용법은?\n물의 진에게서 받는 마법의 힘은\n물이나 폭탄조차도 얼려 버린다.{0008}
01169	sw_006.tsv	土のジン スパークの魔法の効能!\n地点間移動の 動力発動を促す他に\nフラッシュボールを 水の輪の中に放れ。{0008}	흙의 진,스파크 마법의 효능!\n지점 간 이동 동력을 작동시키는 것 외에도\n플래시볼을 물의 고리 안에 쏴라.{0008}
01170	sw_006.tsv	解放されたジンを どうするのか?\nジンの攻撃力を 再びうばい取れば\n自ら迷宮に戻ると 言い伝えがある。{0008}	해방된 진은 어떻게 되는가?\n진의 공격력을 다시 빼앗으면\n스스로 미궁으로 돌아간다는 전설이 있다.{0008}
01171	sw_006.tsv	宝玉の持っている 魔法力の利用法!\n装備した者の 気の力を使って\n封じられた 強力な魔法が使える。{0008}	보주가 지닌 마법력의 이용법!\n장비한 자의 기의 힘을 사용해서\n봉인된 강력한 마법을 쓸 수 있다.{0008}
01172	sw_006.tsv	ブレイズは 攻撃のスペシャル魔法だ!\n3つは 迷宮の謎解きに応用されるが\n火の魔法は 攻撃が主力になっているぞ。{0008}	블레이즈는 공격용 스페셜 마법이다!\n세 가지는 미궁의 수수께끼 풀이에 응용되지만\n불의 마법은 공격이 주력이다.{0008}
01173	sw_006.tsv	風のジンの魔法 ブラストの活用法!\n複数のボタンを 同時に押すことの他\n壁さえも 消し去ることができる魔法だ。{0008}	바람의 진의 마법,블래스트 활용법!\n여러 버튼을 동시에 누르는 것 외에도\n벽조차 없애 버릴 수 있는 마법이다.{0008}
01174	sw_006.tsv	魔法で作られる 魔法力のカベとは?\n魔法を自分の回りに張ることで作られ\n魔法力によってのみ 破ることができる。{0008}	마법으로 만들어지는 마법력의 벽이란?\n마법을 자기 주위에 둘러침으로써 만들어지며\n마법력으로만 부술 수 있다.{0008}
01175	sw_006.tsv	オデガン国は 宝の眠るエルドラドだ!\nあらゆる魔法を 使いこなせる者なら\nそこら中から 宝が見つかるであろう。{0008}	오데간 나라는 보물이 잠든 엘도라도다!\n모든 마법을 자유자재로 쓰는 자라면\n곳곳에서 보물이 발견될 것이다.{0008}
01176	sw_006.tsv	ホビットの長老からの伝言!\nこれを読んだ 勇気のある者ならば\n私の村まで すぐにも来ておくれ!{0008}	호빗 장로로부터의 전언!\n이걸 읽은 용기 있는 자라면\n내 마을까지 어서 와 주게!{0008}
01177	sw_006.tsv	おや おきゃくさんかい?\n悪いけど まだ じゅんびちゅうなんだよ\nもうすこししたら またおいで!{0008}	어머,손님이신가?\n미안하지만 아직 준비 중이야\n조금 있다가 다시 와!{0008}
01178	sw_006.tsv	いま 目の前を通っていったのは\nサテラ王女に ぜったい間違いない\nどうして 表から入ってきたんだ?{0008}	방금 눈앞을 지나간 건\n사테라 왕녀가 틀림없어\n왜 정문으로 들어온 거지?{0008}
01179	sw_006.tsv	ねえ・・・あなたも見たでしょ?\n前を通って 城に入った人・・・\nきれいで お姫様みたいだったわ。{0008}	저기…당신도 봤지?\n앞을 지나 성으로 들어간 사람…\n예쁘고 공주님 같았어.{0008}
01180	sw_006.tsv	わあーっ お兄ちゃんだ\nこの頃 見ないと思ってたけど\nどこかへ 行ってたんでしょ?{0008}	와아,오빠다\n요즘 안 보인다 했더니\n어디 갔다 왔지?{0008}
01181	sw_006.tsv	私が 夢で見た王女様って\n今通った お姉さんの様な人よ\nあんなステキな人に なりたいな。{0008}	내가 꿈에서 본 왕녀님은\n방금 지나간 언니 같은 사람이었어\n저런 멋진 사람이 되고 싶다.{0008}
01182	sw_006.tsv	あんた ちょっと見ない間に\nずいぶん たくましくなったのう\n剣士は 心棈えもちがうんだなあ。{0008}	너,잠깐 못 본 사이에\n꽤 늠름해졌구나\n검사는 마음가짐도 다른가 보구나.{0008}
01183	sw_006.tsv	おとぎ話は おとぎ話なのさ!\nお姫様が・・・町の入り口から\nスタコラ 帰って来るんじゃねぇ{0005}	동화는 그냥 동화라고!\n공주님이…마을 입구로\n터덜터덜 돌아오지는 않지{0005}
01184	sw_006.tsv	これが すてきなおとぎ話なら\n王子様の 白馬にまたがって\nさっそうと 入ってくるだろうに。{0008}	이게 멋진 동화라면\n왕자님의 백마를 타고\n늠름하게 들어왔을 텐데.{0008}
01185	sw_006.tsv	ダークエルフの あのさわぎの後は\nオデガン城も しずかものだよ\n何の事件も 起こらなかったもの。{0008}	다크엘프의 그 소동 이후\n오데간 성도 조용하기만 해\n아무 사건도 안 일어났거든.{0008}
01186	sw_006.tsv	何にも・・・事件は起きてないけど\n城の上を けいびしたヤツの話では\n西の方で 何かがはげしく光ったとさ。{0008}	아무…사건도 안 일어났지만\n성 위를 경비했던 녀석 말로는\n서쪽에서 뭔가가 격렬하게 빛났다더군.{0008}
01187	sw_006.tsv	王女様は お城にいるはずですよね!\nすると・・・そこを通っていったのは\nいったい 誰だったんでしょう?{0008}	왕녀님은 성에 계실 텐데요!\n그렇다면…그곳을 지나간 건\n대체 누구였을까요?{0008}
01188	sw_006.tsv	南の砂漠地帯に 行ってみたかい?\nそうだよなあ この国の者なら\nあんな危険な所には 行かないよな。{0008}	남쪽 사막 지대에 가 봤어?\n그렇겠지,이 나라 사람이라면\n그런 위험한 곳엔 안 가지.{0008}
01189	sw_006.tsv	いま 門を開けて入った女性・・・\nたしかに サテラと名乗ったんだけど\n王女のほかに サテラっていたっけ?{0008}	방금 문을 열고 들어온 여성…\n분명 사테라라고 이름을 밝혔는데\n왕녀 말고 사테라가 또 있었던가?{0008}
01190	sw_006.tsv	あの・・・{000A}殿・・・\nただいま 王女様が表からやってきて\nここを通って 城に戻られたんだよ{0005}	저기…{000A} 공…\n방금 왕녀님이 정문으로 오셔서\n여기를 지나 성으로 돌아가셨어{0005}
01191	sw_006.tsv	王女様は いつ 表に行かれたのか?\nそれとも 城に入ったのは幻なのかな?{0008}	왕녀님은 언제 밖에 나가셨던 거지?\n아니면 성에 들어온 건 환영이었나?{0008}
01192	sw_006.tsv	えっ 王女様が前を通ったって・・・\n何を馬鹿なこと いってるんだろね!\nそんなこと あるわけないじゃない?{0008}	어,왕녀님이 앞을 지나갔다고…\n무슨 바보 같은 소릴 하는 거야!\n그런 일이 있을 리가 없잖아?{0008}
01193	sw_006.tsv	そういや ホビットたちがいってたが\n彼らの村には 簡単に入れないって!{0005}	그러고 보니 호빗들이 말했는데\n자기들 마을에는 쉽게 못 들어간다더라!{0005}
01194	sw_006.tsv	彼らの村の場所は 川でさえぎられてて\n電気の力を 借りなきゃいけないそうだ。{0008}	그들 마을의 위치는 강에 가로막혀 있어서\n전기의 힘을 빌려야만 한다더군.{0008}
01195	sw_006.tsv	前に町で 砂をほってる人がいたから\n何してるんだって 聞いたのよ・・・\n宝を探してるんだって いってたわ。{0008}	전에 마을에서 모래를 파던 사람이 있어서\n뭘 하는 거냐고 물어봤어…\n보물을 찾고 있다고 하더라.{0008}
01196	sw_006.tsv	ラララ 砂の迷宮の 石の像は\nスイッチを押したら ただの砂よ\nも一度スイッチで 元の場所 ラララ。{0008}	라라라,모래의 미궁의 돌 조각상은\n스위치를 누르면 그냥 모래가 돼\n다시 한 번 스위치를 누르면 원래 자리로,라라라.{0008}
01197	sw_006.tsv	砂の迷宮には 立体通路があって\n色々な場所に つながっているが\n砂がモロく 崩れるものもあるという。{0008}	모래의 미궁에는 입체 통로가 있어서\n여러 장소로 이어져 있지만\n모래가 약해서 무너지는 곳도 있다고 한다.{0008}
01198	sw_006.tsv	砂の迷宮の 段差のある通路は\n開かずの扉を開け 砂を流すのだ!\nかくされたスイッチを 探すがいい。{0008}	모래의 미궁의 단차 있는 통로는\n열리지 않는 문을 열어 모래를 흘려보내는 거다!\n숨겨진 스위치를 찾아라.{0008}
01199	sw_006.tsv	オデガンから 軍が出陣していったよ\nボクは長年 ここに住んでるけど\nこんなことは 初めてだよ・・・。{0008}	오데간에서 군대가 출진했어\n난 오랫동안 여기 살았는데\n이런 건 처음이야…{0008}
01200	sw_006.tsv	軍隊の 出陣のすがったって\nオデガンに生まれて 初めて見たわ\nみんな さみしそうだった・・・。{0008}	군대가 출진하는 모습이라니\n오데간에서 태어나 처음 봤어\n다들 쓸쓸해 보였어…{0008}
01201	sw_006.tsv	ホビットさんに 聞いたんだけど\nホビット村に 遊びにいくには\nいなづまの力が 必要なんだって。{0008}	호빗 아저씨한테 들었는데\n호빗 마을에 놀러 가려면\n번개의 힘이 필요하대.{0008}
01202	sw_006.tsv	ホビットさんて とっても器用で\nクツを変えて すべって見せてくれたわ\nあれができたら 会いに行けるらしいの。{0008}	호빗 아저씨는 정말 손재주가 좋아서\n신발을 바꿔서 미끄러지는 걸 보여 줬어\n그걸 할 수 있으면 만나러 갈 수 있대.{0008}
01203	sw_006.tsv	オデガンが 軍を出陣させたのには\nのっぴきならない 訳があるはずじゃ\nいったい 何があったというのじゃろ?{0008}	오데간이 군대를 출진시킨 데에는\n피치 못할 사정이 있을 게야\n대체 무슨 일이 있었던 걸까?{0008}
01204	sw_006.tsv	オデガンも 軍を出陣させちまったら\n表門の守りさえ 一人になるようじゃ\nムダな兵って いなかったんだねぇ。{0008}	오데간도 군대를 출진시키고 나니\n정문 경비조차 한 명뿐인 것 같아\n쓸모없는 병사는 없었던 거네요.{0008}
01205	sw_006.tsv	西の地方に 出陣した仲間も大変だが\n砂の迷宮に1人で行く お前も大変だ{0005}	서쪽 지방에 출진한 동료들도 힘들겠지만\n모래의 미궁에 혼자 가는 너도 고생이군{0005}
01206	sw_006.tsv	砂の迷宮は ナゾが多いらしいから\n魔法使いに 色々聞いていくといい。{0008}	모래의 미궁은 수수께끼가 많다던데\n마법사에게 이것저것 물어보고 가라고.{0008}
01207	sw_006.tsv	平和だと聞いて やってきたオデガンも\nそれほどじゃ なかったみたいです\n軍隊が 出陣するのを見るとはねぇ{0005}	평화롭다고 들어서 찾아온 오데간도\n그렇게까지는 아니었던 모양이에요\n군대가 출진하는 걸 보게 될 줄이야{0005}
01208	sw_006.tsv	戦争が始まるなら・・・その前に\nどこか 別の国にでも行くつもりです。{0008}	전쟁이 시작된다면…그 전에\n어디 다른 나라로라도 갈 생각이에요.{0008}
01209	sw_006.tsv	オデガン軍が 西の地方に出陣なんて\n・・・また ずいぶん急でしたねぇ\nお城も 火が消えたような静けさだ。{0008}	오데간군이 서쪽 지방으로 출진하다니\n…참 갑작스러웠네요\n성도 불 꺼진 듯한 적막함이야.{0008}
01210	sw_006.tsv	兵士仲間が 出陣するすがた・・・\nそれは 勇ましいものだけどさあ\n残る者は ものがなしいもんだぜ。{0008}	동료 병사들이 출진하는 모습…\n그거야 용맹하긴 한데 말이지\n남는 사람은 쓸쓸한 법이라고.{0008}
01211	sw_006.tsv	王女様のことで さわぎが起きたって?\nそのせいで 軍が出陣したんだろ・・・\nいったい どんなさわぎが起きたのかねぇ。{0008}	왕녀님 일로 소동이 일어났다고?\n그것 때문에 군대가 출진한 거겠지…\n대체 어떤 소동이 일어난 걸까.{0008}
01212	sw_006.tsv	あんたは 不吉なことを言ってた\nあの おバアさんを覚えてるかい?	당신,불길한 말을 했던\n그 할머니 기억해?
01213	sw_006.tsv	グドーの谷から やって来たといってた\nうさんくさい 変なバアさんだったんで\nみんなで 追い返しちまったんだよ。{0008}	구도 계곡에서 왔다던\n수상쩍고 이상한 할머니였는데\n다 같이 쫓아내 버렸어.{0008}
01214	sw_006.tsv	あの おバアさんのいってたことを\nもう少し まじめに聞いとくんだった\n・・・いまさら おそいけどさ・・・。{0008}	그 할머니가 했던 말을\n좀 더 진지하게 들어 둘걸\n…이제 와서 늦었지만…{0008}
01215	sw_006.tsv	ねぇ {000A}殿は感じない?\n何か 地面がゆれているみたいだから\n町のみんなも 心配してるんだよ。{0008}	저기,{000A} 공은 못 느껴?\n뭔가 땅이 흔들리는 것 같아서\n마을 사람들도 다들 걱정하고 있어.{0008}
01216	sw_006.tsv	イヤだわあ 地面がブルブルすると\nとても 不安な気持ちになるの・・・\nこの地面のゆれは なんなのかしら?{0008}	싫다,땅이 부들부들 흔들리니까\n너무 불안한 기분이 들어…\n이 땅의 흔들림은 대체 뭘까?{0008}
01217	sw_006.tsv	ここのところ 変な地なりがするし\nオデガン軍は 帰ってこないし・・・\nこういうのを 世紀末とかいうそうじゃ。{0008}	요즘 이상한 지진 소리가 나고\n오데간군은 돌아오지 않고…\n이런 걸 세기말이라고 한다던데.{0008}
01218	sw_006.tsv	砂の迷宮から 戻ってこれたのか?\nゆ ゆうれいじゃ ないよなあ・・・{0005}	모래의 미궁에서 돌아올 수 있었던 거야?\n유,유령은 아니지…{0005}
01219	sw_006.tsv	砂の迷宮に行って ぶじだったなんて\n{000A}って 本当にすごいなあ!{0008}	모래의 미궁에 가서 무사했다니\n{000A}는 정말 대단하구나!{0008}
01220	sw_006.tsv	お城では 出陣した理由も教えてくれず\nこの変なゆれも かいけつできないのさ{0005}	성에서는 출진한 이유도 알려 주지 않고\n이 이상한 흔들림도 해결 못 하고 있어{0005}
01221	sw_006.tsv	こういう時 ホビットの長老たちが\nやってきて くれたものだったのに\n今回は どうしたっていうのだろう?{0008}	이럴 때 호빗 장로들이\n찾아와 주곤 했는데\n이번엔 대체 어떻게 된 걸까?{0008}
01222	sw_006.tsv	西の地方に行った オデガン軍からは\nいまだに 何の音さたもないんだよ\nあいつらは だいじょうぶなのかなあ。{0008}	서쪽 지방으로 간 오데간군한테서는\n아직까지 아무 소식도 없어\n그 녀석들,괜찮으려나.{0008}
01223	sw_006.tsv	あたしゃ しんこくに考えない方だから\nこんなゆれ どうってことないのよ\nゆすられて 少しはヤセないかねぇ。{0008}	난 심각하게 생각 안 하는 성격이라\n이런 흔들림쯤 아무것도 아니야\n흔들려서 좀 살이라도 빠지면 좋겠네.{0008}
01224	sw_006.tsv	客がいないから 朝から飲んでるけど\nこのゆれのおかげで まわるまわる!\nもう 悪よいしちまった ウィッ。{0008}	손님이 없어서 아침부터 마시고 있는데\n이 흔들림 덕분에 빙글빙글!\n벌써 취해 버렸네,으윽.{0008}
01225	sw_006.tsv	あの人は 目をはなしてるスキに\nすぐに 商売物を飲んじまうから\nこうやって 見はってないとね。{0008}	저 사람은 눈을 뗀 틈에\n바로 팔 물건을 마셔 버리니까\n이렇게 지켜보고 있어야 해.{0008}
01226	sw_006.tsv	土のジンが 解放されたおかげで\n魔の生き物が 活動をはじめたよ{0005}	흙의 진이 해방된 덕분에\n마물들이 활동을 시작했어{0005}
01227	sw_006.tsv	もしも 魔の水草におそわれたら\nスパークの力を 投げつけるんだよ\nきっと おとなしくなるはずだから。{0008}	만약 마의 수초에게 습격당하면\n스파크의 힘을 던지라고\n분명 얌전해질 테니까.{0008}
01228	sw_006.tsv	{000A}が 全てのジンの迷宮で\n宝玉のオーブを 取り返すつもりなら\nわれらの話を おぼえていくがいい{0005}	{000A}가 모든 진의 미궁에서\n보주 오브를 되찾을 생각이라면\n우리 이야기를 기억해 두는 게 좋을 게야{0005}
01229	sw_006.tsv	フリーズオーブを 取り返したら\n底の浅い水は 凍らせられるだろう\n水のしょうがいに まどわされるな。{0008}	프리즈 오브를 되찾으면\n얕은 물은 얼릴 수 있을 거야\n물의 장애물에 현혹되지 마.{0008}
01230	sw_006.tsv	ジンの宝玉は 魔力のオーブともよばれ\n装備した者の 一心なる気が伝わると\n魔法となって 放つことができるのだ{0005}	진의 보주는 마력의 오브라고도 불리며\n장비한 자의 일념이 전해지면\n마법이 되어 발동시킬 수 있다{0005}
01231	sw_007_translated.tsv	また それぞれのオーブの魔法は\nその時 身につけられた装備によって\nさまざまな効果を はっきするだろう。{0008}	또한 각각의 오브의 마법은\n그때 몸에 지니고 있던 장비에 따라\n다양한 효과를 발휘할 것이다.{0008}
01232	sw_007_translated.tsv	ジンのオーブの 全ての力を得ると\n西の地方の 双子岩と呼ばれる岬に\n光なる力の島が 現れるらしいわ。{0008}	진의 오브의 모든 힘을 얻으면\n서쪽 지방의 쌍둥이 바위라 불리는 곶에\n빛의 섬이 나타난다고 해.{0008}
01233	sw_007_translated.tsv	西の地方で 進めなくなったら\n東地方の 北の迷宮に行くのだ{0005}	서쪽 지방에서 더 나아갈 수 없게 되면\n동쪽 지방의 북쪽 미궁으로 가거라{0005}
01234	sw_007_translated.tsv	それが 新たな次なる道を\n{000A}に もたらすだろう。{0008}	그것이 다음에 나아갈\n새로운 길을 {000A}에게\n가져다줄 것이다.{0008}
01235	sw_007_translated.tsv	エルフが やってきたんだよ\nこの前 ホビットの長老とやってきた\nあのエルフたちだと 思うんだけどさ。{0008}	엘프가 왔었어\n요전에 호빗 장로님이랑 같이 왔던\n그 엘프들인 것 같은데.{0008}
01236	sw_007_translated.tsv	エルフさんに 聞いたんだけど\nパゾートに 捕まったホビットたちを\nあなたが助けたって! スゴイわねぇ。{0008}	엘프 씨한테 들었는데\n파조트에게 붙잡힌 호빗들을\n당신이 구해 줬다면서!대단하네요.{0008}
01237	sw_007_translated.tsv	あのね・・・西の空からね・・・\n大きな人が 飛んできたんだよ!\nすっごい スピードだったんだ。{0008}	저기 있잖아…서쪽 하늘에서…\n커다란 사람이 날아왔어!\n엄청난 속도였어.{0008}
01238	sw_007_translated.tsv	ホビットさんは カワイかったけど\nエルフさんは スタイルがいいから\nうーん・・・どっちもスキだわ。{0008}	호빗 씨는 귀여웠지만\n엘프 씨는 몸매가 좋으니까\n으음…둘 다 좋아해.{0008}
01239	sw_007_translated.tsv	西の空から 飛んできたのは・・・\n風のジンに まちがいないわい!\nついに 風のジンまで解放された。{0008}	서쪽 하늘에서 날아온 건…\n바람의 진이 틀림없어!\n드디어 바람의 진까지 해방됐구나.{0008}
01240	sw_007_translated.tsv	ジンは 空を飛べるんだよ・・・\nさすがは 高位の精霊だけあるねぇ\n関心ばかりは してられないけどさ。{0008}	진은 하늘을 날 수 있어…\n역시 고위 정령답구나\n감탄만 하고 있을 때가 아니지만.{0008}
01241	sw_007_translated.tsv	西の地方へ行った オデガン軍は\nいったい どうなっちまったかなあ?\nとうとう 帰ってこなかったよ・・・。{0008}	서쪽 지방으로 간 오데간 군은\n대체 어떻게 된 걸까?\n결국 돌아오지 않았어…{0008}
01242	sw_007_translated.tsv	4つの迷宮の ナゾを解き明かして\n全ての宝玉を 取り返したんだね?\nキミは ぼくたちと違うと思ってたよ。{0008}	네 개의 미궁의 수수께끼를 풀어내고\n모든 보주를 되찾은 거지?\n너는 우리랑 다르다고 생각했어.{0008}
01243	sw_007_translated.tsv	やっと帰ってきたな {000A}!\n王様も 心配されているはずだから\n早く 顔を見せに行ってやれよ!{0008}	드디어 돌아왔구나,{000A}!\n국왕님도 걱정하고 계실 테니까\n빨리 얼굴 보여 드리러 가거라!{0008}
01244	sw_007_translated.tsv	大きなヨロイ騎士が 飛ぶ姿を見た時\nずっと先の時代を 思い浮かべたよ{0005}	커다란 갑옷 기사가 나는 모습을 봤을 때\n먼 훗날의 시대를 떠올렸어{0005}
01245	sw_007_translated.tsv	未来には あんなのが兵士として\n大空を飛び回って 戦ったりするのさ\nああ なんてロマンチックなんだろう。{0008}	미래에는 그런 것들이 병사로서\n하늘을 날아다니며 싸우기도 하는 거야\n아아,참으로 낭만적이지 않은가.{0008}
01246	sw_007_translated.tsv	オデガンが 減びるかも知れない時に\n宿や酒場に 客なんて来やしないぜ\nでも こっちは生活しなきゃなんない。{0008}	오데간이 멸망할지도 모를 때에\n여관이나 술집에 손님이 올 리가 없지\n하지만 이쪽도 먹고살아야 하니까.{0008}
01247	sw_007_translated.tsv	ダークエルフの 悪巧みのおかげで\nここんとこ ずっとヒマなんだよ\nどうだい 少し飲んでっておくれよ。{0008}	다크엘프의 못된 음모 덕분에\n요즘 계속 한가하다네\n어떤가,조금 마시고 가게나.{0008}
01248	sw_007_translated.tsv	4つのジンが 解放されたからには\n残された時間で ジンを封じておくれ!\nシャイニングソードは 見つけたろうね。{0008}	네 진이 해방된 이상\n남은 시간 동안 진을 봉인해 주게!\n샤이닝 소드는 찾았겠지.{0008}
01249	sw_007_translated.tsv	パゾートは レインボーバリアの技で\nいっさいの攻撃を さけてくるはずだ{0005}	파조트는 레인보우 배리어 기술로\n모든 공격을 피해 올 것이다{0005}
01250	sw_007_translated.tsv	それは あらゆる攻撃を無力にし\n弱い魔法を 跳ね返す技でもある\nバリアの色と 使う攻撃を考えるのだ。{0008}	그것은 온갖 공격을 무력화하고\n약한 마법을 튕겨 내는 기술이기도 하다\n배리어의 색과 사용할 공격을 생각하거라.{0008}
01251	sw_007_translated.tsv	ジンから 力を注入されている間は\nみだりに 巨人に近づかぬ方がいい\n巨人の力を 見くびってはならんぞ。{0008}	진에게서 힘을 주입받는 동안에는\n함부로 거인에게 다가가지 않는 게 좋다\n거인의 힘을 얕보아선 안 된다.{0008}
01252	sw_007_translated.tsv	世界中に沢山ある ライフストックは\n命を貯めることのできる 魔力の器です\n使った後は 宿に泊まってマンタンよ。{0008}	세상에 많이 있는 라이프 스톡은\n생명을 저장할 수 있는 마력의 그릇입니다\n사용한 후에는 여관에 묵어 가득 채우세요.{0008}
01253	sw_007_translated.tsv	ドグウ戦士の使う 地ヒビキの技は\n{000A}の加速を 無効にする!\n加速ばかりを 頼りにすると大変だぞ。{0008}	도구 전사가 쓰는 땅울림 기술은\n{000A}의 가속을 무효화한다!\n가속에만 의존하면 큰일 난다.{0008}
01254	sw_007_translated.tsv	・・・{000A}や {000A}・・・\n・・・早く起きなさい・・・。{0008}	…{000A},{000A}…\n…어서 일어나거라…{0008}
01255	sw_007_translated.tsv	{0002}あら・・・まだ 寝ぼけてるのね?\n早く起きて したくをしないと\n初めての お勤めに遅れますよ・・・。{0008}	{0002}어머…아직 잠이 덜 깼구나?\n얼른 일어나서 채비를 하지 않으면\n첫 근무에 늦겠어요…{0008}
01256	sw_007_translated.tsv	{0002}あなたも 今日からお城勤めをして\nあの勇敢な・・・お父さんのように\nりっぱな剣士に なるのですよ{0008}	{0002}너도 오늘부터 성에서 일하게 되었으니\n그 용감했던…아버지처럼\n훌륭한 검사가 되는 거예요{0008}
01257	sw_007_translated.tsv	{0002}そのためにも 初めが肝心なの\n今度だけは 私が手伝ってあげるから\n急いで 準備をしてちょうだい!{0008}	{0002}그러기 위해서도 시작이 중요하단다\n이번만은 내가 도와줄 테니까\n서둘러 준비하렴!{0008}
01258	sw_007_translated.tsv	{0002}遅いのう・・・{000A}は・・・\nばあさんも 何をやってるんじゃ!{0006}\nまったく 日が暮れてしまうぞ。{0008}	{0002}늦는구나…{000A}는…\n할멈도 뭘 하고 있는 게야!{0006}\n정말이지,날이 저물겠구나.{0008}
01259	sw_007_translated.tsv	遅すぎる・・・が やむを得まい\n{000A}も 両親を亡くしてから\n我々に 育てられて 早10年・・・{0005}	너무 늦었지만…어쩔 수 없지\n{000A}도 부모를 여읜 뒤로\n우리 손에 자란 지도 벌써 10년…{0005}
01260	sw_007_translated.tsv	{000A}の素質は 父さんゆずりで\n超一流なのは 間違いないのじゃが・・・{0008}	{000A}의 자질은 아버지를 쏙 빼닮아\n초일류인 건 틀림없지만…{0008}
01261	sw_007_translated.tsv	甘やかして 育てたかも知れんのう。{0008}	어쩌면 너무 오냐오냐 키웠는지도 모르겠구먼.{0008}
01262	sw_007_translated.tsv	いんや けっして そんなことはない!{0008}	아니,결코 그렇지 않아요!{0008}
01263	sw_007_translated.tsv	わしらは あの子の親代わりとして\nきびしく 育ててきたはずじゃ・・・。{0008}	우리는 그 아이의 부모 대신으로서\n엄하게 키워 왔을 터인데…{0008}
01264	sw_007_translated.tsv	あの子には 我が家に伝わる技を\n修得させたのじゃから 心配はいらん\n・・・この技さえあれば 何もな!{0008}	그 아이에게는 우리 가문에 전해지는 기술을\n익히게 했으니 걱정 없다\n…이 기술만 있으면 무엇도 두렵지 않다!{0008}
01265	sw_007_translated.tsv	{0002}何をしてるんです おじいさん?\n若くないんだから 無理しないで下さい。{0008}	{0002}뭐 하세요,할아버지?\n젊지도 않으신데 무리하지 마세요.{0008}
01266	sw_007_translated.tsv	{0002}言われなくても わかっとるわい・・・\nお前たちが あんまり遅いもんだから\nつい・・・年がいもなく・・・。{0008}	{0002}말 안 해도 알고 있다네…\n너희들이 너무 늦게 와서\n그만…나잇값도 못 하고…{0008}
01267	sw_007_translated.tsv	{0002}お待たせしました おじいさん\nまごの晴れの姿は いかがです?{0008}	{0002}기다리셨죠,할아버지\n손주의 늠름한 모습이 어떠신가요?{0008}
01268	sw_007_translated.tsv	{0002}うむ! 立派になったのう・・・\nこれなら安心して 城に出せるわい{0005}	{0002}음!훌륭해졌구나…\n이 정도면 안심하고 성으로 보낼 수 있겠다{0005}
01269	sw_007_translated.tsv	そうじゃ {000A}に頼みがある!\n最後に 加速の技を見せてっておくれ!{0008}	그렇지,{000A}에게 부탁이 있다!\n마지막으로 가속 기술을 보여 다오!{0008}
01270	sw_007_translated.tsv	まあ おじいさんったら!{0008}	어머,할아버지도 참!{0008}
01271	sw_007_translated.tsv	{0002}わしは 今日まで加速の技を\n{000A}に 教えてきたが・・・\n実戦で使えるかが 心配なんじゃよ。{0005}	{0002}나는 오늘까지 가속 기술을\n{000A}에게 가르쳐 왔다만…\n실전에서 쓸 수 있을지가 걱정이구나.{0005}
01272	sw_007_translated.tsv	さあ {000A} えんりょはいらん\n敵だと思って ぶつかって来るんじゃ{0006}	자,{000A},사양할 것 없다\n적이라 생각하고 부딪쳐 오너라{0006}
01273	sw_007_translated.tsv	そして わしを飛ばしたら合格じゃ!{0008}	그리고 나를 날려 버리면 합격이다!{0008}
01274	sw_007_translated.tsv	{0002}しようのない おじいさん・・・\nしかたがないわ やっておあげなさい{0005}	{0002}어쩔 수 없는 할아버지…\n하는 수 없지,해 드리렴{0005}
01275	sw_007_translated.tsv	おじいさんは がんじょうだから\n思い切りやって だいじょうぶよ。{0008}	할아버지는 튼튼하시니까\n마음껏 해도 괜찮아.{0008}
01276	sw_007_translated.tsv	{0002}おじいさんのことを 心配だから\n迷ってるの・・・やさしい子ね{0005}	{0002}할아버지가 걱정돼서\n망설이는구나…착한 아이네{0005}
01277	sw_007_translated.tsv	でも 何にも心配は入らないから\n思いっきり ぶつかってあげなさい。{0008}	하지만 아무 걱정 없으니까\n힘껏 부딪쳐 드리렴.{0008}
01278	sw_007_translated.tsv	{0002}何じゃ・・・ははあ 怖じ気づいたか?\nそんなことでは 城勤めはきびしいぞ\n思い切って ぶつかって来るんじゃ!{0008}	{0002}뭐냐…허허,겁먹은 게냐?\n그래서야 성 근무는 어림도 없다\n마음껏 부딪쳐 오거라!{0008}
01279	sw_007_translated.tsv	{0002}そらそら 何をやってるんじゃ!\nそんなことでは 城勤めはきびしいぞ\n思い切って ぶつかって来るんじゃ!{0008}	{0002}자,자,뭐 하는 게냐!\n그래서야 성 근무는 어림도 없다\n마음껏 부딪쳐 오거라!{0008}
01280	sw_007_translated.tsv	{0002}何じゃ 何じゃ その腰つきは!\nそれでモンスターに ぶつかったら\n逆に はねとばされちまうわい!{0008}	{0002}뭐냐,뭐냐,그 허리 자세는!\n그걸로 몬스터와 부딪쳤다간\n오히려 나가떨어지고 말 게다!{0008}
01281	sw_007_translated.tsv	{0002}ふむう・・・これは 少しきいたぞ{0006}\nだが まだまだ 甘い 甘いわい\n手強い敵には 通用しないぞ!{0008}	{0002}흐음…이건 조금 제대로 먹혔구나{0006}\n하지만 아직,아직 멀었다\n만만찮은 적에게는 안 통한다!{0008}
01282	sw_007_translated.tsv	{0002}むぎゅー・・・みごと・・・。{0008}	{0002}끄응…훌륭하구나…{0008}
01283	sw_007_translated.tsv	おじいさん! おじいさんったら!{0008}	할아버지!할아버지도 참!{0008}
01284	sw_007_translated.tsv	{0002}{000A}よ 今の呼吸じゃぞ!\nそのコツさえ 忘れなければ\nどんな強敵であろうと だいじょうぶ!{0008}	{0002}{000A}야,방금 그 호흡이다!\n그 요령만 잊지 않는다면\n아무리 강한 적이라도 괜찮다!{0008}
01285	sw_007_translated.tsv	その技は 剣を装備をしていない時\n敵に ダメージを与える唯一のわざ!\nけっして 忘れるでないぞ!{0008}	그 기술은 검을 장비하지 않았을 때\n적에게 피해를 줄 수 있는 유일한 기술!\n절대로 잊지 말거라!{0008}
01286	sw_007_translated.tsv	{0002}おじいさん・・・どこに行くんです?{0008}	{0002}할아버지…어디 가시는 거예요?{0008}
01287	sw_007_translated.tsv	{0002}いや・・・首をひねったらしい・・・\nベッドで・・・横になろうかの・・・。{0008}	{0002}아니…목을 삐끗한 모양이구나…\n침대에…좀 누워야겠다…{0008}
01288	sw_007_translated.tsv	{0002}その技に 魔法のオーブを加えれば\nさらに 多くの攻撃法もあると聞く!{0006}\nより たんれんに精を出すことじゃ。{0008}	{0002}그 기술에 마법 오브를 더하면\n더 많은 공격법도 있다고 들었다!{0006}\n더욱 수련에 힘쓰도록 하거라.{0008}
01289	sw_007_translated.tsv	{0002}ここを西に 真っ直ぐ向かって\nオデガン城の 兵士の詰め所に着いたら\nお父さんの親友の カイパ殿を探すのよ{0005}	{0002}여기서 서쪽으로 쭉 가서\n오데간 성의 병사 대기소에 도착하면\n아버지의 친구인 카이파 님을 찾으렴{0005}
01290	sw_007_translated.tsv	あの人も 偉くなってしまったけど\nお前の面倒を 見てくれるはずだから。{0008}	그분도 지체 높은 분이 되셨지만\n너를 돌봐 주실 거야.{0008}
01291	sw_007_translated.tsv	{0002}さあ {000A}や 行っといで!{0006}\nそして 英雄だった父さんにはじない\nりっぱな剣士に なって帰っておいで。{0008}	{0002}자,{000A}야,다녀오거라!{0006}\n그리고 영웅이었던 아버지에게 부끄럽지 않은\n훌륭한 검사가 되어 돌아오너라.{0008}
01292	sw_007_translated.tsv	{0002}お前の父さんの 勇者ジャイルズは\nオデガン国が ドラゴンにおそわれた時\nただひとり 勇かんに立ち向った{0005}	{0002}네 아버지인 용사 자일스는\n오데간 왕국이 드래곤에게 습격당했을 때\n홀로 용감하게 맞섰단다{0005}
01293	sw_007_translated.tsv	それは・・・すごい戦いだったんじゃが\n荒れ狂うドラゴンの 急所にひと突き\nやっとの思いで 倒したのじゃった{0005}	그것은…참으로 대단한 싸움이었지만\n날뛰는 드래곤의 급소에 단 일격\n간신히 쓰러뜨렸었지{0005}
01294	sw_007_translated.tsv	その時のキズが元で 父さんは・・・\n母さんも 後を追うように病に倒れ\n・・・お前だけが 残されたんじゃ。{0008}	그때 입은 상처가 원인이 되어 아버지는…\n어머니도 뒤를 쫓듯 병으로 쓰러지고\n…너만 남겨진 것이란다.{0008}
01295	sw_007_translated.tsv	{0002}{000A}の ヨロイすがたを見て\nおじいさんは お前のお父さんを\n思い出して しまったらしいの{0005}	{0002}{000A}의 갑옷 입은 모습을 보고\n할아버지는 네 아버지를\n떠올리셨나 보구나{0005}
01296	sw_007_translated.tsv	あなたが いなくなるとさびしいけど\n王様にお預けしたのだから・・・\nこの家は ないものと思っておくれ。{0008}	네가 없어지면 쓸쓸하겠지만\n국왕님께 맡긴 거니까…\n이 집은 없는 셈 치려무나.{0008}
01297	sw_007_translated.tsv	先祖代々伝わる 加速の技の効能とは?\nパルメキア大陸でも 使える者は少なく\n攻撃や移動やジャンプと 幅広い効能だ。{0008}	선조 대대로 전해지는 가속 기술의 효능은?\n팔메키아 대륙에서도 쓸 수 있는 자가 적고\n공격이나 이동,점프까지 폭넓은 효능이다.{0008}
01298	sw_007_translated.tsv	勇者ジャイルズ ドラゴンとの死闘!\nドラゴンのカギ爪や 吐かれる炎の中\nキズつきながら 立派に戦ったのだった。{0008}	용사 자일스,드래곤과의 사투!\n드래곤의 갈퀴 발톱과 내뿜는 불길 속에서\n상처를 입으면서도 훌륭히 싸웠다.{0008}
01299	sw_007_translated.tsv	ジャイルズ著 戦闘の極意の書!\n戦いで 敵に背中や横を見せてはならん\n正面に比べ 思う以上に被害が大きいぞ。{0008}	자일스 저,전투의 극의서!\n싸움에서 적에게 등이나 옆을 보여선 안 된다\n정면에 비해 생각보다 피해가 크다.{0008}
01300	sw_007_translated.tsv	伝説のレーサー たけ! そのレコードは\n1:03.95・・・ と 刻まれている。{0008}	전설의 레이서,타케!그 기록은\n1:03.95…라고 새겨져 있다.{0008}
01301	sw_007_translated.tsv	{0002}ん? お前おもしろいものに乗っておるの。\nどうじゃ わしといっしょに\nサーキットの 風にならんか?	{0002}음?재미있는 걸 타고 있구나.\n어떤가,나와 함께\n서킷의 바람이 되어 보지 않겠느냐?
01302	sw_007_translated.tsv	そうか 残念じゃわい・・・。{0008}	그런가,아쉽구나…{0008}
01303	sw_007_translated.tsv	おお それでこそわが孫じゃい。\n男のロマンじゃぞい!{0008}	오오,그래야 내 손주답지.\n사내의 로망이로구나!{0008}
01304	sw_007_translated.tsv	{0006} 翼のプレートで 宝石をブルーにせよ	{0006} 날개의 플레이트로 보석을 블루로 만들라
01305	sw_007_translated.tsv	{0006} その時 ペガサスは舞い上がるであろう	{0006} 그때,페가수스는 날아오를 것이다
01306	sw_007_translated.tsv	{0006} 宝石が 皹きを失うまでのあいだ・・・・{0008}	{0006} 보석이 빛을 잃을 때까지…{0008}
01307	sw_007_translated.tsv	ケケケケッ 来たな {000A}!{0008}	케케케켓,왔구나,{000A}!{0008}
01308	sw_007_translated.tsv	あの時の 弱かったお前が\nまさか オレを追ってくるとはな!{0008}	그때 그 나약했던 네가\n설마 나를 쫓아오다니!{0008}
01309	sw_007_translated.tsv	頭が コンガラがる所は苦手だから\n追っ手が来ると せかされたってな!\n・・・体力には 自身があるけどよ{0005}	머리 복잡한 건 질색이니까\n추격자가 온다고 재촉받았다고!\n…체력에는 자신 있지만 말이야{0005}
01310	sw_007_translated.tsv	そんなことより 聞きたかったんだ\n{0006}ここまで やって来たってことは\n他のやつらは やられたんだよな?{0008}	그런 것보다 묻고 싶었어\n{0006}여기까지 왔다는 건\n다른 녀석들은 당했다는 거지?{0008}
01311	sw_007_translated.tsv	ダマってるってことは そうなんだ\nバンボとグエイド そして・・・\nカーリーも カーリーもなんだな!{0008}	잠자코 있다는 건 그런 거구나\n밤보랑 구에이드,그리고…\n칼리도,칼리도 그런 거구나!{0008}
01312	sw_007_translated.tsv	グウォォォォーッ カーリィィィーッ!{0008}	구오오오오오옷,칼리이이이잇!{0008}
01313	sw_007_translated.tsv	オレの・・・オレのカーリーを・・・\n許さねぇ 絶対に・・・許さねぇ!\n{000A}だけは 許さねぇぇぇっ!{0008}	내…내 칼리를…\n용서 못 해,절대로…용서 못 해!\n{000A}만은 용서 못 해에에엣!{0008}
01314	sw_007_translated.tsv	ウオーン パワーが パワーが・・・\nお前か! {000A}!\n巨人のパワーを うばったのは!{0008}	우오오옹,힘이,힘이…\n네놈이냐!{000A}!\n거인의 힘을 빼앗은 것은!{0008}
01315	sw_007_translated.tsv	あと少し・・・あと少しで\n巨人は 復活をとげたはずだった!{0008}	조금만 더…조금만 더 있으면\n거인은 부활했을 텐데!{0008}
01316	sw_007_translated.tsv	しかし まだ間に合うはずだ\nジンのオーブを 返してもらおうか!\nお前を血察りに 巨人を復活する!{0008}	하지만 아직 늦지 않았을 거다\n진의 오브를 돌려받아야겠다!\n너를 제물 삼아 거인을 부활시키겠다!{0008}
01317	sw_007_translated.tsv	私の負けだよ {000A}・・・\nオデガンの勇者の息子という肩書きは\nダテじゃなかった・・・ということだ。{0008}	내가 졌다,{000A}…\n오데간 용사의 아들이라는 명성은\n허울뿐이 아니었던 모양이군.{0008}
01318	sw_007_translated.tsv	もうすぐ私は 魔界にいくだろう・・・\n親友のオッド・・・アイと同じように\nどんな所か・・・楽しみだ うぐぐ。{0008}	이제 곧 나는 마계로 가겠지…\n친구인 오드…아이와 마찬가지로\n어떤 곳일지…기대되는군,으윽.{0008}
01319	sw_007_translated.tsv	クックックッ しかし 一人ではない\n{000A}よ お前もいっしょにだ\nお前も 道連れだぞ ぬわあああーっ!{0008}	쿡쿡쿡,하지만 혼자는 아니다\n{000A},너도 함께다\n너도 길동무다,누와아아아아~!{0008}
01320	sw_007_translated.tsv	そ そんな・・・バカな・・・。{0008}	그,그런…말도 안 돼…{0008}
01321	sw_007_translated.tsv	沼に突き出てた・・・台地が・・・\n根こそぎ なくなってしまってる!\nまさか・・・パゾートの力で・・・。{0008}	늪 위로 솟아 있던…대지가…\n송두리째 사라져 버렸어!\n설마…파조트의 힘으로…{0008}
01322	sw_007_translated.tsv	{000A}ーッ {000A}ーッ!{0008}	{000A}~!{000A}~!{0008}
01323	sw_007_translated.tsv	{000A}ーッ {000A}・・・。{0008}	{000A}~!{000A}…{0008}
01324	sw_007_translated.tsv	だめだ・・・返事がないなんて・・・\n{000A}は パゾートを倒したのに・・・\nなのに・・・死んでしまったのか!{0008}	안 돼…대답이 없다니…\n{000A}는 파조트를 쓰러뜨렸는데…\n그런데도…죽어 버린 건가!{0008}
01325	sw_007_translated.tsv	{000A}ーッ {000A}ーッ\n頼むよ・・・返事をしてくれ・・・\n私は・・・どうしたらいいんだ・・・。{0008}	{000A}~!{000A}~!\n제발…대답해 줘…\n나는…어떻게 해야 하지…{0008}
01326	sw_007_translated.tsv	こんなことって・・・あるか・・・\nこんなのって あんまりじゃないか!{0005}	이런 일이…있을 수 있나…\n이건 너무하잖아!{0005}
01327	sw_007_translated.tsv	あんなにがんばった {000A}が\n最後のドタンバで 死ぬなんて・・・\nあんなに若くて 素晴らしい青年が。{0008}	그렇게 애썼던 {000A}가\n마지막 순간에 죽다니…\n그렇게 젊고 훌륭한 청년이.{0008}
01328	sw_007_translated.tsv	できるなら 私が代わりたい・・・\nでも ムリなんだ できないんだ\nだから帰るよ {000A}・・・。{0008}	할 수만 있다면 내가 대신하고 싶어…\n하지만 무리야,할 수 없어\n그러니 돌아갈게,{000A}…{0008}
01329	sw_007_translated.tsv	ふっふっふっふ・・・{0006}\n時間内にゴールできたら いいものをあげよう\nただし 持ち物は預からせてもうらうよ{0007}	후후후후…{0006}\n시간 안에 골인하면 좋은 걸 주지\n단,소지품은 맡아 두겠네{0007}
01330	sw_007_translated.tsv	ゴーーーーール{0004}	고오오오오올{0004}
01331	sw_007_translated.tsv	ほほう {000A} といったか・・・\nこの迷宮に お前がやってきたのでは\nバンボが 倒されたということだな?{0008}	호오,{000A}라고 했던가…\n이 미궁에 네가 왔다는 건\n밤보가 쓰러졌다는 뜻이겠구나?{0008}
01332	sw_007_translated.tsv	やつは 悪巧みにかけては天才だったが\n戦いの能力は 劣っていたからなあ\nふっ それも 運命というものか・・・。{0008}	그놈은 못된 계략에는 천재였지만\n싸움 실력은 형편없었으니까\n훗,그것도 운명이라는 것인가…{0008}
01333	sw_007_translated.tsv	火のジンが 解放されぬために来たなら\n手遅れだったな ジンは解放されたのだ\n巨人の復活のため 地底の沼に向かった{0005}	불의 진이 해방되지 않게 하려고 왔다면\n이미 늦었다,진은 해방되었다\n거인 부활을 위해 지저의 늪으로 향했지{0005}
01334	sw_007_translated.tsv	お前には これ以上動き回れぬように\nここで・・・死んでもらうことにした\n他の者より 少し先に行くがいい!{0008}	너는 더 이상 돌아다니지 못하도록\n여기서…죽어 주어야겠다\n다른 자보다 조금 먼저 가는 것뿐이다!{0008}
01335	sw_007_translated.tsv	ゴーーーーール{0007}	고오오오오올{0007}
01336	sw_007_translated.tsv	やはり あんたが\nやってきたんだね!{0008}	역시 네가\n와 주었구나!{0008}
01337	sw_007_translated.tsv	グドーに住んで ずいぶんたつけど\nオデガンの者が やってくるのは\nジャイルズ以来 はじめてのことだよ。{0008}	구도에 산 지도 꽤 됐지만\n오데간 사람이 찾아오는 건\n자일스 이후로 처음이야.{0008}
01338	sw_007_translated.tsv	そうだよ あんたの父さんさ\nあの人の ドラゴンとの戦いも\nグドーの谷が はじまりなんだ・・・{0005}	그래,네 아버지 말이야\n그분이 드래곤과 싸운 것도\n구도 골짜기가 시작이었지…{0005}
01339	sw_007_translated.tsv	オデガン王も 冒険に名を借りて\nあんたを 私の元によこすなんて\nまだまだ もうろくしちゃいないね。{0008}	오데간 왕도 모험이라는 핑계로\n너를 내게 보내다니\n아직 노망나지는 않았구나.{0008}
01340	sw_007_translated.tsv	ははは わからなくても無理ないけど\n谷の精に 会いに行けっていうんで\nここに来たんだから まちがいないよ。{0008}	하하,이해 못 해도 무리는 아니지만\n골짜기의 정령을 만나러 가라고 해서\n여기 온 거라면 틀림없어.{0008}
01341	sw_007_translated.tsv	おや・・・あたしじゃないというなら\nどんなヤツだと 思ってるんだい?\nそれは 例えば こんなやつかね!{0008}	어머…내가 아니라고 한다면\n어떤 놈일 거라고 생각하는 거지?\n그건 예를 들면 이런 녀석이려나!{0008}
01342	sw_007_translated.tsv	それとも こんなやつだったかね?{0008}	아니면 이런 녀석이었으려나?{0008}
01343	sw_007_translated.tsv	それじゃ こんなだったかねぇ?{0008}	그럼 이런 모습이었으려나?{0008}
01344	sw_007_translated.tsv	それじゃ こんな風だったかしら?{0008}	그럼 이런 느낌이었으려나?{0008}
01345	sw_007_translated.tsv	こんにちは {000A}さん\nやっと ここまで来てくれましたね。{0008}	안녕하세요,{000A}님\n드디어 여기까지 와 주셨군요.{0008}
01346	sw_007_translated.tsv	オデガンの国は 私が思っていたより\n大変なことに なってしまいました。{0008}	오데간 나라는 제가 생각했던 것보다\n훨씬 심각한 상황이 되어 버렸습니다.{0008}
01347	sw_007_translated.tsv	きっと いつもは眺明な王様でも\n王女のことは 信じられないでしょう\nまさか 目の前の王女がニセ者なんて。{0008}	분명 평소라면 총명하신 국왕님이라도\n왕녀님 일만큼은 믿지 못하시겠죠\n설마 눈앞의 왕녀님이 가짜라니.{0008}
01348	sw_007_translated.tsv	こうなったら 本物の王女を見つけて\n王の目を さますしかありません{0005}	이렇게 된 이상 진짜 왕녀님을 찾아서\n국왕님의 눈을 뜨게 하는 수밖에 없어요{0005}
01349	sw_007_translated.tsv	いま 白鳥にされたサテラ王女は\n迷いの森を 奥へとさまよっています。{0008}	지금 백조가 된 사테라 왕녀님은\n미로의 숲 깊숙이 헤매고 계세요.{0008}
01350	sw_007_translated.tsv	これで 森のトレントとも話せます\n彼らから 白鳥の話しを聞き出して\n・・・彼女を すくって上げて下さい{0005}	이걸로 숲의 트렌트와도 이야기할 수 있어요\n그들에게서 백조에 대한 이야기를 듣고\n…그녀를 구해 주세요{0005}
01351	sw_007_translated.tsv	そして 西の地方の千年樹の仙人に\n彼女にかかった 魔法をといてもらい\nオデガン城に 連れて帰るのです。{0008}	그리고 서쪽 지방의 천년수 선인에게\n그녀에게 걸린 마법을 풀어 달라고 해서\n오데간 성으로 데려가 주세요.{0008}
01352	sw_007_translated.tsv	起きなさいな {000A}!\n起きなさいってば・・・。{0008}	일어나세요,{000A}!\n일어나시라니까…{0008}
01353	sw_007_translated.tsv	本当にありがとう {000A}!\nおかげで オデガンは救われたわ。{0008}	정말 고마워요,{000A}!\n덕분에 오데간은 구원받았어요.{0008}
01354	sw_007_translated.tsv	あなた一人で パゾート一味を倒し\n巨人の復活を くい止めるなんて\n本当に ガンバリ屋さんだったわね!{0008}	당신 혼자서 파조트 일당을 쓰러뜨리고\n거인 부활을 막아 내다니\n정말 열심히 하시는 분이었네요!{0008}
01355	sw_007_translated.tsv	ごめんね・・・{000A}・・・\nここは オデガンではないのよ。{0008}	미안해요…{000A}…\n여기는 오데간이 아니에요.{0008}
01356	sw_007_translated.tsv	パゾートとの 戦いを思い出して・・・\nあなたは パゾートとゆうかんに戦って\nそして・・・あいつに勝ったわよね?{0008}	파조트와의 싸움을 떠올려 보세요…\n당신은 파조트와 용감히 싸워서\n그리고…그놈을 이겼죠?{0008}
01357	sw_007_translated.tsv	でも・・・ひきょうなパゾートは\n最後の力で あなたを道連れに・・・\n残念だけど あなたは死にかけてるの。{0008}	하지만…비겁한 파조트는\n마지막 힘으로 당신을 길동무로…\n안타깝지만 당신은 죽어 가고 있어요.{0008}
01358	sw_007_translated.tsv	ううん ここは天国じゃないわ。{0008}	아니요,여기는 천국이 아니에요.{0008}
01359	sw_007_translated.tsv	大変だわ・・・天国から・・・\nむかえが来たわ・・・。{0008}	큰일이에요…천국에서…\n마중이 왔어요…{0008}
01360	sw_007_translated.tsv	そりゃあ そうでしょうとも・・・\nだれだって 死にたくなんてないわ\n・・・だけど・・・運命なの・・・。{0008}	그야 당연하죠…\n누구든 죽고 싶지는 않으니까요\n…하지만…운명인걸요…{0008}
01361	sw_007_translated.tsv	一度 定まった運命は\nどうにもならないの・・・。{0008}	한번 정해진 운명은\n어찌할 도리가 없어요…{0008}
01362	sw_007_translated.tsv	でもね {000A}は死なせたくない\nあなたは 本当によくやってくれたもの\nそんな人を・・・死なせられないわ!{0008}	하지만 {000A}는 죽게 하고 싶지 않아요\n당신은 정말 잘해 주었는걸요\n그런 사람을…죽게 할 수는 없어요!{0008}
01363	sw_007_translated.tsv	あなたは まだ 死んでいないから\n私たち精霊が・・・命を吹き込める!\nそれは・・・禁じられてるけど・・・。{0008}	당신은 아직 죽지 않았으니까\n우리 정령들이…생명을 불어넣을 수 있어요!\n그건…금지되어 있지만…{0008}
01364	sw_007_translated.tsv	お眠りなさい {000A}!\n気がついた時・・・あなたは\nオデガンに 戻っているでしょう。{0008}	잠드세요,{000A}!\n정신이 들었을 때…당신은\n오데간으로 돌아가 있을 거예요.{0008}
01365	sw_007_translated.tsv	さようなら・・・\nいとしい {000A}・・・。{0008}	안녕히…\n사랑스러운 {000A}…{0008}
01366	sw_007_translated.tsv	精霊は 自然の運命に・・・\n関わっては いけない決まりなの{0005}	정령은 자연의 운명에…\n관여해서는 안 되는 규율이에요{0005}
01367	sw_007_translated.tsv	あなたを助れば・・・罰せられます\n遠い・・・どこかの迷宮に封じられ\n二度と・・・会えないでしょう・・・。{0008}	당신을 구하면…벌을 받아요\n머나먼…어딘가의 미궁에 봉인되어\n두 번 다시…만날 수 없겠죠…{0008}
01368	sw_007_translated.tsv	それでも・・・いいのです・・・\nそのせいじつな・・・心を・・・\nいつまでも なくさないで・・・。{0008}	그래도…괜찮아요…\n그 성실한…마음을…\n언제까지나 잃지 말아요…{0008}
01369	sw_007_translated.tsv	さようなら {000A}・・・\nさよう・・・なら・・・。{0008}	안녕히,{000A}…\n안…녕히…{0008}
01370	sw_007_translated.tsv	魔力のティアラの 美しい白鳥なら\n迷いの森を 北の方へ向かったよ{0008}	마력의 티아라를 쓴 아름다운 백조라면\n미로의 숲을 북쪽으로 향했어{0008}
01371	sw_007_translated.tsv	・・・ まずいな 大グモの巣の通路に\n大木を越えて 迷い込んだらしいよ\n大木は動かしとくから 早く行くんだね。{0008}	…큰일이네,큰 거미 둥지의 통로에\n거목를 넘어 길을 잃어든 것 같아\n거목는 치워 둘 테니 어서 가 보렴.{0008}
01372	sw_007_translated.tsv	白鳥が 大グモにやられる前に\n急いで 助けに行くんだね。{0008}	백조가 큰 거미에게 당하기 전에\n서둘러 구하러 가 보렴.{0008}
01373	sw_007_translated.tsv	あんたが 大グモから助けたのが\nその きれいな白鳥さんだね?\nよかったな 白鳥のおじょうさん!{0008}	네가 큰 거미에게서 구해 준 게\n그 아름다운 백조 아가씨지?\n다행이구나,백조 아가씨!{0008}
01374	sw_007_translated.tsv	へえ そのおじょうさんが\nあの時の 白鳥だなんて・・・ {0006}\nこの世界は 不思議なことがあるね。{0008}	허,그 아가씨가\n그때 그 백조였다니…{0006}\n이 세상에는 신기한 일도 다 있구나.{0008}
01375	sw_007_translated.tsv	谷の精から聞いて おどろいたが\n有名な ダークエルフのパゾートが\n巨人を解放しに やってきてるって?{0005}ジンたちが 宝玉で解放されたら\n悪夢が 現実になってしまうんだ\nああ 考えただけでも 恐ろしいよ。{0008}	골짜기의 정령에게 듣고 놀랐지만\n유명한 다크엘프 파조트가\n거인을 해방하러 왔다고?{0005}진들이 보주로 해방되면\n악몽이 현실이 되어 버릴 거야\n아아,생각만 해도 무섭구나.{0008}
01376	sw_007_translated.tsv	かみかざりをした白鳥? ウーン\n眠っていたから 気づかなかったな\n他のトレントにも 聞いてみるといい。{0008}	머리 장식을 한 백조?으음\n잠들어 있어서 몰랐네\n다른 트렌트에게도 물어보는 게 좋겠어.{0008}
01377	sw_007_translated.tsv	北の方から 助けを求める声がする\nよく 聞き取れないけど・・・ たぶん\n大グモの巣から 聞こえてくるんだよ。{0008}	북쪽에서 도움을 청하는 목소리가 들려\n잘 안 들리지만…아마\n큰 거미 둥지에서 들려오는 것 같아.{0008}
01378	sw_007_translated.tsv	千年樹の大きな葉は ヘソまがりだから\n道をふさがれたら おどかしてやるといい\n重いので ヘソを押してみるとかね。{0008}	천년수의 큰 잎사귀는 심술궂으니까\n길이 막히면 놀라게 해 주면 좋아\n무거우니까 배꼽을 눌러 본다든가 말이야.{0008}
01379	sw_007_translated.tsv	この前の勇気ある少年に・・・こんにちは人間のおじょうさんお似合いのカップルだと思うよ。{0008}	요전에 본 용감한 소년에게…안녕히,인간 아가씨,잘 어울리는 한 쌍이라고 생각해.{0008}
01380	sw_007_translated.tsv	もし 西の地方に行くのなら\nいいことを 教えてあげよう{0005}西の地方を南に 下っていくと\n東の地方へ続く どうくつがあるのさ\n何かのときには 使ってみると便利だよ。{0008}	혹시 서쪽 지방에 간다면\n좋은 걸 알려 주지{0005}서쪽 지방을 남쪽으로 내려가면\n동쪽 지방으로 이어지는 동굴이 있어\n뭔가 있을 때 쓰면 편리할 거야.{0008}
01381	sw_007_translated.tsv	・・・・・・{0008}	…{0008}
01382	sw_007_translated.tsv	もしや・・・{0006} 私の言葉がわかるのね?{0008}	혹시…{0006} 제 말을 알아듣는 건가요?{0008}
01383	sw_007_translated.tsv	あなたは 私が白鳥にされた夜に\n私を 助けに来てくれた人ですね?{0008}	당신은 제가 백조가 된 그날 밤\n저를 구하러 와 주셨던 분이죠?{0008}
01384	sw_007_translated.tsv	あの夜から どうしていいか・・・\nでも 私を助けに来てくれたのなら\nあなたの後に ついてまいります!{0008}	그날 밤부터 어찌해야 할지…\n하지만 저를 구하러 와 주셨다면\n당신 뒤를 따르겠어요!{0008}
01385	sw_007_translated.tsv	勇者ジャイルズの子 {000A}や\nよくぞ ここまでやってきましたね!{0008}	용사 자일스의 아들,{000A}여\n잘도 여기까지 와 주었구나!{0008}
01386	sw_007_translated.tsv	私の所に 剣を授かりに来たのは\nジャイルズ以来 久しぶりのことです。{0008}	내게 검을 받으러 온 것은\n자일스 이후로 오랜만이로구나.{0008}
01387	sw_007_translated.tsv	それでは 地上の者たちとの約朿です\n光なる剣を 授けましょう・・・。{0008}	그럼 지상의 사람들과의 약속이다\n빛의 검을 내려 주마…{0008}
01388	sw_007_translated.tsv	{000A}や 剣をかかげなさい!{0008}	{000A}여,검을 치켜들어라!{0008}
01389	sw_007_translated.tsv	全ての魔法と シャイニングソードで\nあなたは どんな敵とも戦えます{0005}	모든 마법과 샤이닝 소드로\n너는 어떤 적과도 싸울 수 있다{0005}
01390	sw_007_translated.tsv	さあ お行きなさい\nダークエルフの 悪しき野望から\nこのオデガンを 守るのです!{0008}	자,가거라\n다크엘프의 사악한 야망으로부터\n이 오데간을 지키거라!{0008}
01391	sw_007_translated.tsv	来ましたね {000A}クン!\n残念ながら 水のジンは解放され\n今頃は 地底の沼に向かってるはず!{0005}	왔구나,{000A} 군!\n안타깝지만 물의 진은 해방되어\n지금쯤 지저의 늪으로 향하고 있을 거다!{0005}
01392	sw_007_translated.tsv	この前 ハジをかかせてくれてから\nずっと この時を待ってましたよ\nキミと戦う・・・その日をね。{0008}	요전에 날 망신 준 후로\n계속 이 순간을 기다려 왔지\n너와 싸울 그날을 말이야.{0008}
01393	sw_007_translated.tsv	キミは 私と戦わなければなりません\n・・・水のオーブが 欲しいんでしょ?\nねっ だから 戦わなきゃいけない{0005}	너는 나와 싸워야만 한다\n…물의 오브를 원하는 거지?\n그러니까 싸워야만 하는 거야{0005}
01394	sw_007_translated.tsv	でも 水のあるところの戦いとなると\nキミには 勝ち目はありませんよ\nフォフォフォ 死ぬがいい!{0008}	하지만 물이 있는 곳에서의 싸움이라면\n네게는 승산이 없어\n포포포,죽어라!{0008}
01395	sw_007_translated.tsv	「なんじ 水のオーブを持つ者なら\n この迷宮にいどむ 資格者とみなす\n 持たぬならば 引き上げるがよい!」{0008}	「그대,물의 오브를 지닌 자라면\n 이 미궁에 도전할 자격이 있는 자로 인정하겠다\n 지니지 않았다면 물러가거라!」{0008}
01396	sw_007_translated.tsv	井戸を のぞき込んでみると・・・\n美しい 元気の出そうな水があります\n飲んでみますか?	우물 속을 들여다보니…\n아름답고 힘이 솟을 것 같은 물이 있습니다\n마셔 보시겠습니까?
01397	sw_007_translated.tsv	へぇぇ ささやきの貝を持ってるなんて\n谷の妖精に合う力を持ってるのかい?\n人間族にも そんな人が残ってたのか!{0005}	허어,속삭임의 조개를 가지고 있다니\n골짜기의 요정을 만날 힘을 지녔다는 건가?\n인간족에도 그런 자가 남아 있었구나!{0005}
01398	sw_007_translated.tsv	オーケイ 何か聞きたいんだろう\nホビット族の 行方のことかな?	오케이,뭔가 물어보고 싶은 거겠지\n호빗족의 행방에 대한 거겠지?
01399	sw_007_translated.tsv	あの夜・・・村の泉がかがやいて\n村人たちが 集まっていったんだ{0005}	그날 밤…마을의 샘이 빛나며\n마을 사람들이 모여들었지{0005}
01400	sw_007_translated.tsv	全員が 泉の回りを囲んだとたんに\n泉がかがやきをまし 光を失った時\n村の者のすがたが 消えていたのだよ。{0008}	전원이 샘 주위를 둘러싸자마자\n샘이 더욱 빛나다가 빛을 잃었을 때\n마을 사람들의 모습이 사라져 있었다네.{0008}
01401	sw_007_translated.tsv	村人をのみこんだ あの光は\nカガミのかがやきに そっくりだった\n村人は 鏡に吸い込まれたのかも・・・{0005}	마을 사람들을 집어삼킨 그 빛은\n거울의 빛과 똑같았어\n마을 사람들은 거울에 빨려 들어간 걸지도…{0005}
01402	sw_007_translated.tsv	パッセージミラーを知っているかね?\n魔力のかかった鏡に 向かい合わせると\n鏡の世界に 行けるらしいのだよ。{0008}	패시지 미러를 아는가?\n마력이 깃든 거울을 마주 보게 하면\n거울 세계로 갈 수 있다고 하더군.{0008}
01403	sw_007_translated.tsv	ホビットたちが 救われたおかげで\nまた 彼らと楽しく過ごせそうだよ{0005}	호빗들이 구조된 덕분에\n다시 그들과 즐겁게 지낼 수 있겠어{0005}
01404	sw_007_translated.tsv	ほかにも 私の知っていることを\n知りたそうだね・・・オーケイ\nシャイニングソードのことかな?	그 밖에도 내가 알고 있는 것을\n알고 싶어 하는 것 같은데…오케이\n샤이닝 소드에 관한 건가?
01405	sw_007_translated.tsv	水の迷宮の北の 2対の岬があって\nそこで すべてのオーブの力を見せると\n聖なる迷宮の道が 開かれるというよ。{0008}	물의 미궁 북쪽에 두 개의 곶이 있고\n그곳에서 모든 오브의 힘을 보이면\n성스러운 미궁의 길이 열린다고 해.{0008}
01406	sw_007_translated.tsv	巨人の眠る 地底の沼に続く迷宮の上に\nオデガン城が 立てられたと聞いたよ\nジンたちも きっとそこにいるはずさ。{0008}	거인이 잠든 지저의 늪으로 이어지는 미궁 위에\n오데간 성이 세워졌다고 들었어\n진들도 분명 그곳에 있을 거야.{0008}
01407	sw_007_translated.tsv	ボクは エルフの魔法使いカズン!\nパルメキアの グランシール国から\nパゾートを追って やって来たんだ{0005}	나는 엘프 마법사 카즌!\n팔메키아의 그랑실 왕국에서\n파조트를 쫓아 여기까지 왔어{0005}
01408	sw_007_translated.tsv	{000A}君のことは 注目してたけど\nさすがは 大陸でも有名な勇者の子息だ\nキミの勇気には 感心してるんだよ!{0005}	{000A} 군에 대해서는 주목하고 있었지만\n역시 대륙에서도 유명한 용사의 아들이야\n네 용기에 감탄하고 있어!{0005}
01409	sw_007_translated.tsv	キミは ボクの親友のようだ・・・\nそいつは ボウイっていうんだけどさ。{0008}	너는 내 친구와 닮은 것 같아…\n그 녀석은 보위라고 하는데 말이지.{0008}
01410	sw_007_translated.tsv	私は エルフのサラ どうぞよろしく\n私たちは・・・パゾートを追って\n旅をして ここまでやって来たのです。{0005}	저는 엘프 사라예요,잘 부탁해요\n저희는…파조트를 쫓아서\n여행을 해서 여기까지 왔답니다.{0005}
01411	sw_007_translated.tsv	2人で旅してるから 間違われるけど\nけっして 恋人同士じゃないのよ!\nそう思われるのは・・・心外だわ。{0008}	둘이서 여행하니까 오해받지만\n결코 연인 사이는 아니에요!\n그렇게 생각되는 건…유감이에요.{0008}
01412	sw_007_translated.tsv	あの夜・・・泉がかがやいていると\nこの村の者が 全員集まったのです{0005}	그날 밤…샘이 빛나고 있어서\n이 마을 사람들이 전부 모였답니다{0005}
01413	sw_007_translated.tsv	まさか ダークエルフのワナだったとは\n・・・{000A}に助けられなければ\nどうなったかと思うと 怖ろしい。{0008}	설마 다크엘프의 함정이었다니\n…{000A}가 구해 주지 않았다면\n어떻게 됐을지 생각하면 무섭구나.{0008}
01414	sw_007_translated.tsv	{000A}は ジャイルズ殿の息子?\nどおりで ぼくらを助けられたはずだ\nキミは 父親の血を受けついでるんだ。{0008}	{000A}는 자일스 님의 아들?\n어쩐지 우리를 구할 수 있었던 거구나\n너는 아버지의 피를 이어받았어.{0008}
01415	sw_007_translated.tsv	オデガン王が 会ってくれなかったのは\n王女様のことで おどされてたからだろ\nはは それくらいのことはわかるのさ。{0008}	오데간 왕이 만나 주지 않았던 건\n왕녀님 일로 협박당했기 때문이겠지\n하하,그 정도는 알 수 있지.{0008}
01416	sw_007_translated.tsv	パゾートの 4人の子分の内の3人を\nキミ一人で 倒しちゃったってホント?\nさすがは ジャイルズ殿の息子さんだ{0005}	파조트의 네 부하 중 셋을\n너 혼자서 쓰러뜨렸다는 게 정말이야?\n역시 자일스 님의 아드님이네{0005}
01417	sw_007_translated.tsv	風の迷宮で 残りのヌーグを倒せば\n4つのオーブが そろうんだよね?{0008}	바람의 미궁에서 남은 누그를 쓰러뜨리면\n네 개의 오브가 모이는 거지?{0008}
01418	sw_007_translated.tsv	ぼくらが 閉じこめられている間に\n3つのジンが 解放されたんだって!\n4つ目も 解放されちゃうのかなあ{0005}	우리가 갇혀 있는 동안\n세 개의 진이 해방되었다니!\n네 번째도 해방되고 마는 걸까{0005}
01419	sw_007_translated.tsv	そうなると シャイニングソードだけが\n最後の 巨人を封ずる切り札だなあ。{0008}	그렇게 되면 샤이닝 소드만이\n마지막 거인을 봉인할 비장의 카드로구나.{0008}
01420	sw_007_translated.tsv	ぼくたちは キラキラとした中に\nずっと 閉じこめられていたんだ{0005}	우리는 반짝반짝한 것 속에\n계속 갇혀 있었어{0005}
01421	sw_007_translated.tsv	すごい光が 一面に広がって・・・\n光が消えると 泉の前にもどってた\n何だか・・・ユメでも見てたみたいさ。{0008}	엄청난 빛이 온통 퍼지고…\n빛이 사라지자 샘 앞으로 돌아와 있었어\n왠지…꿈이라도 꾼 것 같았어.{0008}
01422	sw_007_translated.tsv	ここは 歴史の古いホビット村だよ\nそうだ! 村の井戸の水を飲むと\n力がわいてくるから 行ってごらんよ。{0008}	여기는 역사 깊은 호빗 마을이야\n맞다!마을 우물물을 마시면\n힘이 솟아나니까 가 보렴.{0008}
01423	sw_007_translated.tsv	キミが ジャイルズの息子{000A}!\nダークエルフの魔女 カーリーから\nよくぞ助けてくれたな ありがとうよ{0008}	네가 자일스의 아들,{000A}!\n다크엘프 마녀 칼리로부터\n잘도 구해 줬구나,고맙다{0008}
01424	sw_007_translated.tsv	まさか あのパゾートの一味が\nホビット村を ターゲットにするとは\n思わんかったんで 油断したわい。{0008}	설마 그 파조트 일당이\n호빗 마을을 노릴 줄은\n생각도 못 해서 방심했다네.{0008}
01425	sw_007_translated.tsv	やつらにとって 私たちが動くことが\n目ざわりだった・・・のでしょうね。{0008}	그들에게 우리가 움직이는 게\n눈엣가시였던…걸 테지요.{0008}
01426	sw_007_translated.tsv	鏡の迷宮に 閉じこめらている間に\n3つのジンが解放されてしまったのね?{0008}	거울 미궁에 갇혀 있는 동안에\n세 개의 진이 해방되고 만 거군요?{0008}
01427	sw_007_translated.tsv	長老 私たちはオデガン城に向かい\nこの前と同じ様に 古代のほこらから\n巨人の様子を 見てこようと思います。{0008}	장로님,저희는 오데간 성으로 가서\n지난번과 마찬가지로 고대 사당에서\n거인의 상태를 보고 오려고 합니다.{0008}
01428	sw_007_translated.tsv	{000A} キミは風の迷宮に行って\n風のジンが 解放されるのを防いでくれ{0005}	{000A},너는 바람의 미궁으로 가서\n바람의 진이 해방되는 것을 막아 다오{0005}
01429	sw_007_translated.tsv	もしも それがダメだったなら・・・\nヌーグの持つ 最後のオーブを取り返し\n全てのジンと 戦える準備を整えろ!{0008}	만약 그것이 실패한다면…\n누그가 가진 마지막 오브를 되찾아\n모든 진과 싸울 준비를 갖추거라!{0008}
01430	sw_007_translated.tsv	そうね 全てのジンが解放されたなら\n巨人の復活を 防ぐ手だてとしては\nその方法しか・・・残されていないもの{0005}	그래요,모든 진이 해방된다면\n거인의 부활을 막을 방법으로는\n그 방법밖에…남아 있지 않아요{0005}
01431	sw_007_translated.tsv	巨人が 復活する力を取りもどす前に\nジンを倒し オーブに封じ込めること\n・・・そのためにも オーブが必要ね。{0008}	거인이 부활할 힘을 되찾기 전에\n진을 쓰러뜨려 오브에 봉인할 것\n…그러기 위해서도 오브가 필요해요.{0008}
01432	sw_007_translated.tsv	これは ペガサスヘルムといって\n風の精霊の 魔力を受けたカブトなんだ{0005}	이것은 페가수스 헬름이라고 해서\n바람의 정령의 마력을 받은 투구다{0005}
01433	sw_007_translated.tsv	このエルフの宝を キミに上げよう!\nキミが 風の迷宮に行ったときに\nきっと 役に立つはずだから・・・。{0008}	이 엘프의 보물을 네게 주마!\n네가 바람의 미궁에 갔을 때\n분명 도움이 될 테니까…{0008}
01434	sw_007_translated.tsv	うむ くれぐれも頼んだぞ!{0008}	음,부디 잘 부탁한다!{0008}
01435	sw_008.tsv	万が一 風のジンが解放されたなら\n4つのオーブが 導いてくれるという\n光の迷宮を探し 剣を見つけなさい{0005}	만에 하나 바람의 진이 해방된다면\n네 개의 오브가 인도해 줄 거예요\n빛의 미궁을 찾아 검을 찾아내세요{0005}
01436	sw_008.tsv	そこにある シャイニングソードこそ\n巨人を・・・パゾートを倒すための\n最後の 切り札となる武器だから。{0008}	그곳에 있는 샤이닝 소드야말로\n거인을…파조트를 쓰러뜨리기 위한\n마지막 비장의 무기니까.{0008}
01437	sw_008.tsv	エルフの宝 ペガサスヘルムをつければ\n風の迷宮を 自由に動き回れるじゃろ{0005}	엘프의 보물 페가수스 헬름을 쓰면\n바람의 미궁을 자유롭게 돌아다닐 수 있을 게야{0005}
01438	sw_008.tsv	しかし・・・空を飛んでいる間は\n魔法以外 戦う手立てがない\nオーブを 忘れずに装備するんじゃ。{0008}	하지만…하늘을 나는 동안에는\n마법 말고는 싸울 방법이 없다\n오브를 잊지 말고 장비하게나.{0008}
01439	sw_008.tsv	井戸の水を 飲むのは自由だけど\nボトルに詰めるには お金をもらうよ\n村のしきたりで そうなってるんだ{0005}	우물물은 마음껏 마셔도 되지만\n병에 담으려면 돈을 받는다네\n마을 관습이 그렇게 되어 있거든{0005}
01440	sw_008.tsv	ホビットの薬は 金貨100枚だけど\nどうだい 持っていくかい	호빗의 약은 금화 100개인데\n어때,가져가겠나?
01441	sw_008.tsv	そうかい・・・そりゃ残念・・・\nまた 必要になったら\nいつでも 言ってくれよ。{0008}	그런가…그거 아쉽군…\n또 필요하면\n언제든 말해 주게.{0008}
01442	sw_008.tsv	よし わかった 早速入れてやろう!{0008}	좋아,알겠다!바로 넣어 주지!{0008}
01443	sw_008.tsv	ホビットのくすりを 入れてもらった{0008}	호빗의 약을 넣어 주었다{0008}
01444	sw_008.tsv	これでいい ボトルはマンタンだ\nまた 必要になったら\nいつでも 言ってくれよ。{0008}	자,됐다!병이 가득 찼어\n또 필요하면\n언제든 말해 주게.{0008}
01445	sw_008.tsv	おや? お金が足りないようだね\n残念だが お金がたまったら\nまた 声をかけてくれよな。{0008}	어라?돈이 부족한 모양이군\n안됐지만 돈이 모이면\n다시 말을 걸어 주게.{0008}
01446	sw_008.tsv	おや? 空のボトルを 持ってないようだね\n空のボトルがあったら\nまた 声をかけてくれよな。{0008}	어라?빈 병이 없는 모양이군\n빈 병이 생기면\n다시 말을 걸어 주게.{0008}
01447	sw_008.tsv	ホビットの 名もない若者の日記!\nダークエルフと このまま戦えば\nいつかは われわれも狙われる。{0008}	호빗의 이름 없는 젊은이의 일기!\n다크엘프와 이대로 싸우다간\n언젠가는 우리도 표적이 된다.{0008}
01448	sw_008.tsv	双子岩の 黒いカベの伝説!\n4つのオーブと たくましい精神の者が\n黒いカベにふれた時 迷宮が開かれる。{0008}	쌍둥이 바위의 검은 벽의 전설!\n네 개의 오브와 강인한 정신을 지닌 자가\n검은 벽에 닿을 때 미궁이 열린다.{0008}
01449	sw_008.tsv	ジャンプシューズの 迷宮の伝説!\n水のオーブを 使いこなせる者だけが\n跳躍の力を手に入れるという・・・。{0008}	점프 슈즈의 미궁의 전설!\n물의 오브를 다룰 수 있는 자만이\n도약의 힘을 얻게 된다고 한다…{0008}
01450	sw_008.tsv	ホビット族の 仲間の交流!\nグランシール島に 渡った仲間たちは\nミスリル銀の 細工職人になったとか。{0008}	호빗족 동료들의 교류!\n그랑실 섬으로 건너간 동료들은\n미스릴 은 세공사가 되었다더라.{0008}
01451	sw_008.tsv	ホビット村の 不思議な井戸の伝説!\nいつからか? ホビット村の井戸には\nどんな疲れもいやす 不思議な水がわく。{0008}	호빗 마을 신비한 우물의 전설!\n언제부턴가 호빗 마을의 우물에서는\n어떤 피로도 풀어 주는 신비한 물이 솟는다.{0008}
01452	sw_008.tsv	火の迷宮の 近くの道具屋の広告!\n西の地方にない 便利な道具の店が\n火の迷宮近くの 岩の中にオープン。{0008}	불의 미궁 근처 도구점 광고!\n서쪽 지방에는 없는 편리한 도구 가게가\n불의 미궁 근처 바위 속에 오픈.{0008}
01453	sw_008.tsv	火の迷宮の道具屋 姉妹店の広告!\n今度 東の地方の泉に 堂々オープン!\n珍しい品続々 ぜひお立ち寄り下さい。{0008}	불의 미궁 도구점 자매점 광고!\n이번엔 동쪽 지방의 샘에 당당히 오픈!\n진귀한 물건이 속속 입고,꼭 들러 주세요.{0008}
01454	sw_008.tsv	パッセージミラーと 鏡の迷宮!\n魔法力のある 反射効果のあるものに\n反応して 魔なる迷宮の扉を開く。{0008}	패시지 미러와 거울의 미궁!\n마력이 있고 반사 효과가 있는 것에\n반응하여 마의 미궁의 문을 연다.{0008}
01455	sw_008.tsv	ホホホ {000A} あなただったの?\n{0006}よく 泉のなぞを解き明かしたものね{0005}	호호호 {000A} 너였구나?\n{0006}용케 샘의 수수께끼를 풀어냈네{0005}
01456	sw_008.tsv	私たちの野望が じゃまされないように\nホビットたちを 閉じこめておくため\nせっかく 作った迷宮だったのにね。{0008}	우리의 야망이 방해받지 않도록\n호빗들을 가둬 두기 위해\n애써 만든 미궁이었는데 말이야.{0008}
01457	sw_008.tsv	あなたの持っている そのオーブは?\n{0006}・・・水と火のオーブを持っているのは\nバンボとグエイドが 倒されたってこと!{0008}	네가 가진 그 오브는?\n{0006}…물과 불의 오브를 가지고 있다는 건\n밤보와 구에이드가 쓰러졌다는 거잖아!{0008}
01458	sw_008.tsv	あなたが そこまで強くなるのだったら\n砂の迷宮で 倒しておくのだったわね{0005}	네가 그렇게까지 강해질 줄 알았다면\n모래의 미궁에서 쓰러뜨려 둘 걸 그랬네{0005}
01459	sw_008.tsv	いいでしょう 相手にとって不足はないわ\nバンボとグエイドを 倒した力を使って\nどこまでやれるか 試して見せてごらん!{0008}	좋아,상대로 부족함이 없어\n밤보와 구에이드를 쓰러뜨린 힘으로\n어디까지 할 수 있는지 보여 줘 봐!{0008}
01460	sw_008.tsv	・・・来てくれたか {000A}!\n・・・ボクは ごらんの通りさ\n巨人の魔法で たたきのめされたよ{0005}	…와 주었구나 {000A}!\n…나는 보다시피 이 꼴이야\n거인의 마법에 흠씬 얻어맞았거든{0005}
01461	sw_008.tsv	パゾートめ・・・巨人の手のひらで\nじまんそうに 笑っていやがった!・・・{0008}	파조트 녀석…거인의 손바닥 위에서\n우쭐하게 웃고 있었어!…{0008}
01462	sw_008.tsv	巨人を・・・どうにかするためには\nやはり ジンを封印しなければダメだ\nでないと パゾートにも手が出せない{0005}	거인을…어떻게든 하려면\n역시 진을 봉인해야 해\n그러지 않으면 파조트에게도 손을 쓸 수 없어{0005}
01463	sw_008.tsv	それができるのは キミだけだ・・・\nやってくれるね {000A}!{0008}	그걸 할 수 있는 건 너뿐이야…\n해 주겠지,{000A}!{0008}
01464	sw_008.tsv	くそ・・・やっぱり身体がうごかない\nボクにかまわず・・・行ってくれ!\nジンは 迷宮のどこかにいるはずだ・・・。{0008}	젠장…역시 몸이 움직이지 않아\n나는 신경 쓰지 말고…가 줘!\n진은 미궁 어딘가에 있을 거야…{0008}
01465	sw_008.tsv	そうか! ジンを封印したか!\nこれで 巨人の復活をくい止めた{0005}	그래!진을 봉인했구나!\n이로써 거인의 부활을 막았어{0005}
01466	sw_008.tsv	ようし 残るはパゾートひとりだ\n巨人の魔法にさえ ジャマされなければ\nヤツを倒す 絶好のチャンスだ・・・{0005}	좋아,남은 건 파조트 하나다\n거인의 마법에 방해만 받지 않는다면\n그 녀석을 쓰러뜨릴 절호의 기회야…{0005}
01467	sw_008.tsv	こんな時に 動けないなんて・・・\nしかし パゾートを逃がしてはダメだ\n頼むぞ{000A} ヤツを倒してくれ!{0008}	이런 때에 움직이지 못하다니…\n하지만 파조트를 놓쳐선 안 돼\n부탁한다,{000A} 녀석을 쓰러뜨려 줘!{0008}
01468	sw_008.tsv	ぐわああああ・・・・・・。{0008}	으아아아아…{0008}
01469	sw_008.tsv	{000A}が・・・勝ったのか・・・\nあの・・・恐ろしいパゾートに?{0008}	{000A}가…이긴 건가…\n그…무시무시한 파조트에게?{0008}
01470	sw_008.tsv	やっぱり・・・勝ったんだ・・・。{0008}	역시…이겼구나…{0008}
01471	sw_008.tsv	・・・あの戦いにパゾートがいたら\nパルメキア戦争の 結果は逆だった\n天が われわれに味方したんだ・・・。{0008}	…그 전투에 파조트가 있었다면\n팔메키아 전쟁의 결과는 반대였을 거야\n하늘이 우리 편을 들어 준 거야…{0008}
01472	sw_008.tsv	なに! {000A}・・・。{0008}	뭐라고!{000A}…{0008}
01473	sw_008.tsv	{000A}・・・!{0008}	{000A}…!{0008}
01474	sw_008.tsv	そうだ・・・{000A}はいったい?{0008}	그래…{000A}는 대체?{0008}
01475	sw_008.tsv	あなたね・・・ {0006}うなされていたのは?	당신이었군요…{0006}악몽에 시달리던 건?
01476	sw_008.tsv	恐ろしい呪文に 反応してしまうなんて{0006}	무시무시한 주문에 반응해 버리다니{0006}
01477	sw_008.tsv	きっと・・・{0006}カンが鋭いんだわ!{0005}	분명…{0006}감이 예민한 거예요!{0005}
01478	sw_008.tsv	でも{0006} そのカンの鋭さは・・・ {0006}あなたを	하지만{0006} 그 예민한 감이…{0006}당신을
01479	sw_008.tsv	つらい試練に 向かわせるかも知れない?{0005}	힘든 시련으로 향하게 할지도 몰라요?{0005}
01480	sw_008.tsv	{0002}さあ あなたの望みを\n教えてちょうだい。{0006}	{0002}자,당신의 소원을\n말해 주세요.{0006}
01481	sw_008.tsv	{0002}あなたの お名前を教えてちょうだい。{0006}	{0002}당신의 이름을 알려 주세요.{0006}
01482	sw_008.tsv	{000A}って 名前なのね?\n精霊のイシャハ・カット様に 言われて\nあなたに 会いに来て良かった!{0005}	{000A}라는 이름이군요?\n정령 이샤하 카트 님께 듣고\n당신을 만나러 오길 잘했어요!{0005}
01483	sw_008.tsv	今日は オデガン城に初めて行く日・・・{0006}\n城で何が起こっても あきらめちゃだめよ{0005}	오늘은 오데간 성에 처음 가는 날…{0006}\n성에서 무슨 일이 일어나도 포기하면 안 돼요{0005}
01484	sw_008.tsv	そして・・・ {0006}きっと また会いましょ!{0004}	그리고…{0006}꼭 다시 만나요!{0004}
01485	sw_008.tsv	どこから 続けるのかしら?	어디서부터 이어서 할까요?
01486	sw_008.tsv	そう・・・わかったわ\nくれぐれも 気をつけるのよ。{0007}	그래요…알겠어요\n부디 조심하세요.{0007}
01487	sw_008.tsv	どれを 写すのかしら?	어느 것을 복사할까요?
01488	sw_008.tsv	どこに 写すのかしら?	어디에 복사할까요?
01489	sw_008.tsv	写したわ・・・。{0005}	복사했어요…{0005}
01490	sw_008.tsv	どれを 消すのかしら?	어느 것을 지울까요?
01491	sw_008.tsv	本当に 消してしまって いいのね?	정말 지워 버려도 괜찮죠?
01492	sw_008.tsv	消えてしまったわ・・・。{0005}	지워졌어요…{0005}
01493	sw_008.tsv	冒険の続きは また明日・・・。{0006}\nおやすみなさい {000A}。\nまた会えるのを 楽しみにしているわ{0007}	모험의 다음 이야기는 내일…{0006}\n안녕히 주무세요,{000A}.\n다시 만날 날을 기대하고 있을게요{0007}
01494	sw_008.tsv	こうして オデガン国の危機は\n{000A}様の 大活躍によって\nギリギリの所で 救われたのでした。{0004}	이렇게 오데간 나라의 위기는\n{000A} 님의 눈부신 활약으로\n아슬아슬하게 구해졌답니다.{0004}
01495	sw_008.tsv	エルフ族の カズン様とサラ様は\n{000A}様の 無事を確認して\nグランシールへと 旅立ちました。{0004}	엘프족의 카즌 님과 사라 님은\n{000A} 님의 무사함을 확인하고\n그랑실로 여행을 떠났습니다.{0004}
01496	sw_008.tsv	でも・・・ 私の幸せな日々は\n・・・長くは 続きませんでした。{0004}	하지만…저의 행복한 나날은\n…오래 이어지지 않았어요.{0004}
01497	sw_008.tsv	{000A}様は 旅立ったのです\n・・・精霊を 救うために・・・\nまったく あてもないというのに。{0004}	{000A} 님은 길을 떠나셨습니다\n…정령을 구하기 위해…\n아무런 단서도 없는데도요.{0004}
01498	sw_008.tsv	でも あの{000A}様のことです\nきっと 精霊の迷宮を見つけだして\n目的を果たし 戻ってきますわ!{0004}	하지만 그 {000A} 님이시니까요\n분명 정령의 미궁을 찾아내서\n목적을 이루고 돌아오실 거예요!{0004}
01499	sw_008.tsv	#if 0	#if 0
01500	sw_008.tsv	私は 東京おもちゃショーの\nシャイニング・ウィズダムの案内役\nダークエルフのカーリーです{0005}	저는 도쿄 장난감 쇼의\n샤이닝 위즈덤 안내역\n다크엘프 칼리예요{0005}
01501	sw_008.tsv	それじゃあ プレイしたいマップを選んでね	그럼 플레이하고 싶은 맵을 골라 줘~
01502	sw_008.tsv	{0002}「浮遊大陸猛レース!」\n宝箱の中に 入っているアイテムで\n行けるところが ドンドン増えるの{0005}	{0002}「부유대륙 맹렬 레이스!」\n보물상자 속 아이템으로\n갈 수 있는 곳이 점점 늘어나요{0005}
01503	sw_008.tsv	アイテムの使い方を よく考えて\n残りタイムが 0になる前に\n北東のゲートに着けば 大成功!{0005}	아이템 사용법을 잘 생각해서\n남은 시간이 0이 되기 전에\n북동쪽 게이트에 도착하면 대성공!{0005}
01504	sw_008.tsv	さあ 用意はいいかしら?\nそれじゃあ シャイニング・ウィズダム!{0006}\nレディ・・・{0006} ゴーッ!!{0006}	자,준비는 됐나요?\n그럼 샤이닝 위즈덤!{0006}\n레디…{0006} 고!!{0006}
01505	sw_008.tsv	{0002}「迷宮に隠された 宝物を見つけだせ!」\n最初に ペガサスヘルムを探して\n青と赤の カギを見つけてね{0005}	{0002}「미궁에 숨겨진 보물을 찾아내라!」\n먼저 페가수스 헬름을 찾고\n파란 열쇠와 빨간 열쇠를 찾아 줘{0005}
01506	sw_008.tsv	アイテムの使い方を よく考えて\n青いマークの トビラの中にある\n宝箱を取ることができたら 大成功{0005}	아이템 사용법을 잘 생각해서\n파란 표시의 문 안에 있는\n보물상자를 얻을 수 있으면 대성공{0005}
01507	sw_008.tsv	おみごと! 大成功ね\nとっても! 楽しかったでしょ?\nでも本編は もっとすごいのよ{0005}	훌륭해요!대성공이네요\n정말!즐거웠죠?\n하지만 본편은 더 대단하답니다{0005}
01508	sw_008.tsv	今度は 夏休みに会いましょ\nその時を 楽しみにしていてね\nそれまで・・・ ウフフ さよなら{0008}	다음엔 여름방학에 만나요\n그때를 기대하고 있어 줘\n그때까지…후후,안녕{0008}
01509	sw_008.tsv	うーん 残念だったわね\nちょっと 難しかったかなあ\nでも ガッカリしないでね{0005}	으음,아쉬웠네요\n조금 어려웠으려나\n그래도 실망하지 마세요{0005}
01510	sw_008.tsv	ここって・・・ 本当は\n後半の 難しい場所だったの\n慣れずに プレイしたんじゃねえ・・・{0005}	여기는…사실\n후반의 어려운 곳이었거든요\n익숙하지 않은 채로 플레이했으니…{0005}
01511	sw_008.tsv	面白さが わかってもらえたか\nすっごく 心配になっちゃったけど\n次は 夏休みに じっくり遊んでね{0008}	재미를 알아주셨는지\n정말 걱정이 되긴 했지만\n다음엔 여름방학에 느긋하게 즐겨 주세요{0008}
01512	sw_008.tsv	#endif	#endif
01513	sw_008.tsv	・・・男は 戦わなければならぬ時がある\n{000A}よ ゆけ! 行って勝利を\nその手に つかむのじゃ!{0005}	…사내에겐 싸워야만 할 때가 있느니라\n{000A}여,가거라!가서 승리를\n그 손에 거머쥐는 것이다!{0005}
01514	sw_008.tsv	{0002}ルールは 知っておるな?	{0002}규칙은 알고 있겠지?
01515	sw_008.tsv	{0002}まだ言っておらんかったか? まあよい。\n3周勝負! 車から降りたら失格じゃ。\n覚えたか?	{0002}아직 말 안 했던가?뭐,좋다.\n3바퀴 승부!차에서 내리면 실격이다.\n기억했느냐?
01516	sw_008.tsv	{0002}何度も言わせるでない! まあよい。\n3周勝負! 車から降りたら失格じゃ。\n覚えたか?	{0002}몇 번이나 말하게 하지 마라!뭐,좋다.\n3바퀴 승부!차에서 내리면 실격이다.\n기억했느냐?
01517	sw_008.tsv	{0002}いいかげんにせんか! まあよい。\n3周勝負! 車から降りたら失格じゃ。\n今度こそ 覚えたな?	{0002}작작 좀 하거라!뭐,좋다.\n3바퀴 승부!차에서 내리면 실격이다.\n이번에야말로 기억했겠지?
01518	sw_008.tsv	{0002}もうよいわ!{0005}	{0002}됐다,이제!{0005}
01519	sw_008.tsv	心してかかれい!\nちなみに コースレコードは\n{0010}分	마음 단단히 먹고 임하거라!\n참고로 코스 레코드는\n{0010}분
01520	sw_008.tsv	{0001}{0010}秒	{0001}{0010}초
01521	sw_008.tsv	{0001}{0010}じゃからの{0005}	{0001}{0010}이니라{0005}
01522	sw_008.tsv	よし{000A} スタートじゃ!\n風になってこい!{0008}	좋아,{000A} 출발이다!\n바람이 되어 오거라!{0008}
01523	sw_008.tsv	{000A}! 新記録じゃ!\nわしも 鼻が高いぞ!{0008}	{000A}!신기록이다!\n나도 어깨가 으쓱하구나!{0008}
01524	sw_008.tsv	じゃが・・・お前を見ていたら\nまた 首をひねったらしい・・・\n帰ってベッドで・・・横になろうかの・・・。{0008}	하지만…너를 보고 있자니\n또 목을 삐끗한 모양이다…\n돌아가서 침대에…누워야겠구나…{0008}
01525	sw_008.tsv	まだまだ修行が 足りんようじゃの・・・{0008}	아직 수행이 부족한 모양이구나…{0008}
01526	sw_008.tsv	こりゃ 車から降りたら失格じゃと\n言ったではないか。 まあよい。 帰るぞ。{0005}	이런,차에서 내리면 실격이라고\n말하지 않았느냐.뭐,좋다.돌아가자.{0005}
01527	sw_008.tsv	おお {000A}!\nみごと 風になったな{0005}	오오 {000A}!\n훌륭히 바람이 되었구나{0005}
01528	sw_008.tsv	ワシがその昔 人知れずだした記録を\n破るとは たいしたものだ{0005}	내가 그 옛날 아무도 모르게 세운 기록을\n깨다니 대단하구나{0005}
01529	sw_008.tsv	ほうびに我が家の宝 スモールオーブを授けよう{0005}	상으로 우리 집안의 보물 스몰 오브를 주마{0005}
01530	sw_008.tsv	{000A}は スモールオーブを手に入れた{0005}	{000A}는 스몰 오브를 손에 넣었다{0005}
01531	sw_008.tsv	キャーキャー{0006}	꺄악꺄악{0006}
S0001	sw_008.tsv	ペースト	페이스트
S0002	sw_008.tsv	ヒュージラット	휴지 랫
S0003	sw_008.tsv	ガラムソルジャー	가람 솔저
S0004	sw_008.tsv	ガラムナイト	가람 나이트
S0005	sw_008.tsv	ゴブリン	고블린
S0006	sw_008.tsv	グリーンペースト	그린 페이스트
S0007	sw_008.tsv	ダークドワーフ	다크 드워프
S0008	sw_008.tsv	ホブゴブリン	홉고블린
S0009	sw_008.tsv	ゾンビ	좀비
S0010	sw_008.tsv	ゴーレム	골렘
S0011	sw_008.tsv	クラーケンレッグ	크라켄 레그
S0012	sw_008.tsv	インスマンス	인스머스
S0013	sw_008.tsv	オーク	오크
S0014	sw_008.tsv	ポーン	폰
S0015	sw_008.tsv	ナイト	나이트
S0016	sw_008.tsv	ラット	랫
S0017	sw_008.tsv	バブルペースト	버블 페이스트
S0018	sw_008.tsv	スケルトン	스켈레톤
S0019	sw_008.tsv	ヘルソルジャー	헬 솔저
S0020	sw_008.tsv	リザードマン	리저드맨
S0021	sw_008.tsv	ウォーム	웜
S0022	sw_008.tsv	ダークナイト	다크 나이트
S0023	sw_008.tsv	オークロード	오크 로드
S0024	sw_008.tsv	デビルアーミー	데빌 아미
S0025	sw_008.tsv	ケルベロス	케르베로스
S0026	sw_008.tsv	マッドマン	매드맨
S0027	sw_008.tsv	ドラゴンニュート	드래곤 뉴트
S0028	sw_008.tsv	パープルウォーム	퍼플 웜
S0029	sw_008.tsv	エグゼキューター	이그제큐터
S0030	sw_008.tsv	ヘルハウンド	헬하운드
S0031	sw_008.tsv	ミノタウロス	미노타우로스
S0032	sw_008.tsv	サイクロプス	사이클롭스
S0033	sw_008.tsv	バーストロック	버스트 록
S0034	sw_008.tsv	ヒドラ	히드라
S0035	sw_008.tsv	カオスウォリアー	카오스 워리어
S0036	sw_008.tsv	デスゴッド	데스 갓
S0037	sw_008.tsv	イビルビースト	이블 비스트
S0038	sw_008.tsv	パイロヒドラ	파이로 히드라
S0039	sw_008.tsv	ゼオンガード	제온 가드
S0040	sw_008.tsv	ギズモ	기즈모
S0041	sw_008.tsv	オオコウモリ	큰박쥐
S0042	sw_008.tsv	バンパイアバット	뱀파이어 뱃
S0043	sw_008.tsv	イビルクラウド	이블 클라우드
S0044	sw_008.tsv	ガーゴイル	가고일
S0045	sw_008.tsv	ハーピィ	하피
S0046	sw_008.tsv	レッサーデーモン	레서 데몬
S0047	sw_008.tsv	ワイバーン	와이번
S0048	sw_008.tsv	ハーピィクイーン	하피 퀸
S0049	sw_008.tsv	ペガサスナイト	페가수스 나이트
S0050	sw_008.tsv	グリフォン	그리폰
S0051	sw_008.tsv	ミストデーモン	미스트 데몬
S0052	sw_008.tsv	ホワイトドラゴン	화이트 드래곤
S0053	sw_008.tsv	デーモン	데몬
S0054	sw_008.tsv	カオスドラゴン	카오스 드래곤
S0055	sw_008.tsv	デビルグリフォン	데빌 그리폰
S0056	sw_008.tsv	アークデーモン	아크 데몬
S0057	sw_008.tsv	ガラムアーチャー	가람 아처
S0058	sw_008.tsv	ハンターゴブリン	헌터 고블린
S0059	sw_008.tsv	デスアーチャー	데스 아처
S0060	sw_008.tsv	クラーケンアーム	크라켄 암
S0061	sw_008.tsv	ボウシューター	보우 슈터
S0062	sw_008.tsv	ルーク	룩
S0063	sw_008.tsv	ダークスナイパー	다크 스나이퍼
S0064	sw_008.tsv	ボウマスター	보우 마스터
S0065	sw_008.tsv	ボウライダー	보우 라이더
S0066	sw_008.tsv	ヘルガンナー	헬 거너
S0067	sw_008.tsv	ホースマン	호스맨
S0068	sw_008.tsv	ガラムメイジ	가람 메이지
S0069	sw_008.tsv	ウィッチ	위치
S0070	sw_008.tsv	マスターメイジ	마스터 메이지
S0071	sw_008.tsv	ダークマダム	다크 마담
S0072	sw_008.tsv	クイーン	퀸
S0073	sw_008.tsv	ウィザード	위저드
S0074	sw_008.tsv	ネクロマンサー	네크로맨서
S0075	sw_008.tsv	カオスウィザード	카오스 위저드
S0076	sw_008.tsv	デーモンマスター	데몬 마스터
S0077	sw_008.tsv	プリースト	프리스트
S0078	sw_008.tsv	デスモンク	데스 몽크
S0079	sw_008.tsv	ブラックモンク	블랙 몽크
S0080	sw_008.tsv	ハイプリースト	하이 프리스트
S0081	sw_008.tsv	ビショップ	비숍
S0082	sw_008.tsv	ダークビショップ	다크 비숍
S0083	sw_008.tsv	マスターモンク	마스터 몽크
S0084	sw_008.tsv	シャーマン	샤먼
S0085	sw_008.tsv	イビルビショップ	이블 비숍
S0086	sw_008.tsv	ブルー	블루
S0087	sw_008.tsv	ダークスモーク	다크 스모크
S0088	sw_008.tsv	クラーケンヘッド	크라켄 헤드
S0089	sw_008.tsv	タロス	탈로스
S0090	sw_008.tsv	キング	킹
S0091	sw_008.tsv	ウィラード	윌라드
S0092	sw_008.tsv	ザルバード	잘바드
S0093	sw_008.tsv	カミーラ	카밀라
S0094	sw_008.tsv	プリズムフラワー	프리즘 플라워
S0095	sw_008.tsv	レッドバロン	레드 바론
S0096	sw_008.tsv	ゲシュプ	게슈프
S0097	sw_008.tsv	オッドアイ	오드 아이
S0098	sw_008.tsv	ガラム	가람
S0099	sw_008.tsv	ゼオン	제온
S0100	sw_008.tsv	ファルコン	팔콘
S0101	sw_008.tsv	マスターメイジ	마스터 메이지
S0102	sw_008.tsv	ネクロマンサー	네크로맨서
S0103	sw_008.tsv	ブルー	블루
S0104	sw_008.tsv	そうびしない	장비 안 함
S0105	sw_008.tsv	やくそう	약초
S0106	sw_008.tsv	クスリ	약
S0107	sw_008.tsv	てんしのはね	천사의 날개
S0108	sw_008.tsv	パッセージミラー	패시지 미러
S0109	sw_008.tsv	あかいカギ	빨간 열쇠
S0110	sw_008.tsv	あおいカギ	파란 열쇠
S0111	sw_008.tsv	きろくのしょ	기록의 서
S0112	sw_008.tsv	めざめのいし	각성의 돌
S0113	sw_008.tsv	シルバーボトル	실버 보틀
S0114	sw_008.tsv	せんにんのみず	선인의 물
S0115	sw_008.tsv	ホビットのくすり	호빗의 약
S0116	sw_008.tsv	グドーのカギ	구도의 열쇠
S0117	sw_008.tsv	きいろいカギ	노란 열쇠
S0118	sw_008.tsv	みどりのカギ	초록 열쇠
S0119	sw_008.tsv	ミラクルダイアリー	미라클 다이어리
S0120	sw_008.tsv	そうびしない	장비 안 함
S0121	sw_008.tsv	スパークオーブ	스파크 오브
S0122	sw_008.tsv	フリーズオーブ	프리즈 오브
S0123	sw_008.tsv	ブレイズオーブ	블레이즈 오브
S0124	sw_008.tsv	ブラストオーブ	블라스트 오브
S0125	sw_008.tsv	プロテクトオーブ	프로텍트 오브
S0126	sw_008.tsv	ゲイルオーブ	게일 오브
S0127	sw_008.tsv	パワーオーブ	파워 오브
S0128	sw_008.tsv	ダズールオーブ	대즐 오브
S0129	sw_008.tsv	リバースオーブ	리버스 오브
S0130	sw_008.tsv	スモールオーブ	스몰 오브
S0131	sw_008.tsv	いいい	이이이
S0132	sw_008.tsv	いいい	이이이
S0133	sw_008.tsv	いいい	이이이
S0134	sw_008.tsv	いいい	이이이
S0135	sw_008.tsv	いいい	이이이
S0136	sw_008.tsv	そうびしない	장비 안 함
S0137	sw_008.tsv	ショートソード	쇼트 소드
S0138	sw_008.tsv	バトルソード	배틀 소드
S0139	sw_008.tsv	シャイニングソード	샤이닝 소드
S0140	sw_008.tsv	ヘビーシューズ	헤비 슈즈
S0141	sw_008.tsv	スリップシューズ	슬립 슈즈
S0142	sw_008.tsv	パワーグラブ	파워 글러브
S0143	sw_008.tsv	パワフルグラブ	파워풀 글러브
S0144	sw_008.tsv	マジックハンド	매직 핸드
S0145	sw_008.tsv	モンキースーツ	몽키 슈트
S0146	sw_008.tsv	もぐらハンド	두더지 핸드
S0147	sw_008.tsv	ジャンプシューズ	점프 슈즈
S0148	sw_008.tsv	ジャンプブーツ	점프 부츠
S0149	sw_008.tsv	ペガサスヘルム	페가수스 헬름
S0150	sw_008.tsv	ジュードースーツ	유도 슈트
S0151	sw_008.tsv	どいてなUSO	비켜라 USO
S0152	sw_008.tsv	ささやきのかい	속삭임의 조개
S0153	sw_008.tsv	マジカルぱじゃま	매지컬 파자마
S0154	sw_008.tsv	ううう	우우우
S0155	sw_008.tsv	ううう	우우우
S0156	sw_008.tsv	ううう	우우우
S0157	sw_008.tsv	ううう	우우우
S0158	sw_008.tsv	ううう	우우우
S0159	sw_008.tsv	ううう	우우우
S0160	sw_008.tsv	ライフA	라이프 A
S0161	sw_008.tsv	ライフB	라이프 B
S0162	sw_008.tsv	ライフC	라이프 C
S0163	sw_008.tsv	ううう	우우우
S0164	sw_008.tsv	1ゴールド	1골드
S0165	sw_008.tsv	5ゴールド	5골드
S0166	sw_008.tsv	10ゴールド	10골드
S0167	sw_008.tsv	ううう	우우우
S0168	sw_008.tsv	おうけのはか	왕가의 무덤
S0169	sw_008.tsv	すなのめいきゅう	모래의 미궁
S0170	sw_008.tsv	せんねんじゅ	천년수
S0171	sw_008.tsv	オデガンじょう	오데간 성
S0172	sw_008.tsv	オデガンちほう	오데간 지방
S0173	sw_008.tsv	オデガンじょうかまち	오데간 성하마을
S0174	sw_008.tsv	おじいさんのいえ	할아버지의 집
S0175	sw_008.tsv	かぜのめいきゅう	바람의 미궁
S0176	sw_008.tsv	ちゅうしんぶ	중심부
S0177	sw_008.tsv	てんくうのめいきゅう	천공의 미궁
S0178	sw_008.tsv	ひのめいきゅう	불의 미궁
S0179	sw_008.tsv	おうけのひみつのめいきゅう	왕가의 비밀 미궁
S0180	sw_008.tsv	グドーのたに	구도의 계곡
S0181	sw_008.tsv	とおりぬけどうくつ	통과 동굴
S0182	sw_008.tsv	こふん	고분
S0183	sw_008.tsv	まよいのもり	헤매는 숲
S0184	sw_008.tsv	ひかりのめいきゅう	빛의 미궁
S0185	sw_008.tsv	みずのめいきゅう	물의 미궁
S0186	sw_008.tsv	ちょうやくのめいきゅう	도약의 미궁
S0187	sw_008.tsv	ホビットのむら	호빗 마을
S0188	sw_008.tsv	かがみのめいきゅう	거울의 미궁
S0189	sw_008.tsv	ちかだいめいきゅう	지하 대미궁
S0190	sw_008.tsv	タイトル	타이틀
S0191	sw_008.tsv	ゆめ	꿈
S0192	sw_008.tsv	ドイテナアルミックサーキット	도이테나 알믹 서킷
S0193	sw_008.tsv	なにも つかわない	아무것도 사용하지 않는다
S0194	sw_008.tsv	ライフを 3つぶん かいふくできる	라이프를 3개만큼 회복할 수 있다
S0195	sw_008.tsv	ライフを 10コぶん かいふくできる	라이프를 10개만큼 회복할 수 있다
S0196	sw_008.tsv	めいきゅうの いりぐちに ワープできる	미궁 입구로 워프할 수 있다
S0197	sw_008.tsv	まほうのかかった ふしぎなカガミだ	마법이 걸린 신기한 거울이다
S0198	sw_008.tsv	あかいトビラを ひらくことができる	빨간 문을 열 수 있다
S0199	sw_008.tsv	あおいトビラを ひらくことができる	파란 문을 열 수 있다
S0200	sw_008.tsv	めいきゅうのいりぐちで きろくできる	미궁 입구에서 기록할 수 있다
S0201	sw_008.tsv	まほうのかかった ふしぎないしだ	마법이 걸린 신기한 돌이다
S0202	sw_008.tsv	まほうのクスリを いれるボトルだ	마법의 약을 넣는 병이다
S0203	sw_008.tsv	よわったからだを かいふくしてくれる	약해진 몸을 회복해 준다
S0204	sw_008.tsv	ライフを ぜんかいふくできる	라이프를 전부 회복할 수 있다
S0205	sw_008.tsv	グドーのトビラを ひらくことができる	구도의 문을 열 수 있다
S0206	sw_008.tsv	きいろいトビラを ひらくことができる	노란 문을 열 수 있다
S0207	sw_008.tsv	みどりのトビラを ひらくことができる	초록 문을 열 수 있다
S0208	sw_008.tsv	どんなところでも きろくできる	어디서든 기록할 수 있다
S0209	sw_008.tsv	まほうは つかわない	마법은 사용하지 않는다
S0210	sw_008.tsv	スパークのまほうが つかえる	스파크 마법을 쓸 수 있다
S0211	sw_008.tsv	フリーズのまほうが つかえる	프리즈 마법을 쓸 수 있다
S0212	sw_008.tsv	ブレイズのまほうが つかえる	블레이즈 마법을 쓸 수 있다
S0213	sw_008.tsv	ブラストのまほうが つかえる	블라스트 마법을 쓸 수 있다
S0214	sw_008.tsv	なぐられても いたくない?	맞아도 안 아프다?
S0215	sw_008.tsv	しっぷうのように すばやくなる	질풍처럼 빨라진다
S0216	sw_008.tsv	たいあたりの いりょくが アップする	몸통박치기의 위력이 올라간다
S0217	sw_008.tsv	コンフューズの まほうが つかえる?	컨퓨즈 마법을 쓸 수 있다?
S0218	sw_008.tsv	まえにすすむと うしろにもどーる	앞으로 가면 뒤로 되돌아가~
S0219	sw_008.tsv	ちいさくなーれー	작아져라~
S0220	sw_008.tsv	つかってない	안 써
S0221	sw_008.tsv	つかってない	안 써
S0222	sw_008.tsv	つかってない	안 써
S0223	sw_008.tsv	つかってない	안 써
S0224	sw_008.tsv	つかってない	안 써
S0225	sw_008.tsv	なにも もたない	아무것도 들지 않는다
S0226	sw_008.tsv	へいしのつかう ふつうのつるぎだ	병사가 쓰는 평범한 검이다
S0227	sw_008.tsv	すこしおもい いりょくのあるつるぎだ	조금 무겁지만 위력이 있는 검이다
S0228	sw_008.tsv	まほうのかかった さいきょうのつるぎだ	마법이 걸린 최강의 검이다
S0229	sw_008.tsv	もろいゆかを ふみぬいたりできる	약한 바닥을 밟아 부술 수 있다
S0230	sw_008.tsv	せまいスキマを すりぬけられる	좁은 틈새를 빠져나갈 수 있다
S0231	sw_008.tsv	おもいものを もちあげられる	무거운 것을 들어 올릴 수 있다
S0232	sw_008.tsv	おもいものを もちあげられる2	무거운 것을 들어 올릴 수 있다2
S0233	sw_008.tsv	とおくのものや てきに パンチをとばす	먼 곳의 물건이나 적에게 펀치를 날린다
S0234	sw_008.tsv	ツタなどを のぼりおりできる	덩굴 등을 오르내릴 수 있다
S0235	sw_008.tsv	すなのなかを いどうできる	모래 속을 이동할 수 있다
S0236	sw_008.tsv	はなれたところに ジャンプできる	떨어진 곳으로 점프할 수 있다
S0237	sw_008.tsv	どこまでも とおくにとべる ブーツだ	어디까지나 멀리 뛸 수 있는 부츠다
S0238	sw_008.tsv	プレートをふむと とぶことができる	플레이트를 밟으면 날 수 있다
S0239	sw_008.tsv	モンスターを なげとばせる?	몬스터를 던져 날릴 수 있다?
S0240	sw_008.tsv	こだいのたからの オフロードカーだ?	고대의 보물,오프로드카다?
S0241	sw_008.tsv	きのせいや どうぶつと はなしができる	나무 정령이나 동물과 이야기할 수 있다
S0242	sw_008.tsv	やどやにとまるのと おなじこうかがえられる	여관에서 쉰 것과 같은 효과를 얻는다
S0243	sw_008.tsv	つかってないよ	안 쓰는 거야
S0244	sw_008.tsv	つかってないよ	안 쓰는 거야
S0245	sw_008.tsv	つかってない	안 써
S0246	sw_008.tsv	つかってないよ	안 쓰는 거야
S0247	sw_008.tsv	つかってない	안 써
S0248	sw_008.tsv	つかってないよ	안 쓰는 거야
S0249	sw_008.tsv	ライフアップA	라이프 업 A
S0250	sw_008.tsv	ライフアップB	라이프 업 B
S0251	sw_008.tsv	ライフアップC	라이프 업 C
S0252	sw_008.tsv	つかってない	안 써
S0253	sw_008.tsv	1えんだま	1엔 동전
S0254	sw_008.tsv	5えんだま	5엔 동전
S0255	sw_008.tsv	10えんだま	10엔 동전
S0256	sw_008.tsv	おわりだよ	끝이야
