M001.ETC	0	0	07D73	00B9 00DE 00B0 00D1 0086 0020 00E1 008D 0093 00E0 00DE 00FD 009C 00EF 009D 0003 00F6 00FB 009C 0092 00E3 00DE 009D 0096 003F 0000
M001.ETC	0	1	07D8B	0015 0002 00C3 00DE 00B0 00C0 0086 0100 00FD 00E3 00DE 0098 00E0 00DE 009B 0092 0000
M001.ETC	0	2	07D9B	0015 0002 0101 0102 0086 0100 00FD 00E3 00DE 0098 00E0 00DE 009B 0092 0000
M001.ETC	0	3	07DAB	0015 0002 00CA 00DE 00AF 00B8 00B1 00AF 00CC 00DF 0052 0041 004D 0086 0100 00FD 00E3 00DE 0098 00E0 00DE 009B 0092 0000
M001.ETC	0	4	07DC3	0015 0002 009A 00E9 00C3 00DE 00B0 00C0 0086 0020 0103 009C 00E3 00F6 00FB 009C 0092 00E3 00DE 009D 0096 003F 0000
M001.ETC	0	5	07DD8	0015 0002 009A 00E9 00C3 00DE 00B0 00C0 0086 0020 0104 0105 009C 00EF 009D 0096 003F 0000
M001.ETC	0	6	07DE9	0015 0002 0106 0107 0052 0041 004D 00E9 0108 0109 0096 00DE 0020 010A 010B 009C 00E3 0092 00EF 009D 0008 0000
M001.ETC	0	7	07DFE	0015 0002 00B6 00B0 00C4 00D8 00AF 00BC 00DE 0052 0041 004D 00E9 0108 0109 0096 00DE 0020 010A 010B 009C 00E3 0092 00EF 009D 0008 0000
M001.ETC	0	8	07E18	0015 0002 0108 0109 010A 010B 00E9 00E0 00F2 0020 00BA 00CB 00DF 00B0 00E3 00DE 0097 00EF 009E 00FD 0008 0000
M001.ETC	0	9	07E2D	0015 0002 0108 0109 010A 010B 00E9 00E0 00F2 0020 0105 010C 00E9 00BE 00B0 00CC 00DE 00EA 00E3 00DE 0097 00EF 009E 00FD 0008 0000
M001.ETC	0	10	07E46	0015 0002 00B6 00B0 00C4 00D8 00AF 00BC 00DE 0052 0041 004D 0096 00DE 0020 0091 00F8 00EF 009E 00FD 0008 0000
M001.ETC	0	11	07E5C	0015 0002 00B6 00B0 00C4 00D8 00AF 00BC 00DE 0052 0041 004D 00E6 00EA 0020 010D 0097 010E 00F0 00E3 00DE 0097 00EF 009E 00FD 0008 0000
M001.ETC	0	12	07E76	0015 0002 010F 0097 00FB 0098 00E9 009C 008E 0110 0086 0020 00EB 00E4 00E2 0111 008F 00E3 0003 009A 009A 00EF 00E3 00DE 00E9 0112 0113 0086 0020 0114 0115 009D 00F9 009A 00E4 0096 00DE 00E3 00DE 0097 00EF 009D 00A1 0003 0114 0115 009C 00EF 009D 0096 003F 0000
M001.ETC	0	13	07EA4	0015 0009 0007 0114 0115 0086 0116 0117 009D 00F9 00E0 00F2 00E6 0031 0037 00E9 0118 0097 0108 0109 0096 00DE 0119 011A 00E3 00DE 009D 00A1 0003 009A 00E9 00EF 00EF 00B9 00DE 00B0 00D1 0086 00BD 00C0 00B0 00C4 009B 009E 00E0 011B 011C 0003 0114 0115 0086 0116 0117 009D 00F9 009A 00E4 0096 00DE 00E3 00DE 0097 00EF 009E 00FD 0005 0003 0112 0113 00E9 0114 0115 0086 0116 0117 009C 00E0 0092 011B 011C 00EA 0003 0116 0117 00C3 00DE 00B0 00C0 011D 0102 011E 011F 00E3 00DE 00C3 00DE 00B0 00C0 0086 0120 0102 009C 00E3 0003 00B9 00DE 00B0 00D1 0086 0121 00BD 00C0 00B0 00C4 009C 00E3 0098 00E0 00DE 009B 0092 00A1 0008 0000
M001.ETC	0	14	07F11	0015 0002 0009 0007 010D 0097 010E 00F0 00E6 0122 0123 009C 00EF 009C 00E0 0008 0000
M001.ETC	0	15	07F23	0015 0002 00CA 00DE 00AF 00B8 00B1 00AF 00CC 00DF 00C3 00DE 00B0 00C0 00EA 0091 00F8 00EF 009E 00FD 0000
M001.ETC	0	16	07F38	0015 0009 0007 0106 0107 0052 0041 004D 00E9 0124 0125 0096 00DE 0020 00E3 00DE 0097 00E3 0092 00EF 009E 00FD 00A1 0003 0116 0117 00C3 00DE 00B0 00C0 011D 0102 011E 011F 00E3 00DE 0020 0126 00E3 00E9 0114 0115 0086 0103 009C 0003 00B9 00DE 00B0 00D1 0086 0020 0121 00BD 00C0 00B0 00C4 009C 00E3 0098 00E0 00DE 009B 0092 00A1 0000
M001.ETC	0	17	07F73	0015 0009 0007 00B6 00B0 00C4 00D8 00AF 00BC 00DE 0052 0041 004D 00E9 0124 0125 0096 00DE 0020 00E3 00DE 0097 00E3 0092 00EF 009E 00FD 00A1 0003 0116 0117 00C3 00DE 00B0 00C0 011D 0102 011E 011F 00E3 00DE 0020 0126 00E3 00E9 0114 0115 0086 0103 009C 0003 00B9 00DE 00B0 00D1 0086 0020 0121 00BD 00C0 00B0 00C4 009C 00E3 0098 00E0 00DE 009B 0092 00A1 0000
M001.ETC	0	18	07FB2	0015 000E 0086 0127 00E6 0128 00FA 00E0 0004 0000
M001.ETC	0	19	07FBE	0015 000A 00EA 0020 00CA 00DE 00C4 00D9 00BF 00B0 00C4 00DE 0086 0129 00E2 0099 00E3 0003 00BC 00AE 00B0 00C4 00BF 00B0 00C4 00DE 0086 0020 012A 012B 00E6 0095 0092 00E0 00A1 0008 0000
M001.ETC	0	20	07FE1	0015 012C 0096 00DE 0096 0096 008F 00E3 0092 00F9 0007 0000
M001.ETC	0	21	07FED	009F 00FA 00EA 0020 00B4 00D9 00CC 00E6 012D 00FC 00F9 012E 012F 0130 00A5 00A5 00A5 0003 0097 008F 00E4 0020 000A 00E6 0131 0132 00E2 00EA 009D 00DE 00E0 00DE 0005 0000
M001.ETC	0	22	0800E	009A 00E9 0133 00EA 0020 00B7 00D0 00E6 00EA 00EF 00E0 00DE 0134 0102 00E0 00DE 0003 009F 00FA 0086 0135 008F 00E3 0020 0136 00E6 0137 00F8 00E5 009B 0092 0003 0092 009D 00DE 00FA 0138 0093 0139 00EF 00E3 00DE 00A5 00A5 00A5 009B 00F7 00EA 00DE 00E0 00DE 00A1 0008 0000
M001.ETC	0	23	0803C	00EF 0091 0020 000A 013A 008F 00E0 00F7 00A5 00A5 00A5 0003 013B 013C 0086 0020 0095 013D 00E6 009B 00FA 00F9 00E5 00FD 00E3 0003 013E 013F 008F 0140 0096 00DE 0020 0095 0091 00F8 00E5 00FD 00E3 00DE 009D 009A 00E4 0021 0008 0000
M001.ETC	0	24	08063	0093 00EC 00EC 00A5 00A5 00A5 000A 013A 00EA 0003 0141 0142 00E9 0143 0144 00E6 0020 0095 00E5 00F8 00E6 00E5 008F 00E3 00F3 0003 0096 009B 00DE 00F8 0140 00E9 00E5 0092 0020 0145 0146 00E3 00DE 009D 00E9 00E8 003F 0008 0000
M001.ETC	0	25	0808B	000A 013A 00E9 0020 0095 0147 00FA 00E9 013B 013C 00EA 0003 00E4 00DE 00E1 00F7 00E3 00DE 0020 0129 00E2 0099 00F7 00FA 00E0 00E9 00E3 00DE 009D 003F 0003 0148 00E0 00DE 0096 0020 00E4 008F 00E3 00F3 0140 0149 0096 00DE 0091 00F8 00EF 009D 00FC 00A1 0008 0000
M001.ETC	0	26	080B7	00BA 00CE 00DD 00A5 00A5 00A5 014A 009C 014B 0099 00DE 00E3 0095 0097 00EF 009D 0096 00DE 0003 014C 014D 00E6 0020 014E 0097 014F 0086 0135 00E1 010E 00F1 009A 00E4 00EA 0003 0096 00E0 0098 0150 009C 00DE 00F7 00FA 00E3 0095 00F8 00EF 009D 0020 00CA 00B2 00A1 0008 0000
M001.ETC	0	27	080E8	0095 00F4 0020 000A 0151 00E9 0095 013D 00EA 00A5 00A5 00A5 0003 00F3 009C 00F4 0020 013B 013C 00E3 00DE 00EA 0091 00F8 00EF 009E 00E7 0096 00E5 0003 00ED 0094 0094 0020 009F 0093 0092 0093 0020 009C 008D 0152 00E3 00DE 009D 0096 003F 0008 0000
M001.ETC	0	28	08113	0091 00FA 00EF 0091 0020 013B 013C 0086 0153 0094 00E3 00E9 0154 014C 00E4 00EA 0003 0092 008F 00E0 0092 0020 00E4 00DE 00E9 00F6 0093 00E5 0155 0156 00E3 00DE 009D 0096 00E5 003F 0003 009A 00FA 00EF 00E0 0020 0157 00FC 008F 00E0 0095 013D 00E0 00DE 009A 00E4 00A5 00A5 00A5 00A1 0008 0000
M001.ETC	0	29	08143	0148 00E3 00DE 009D 0096 00A5 00A5 00A5 000A 0151 003F 0003 00F4 00F4 0020 00F3 009C 00F4 0020 009F 00E9 013B 013C 0086 0003 0158 0102 009C 00E3 0098 00FA 00E4 0020 0092 00FC 00FA 00EF 009D 0096 003F 0008 0000
M001.ETC	0	30	08167	0095 0159 00EA 0020 0141 0142 00E6 015A 015B 009C 00E0 009A 00E4 00E3 00DE 0003 00E4 00DE 009A 0096 0020 0095 0096 009C 0098 00E5 008F 00E0 00E9 0096 003F 0003 00E0 00DE 008F 00E3 0020 009F 00FA 0020 013B 013C 00E0 00DE 00F6 00E5 0091 00A1 0008 0000
M001.ETC	0	31	08190	000A 0096 00DE 0020 0112 0113 00E6 015A 00E3 00F9 00E4 015C 0092 00E3 0003 00E4 00DE 00FD 00E5 009A 00E4 0086 0020 00F4 008F 00E3 0098 00F9 0096 00E4 015D 008F 00E0 00F7 0003 00A5 00A5 00A5 013B 013C 0086 0020 009B 0096 00DE 009C 00E3 0098 00F9 009A 00E4 00E4 00EA 0021 0008 0000
M001.ETC	0	32	081BF	0095 00FA 00EA 0020 000A 00E9 015A 015B 00E9 015E 00F7 009E 0086 0003 015F 0160 00E6 0020 00F6 00FB 009A 00FD 00E3 00DE 0092 00E0 00FD 00E0 00DE 0099 00E4 00DE 00A5 00A5 00A5 0003 013B 013C 0086 0153 0094 00F9 0020 0095 0159 0129 00F9 00E4 0020 00B6 00DE 00AF 00B6 00D8 00E0 00DE 00A1 0008 0000
M001.ETC	0	33	081F2	000A 0151 00EA 0020 0141 0142 00E6 00E5 00F7 00FA 00E3 0003 00EF 009D 00EF 009D 0020 00E0 0098 00EF 009C 0098 00E5 008F 00E0 00A5 00A5 00A5 0096 00DE 0003 00CC 00DF 00CC 00DF 00AF 0020 0095 013D 00E6 013B 013C 00E4 00EA 0020 00B9 00AF 00BB 00B8 00E0 00DE 0021 0008 0000
M001.ETC	0	34	08221	0021 0020 000A 013A 00EA 0020 00EA 009D 00DE 0096 009C 0098 00E5 0092 00E9 0096 003F 0003 0141 0142 00E0 00F9 0161 0096 00DE 0020 013B 013C 0086 0153 0094 00F9 00E4 00EA 00A5 00A5 00A5 0003 00B5 00C3 00DE 00B6 00DE 00DD 00E9 0141 0142 00F3 0020 0162 00E6 0163 00E1 00E0 00E5 0091 00A1 0008 0000
M001.ETC	0	35	08253	000A 013A 00E9 0020 0164 00FB 00E6 0092 00F9 00E9 00EA 0003 013B 013C 00E3 00DE 009D 0099 00E4 00DE 00A5 00A5 00A5 00EA 00EA 0091 00A5 00A5 00A5 0003 0141 0142 00E9 0112 0113 00E4 0020 0165 0166 0096 00DE 0091 00F9 00FD 00E3 00DE 009C 008E 003F 0008 0000
M001.ETC	0	36	0827E	000A 013A 00EA 0020 013B 013C 0086 0167 00FC 00FA 00E0 00E9 003F 0003 00E3 00DE 00F3 0020 00E5 00FD 00E3 0097 00FA 0092 00E5 013B 013C 00E5 00FD 00E3 00DE 009C 008E 0021 0003 009F 00FA 00E6 0020 0140 0149 00E6 0091 00EC 00FA 00E3 0092 00F9 00FC 00F6 00A1 0008 0000
M001.ETC	0	37	082AB	000A 013A 00E4 0020 013B 013C 00E9 0168 00F8 011C 00FC 009E 003F 0003 00F0 00FD 00E5 00EA 0020 0095 0096 009C 0098 015D 0093 00E3 00DE 009C 008E 0093 0099 00E4 00DE 0003 0169 00EA 00A5 00A5 00A5 009D 009A 00DE 0098 00BD 00C3 00B7 00E0 00DE 00E4 015D 0093 00A1 0008 0000
M001.ETC	0	38	082D9	0141 0142 00E6 00E5 00F7 00FA 00E0 0020 000A 013A 00E3 00DE 009D 00E8 003F 0003 009F 00FD 00E5 0143 0144 00E9 016A 0096 00DE 0020 0091 00F7 0020 0092 00F4 00E0 00DE 00FC 0091 0003 013B 013C 0096 00DE 0020 0164 0086 00E2 0099 00E3 0097 00E3 0092 00EF 009D 00FC 00F6 00A1 0008 0000
M001.ETC	0	39	08309	00ED 008A 008A 0020 00CE 00DD 00C4 00E6 016B 0136 00E0 00DE 00E5 0091 00A5 00A5 00A5 0003 000A 0096 00DE 0020 013B 013C 0086 0153 0094 00E3 016C 0098 00E5 00FD 00E3 0003 0092 00EF 00EF 00E3 00DE 00E9 00B7 00D0 0096 00F7 00EA 0020 016D 0094 00F7 00FA 00E5 0092 00F6 00A1 0008 0000
M001.ETC	0	40	0833B	0093 0020 0093 00FD 003F 0020 00E5 00FD 00E0 00DE 00BB 00D9 009C 00DE 008C 00E5 0092 0096 0021 0003 015A 015B 00E9 00C1 00AC 00DD 00BD 0086 0020 00E9 0096 00DE 009C 00E0 00CE 00DE 00B8 0086 0003 00E5 0098 00DE 009B 00F2 00E6 0020 0097 00E3 0098 00FA 00E0 00FD 00E0 00DE 00E8 0020 0098 00DE 00B0 00A1 0008 0000
M001.ETC	0	41	08371	00EF 0091 0020 0096 00FC 0092 0092 0020 0095 00BB 00D9 009B 00FD 0003 0097 008F 00E4 0020 0095 016E 00E3 00DE 00F3 009D 0092 00E0 00FD 00E3 00DE 009C 008E 003F 0003 00E3 00DE 00F3 016F 0020 00CA 00DE 00C5 00C5 00EA 0135 008F 00E3 0092 00E5 0092 00E9 00A1 0008 0000
M001.ETC	0	42	0839F	0091 00F7 00B2 00D4 00E0 00DE 00FC 0020 00BB 00D9 009C 00DE 008C 00E5 0092 00E9 00F6 0003 00BB 00D9 00EA 0020 009D 0098 00DE 00B2 00C0 00BD 00DE 00D7 009D 00F9 0096 00F7 0003 00B7 00D7 00B2 00E5 00E9 00F6 00E8 008A 0020 00BC 00AF 00BC 0020 00BC 00AF 00BC 00A1 0008 0000
M001.ETC	0	43	083D1	0095 014C 00E6 0020 0095 00BB 00D9 009B 00FD 0096 00DE 0098 00F9 00E5 00FD 00E3 0003 0097 008F 00E4 0020 00EA 009C 00DE 00F2 00E3 00E9 009A 00E4 009C 00DE 008C 00E5 0092 003F 0003 0099 0092 00EB 00DE 0170 00EA 0020 0148 009C 00E3 00F9 00E9 0096 009C 00F7 0021 0008 0000
M001.ETC	0	44	083FF	00BA 00CE 00DD 00A5 00A5 00A5 014A 009C 014B 0099 00DE 00E3 0095 0097 00EF 009D 0096 00DE 0003 00B5 00C3 00DE 00B6 00DE 00DD 014C 00E3 00DE 00EA 0020 014E 0097 014F 00E9 0128 014C 00EA 0003 0096 00E0 0098 0020 0095 0171 00F8 014A 009C 014B 0099 00DE 00E3 0095 00F8 00EF 009D 009F 00DE 00A1 0008 0000
M001.ETC	0	45	08433	0095 0092 0020 00BB 00D9 0021 0020 00E4 00DE 009A 0096 00F7 0172 00E0 00FD 00E0 00DE 0003 009F 00FD 00E5 0173 00E3 00DE 0020 00C0 00DE 00DD 00BD 0086 009C 00E3 00E5 0092 00E3 00DE 0003 0174 00F1 0096 00F7 0020 014C 0096 00F7 015A 00E3 0175 008F 00E3 0098 00FA 0021 0008 0000
M001.ETC	0	46	08462	00EE 00EE 0093 0020 009A 00FA 0096 00DE 00D3 00DD 00B7 00B0 00C0 00DE 00DD 00BD 0021 0003 00E1 00EF 00E0 00E9 0020 0176 0161 00E0 00E1 00E9 0091 0092 00E0 00DE 00E3 00DE 00EA 0003 0177 0178 0175 00E9 0020 0095 00E4 00DE 00F8 00E4 015C 0097 00EF 009C 00E0 00A1 0008 0000
M001.ETC	0	47	08492	0091 00F8 008C 0020 009A 00F8 008C 00EF 00E0 00A5 00A5 00A5 00A5 0003 00E3 00DE 008F 0096 0092 00BB 00D9 0096 00DE 0020 00F4 008F 00E3 0097 00E0 009F 00DE 0003 00E4 00DE 0093 00F4 008F 00E3 0020 0158 0102 009D 00F9 00E9 0096 00E5 0091 003F 0008 0000
M001.ETC	0	48	084BC	009A 0092 00E2 0020 00B5 00DA 00E9 0159 00E3 00DE 00C0 00DE 00DD 00BD 00E4 00EA 0021 0003 0127 0179 0086 0132 00E3 00E5 0092 0020 00B5 00DA 00E9 009A 00E4 0086 0003 00CA 00DE 00B6 00E6 009C 00E3 00F9 00F0 00E0 0092 00E3 00DE 0020 0098 00F4 009C 0092 009E 00DE 00A1 0008 0000
M001.ETC	0	49	084EC	00C0 00DE 00DD 00BC 00DD 00B8 00DE 0020 00C0 00DE 00DD 00BC 00DD 00B8 00DE 0021 0003 009A 00F8 008C 00EF 00E0 0020 009D 0099 00DE 008A 00D8 00BD 00DE 00D1 017A 00E0 00DE 00E5 0003 00B5 00DA 00F3 0020 00D1 00BD 00DE 00D1 00BD 00DE 009C 00E3 0097 00E0 009E 00DE 0021 0008 0000
M001.ETC	0	50	0851E	0091 0091 0020 00F4 00F2 00FB 008F 0020 00F4 00F2 00E3 0098 00FA 008F 0003 016F 0139 00EA 0020 017B 0096 00F7 017C 0096 00DE 017D 0092 008F 00E3 00E9 00E6 0003 009F 00FD 00E5 00E4 009A 00E3 00DE 0020 00C0 00DE 00DD 00BD 009B 00FA 00E3 00E0 00EF 00F9 0096 0021 0008 0000
M001.ETC	0	51	0854D	014C 017E 017F 00E6 0020 0180 0177 00E5 00BB 00D9 0096 00DE 0172 00F9 00E5 00FD 00E3 0003 0148 0096 00E9 0020 0159 0181 00FA 00E6 00E1 0096 00DE 0092 00E5 0092 00E3 00DE 009D 0003 00A5 00A5 00A5 00E6 009C 00E3 00F3 0020 00C9 00D8 00E9 0092 0092 00BB 00D9 00E0 00DE 0021 0008 0000
M001.ETC	0	52	0857E	0091 00F8 008C 00F8 008C 0020 0092 0097 00E5 00F8 00C0 00DE 00DD 00BD 00E4 00EA 0003 0177 0182 00E6 009C 00E3 0020 010A 0183 00E5 00BB 00D9 00E3 00DE 009D 00E8 008A 0003 0092 00E2 00EF 00E3 00DE 0095 00E4 00DE 00F9 0096 0020 0129 00E3 00F6 008F 00E4 0021 0008 0000
M001.ETC	0	53	085AD	009A 00FA 00EA 0020 00BB 00D9 00E0 00DE 00F6 00E5 0091 00A5 00A5 00A5 0003 0184 00EF 00E3 00DE 0020 00F4 008F 00E3 00F9 008F 00E3 009A 00E4 00EA 0003 00BB 00B0 00B6 00BD 0096 00F7 0020 00E6 0099 00DE 00E0 00E9 0096 00F3 0021 0008 0000
M001.ETC	0	54	085D5	00EF 0091 0020 0096 00FC 0092 0092 0020 0095 00BB 00D9 009B 00FD 00E0 00DE 00FC 0003 00E3 00DE 00F3 00A5 00A5 00A5 0096 00FC 0092 0092 008F 00E3 0092 0093 00E6 00EA 0003 00E1 008E 008F 00E4 0020 0177 0097 009D 0097 00DE 00F9 0140 00F3 009D 00F9 00FC 00A1 0008 0000
M001.ETC	0	55	08602	0097 008C 00B0 008F 0020 00E0 00DE 00FA 0096 00B0 008F 0020 0185 0099 00E3 00B0 008F 0003 00A5 00A5 00A5 008F 00E3 0020 0095 00E4 00DE 00FB 0092 00E3 00F0 00E0 0099 00E4 00DE 0003 00EB 00E0 009D 00F7 0020 0095 00E4 00DE 008F 00E3 0092 00F9 00E0 00DE 0099 00E0 00DE 00FC 00A1 0008 0000
M001.ETC	0	56	08631	0186 0187 00E9 0157 00FC 00F8 013F 00EA 0020 00E4 00DE 00FD 00E5 014E 0097 014F 00F3 0003 00E0 009C 0096 00E6 0020 0188 0096 00FA 00F9 00F3 00E9 00E0 00DE 0099 00E4 00DE 0003 009A 00FA 00EA 0020 00E1 008E 008F 00E4 0020 0188 0096 00FA 009D 0097 00DE 00F6 00A1 0008 0000
M001.ETC	0	57	08661	00D3 00DD 00BD 00C0 00B0 00EA 00CD 00CB 00DE 00B0 00BC 00AD 00B0 00BD 00DE 0086 0135 008F 00E3 0092 00E0 0006 0000
M001.ETC	0	58	08678	000A 00EA 00CD 00CB 00DE 00B0 00BC 00AD 00B0 00BD 00DE 0086 0127 00E6 0128 00FA 00E0 0005 0000
M001.ETC	0	59	0868C	00BB 00C3 00D7 0189 018A 00F6 0020 00F6 0098 009F 00DE 00EF 0092 00F7 00FA 00E0 0003 0155 00F6 00F8 0020 018B 018C 009C 00EF 009C 008E 0093 009F 00DE 00A1 0008 0000
M001.ETC	0	60	086AA	00B5 00C3 00DE 00B6 00DE 00DD 0189 00E6 00F3 0020 018D 008F 00E0 00F3 00E9 00E0 00DE 0003 0169 00E9 018E 0092 009B 0094 0020 0096 00E5 0094 00E3 0098 00FA 00E0 00E5 00F7 0003 009A 00FD 00E5 0127 018F 00E5 00CF 00C8 00EA 0020 009C 00E5 0096 008F 00E0 00FB 0093 00A1 0008 0000
M001.ETC	0	61	086DB	00E0 00E4 0094 0020 0190 00E5 00F9 00C3 00A8 00B1 00D7 00E3 00DE 0191 00F7 00FA 00E3 0092 00F6 0093 00E4 0003 012E 0192 00E6 00F6 008F 00E3 0020 0193 00EB 00DE 0194 009E 00E3 009C 00EF 0094 00EA 00DE 0003 0189 0195 00E9 0192 00F3 0020 0148 00E9 0196 0152 00F3 00E5 0098 00E5 00F9 0005 0000
M001.ETC	0	62	08711	00BB 00C3 00D7 0189 018A 00E9 0197 00E6 0020 0198 0199 0096 00DE 00E5 0099 00FA 00EA 00DE 0021 00E4 0003 00B5 00C3 00DE 00B6 00DE 00DD 0189 00E0 00E1 00EA 0020 016D 0094 00E0 00FB 0093 0096 00DE 0003 009F 009A 00E6 0020 019A 0171 00F3 014E 00EF 00FA 00E0 00E4 0092 0093 009A 00E4 00E0 00DE 00A1 0008 0000
M001.ETC	0	63	08747	00B6 00B0 00D8 00B0 0021 0008 0000
M001.ETC	0	64	0874F	0126 019B 00E5 00F9 0020 0162 00E9 019C 00E6 0095 00FC 009D 0095 016A 00F6 0003 019D 00E6 0192 0086 0020 019E 009C 00E0 00EF 0094 00A5 00A5 00A5 0003 009A 00E9 019F 00E9 01A0 0086 0020 01A1 0094 00E0 00EF 0094 0021 0008 0000
M001.ETC	0	65	08779	00A5 00A5 00A5 00CA 00DF 00BF 00DE 00B0 00C4 013A 0003 0092 0096 0096 00DE 00E3 00DE 0020 009A 00DE 009B 00DE 0092 00EF 009C 008E 0093 003F 0008 0000
M001.ETC	0	66	08793	00F0 009A 00DE 00E4 00E0 00DE 0020 00B6 00B0 00D8 00B0 0021 0007 0003 009B 00E3 0020 0164 00EA 00A5 00A5 00A5 0005 0000
M001.ETC	0	67	087A9	0189 018A 0086 0020 0185 0099 00E6 00F4 008F 00E3 0097 00E0 0003 01A2 009A 0093 0129 009D 00DE 00E5 0020 0105 01A3 0170 0142 0151 00E6 0003 01A4 01A5 009C 00E3 0020 00F3 00F7 0093 00E4 009C 00F6 0093 0096 003F 0008 0000
M001.ETC	0	68	087D1	0095 0159 00E9 01A6 008F 00E3 0092 00E0 0020 0105 01A3 0170 0142 00E4 00EA 0003 009A 00E9 01A7 01A8 00E9 009A 00E4 00E0 00DE 00E5 0020 00CA 00DE 00DD 00CE 00DE 003F 0008 0000
M001.ETC	0	69	087F0	00EA 0092 0020 00CA 00DF 00BF 00DE 00B0 00C4 013A 0003 00EF 00E1 0096 00DE 0092 009A 00DE 009B 00DE 0092 00EF 009E 00FD 0021 0008 0000
M001.ETC	0	70	08807	009B 00E3 0020 01A9 00E9 01AA 011E 00E9 00E0 00F2 00E6 0003 00E0 00DE 00FA 00E6 0020 01AB 0127 0086 009B 009E 00F6 0093 0096 00E5 003F 0008 0000
M001.ETC	0	71	08821	009A 00FA 00EA 0020 0169 00E9 00B1 00B2 00C3 00DE 00B1 00E3 00DE 009D 0096 00F7 0003 009E 00DE 00EB 00A5 00A5 00A5 0169 00E6 0095 00EF 0096 009E 0086 0021 0008 0000
M001.ETC	0	72	0883E	00CA 00DE 00DD 00CE 00DE 00A5 00A5 00A5 0095 0159 00E6 0096 00A5 00A5 00A5 0006 0003 00F6 0096 00FB 0093 0021 0020 00F4 008F 00E3 0020 00F0 00F9 0096 00DE 0092 0092 00A1 0008 0000
M001.ETC	0	73	0885D	00F4 008F 00EA 00DF 00F8 0020 00F4 008F 00E3 0097 00E0 00FD 00E3 00DE 009D 00E8 0003 01AC 01AD 0192 00E9 01AE 0092 0020 0105 01A3 0170 0142 01AF 003F 0005 0000
M001.ETC	0	74	0887B	00F0 009A 00DE 00E4 0020 0189 018A 013A 0086 0185 0099 00F7 00FA 00F9 0096 0003 0169 0096 00DE 0020 01B0 009C 00E3 014B 0099 00DE 00EF 009C 008E 0093 0006 0003 009B 0091 0020 0096 0096 008F 00E3 0092 00F7 008F 009C 008C 0092 0021 0008 0000
M001.ETC	0	75	088A5	00CE 00AF 00CE 0020 01B1 0092 0086 0020 01B2 0097 009C 00E3 0003 0189 018A 0086 0020 0185 0099 00F6 0093 00E5 00FD 00E3 0003 00D9 00B0 00D9 0092 00EA 00FD 00EA 0020 0092 0099 00EF 009E 00FD 00E8 00A1 0008 0000
M001.ETC	0	76	088CA	009A 009F 00DE 0093 0020 00F6 0098 009F 00DE 00CA 00DE 00DD 00CE 00DE 00E6 01B3 008F 00E0 00E5 003F 0003 00A5 00A5 00A5 01B4 0096 00DE 00E5 0099 00FA 00EA 00DE 0174 00F8 00E5 0092 00E4 00EA 0003 00CA 00DE 00DD 00CE 00DE 00F3 0020 00EC 00DE 009B 00DE 00EF 00E5 00F3 00E9 00F6 00E5 0021 0008 0000
M001.ETC	0	77	088FC	00A5 00A5 00A5 0169 00E4 009C 00E0 009A 00E4 0096 00DE 0003 00F5 00E0 00DE 00FD 00E4 00EA 0092 0094 0020 0095 00EA 009D 00DE 0096 009C 0092 00A1 0008 0000
M001.ETC	0	78	08916	00EE 0093 00A5 00A5 00A5 00EF 00E0 00DE 0092 009C 0097 0096 00DE 0091 00F9 00E4 00EA 0003 00CA 00DE 00DD 00CE 00DE 00E9 0092 0093 01B5 00F8 0020 0177 009C 00E0 00F3 00E9 00E0 00DE 0006 0003 009C 0096 009C 0020 009F 00FA 00F3 01B6 0098 00EA 00F3 00E2 00EF 0092 0021 0008 0000
M001.ETC	0	79	08946	00A5 00A5 00A5 009A 009A 00EA 0020 00E4 00DE 009A 00E3 00DE 009C 008E 0093 003F 0008 0000
M001.ETC	0	80	08956	0091 0020 0091 00E5 00E0 00EA 0020 0169 00A5 00A5 00A5 0003 009F 00FD 00E5 00A5 00A5 00A5 0092 0092 0094 0020 00E1 0096 00DE 0093 00FC 0003 00B5 00C3 00DE 00B6 00DE 00DD 0189 018A 00BB 00C3 00D7 00EA 0020 0169 00F6 00A1 0008 0000
M001.ETC	0	81	0897D	009F 0093 00A5 00A5 00A5 009C 0096 009C 0020 016F 01B7 01B8 00F8 00E3 00DE 009D 0003 01B9 0139 0096 00F7 0020 009F 00E9 0161 0096 00DE 00BB 00C3 00D7 0189 018A 00E4 00E5 00F8 0003 00B5 00C3 00DE 00B6 00DE 00DD 014C 00E3 00DE 0020 0098 00F7 009D 009A 00E4 00E6 00E5 00F8 00EF 009D 00A1 0008 0000
M001.ETC	0	82	089B1	009F 0020 009F 00FD 00E5 00A5 00A5 00A5 00E4 00DE 0093 00F4 008F 00E3 003F 0006 0003 0169 00EA 00A5 00A5 00A5 00E4 00DE 0093 00E5 00F9 00E9 00E3 00DE 009D 00A5 00A5 00A5 00A1 0008 0000
M001.ETC	0	83	089D0	00EC 008F 00EC 008F 00EC 0020 0091 00E5 00E0 00A5 00A5 00A5 00E3 00DE 009D 0096 003F 0006 0003 0091 00E5 00E0 00EA 0092 00EF 0096 00F7 0020 013B 013C 00E6 00E3 00DE 00F3 00E5 00F8 0003 01BA 01BB 00E6 0020 01BC 0092 00E9 01BD 0086 009B 00EF 00F6 0093 00E9 00E3 00DE 009D 00A1 0008 0000
M001.ETC	0	84	08A01	0092 00F4 008F 0020 0092 00F4 00F6 0021 0003 0091 00E5 00E0 00EA 0020 00E0 00DE 00FA 003F 0003 0148 0086 0020 00E0 0098 00F7 00FD 00E3 00DE 0092 00F9 00E9 003F 0008 0000
M001.ETC	0	85	08A1E	0169 00EA 0020 012E 01BE 01BF 00CA 00DF 00BF 00DE 00B0 00C4 0021 0003 015B 01C0 0086 0020 01C1 00E6 0157 0094 00F9 0161 00E0 00DE 0021 0008 0000
M011.ETC	0	0	0886A	00B9 00DE 00B0 00D1 0086 0020 00E1 008D 0093 00E0 00DE 00FD 009C 00EF 009D 0003 00F6 00FB 009C 0092 00E3 00DE 009D 0096 003F 0000
M011.ETC	0	1	08881	0015 0002 00C3 00DE 00B0 00C0 0086 0100 00FD 00E3 00DE 0098 00E0 00DE 009B 0092 0000
M011.ETC	0	2	08891	0015 0002 0101 0102 0086 0100 00FD 00E3 00DE 0098 00E0 00DE 009B 0092 0000
M011.ETC	0	3	088A1	0015 0002 00CA 00DE 00AF 00B8 00B1 00AF 00CC 00DF 0052 0041 004D 0086 0100 00FD 00E3 00DE 0098 00E0 00DE 009B 0092 0000
M011.ETC	0	4	088BA	0015 0002 009A 00E9 00C3 00DE 00B0 00C0 0086 0020 0103 009C 00E3 00F6 00FB 009C 0092 00E3 00DE 009D 0096 003F 0000
M011.ETC	0	5	088CE	0015 0002 009A 00E9 00C3 00DE 00B0 00C0 0086 0020 0104 0105 009C 00EF 009D 0096 003F 0000
M011.ETC	0	6	088DF	0015 0002 0106 0107 0052 0041 004D 00E9 0108 0109 0096 00DE 0020 010A 010B 009C 00E3 0092 00EF 009D 0008 0000
M011.ETC	0	7	088F4	0015 0002 00B6 00B0 00C4 00D8 00AF 00BC 00DE 0052 0041 004D 00E9 0108 0109 0096 00DE 0020 010A 010B 009C 00E3 0092 00EF 009D 0008 0000
M011.ETC	0	8	0890D	0015 0002 0108 0109 010A 010B 00E9 00E0 00F2 0020 00BA 00CB 00DF 00B0 00E3 00DE 0097 00EF 009E 00FD 0008 0000
M011.ETC	0	9	08922	0015 0002 0108 0109 010A 010B 00E9 00E0 00F2 0020 0105 010C 00E9 00BE 00B0 00CC 00DE 00EA 00E3 00DE 0097 00EF 009E 00FD 0008 0000
M011.ETC	0	10	0893B	0015 0002 00B6 00B0 00C4 00D8 00AF 00BC 00DE 0052 0041 004D 0096 00DE 0020 0091 00F8 00EF 009E 00FD 0008 0000
M011.ETC	0	11	08951	0015 0002 00B6 00B0 00C4 00D8 00AF 00BC 00DE 0052 0041 004D 00E6 00EA 0020 010D 0097 010E 00F0 00E3 00DE 0097 00EF 009E 00FD 0008 0000
M011.ETC	0	12	0896B	0015 0002 010F 0097 00FB 0098 00E9 009C 008E 0110 0086 0020 00EB 00E4 00E2 0111 008F 00E3 0003 009A 009A 00EF 00E3 00DE 00E9 0112 0113 0086 0020 0114 0115 009D 00F9 009A 00E4 0096 00DE 00E3 00DE 0097 00EF 009D 00A1 0003 0114 0115 009C 00EF 009D 0096 003F 0000
M011.ETC	0	13	08998	0015 0009 0007 0114 0115 0086 0116 0117 009D 00F9 00E0 00F2 00E6 0031 0037 00E9 0118 0097 0108 0109 0096 00DE 0119 011A 00E3 00DE 009D 00A1 0003 009A 00E9 00EF 00EF 00B9 00DE 00B0 00D1 0086 00BD 00C0 00B0 00C4 009B 009E 00E0 011B 011C 0003 0114 0115 0086 0116 0117 009D 00F9 009A 00E4 0096 00DE 00E3 00DE 0097 00EF 009E 00FD 0005 0003 0112 0113 00E9 0114 0115 0086 0116 0117 009C 00E0 0092 011B 011C 00EA 0003 0116 0117 00C3 00DE 00B0 00C0 011D 0102 011E 011F 00E3 00DE 00C3 00DE 00B0 00C0 0086 0120 0102 009C 00E3 0003 00B9 00DE 00B0 00D1 0086 0121 00BD 00C0 00B0 00C4 009C 00E3 0098 00E0 00DE 009B 0092 00A1 0008 0000
M011.ETC	0	14	08A03	0015 0002 0009 0007 010D 0097 010E 00F0 00E6 0122 0123 009C 00EF 009C 00E0 0008 0000
M011.ETC	0	15	08A15	0015 0002 00CA 00DE 00AF 00B8 00B1 00AF 00CC 00DF 00C3 00DE 00B0 00C0 00EA 0091 00F8 00EF 009E 00FD 0000
M011.ETC	0	16	08A2B	0015 0009 0007 0106 0107 0052 0041 004D 00E9 0124 0125 0096 00DE 0020 00E3 00DE 0097 00E3 0092 00EF 009E 00FD 00A1 0003 0116 0117 00C3 00DE 00B0 00C0 011D 0102 011E 011F 00E3 00DE 0020 0126 00E3 00E9 0114 0115 0086 0103 009C 0003 00B9 00DE 00B0 00D1 0086 0020 0121 00BD 00C0 00B0 00C4 009C 00E3 0098 00E0 00DE 009B 0092 00A1 0000
M011.ETC	0	17	08A65	0015 0009 0007 00B6 00B0 00C4 00D8 00AF 00BC 00DE 0052 0041 004D 00E9 0124 0125 0096 00DE 0020 00E3 00DE 0097 00E3 0092 00EF 009E 00FD 00A1 0003 0116 0117 00C3 00DE 00B0 00C0 011D 0102 011E 011F 00E3 00DE 0020 0126 00E3 00E9 0114 0115 0086 0103 009C 0003 00B9 00DE 00B0 00D1 0086 0020 0121 00BD 00C0 00B0 00C4 009C 00E3 0098 00E0 00DE 009B 0092 00A1 0000
M011.ETC	0	18	08AA3	0015 000E 0086 0127 00E6 0128 00FA 00E0 0004 0000
M011.ETC	0	19	08AAF	0015 000A 00EA 0020 00CA 00DE 00C4 00D9 00BF 00B0 00C4 00DE 0086 0129 00E2 0099 00E3 0003 00BC 00AE 00B0 00C4 00BF 00B0 00C4 00DE 0086 0020 012A 012B 00E6 0095 0092 00E0 00A1 0008 0000
M011.ETC	0	20	08AD2	0015 012C 0096 00DE 0096 0096 008F 00E3 0092 00F9 0008 0000
M011.ETC	0	21	08ADD	009F 00FA 00EA 0020 0020 00B4 00D9 00CC 00E6 012D 00FC 00F9 012E 012F 0130 00A5 00A5 00A5 0003 0097 008F 00E4 0020 0020 000A 00E6 0131 0132 00E2 00EA 009D 00DE 00E0 00DE 0005 0000
M011.ETC	0	22	08AFF	009A 00E9 0133 00EA 0020 0020 00B7 00D0 00E6 00EA 00EF 00E0 00DE 0134 0102 00E0 00DE 0003 009F 00FA 0086 0135 008F 00E3 0020 0020 0136 00E6 0137 00F8 00E5 009B 0092 0003 0092 009D 00DE 00FA 0138 0093 0139 00EF 00E3 00DE 00A5 00A5 00A5 009B 00F7 00EA 00DE 00E0 00DE 00A1 0008 0000
M011.ETC	0	23	08B2F	00EF 0091 0020 000A 013A 008F 00E0 00F7 00A5 00A5 00A5 0003 013B 013C 0086 0020 0095 013D 00E6 009B 00FA 00F9 00E5 00FD 00E3 0003 013E 013F 008F 0140 0096 00DE 0020 0095 0091 00F8 00E5 00FD 00E3 00DE 009D 009A 00E4 0021 0008 0000
M011.ETC	0	24	08B56	0093 00EC 00EC 00A5 00A5 00A5 000A 013A 00EA 0003 0141 0142 00E9 0143 0144 00E6 0020 0095 00E5 00F8 00E6 00E5 008F 00E3 00F3 0003 0096 009B 00DE 00F8 0140 00E9 00E5 0092 0020 0145 0146 00E3 00DE 009D 00E9 00E8 003F 0008 0000
M011.ETC	0	25	08B7E	000A 013A 00E9 0020 0095 0147 00FA 00E9 013B 013C 00EA 0003 00E4 00DE 00E1 00F7 00E3 00DE 0020 0129 00E2 0099 00F7 00FA 00E0 00E9 00E3 00DE 009D 003F 0003 0148 00E0 00DE 0096 0020 00E4 008F 00E3 00F3 0140 0149 0096 00DE 0091 00F8 00EF 009D 00FC 00A1 0008 0000
M011.ETC	0	26	08BAA	00BA 00CE 00DD 00A5 00A5 00A5 014A 009C 014B 0099 00DE 00E3 0095 0097 00EF 009D 0096 00DE 0003 014C 014D 00E6 0020 014E 0097 014F 0086 0135 00E1 010E 00F1 009A 00E4 00EA 0003 0096 00E0 0098 0150 009C 00DE 00F7 00FA 00E3 0095 00F8 00EF 009D 0020 00CA 00B2 00A1 0008 0000
M011.ETC	0	27	08BDA	0095 00F4 0020 000A 0151 00E9 0095 013D 00EA 00A5 00A5 00A5 0003 00F3 009C 00F4 0020 013B 013C 00E3 00DE 00EA 0091 00F8 00EF 009E 00E7 0096 00E5 0003 00ED 0094 0094 0020 009F 0093 0092 0093 0020 009C 008D 0152 00E3 00DE 009D 0096 003F 0008 0000
M011.ETC	0	28	08C05	0091 00FA 00EF 0091 0020 013B 013C 0086 0153 0094 00E3 00E9 0154 014C 00E4 00EA 0003 0092 008F 00E0 0092 0020 00E4 00DE 00E9 00F6 0093 00E5 0155 0156 00E3 00DE 009D 0096 00E5 003F 0003 009A 00FA 00EF 00E0 0020 0157 00FC 008F 00E0 0095 013D 00E0 00DE 009A 00E4 00A5 00A5 00A5 00A1 0008 0000
M011.ETC	0	29	08C36	0148 00E3 00DE 009D 0096 00A5 00A5 00A5 000A 0151 003F 0003 00F4 00F4 0020 00F3 009C 00F4 0020 009F 00E9 013B 013C 0086 0003 0158 0102 009C 00E3 0098 00FA 00E4 0020 0092 00FC 00FA 00EF 009D 0096 003F 0008 0000
M011.ETC	0	30	08C5A	0095 0159 00EA 0020 0141 0142 00E6 015A 015B 009C 00E0 009A 00E4 00E3 00DE 0003 00E4 00DE 009A 0096 0020 0095 0096 009C 0098 00E5 008F 00E0 00E9 0096 003F 0003 00E0 00DE 008F 00E3 0020 009F 00FA 0020 013B 013C 00E0 00DE 00F6 00E5 0091 00A1 0008 0000
M011.ETC	0	31	08C83	000A 0096 00DE 0020 0112 0113 00E6 015A 00E3 00F9 00E4 015C 0092 00E3 0003 00E4 00DE 00FD 00E5 009A 00E4 0086 0020 00F4 008F 00E3 0098 00F9 0096 00E4 015D 008F 00E0 00F7 0003 00A5 00A5 00A5 013B 013C 0086 0020 009B 0096 00DE 009C 00E3 0098 00F9 009A 00E4 00E4 00EA 0021 0008 0000
M011.ETC	0	32	08CB1	0095 00FA 00EA 0020 000A 00E9 015A 015B 00E9 015E 00F7 009E 0086 0003 015F 0160 00E6 0020 00F6 00FB 009A 00FD 00E3 00DE 0092 00E0 00FD 00E0 00DE 0099 00E4 00DE 00A5 00A5 00A5 0003 013B 013C 0086 0153 0094 00F9 0020 0095 0159 0129 00F9 00E4 0020 00B6 00DE 00AF 00B6 00D8 00E0 00DE 00A1 0008 0000
M011.ETC	0	33	08CE5	000A 0151 00EA 0020 0141 0142 00E6 00E5 00F7 00FA 00E3 0003 00EF 009D 00EF 009D 0020 00E0 0098 00EF 009C 0098 00E5 008F 00E0 00A5 00A5 00A5 0096 00DE 0003 00CC 00DF 00CC 00DF 00AF 0020 0095 013D 00E6 013B 013C 00E4 00EA 0020 00B9 00AF 00BB 00B8 00E0 00DE 0021 0008 0000
M011.ETC	0	34	08D14	0021 0020 0020 000A 013A 00EA 0020 00EA 009D 00DE 0096 009C 0098 00E5 0092 00E9 0096 003F 0003 0141 0142 00E0 00F9 0161 0096 00DE 0020 013B 013C 0086 0153 0094 00F9 00E4 00EA 00A5 00A5 00A5 0003 00B5 00C3 00DE 00B6 00DE 00DD 00E9 0141 0142 00F3 0020 0162 00E6 0163 00E1 00E0 00E5 0091 00A1 0008 0000
M011.ETC	0	35	08D47	000A 013A 00E9 0020 0164 00FB 00E6 0092 00F9 00E9 00EA 0003 013B 013C 00E3 00DE 009D 0099 00E4 00DE 00A5 00A5 00A5 00EA 00EA 0091 00A5 00A5 00A5 0003 0141 0142 00E9 0112 0113 00E4 0020 0165 0166 0096 00DE 0091 00F9 00FD 00E3 00DE 009C 008E 003F 0008 0000
M011.ETC	0	36	08D72	000A 013A 00EA 0020 013B 013C 0086 0167 00FC 00FA 00E0 00E9 003F 0003 00E3 00DE 00F3 0020 00E5 00FD 00E3 0097 00FA 0092 00E5 013B 013C 00E5 00FD 00E3 00DE 009C 008E 0021 0003 009F 00FA 00E6 0020 0140 0149 00E6 0091 00EC 00FA 00E3 0092 00F9 00FC 00F6 00A1 0008 0000
M011.ETC	0	37	08D9F	000A 013A 00E4 0020 013B 013C 00E9 0168 00F8 011C 00FC 009E 003F 0003 00F0 00FD 00E5 00EA 0020 0095 0096 009C 0098 015D 0093 00E3 00DE 009C 008E 0093 0099 00E4 00DE 0003 0169 00EA 00A5 00A5 00A5 009D 009A 00DE 0098 00BD 00C3 00B7 00E0 00DE 00E4 015D 0093 00A1 0008 0000
M011.ETC	0	38	08DCE	0141 0142 00E6 00E5 00F7 00FA 00E0 0020 000A 013A 00E3 00DE 009D 00E8 003F 0003 009F 00FD 00E5 0143 0144 00E9 016A 0096 00DE 0020 0091 00F7 0020 0092 00F4 00E0 00DE 00FC 0091 0003 013B 013C 0096 00DE 0020 0164 0086 00E2 0099 00E3 0097 00E3 0092 00EF 009D 00FC 00F6 00A1 0008 0000
M011.ETC	0	39	08DFE	00ED 008A 008A 0020 00CE 00DD 00C4 00E6 016B 0136 00E0 00DE 00E5 0091 00A5 00A5 00A5 0003 000A 0096 00DE 0020 013B 013C 0086 0153 0094 00E3 016C 0098 00E5 00FD 00E3 0003 0092 00EF 00EF 00E3 00DE 00E9 00B7 00D0 0096 00F7 00EA 0020 016D 0094 00F7 00FA 00E5 0092 00F6 00A1 0008 0000
M011.ETC	0	40	08E2F	0093 0020 0093 00FD 003F 0020 00E5 00FD 00E0 00DE 00BB 00D9 009C 00DE 008C 00E5 0092 0096 0021 0003 015A 015B 00E9 00C1 00AC 00DD 00BD 0086 0020 00E9 0096 00DE 009C 00E0 00CE 00DE 00B8 0086 0003 00E5 0098 00DE 009B 00F2 00E6 0020 0097 00E3 0098 00FA 00E0 00FD 00E0 00DE 00E8 0020 0098 00DE 00B0 00A1 0008 0000
M011.ETC	0	41	08E64	00EF 0091 0020 0096 00FC 0092 0092 0020 0095 00BB 00D9 009B 00FD 0003 0097 008F 00E4 0020 0095 016E 00E3 00DE 00F3 009D 0092 00E0 00FD 00E3 00DE 009C 008E 003F 0003 00E3 00DE 00F3 016F 0020 00CA 00DE 00C5 00C5 00EA 0135 008F 00E3 0092 00E5 0092 00E9 00A1 0008 0000
M011.ETC	0	42	08E92	0091 00F7 00B2 00D4 00E0 00DE 00FC 0020 00BB 00D9 009C 00DE 008C 00E5 0092 00E9 00F6 0003 00BB 00D9 00EA 0020 009D 0098 00DE 00B2 00C0 00BD 00DE 00D7 009D 00F9 0096 00F7 0003 00B7 00D7 00B2 00E5 00E9 00F6 00E8 008A 0020 00BC 00AF 00BC 0020 00BC 00AF 00BC 00A1 0008 0000
M011.ETC	0	43	08EC4	0095 014C 00E6 0020 0095 00BB 00D9 009B 00FD 0096 00DE 0098 00F9 00E5 00FD 00E3 0003 0097 008F 00E4 0020 00EA 009C 00DE 00F2 00E3 00E9 009A 00E4 009C 00DE 008C 00E5 0092 003F 0003 0099 0092 00EB 00DE 0170 00EA 0020 0148 009C 00E3 00F9 00E9 0096 009C 00F7 0021 0008 0000
M011.ETC	0	44	08EF2	00BA 00CE 00DD 00A5 00A5 00A5 014A 009C 014B 0099 00DE 00E3 0095 0097 00EF 009D 0096 00DE 0003 00B5 00C3 00DE 00B6 00DE 00DD 014C 00E3 00DE 00EA 0020 014E 0097 014F 00E9 0128 014C 00EA 0003 0096 00E0 0098 0020 0095 0171 00F8 014A 009C 014B 0099 00DE 00E3 0095 00F8 00EF 009D 009F 00DE 00A1 0008 0000
M011.ETC	0	45	08F26	0095 0092 0020 00BB 00D9 0021 0020 00E4 00DE 009A 0096 00F7 0172 00E0 00FD 00E0 00DE 0003 009F 00FD 00E5 0173 00E3 00DE 0020 00C0 00DE 00DD 00BD 0086 009C 00E3 00E5 0092 00E3 00DE 0003 0174 00F1 0096 00F7 0020 014C 0096 00F7 015A 00E3 0175 008F 00E3 0098 00FA 0021 0008 0000
M011.ETC	0	46	08F54	00EE 00EE 0093 0020 009A 00FA 0096 00DE 00D3 00DD 00B7 00B0 00C0 00DE 00DD 00BD 0021 0003 00E1 00EF 00E0 00E9 0020 0176 0161 00E0 00E1 00E9 0091 0092 00E0 00DE 00E3 00DE 00EA 0003 0177 0178 0175 00E9 0020 0095 00E4 00DE 00F8 00E4 015C 0097 00EF 009C 00E0 00A1 0008 0000
M011.ETC	0	47	08F84	0091 00F8 008C 0020 009A 00F8 008C 00EF 00E0 00A5 00A5 00A5 00A5 0003 00E3 00DE 008F 0096 0092 00BB 00D9 0096 00DE 0020 00F4 008F 00E3 0097 00E0 009F 00DE 0003 00E4 00DE 0093 00F4 008F 00E3 0020 0158 0102 009D 00F9 00E9 0096 00E5 0091 003F 0008 0000
M011.ETC	0	48	08FAE	009A 0092 00E2 0020 00B5 00DA 00E9 0159 00E3 00DE 00C0 00DE 00DD 00BD 00E4 00EA 0021 0003 0127 0179 0086 0132 00E3 00E5 0092 0020 00B5 00DA 00E9 009A 00E4 0086 0003 00CA 00DE 00B6 00E6 009C 00E3 00F9 00F0 00E0 0092 00E3 00DE 0020 0098 00F4 009C 0092 009E 00DE 00A1 0008 0000
M011.ETC	0	49	08FDF	00C0 00DE 00DD 00BC 00DD 00B8 00DE 0020 00C0 00DE 00DD 00BC 00DD 00B8 00DE 0021 0003 009A 00F8 008C 00EF 00E0 0020 009D 0099 00DE 008A 00D8 00BD 00DE 00D1 017A 00E0 00DE 00E5 0003 00B5 00DA 00F3 0020 00D1 00BD 00DE 00D1 00BD 00DE 009C 00E3 0097 00E0 009E 00DE 0021 0008 0000
M011.ETC	0	50	09010	0091 0091 0020 00F4 00F2 00FB 008F 0020 00F4 00F2 00E3 0098 00FA 008F 0003 016F 0139 00EA 0020 017B 0096 00F7 017C 0096 00DE 017D 0092 008F 00E3 00E9 00E6 0003 009F 00FD 00E5 00E4 009A 00E3 00DE 0020 00C0 00DE 00DD 00BD 009B 00FA 00E3 00E0 00EF 00F9 0096 0021 0008 0000
M011.ETC	0	51	0903E	014C 017E 017F 00E6 0020 0180 0177 00E5 00BB 00D9 0096 00DE 0172 00F9 00E5 00FD 00E3 0003 0148 0096 00E9 0020 0159 0181 00FA 00E6 00E1 0096 00DE 0092 00E5 0092 00E3 00DE 009D 0003 00A5 00A5 00A5 00E6 009C 00E3 00F3 0020 00C9 00D8 00E9 0092 0092 00BB 00D9 00E0 00DE 0021 0008 0000
M011.ETC	0	52	0906F	0091 00F8 008C 00F8 008C 0020 0092 0097 00E5 00F8 00C0 00DE 00DD 00BD 00E4 00EA 0003 0177 0182 00E6 009C 00E3 0020 010A 0183 00E5 00BB 00D9 00E3 00DE 009D 00E8 008A 0003 0092 00E2 00EF 00E3 00DE 0095 00E4 00DE 00F9 0096 0020 0129 00E3 00F6 008F 00E4 0021 0008 0000
M011.ETC	0	53	0909E	009A 00FA 00EA 0020 00BB 00D9 00E0 00DE 00F6 00E5 0091 00A5 00A5 00A5 0003 0184 00EF 00E3 00DE 0020 00F4 008F 00E3 00F9 008F 00E3 009A 00E4 00EA 0003 00BB 00B0 00B6 00BD 0096 00F7 0020 00E6 0099 00DE 00E0 00E9 0096 00F3 0021 0008 0000
M011.ETC	0	54	090C6	00EF 0091 0020 0096 00FC 0092 0092 0020 0095 00BB 00D9 009B 00FD 00E0 00DE 00FC 0003 00E3 00DE 00F3 00A5 00A5 00A5 0096 00FC 0092 0092 008F 00E3 0092 0093 00E6 00EA 0003 00E1 008E 008F 00E4 0020 0177 0097 009D 0097 00DE 00F9 0140 00F3 009D 00F9 00FC 00A1 0008 0000
M011.ETC	0	55	090F4	0097 008C 00B0 008F 0020 00E0 00DE 00FA 0096 00B0 008F 0020 0185 0099 00E3 00B0 008F 0003 00A5 00A5 00A5 008F 00E3 0020 0095 00E4 00DE 00FB 0092 00E3 00F0 00E0 0099 00E4 00DE 0003 00EB 00E0 009D 00F7 0020 0095 00E4 00DE 008F 00E3 0092 00F9 00E0 00DE 0099 00E0 00DE 00FC 00A1 0008 0000
M011.ETC	0	56	09124	0186 0187 00E9 0157 00FC 00F8 013F 00EA 0020 00E4 00DE 00FD 00E5 014E 0097 014F 00F3 0003 00E0 009C 0096 00E6 0020 0188 0096 00FA 00F9 00F3 00E9 00E0 00DE 0099 00E4 00DE 0003 009A 00FA 00EA 0020 00E1 008E 008F 00E4 0020 0188 0096 00FA 009D 0097 00DE 00F6 00A1 0008 0000
M011.ETC	0	57	09154	00CE 00CE 00CE 0020 00F4 008F 00E3 0172 00E0 00FC 00E8 0020 000A 0021 0008 0000
M011.ETC	0	58	09163	00E3 00DE 00F3 00A5 00A5 00A5 0189 018A 00E0 00DE 00FC 00E8 0003 018B 00E9 00BC 00DE 00DD 00EA 0020 018C 018D 009B 00FA 00E0 00FC 0021 0008 0000
M011.ETC	0	59	0917D	00CE 00CE 00CE 0020 0098 00F4 009C 0092 0096 009C 00F7 003F 0003 0169 0086 0020 018E 009C 00E0 0092 009A 00E4 00E3 00DE 009C 008E 0093 00E8 0021 0008 0000
M011.ETC	0	60	09199	00C0 00DE 00D2 00C0 00DE 00D2 0020 0006 016F 00EA 018F 008F 00E3 00F9 00CB 00CF 0096 00DE 00E5 0092 00FC 0003 00A5 00A5 00A5 009F 0093 0020 0169 00EA 00CE 00CB 00DE 00AF 00C4 00E9 0190 00E6 0175 0098 00E9 0003 00CE 00CB 00DE 00AF 00C4 00E9 0190 00E9 0020 0191 0192 0086 0193 00E2 00DE 0099 00F9 00E9 00F6 0005 0000
M011.ETC	0	61	091D3	018F 0092 00E0 0099 00FA 00EA 00DE 0020 009F 009A 00E6 0092 00F7 008F 009C 008C 0092 0003 0091 00E5 00E0 0096 00DE 0194 00F1 00E0 00DE 0099 0020 018F 008F 00E3 0091 0099 00DE 00F9 00FC 00A1 0008 0000
M011.ETC	0	62	091F7	0092 0092 009A 00E4 0086 0020 0195 0094 00E3 014B 0099 00DE 00EF 009C 008E 0093 0021 0003 00BC 00DE 00DD 00E9 012A 0196 00EA 0020 018B 00E9 00BC 00DE 00DD 0086 018C 018D 009C 00E3 0003 0197 0086 0198 008F 00E3 0092 00F9 0020 0199 014F 00E6 0091 0099 00DE 00E0 00E9 0005 0000
M011.ETC	0	63	09228	00F3 009C 00F3 0020 0091 00FA 0096 00DE 00EE 009C 0092 00E9 00E0 00DE 008F 00E0 00F7 0003 009F 009A 00E9 0020 00BB 00DD 00C4 00DE 00B3 00AB 00B0 00D1 00E4 018F 0093 00E9 00E8 0003 009F 00FA 009C 00DE 008C 0020 0096 00DE 00FD 00EA 00DE 00F8 00E5 009B 0092 00E5 0021 0008 0000
M011.ETC	0	64	09258	010F 019A 019B 00E6 019C 00F9 0020 00BC 00DE 00DD 00E6 0138 0092 00E0 0092 00E4 019D 0093 00E5 00F7 0003 0020 019E 0096 00DE 0130 00E6 00E5 00F9 019F 0020 01A0 00FA 00F9 0130 00E9 01A1 01A2 01A3 0086 0003 0020 01A4 014B 01A5 00E9 00BA 00DB 00BC 00B1 00D1 00E9 0020 01A6 00E6 00EA 00F2 00F9 00E9 00E0 00DE 00A1 0110 0008 0000
M011.ETC	0	65	09294	00E4 00DE 009A 0096 00F7 00E4 00F3 00E5 0098 0020 01A7 0096 00DE 009D 00F9 00A5 00A5 00A5 0003 010F 019E 0096 00DE 0130 00E6 0157 00FC 00F9 00E4 0097 0020 019E 00E6 01A8 009D 00DE 00F3 00FA 009C 01A1 01A2 0003 009F 00E9 01A9 0086 0020 01A0 00FC 009D 00E3 00DE 0091 00FB 0093 0110 0008 0000
M011.ETC	0	66	092C6	01A6 00E6 01AA 01AB 0096 00DE 0020 01AC 00EF 00FA 00E3 0092 00F9 00A5 00A5 00A5 0003 010F 01AD 0098 01AE 009B 00DE 009B 00FA 009C 0020 01AF 0096 00DE 0155 0003 01A1 01A2 00E9 00EE 00EE 0094 00F0 00E6 00F6 00F8 0020 01B0 0096 00FA 00FD 0110 0008 0000
M021.ETC	0	0	071C7	00B9 00DE 00B0 00D1 0086 0020 00E1 008D 0093 00E0 00DE 00FD 009C 00EF 009D 0003 00F6 00FB 009C 0092 00E3 00DE 009D 0096 003F 0000
M021.ETC	0	1	071DF	0015 0002 00C3 00DE 00B0 00C0 0086 0100 00FD 00E3 00DE 0098 00E0 00DE 009B 0092 0000
M021.ETC	0	2	071F0	0015 0002 0101 0102 0086 0100 00FD 00E3 00DE 0098 00E0 00DE 009B 0092 0000
M021.ETC	0	3	07200	0015 0002 00CA 00DE 00AF 00B8 00B1 00AF 00CC 00DF 0052 0041 004D 0086 0100 00FD 00E3 00DE 0098 00E0 00DE 009B 0092 0000
M021.ETC	0	4	07219	0015 0002 009A 00E9 00C3 00DE 00B0 00C0 0086 0020 0103 009C 00E3 00F6 00FB 009C 0092 00E3 00DE 009D 0096 003F 0000
M021.ETC	0	5	0722E	0015 0002 009A 00E9 00C3 00DE 00B0 00C0 0086 0020 0104 0105 009C 00EF 009D 0096 003F 0000
M021.ETC	0	6	07240	0015 0002 0106 0107 0052 0041 004D 00E9 0108 0109 0096 00DE 0020 010A 010B 009C 00E3 0092 00EF 009D 0008 0000
M021.ETC	0	7	07255	0015 0002 00B6 00B0 00C4 00D8 00AF 00BC 00DE 0052 0041 004D 00E9 0108 0109 0096 00DE 0020 010A 010B 009C 00E3 0092 00EF 009D 0008 0000
M021.ETC	0	8	0726F	0015 0002 0108 0109 010A 010B 00E9 00E0 00F2 0020 00BA 00CB 00DF 00B0 00E3 00DE 0097 00EF 009E 00FD 0008 0000
M021.ETC	0	9	07285	0015 0002 0108 0109 010A 010B 00E9 00E0 00F2 0020 0105 010C 00E9 00BE 00B0 00CC 00DE 00EA 00E3 00DE 0097 00EF 009E 00FD 0008 0000
M021.ETC	0	10	0729E	0015 0002 00B6 00B0 00C4 00D8 00AF 00BC 00DE 0052 0041 004D 0096 00DE 0020 0091 00F8 00EF 009E 00FD 0008 0000
M021.ETC	0	11	072B4	0015 0002 00B6 00B0 00C4 00D8 00AF 00BC 00DE 0052 0041 004D 00E6 00EA 0020 010D 0097 010E 00F0 00E3 00DE 0097 00EF 009E 00FD 0008 0000
M021.ETC	0	12	072CF	0015 0002 010F 0097 00FB 0098 00E9 009C 008E 0110 0086 0020 00EB 00E4 00E2 0111 008F 00E3 0003 009A 009A 00EF 00E3 00DE 00E9 0112 0113 0086 0020 0114 0115 009D 00F9 009A 00E4 0096 00DE 00E3 00DE 0097 00EF 009D 00A1 0003 0114 0115 009C 00EF 009D 0096 003F 0000
M021.ETC	0	13	072FC	0015 0009 0007 0114 0115 0086 0116 0117 009D 00F9 00E0 00F2 00E6 0031 0037 00E9 0118 0097 0108 0109 0096 00DE 0119 011A 00E3 00DE 009D 00A1 0003 009A 00E9 00EF 00EF 00B9 00DE 00B0 00D1 0086 00BD 00C0 00B0 00C4 009B 009E 00E0 011B 011C 0003 0114 0115 0086 0116 0117 009D 00F9 009A 00E4 0096 00DE 00E3 00DE 0097 00EF 009E 00FD 0005 0003 0112 0113 00E9 0114 0115 0086 0116 0117 009C 00E0 0092 011B 011C 00EA 0003 0116 0117 00C3 00DE 00B0 00C0 011D 0102 011E 011F 00E3 00DE 00C3 00DE 00B0 00C0 0086 0120 0102 009C 00E3 0003 00B9 00DE 00B0 00D1 0086 0121 00BD 00C0 00B0 00C4 009C 00E3 0098 00E0 00DE 009B 0092 00A1 0008 0000
M021.ETC	0	14	0736B	0015 0002 0009 0007 010D 0097 010E 00F0 00E6 0122 0123 009C 00EF 009C 00E0 0008 0000
M021.ETC	0	15	0737E	0015 0002 00CA 00DE 00AF 00B8 00B1 00AF 00CC 00DF 00C3 00DE 00B0 00C0 00EA 0091 00F8 00EF 009E 00FD 0000
M021.ETC	0	16	07394	0015 0009 0007 0106 0107 0052 0041 004D 00E9 0124 0125 0096 00DE 0020 00E3 00DE 0097 00E3 0092 00EF 009E 00FD 00A1 0003 0116 0117 00C3 00DE 00B0 00C0 011D 0102 011E 011F 00E3 00DE 0020 0126 00E3 00E9 0114 0115 0086 0103 009C 0003 00B9 00DE 00B0 00D1 0086 0020 0121 00BD 00C0 00B0 00C4 009C 00E3 0098 00E0 00DE 009B 0092 00A1 0000
M021.ETC	0	17	073D0	0015 0009 0007 00B6 00B0 00C4 00D8 00AF 00BC 00DE 0052 0041 004D 00E9 0124 0125 0096 00DE 0020 00E3 00DE 0097 00E3 0092 00EF 009E 00FD 00A1 0003 0116 0117 00C3 00DE 00B0 00C0 011D 0102 011E 011F 00E3 00DE 0020 0126 00E3 00E9 0114 0115 0086 0103 009C 0003 00B9 00DE 00B0 00D1 0086 0020 0121 00BD 00C0 00B0 00C4 009C 00E3 0098 00E0 00DE 009B 0092 00A1 0000
M021.ETC	0	18	07410	0015 000E 0086 0127 00E6 0128 00FA 00E0 0004 0000
M021.ETC	0	19	0741C	0015 000A 00EA 0020 00CA 00DE 00C4 00D9 00BF 00B0 00C4 00DE 0086 0129 00E2 0099 00E3 0003 00BC 00AE 00B0 00C4 00BF 00B0 00C4 00DE 0086 0020 012A 012B 00E6 0095 0092 00E0 00A1 0008 0000
M021.ETC	0	20	07440	0015 012C 0096 00DE 0096 0096 008F 00E3 0092 00F9 0007 0000
M021.ETC	0	21	0744C	009F 00FA 00EA 0020 00B4 00D9 00CC 00E6 012D 00FC 00F9 012E 012F 0130 00A5 00A5 00A5 0003 0097 008F 00E4 0020 000A 00E6 0131 0132 00E2 00EA 009D 00DE 00E0 00DE 0005 0000
M021.ETC	0	22	0746C	009A 00E9 0133 00EA 0020 00B7 00D0 00E6 00EA 00EF 00E0 00DE 0134 0102 00E0 00DE 0003 009F 00FA 0086 0135 008F 00E3 0020 0136 00E6 0137 00F8 00E5 009B 0092 0003 0092 009D 00DE 00FA 0138 0093 0139 00EF 00E3 00DE 00A5 00A5 00A5 009B 00F7 00EA 00DE 00E0 00DE 00A1 0008 0000
M021.ETC	0	23	0749A	00EF 0091 0020 000A 013A 008F 00E0 00F7 00A5 00A5 00A5 0003 013B 013C 0086 0020 0095 013D 00E6 009B 00FA 00F9 00E5 00FD 00E3 0003 013E 013F 008F 0140 0096 00DE 0020 0095 0091 00F8 00E5 00FD 00E3 00DE 009D 009A 00E4 0021 0008 0000
M021.ETC	0	24	074C1	0093 00EC 00EC 00A5 00A5 00A5 000A 013A 00EA 0003 0141 0142 00E9 0143 0144 00E6 0020 0095 00E5 00F8 00E6 00E5 008F 00E3 00F3 0003 0096 009B 00DE 00F8 0140 00E9 00E5 0092 0020 0145 0146 00E3 00DE 009D 00E9 00E8 003F 0008 0000
M021.ETC	0	25	074EA	000A 013A 00E9 0020 0095 0147 00FA 00E9 013B 013C 00EA 0003 00E4 00DE 00E1 00F7 00E3 00DE 0020 0129 00E2 0099 00F7 00FA 00E0 00E9 00E3 00DE 009D 003F 0003 0148 00E0 00DE 0096 0020 00E4 008F 00E3 00F3 0140 0149 0096 00DE 0091 00F8 00EF 009D 00FC 00A1 0008 0000
M021.ETC	0	26	07516	00BA 00CE 00DD 00A5 00A5 00A5 014A 009C 014B 0099 00DE 00E3 0095 0097 00EF 009D 0096 00DE 0003 014C 014D 00E6 0020 014E 0097 014F 0086 0135 00E1 010E 00F1 009A 00E4 00EA 0003 0096 00E0 0098 0150 009C 00DE 00F7 00FA 00E3 0095 00F8 00EF 009D 0020 00CA 00B2 00A1 0008 0000
M021.ETC	0	27	07547	0095 00F4 0020 000A 0151 00E9 0095 013D 00EA 00A5 00A5 00A5 0003 00F3 009C 00F4 0020 013B 013C 00E3 00DE 00EA 0091 00F8 00EF 009E 00E7 0096 00E5 0003 00ED 0094 0094 0020 009F 0093 0092 0093 0020 009C 008D 0152 00E3 00DE 009D 0096 003F 0008 0000
M021.ETC	0	28	07573	0091 00FA 00EF 0091 0020 013B 013C 0086 0153 0094 00E3 00E9 0154 014C 00E4 00EA 0003 0092 008F 00E0 0092 0020 00E4 00DE 00E9 00F6 0093 00E5 0155 0156 00E3 00DE 009D 0096 00E5 003F 0003 009A 00FA 00EF 00E0 0020 0157 00FC 008F 00E0 0095 013D 00E0 00DE 009A 00E4 00A5 00A5 00A5 00A1 0008 0000
M021.ETC	0	29	075A4	0148 00E3 00DE 009D 0096 00A5 00A5 00A5 000A 0151 003F 0003 00F4 00F4 0020 00F3 009C 00F4 0020 009F 00E9 013B 013C 0086 0003 0158 0102 009C 00E3 0098 00FA 00E4 0020 0092 00FC 00FA 00EF 009D 0096 003F 0008 0000
M021.ETC	0	30	075C9	0095 0159 00EA 0020 0141 0142 00E6 015A 015B 009C 00E0 009A 00E4 00E3 00DE 0003 00E4 00DE 009A 0096 0020 0095 0096 009C 0098 00E5 008F 00E0 00E9 0096 003F 0003 00E0 00DE 008F 00E3 0020 009F 00FA 0020 013B 013C 00E0 00DE 00F6 00E5 0091 00A1 0008 0000
M021.ETC	0	31	075F2	000A 0096 00DE 0020 0112 0113 00E6 015A 00E3 00F9 00E4 015C 0092 00E3 0003 00E4 00DE 00FD 00E5 009A 00E4 0086 0020 00F4 008F 00E3 0098 00F9 0096 00E4 015D 008F 00E0 00F7 0003 00A5 00A5 00A5 013B 013C 0086 0020 009B 0096 00DE 009C 00E3 0098 00F9 009A 00E4 00E4 00EA 0021 0008 0000
M021.ETC	0	32	07621	0095 00FA 00EA 0020 000A 00E9 015A 015B 00E9 015E 00F7 009E 0086 0003 015F 0160 00E6 0020 00F6 00FB 009A 00FD 00E3 00DE 0092 00E0 00FD 00E0 00DE 0099 00E4 00DE 00A5 00A5 00A5 0003 013B 013C 0086 0153 0094 00F9 0020 0095 0159 0129 00F9 00E4 0020 00B6 00DE 00AF 00B6 00D8 00E0 00DE 00A1 0008 0000
M021.ETC	0	33	07653	000A 0151 00EA 0020 0141 0142 00E6 00E5 00F7 00FA 00E3 0003 00EF 009D 00EF 009D 0020 00E0 0098 00EF 009C 0098 00E5 008F 00E0 00A5 00A5 00A5 0096 00DE 0003 00CC 00DF 00CC 00DF 00AF 0020 0095 013D 00E6 013B 013C 00E4 00EA 0020 00B9 00AF 00BB 00B8 00E0 00DE 0021 0008 0000
M021.ETC	0	34	07682	0021 0020 000A 013A 00EA 0020 00EA 009D 00DE 0096 009C 0098 00E5 0092 00E9 0096 003F 0003 0141 0142 00E0 00F9 0161 0096 00DE 0020 013B 013C 0086 0153 0094 00F9 00E4 00EA 00A5 00A5 00A5 0003 00B5 00C3 00DE 00B6 00DE 00DD 00E9 0141 0142 00F3 0020 0162 00E6 0163 00E1 00E0 00E5 0091 00A1 0008 0000
M021.ETC	0	35	076B4	000A 013A 00E9 0020 0164 00FB 00E6 0092 00F9 00E9 00EA 0003 013B 013C 00E3 00DE 009D 0099 00E4 00DE 00A5 00A5 00A5 00EA 00EA 0091 00A5 00A5 00A5 0003 0141 0142 00E9 0112 0113 00E4 0020 0165 0166 0096 00DE 0091 00F9 00FD 00E3 00DE 009C 008E 003F 0008 0000
M021.ETC	0	36	076DF	000A 013A 00EA 0020 013B 013C 0086 0167 00FC 00FA 00E0 00E9 003F 0003 00E3 00DE 00F3 0020 00E5 00FD 00E3 0097 00FA 0092 00E5 013B 013C 00E5 00FD 00E3 00DE 009C 008E 0021 0003 009F 00FA 00E6 0020 0140 0149 00E6 0091 00EC 00FA 00E3 0092 00F9 00FC 00F6 00A1 0008 0000
M021.ETC	0	37	0770D	000A 013A 00E4 0020 013B 013C 00E9 0168 00F8 011C 00FC 009E 003F 0003 00F0 00FD 00E5 00EA 0020 0095 0096 009C 0098 015D 0093 00E3 00DE 009C 008E 0093 0099 00E4 00DE 0003 0169 00EA 00A5 00A5 00A5 009D 009A 00DE 0098 00BD 00C3 00B7 00E0 00DE 00E4 015D 0093 00A1 0008 0000
M021.ETC	0	38	0773D	0141 0142 00E6 00E5 00F7 00FA 00E0 0020 000A 013A 00E3 00DE 009D 00E8 003F 0003 009F 00FD 00E5 0143 0144 00E9 016A 0096 00DE 0020 0091 00F7 0020 0092 00F4 00E0 00DE 00FC 0091 0003 013B 013C 0096 00DE 0020 0164 0086 00E2 0099 00E3 0097 00E3 0092 00EF 009D 00FC 00F6 00A1 0008 0000
M021.ETC	0	39	0776D	00ED 008A 008A 0020 00CE 00DD 00C4 00E6 016B 0136 00E0 00DE 00E5 0091 00A5 00A5 00A5 0003 000A 0096 00DE 0020 013B 013C 0086 0153 0094 00E3 016C 0098 00E5 00FD 00E3 0003 0092 00EF 00EF 00E3 00DE 00E9 00B7 00D0 0096 00F7 00EA 0020 016D 0094 00F7 00FA 00E5 0092 00F6 00A1 0008 0000
M021.ETC	0	40	0779F	0093 0020 0093 00FD 003F 0020 00E5 00FD 00E0 00DE 00BB 00D9 009C 00DE 008C 00E5 0092 0096 0021 0003 015A 015B 00E9 00C1 00AC 00DD 00BD 0086 0020 00E9 0096 00DE 009C 00E0 00CE 00DE 00B8 0086 0003 00E5 0098 00DE 009B 00F2 00E6 0020 0097 00E3 0098 00FA 00E0 00FD 00E0 00DE 00E8 0020 0098 00DE 00B0 00A1 0008 0000
M021.ETC	0	41	077D5	00EF 0091 0020 0096 00FC 0092 0092 0020 0095 00BB 00D9 009B 00FD 0003 0097 008F 00E4 0020 0095 016E 00E3 00DE 00F3 009D 0092 00E0 00FD 00E3 00DE 009C 008E 003F 0003 00E3 00DE 00F3 016F 0020 00CA 00DE 00C5 00C5 00EA 0135 008F 00E3 0092 00E5 0092 00E9 00A1 0008 0000
M021.ETC	0	42	07803	0091 00F7 00B2 00D4 00E0 00DE 00FC 0020 00BB 00D9 009C 00DE 008C 00E5 0092 00E9 00F6 0003 00BB 00D9 00EA 0020 009D 0098 00DE 00B2 00C0 00BD 00DE 00D7 009D 00F9 0096 00F7 0003 00B7 00D7 00B2 00E5 00E9 00F6 00E8 008A 0020 00BC 00AF 00BC 0020 00BC 00AF 00BC 00A1 0008 0000
M021.ETC	0	43	07836	0095 014C 00E6 0020 0095 00BB 00D9 009B 00FD 0096 00DE 0098 00F9 00E5 00FD 00E3 0003 0097 008F 00E4 0020 00EA 009C 00DE 00F2 00E3 00E9 009A 00E4 009C 00DE 008C 00E5 0092 003F 0003 0099 0092 00EB 00DE 0170 00EA 0020 0148 009C 00E3 00F9 00E9 0096 009C 00F7 0021 0008 0000
M021.ETC	0	44	07864	00BA 00CE 00DD 00A5 00A5 00A5 014A 009C 014B 0099 00DE 00E3 0095 0097 00EF 009D 0096 00DE 0003 00B5 00C3 00DE 00B6 00DE 00DD 014C 00E3 00DE 00EA 0020 014E 0097 014F 00E9 0128 014C 00EA 0003 0096 00E0 0098 0020 0095 0171 00F8 014A 009C 014B 0099 00DE 00E3 0095 00F8 00EF 009D 009F 00DE 00A1 0008 0000
M021.ETC	0	45	07898	0095 0092 0020 00BB 00D9 0021 0020 00E4 00DE 009A 0096 00F7 0172 00E0 00FD 00E0 00DE 0003 009F 00FD 00E5 0173 00E3 00DE 0020 00C0 00DE 00DD 00BD 0086 009C 00E3 00E5 0092 00E3 00DE 0003 0174 00F1 0096 00F7 0020 014C 0096 00F7 015A 00E3 0175 008F 00E3 0098 00FA 0021 0008 0000
M021.ETC	0	46	078C7	00EE 00EE 0093 0020 009A 00FA 0096 00DE 00D3 00DD 00B7 00B0 00C0 00DE 00DD 00BD 0021 0003 00E1 00EF 00E0 00E9 0020 0176 0161 00E0 00E1 00E9 0091 0092 00E0 00DE 00E3 00DE 00EA 0003 0177 0178 0175 00E9 0020 0095 00E4 00DE 00F8 00E4 015C 0097 00EF 009C 00E0 00A1 0008 0000
M021.ETC	0	47	078F7	0091 00F8 008C 0020 009A 00F8 008C 00EF 00E0 00A5 00A5 00A5 00A5 0003 00E3 00DE 008F 0096 0092 00BB 00D9 0096 00DE 0020 00F4 008F 00E3 0097 00E0 009F 00DE 0003 00E4 00DE 0093 00F4 008F 00E3 0020 0158 0102 009D 00F9 00E9 0096 00E5 0091 003F 0008 0000
M021.ETC	0	48	07922	009A 0092 00E2 0020 00B5 00DA 00E9 0159 00E3 00DE 00C0 00DE 00DD 00BD 00E4 00EA 0021 0003 0127 0179 0086 0132 00E3 00E5 0092 0020 00B5 00DA 00E9 009A 00E4 0086 0003 00CA 00DE 00B6 00E6 009C 00E3 00F9 00F0 00E0 0092 00E3 00DE 0020 0098 00F4 009C 0092 009E 00DE 00A1 0008 0000
M021.ETC	0	49	07953	00C0 00DE 00DD 00BC 00DD 00B8 00DE 0020 00C0 00DE 00DD 00BC 00DD 00B8 00DE 0021 0003 009A 00F8 008C 00EF 00E0 0020 009D 0099 00DE 008A 00D8 00BD 00DE 00D1 017A 00E0 00DE 00E5 0003 00B5 00DA 00F3 0020 00D1 00BD 00DE 00D1 00BD 00DE 009C 00E3 0097 00E0 009E 00DE 0021 0008 0000
M021.ETC	0	50	07985	0091 0091 0020 00F4 00F2 00FB 008F 0020 00F4 00F2 00E3 0098 00FA 008F 0003 016F 0139 00EA 0020 017B 0096 00F7 017C 0096 00DE 017D 0092 008F 00E3 00E9 00E6 0003 009F 00FD 00E5 00E4 009A 00E3 00DE 0020 00C0 00DE 00DD 00BD 009B 00FA 00E3 00E0 00EF 00F9 0096 0021 0008 0000
M021.ETC	0	51	079B5	014C 017E 017F 00E6 0020 0180 0177 00E5 00BB 00D9 0096 00DE 0172 00F9 00E5 00FD 00E3 0003 0148 0096 00E9 0020 0159 0181 00FA 00E6 00E1 0096 00DE 0092 00E5 0092 00E3 00DE 009D 0003 00A5 00A5 00A5 00E6 009C 00E3 00F3 0020 00C9 00D8 00E9 0092 0092 00BB 00D9 00E0 00DE 0021 0008 0000
M021.ETC	0	52	079E6	0091 00F8 008C 00F8 008C 0020 0092 0097 00E5 00F8 00C0 00DE 00DD 00BD 00E4 00EA 0003 0177 0182 00E6 009C 00E3 0020 010A 0183 00E5 00BB 00D9 00E3 00DE 009D 00E8 008A 0003 0092 00E2 00EF 00E3 00DE 0095 00E4 00DE 00F9 0096 0020 0129 00E3 00F6 008F 00E4 0021 0008 0000
M021.ETC	0	53	07A16	009A 00FA 00EA 0020 00BB 00D9 00E0 00DE 00F6 00E5 0091 00A5 00A5 00A5 0003 0184 00EF 00E3 00DE 0020 00F4 008F 00E3 00F9 008F 00E3 009A 00E4 00EA 0003 00BB 00B0 00B6 00BD 0096 00F7 0020 00E6 0099 00DE 00E0 00E9 0096 00F3 0021 0008 0000
M021.ETC	0	54	07A3E	00EF 0091 0020 0096 00FC 0092 0092 0020 0095 00BB 00D9 009B 00FD 00E0 00DE 00FC 0003 00E3 00DE 00F3 00A5 00A5 00A5 0096 00FC 0092 0092 008F 00E3 0092 0093 00E6 00EA 0003 00E1 008E 008F 00E4 0020 0177 0097 009D 0097 00DE 00F9 0140 00F3 009D 00F9 00FC 00A1 0008 0000
M021.ETC	0	55	07A6B	0097 008C 00B0 008F 0020 00E0 00DE 00FA 0096 00B0 008F 0020 0185 0099 00E3 00B0 008F 0003 00A5 00A5 00A5 008F 00E3 0020 0095 00E4 00DE 00FB 0092 00E3 00F0 00E0 0099 00E4 00DE 0003 00EB 00E0 009D 00F7 0020 0095 00E4 00DE 008F 00E3 0092 00F9 00E0 00DE 0099 00E0 00DE 00FC 00A1 0008 0000
M021.ETC	0	56	07A9A	0186 0187 00E9 0157 00FC 00F8 013F 00EA 0020 00E4 00DE 00FD 00E5 014E 0097 014F 00F3 0003 00E0 009C 0096 00E6 0020 0188 0096 00FA 00F9 00F3 00E9 00E0 00DE 0099 00E4 00DE 0003 009A 00FA 00EA 0020 00E1 008E 008F 00E4 0020 0188 0096 00FA 009D 0097 00DE 00F6 00A1 0008 0000
M021.ETC	0	57	07ACA	00EB 008E 008F 00E4 009C 00E3 00A5 00A5 00A5 0020 00B7 00D0 00EA 0003 0189 018A 018B 00E9 018C 018D 00E6 0020 0138 0092 00E6 0172 00E0 00E9 003F 0000
M021.ETC	0	58	07AE6	009F 0093 00E0 00DE 00F6 00E8 0020 00B7 00D0 00E9 0107 018E 009C 00DE 008C 0091 00A5 00A5 00A5 0003 018F 00E9 00CD 00BF 0086 0020 00E4 00DE 00FD 00E5 00E6 00EC 00FD 00E0 00DE 008F 00E3 0003 0190 008F 00EA 00DF 0086 0020 0095 00E4 00DE 00FB 0096 009E 00F7 00FA 00E5 0092 00F3 00E9 00A1 0005 0000
M021.ETC	0	59	07B1B	00E3 00DE 00F3 00E8 0020 0191 014B 00E9 018C 018D 00E6 0174 00F2 00EA 00DE 0003 00E4 00DE 00FD 00E5 0192 00E6 00F3 0020 0193 0098 0194 00E4 0092 00FC 00FA 00F9 0003 0189 018A 018B 00E9 018B 0195 0086 0020 0144 0099 00E3 0098 00FA 00F9 00FD 00E0 00DE 008F 00E3 0021 0008 0000
M021.ETC	0	60	07B4C	0189 018A 018B 00E9 0196 00E6 0020 0197 0162 0198 00E5 0190 0096 00DE 0199 0096 00DE 008F 00E3 00E3 0003 0133 00E6 0175 009A 0093 00E4 009C 00E3 00F3 0020 019A 00FA 00E5 0092 00FD 00E0 00DE 00F6 0005 0003 0177 0097 00E5 0190 008F 00EA 00DF 0086 0020 0095 00E4 00DE 00FB 0096 009D 00E6 00EA 0003 018F 00E9 00CD 00BF 00E4 019B 00EA 00DE 00FA 00F9 0020 00E3 00DE 008F 00EA 00DF 00F8 00E9 00E4 009A 00FB 00E6 0003 0177 0097 00E5 00BC 00AE 00AF 00B8 0086 0020 019C 0094 00FA 00EA 00DE 0092 0092 00FD 00E0 00DE 00F6 00A1 0008 0000
M021.ETC	0	61	07BA9	0095 019D 009B 00FD 00E4 00EA 0020 00F2 009D 00DE 00F7 009C 0092 00E9 00A5 00A5 00A5 00A1 0008 0000
M021.ETC	0	62	07BBB	00FC 009B 00DE 00FC 009B 00DE 0020 009A 009A 00EF 00E3 00DE 0172 00E0 008F 00E3 019E 00EA 0003 0148 0096 00DC 00BC 00E6 0020 019F 019E 0096 00DE 0091 008F 00E3 00E9 009A 00E4 009C 00DE 008C 00FB 003F 0005 0000
M021.ETC	0	63	07BDF	0189 018A 018B 0086 0154 008F 00E3 0097 00E0 0020 01A0 0145 00E6 00F2 00FD 009C 00DE 00E3 0003 00DC 00BC 00E6 00E3 00DE 0097 00F9 009A 00E4 00EA 0020 0096 00E5 0094 00E3 00F4 00FB 0093 0003 009B 0091 0020 01A1 008F 00E3 00F0 00F9 0096 00DE 0092 0092 00A1 0008 0000
M021.ETC	0	64	07C0E	0095 0159 009B 00FD 0096 00DE 0020 0148 0096 01A2 008F 00E3 0092 00F9 00E9 00EA 0003 009F 00E9 01A3 0086 0129 00FA 00EA 00DE 0020 00F6 0098 00FC 0096 00F9 0096 00DE 0003 0092 00EF 0020 0185 0099 00E3 00F4 00FA 00F9 009A 00E4 00EA 00E5 0092 00E9 0093 0005 0000
M021.ETC	0	65	07C3A	009F 0093 00E0 00DE 00A5 00A5 00A5 018B 0195 0096 00DE 00EE 009C 00E9 00E3 00DE 0091 00FB 0093 0003 009F 00E9 00CE 00DE 00C4 00D9 0086 0020 00E1 008E 008F 00E4 0020 0096 009C 00E5 009B 0092 0003 009B 008F 009F 0098 0020 0128 00FA 00E1 008C 00F9 009F 00DE 00A1 0008 0000
M021.ETC	0	66	07C69	018C 018D 00EA 0020 000A 00E9 00CE 00DE 00C4 00D9 00E6 0003 018B 0195 00E9 0194 0086 0020 00E2 00F2 009A 00FD 00E0 00DE 00A1 0008 0000
M021.ETC	0	67	07C82	009B 0091 0020 009F 00FA 0086 0135 008F 00E3 0020 01A4 00F9 0096 00DE 0092 0092 00A1 0008 0000
M021.ETC	0	68	07C93	0095 0159 009B 00FD 0096 00DE 0020 0148 0096 01A2 008F 00E3 0092 00F9 00E9 00EA 0003 009F 00E9 01A3 0086 0129 00FA 00EA 00DE 0020 00F6 0098 00FC 0096 00F9 0096 00DE 0003 0092 00EF 0020 0185 0099 00E3 00F4 00FA 00F9 009A 00E4 00EA 00E5 0092 00E9 0093 0005 0000
M021.ETC	0	69	07CBF	00DC 00BC 00E9 01A5 01A6 00EA 0020 012E 012F 0086 01A7 0098 009A 00E4 009C 00DE 008C 0096 00F7 0003 0119 011A 00E6 00E5 008F 00E0 00F7 0020 0092 00E2 00E3 00DE 00F3 0172 00E5 009B 0092 0003 0092 0098 00F7 00E3 00DE 00F3 0020 0160 009C 00E3 01A8 009E 00DE 00F6 0093 009F 00DE 00A1 0008 0000
M021.ETC	0	70	07CF3	0095 019D 009B 00FD 00E4 00EA 0020 00F2 009D 00DE 00F7 009C 0092 00E9 00A5 00A5 00A5 00A1 0008 0000
M021.ETC	0	71	07D05	00FC 009B 00DE 00FC 009B 00DE 0020 009A 009A 00EF 00E3 00DE 0172 00E0 008F 00E3 019E 00EA 0003 0148 0096 00DC 00BC 00E6 0020 019F 019E 0096 00DE 0091 008F 00E3 00E9 009A 00E4 009C 00DE 008C 00FB 003F 0005 0000
M021.ETC	0	72	07D29	0095 00F4 0020 009F 00E9 013B 013C 00EA 00A5 00A5 00A5 0096 00FC 0092 009F 0093 00E6 0003 00E0 00DE 00FA 0096 00E6 0020 012E 012F 0086 0096 0099 00F7 00FA 00E0 00E9 009C 00DE 008C 00E5 003F 0003 0159 00E6 015A 00E5 009B 0092 0020 0160 009C 00E3 0091 0099 00DE 00F9 009F 00DE 00A1 0008 0000
M021.ETC	0	73	07D5A	01A9 009C 00E9 0020 009C 00FD 00EE 00DE 0093 009C 00DE 008C 0096 00F7 0003 01AA 0096 00DE 00F7 00FD 00E3 00DE 0020 0094 0094 00FD 009C 00DE 008C 009F 00DE 0021 0008 0000
M021.ETC	0	74	07D77	00E4 00DE 0093 009C 00DE 008C 00E5 003F 0020 01AB 00E6 00F3 00E4 00DE 008F 00E0 009C 00DE 008C 00FB 003F 0008 0000
M021.ETC	0	75	07D8C	0169 00A5 00A5 00A5 00F3 00E4 00DE 008F 00E0 00E9 00E8 00A5 00A5 00A5 0003 01AB 00E9 00BB 00C3 00D7 00E6 0020 00F3 00E4 00DE 00FA 00E0 00E9 00E8 003F 0008 0000
M021.ETC	0	76	07DA9	0091 0091 0020 018C 018D 013A 0020 0169 00A5 00A5 00A5 0169 00EA 0003 00E4 00DE 00E9 00F6 0093 00E6 0020 0096 00FD 009C 008C 009D 00FA 00EA 00DE 0092 0092 00E9 0096 0021 0008 0000
M021.ETC	0	77	07DC7	00CC 00AB 00CC 00AB 00CC 00AB 0006 0020 0148 00F3 009E 00FD 00E3 00DE 00F6 0092 00A5 00A5 00A5 0003 009F 00FA 00F6 00F8 0020 01A9 009C 00E3 00DE 00F3 01AC 0098 014C 00E6 00F3 00E4 00DE 00F8 0003 00B5 00C3 00DE 00B6 00DE 00DD 01AD 00E6 0020 0129 009E 00E3 00F4 00F9 0096 00DE 0092 0092 00A1 0008 0000
M021.ETC	0	78	07DFD	009F 00FA 009C 00DE 008C 0020 018C 018D 013A 00EA 00A5 00A5 00A5 0003 01AE 01AF 0096 00F7 0020 0169 00E9 009A 00E4 0086 003F 0008 0000
M021.ETC	0	79	07E15	00CC 00AB 00CC 00AB 00CC 00AB 0020 009A 00FA 00E3 00DE 00F3 018C 018D 009C 00DE 008C 00E3 00DE 00E5 0003 0177 01B0 00E9 009A 00E4 00EA 0020 0129 019A 009C 00E3 0092 00F9 00E2 00F3 00F8 00E0 00DE 0003 009B 0091 0020 01B1 0092 00E3 00DE 0020 00B5 00C3 00DE 00B6 00DE 00DD 014C 00E6 0095 01A4 00F8 0021 0008 0000
M021.ETC	0	80	07E4B	009F 0093 0096 00A5 00A5 00A5 018B 0195 0096 00DE 00EE 009C 0096 008F 00E0 0096 0092 00E9 0003 009F 00E9 00CE 00DE 00C4 00D9 0086 0020 00E1 008E 008F 00E4 0020 0096 009C 00E5 009B 0092 0003 009B 008F 009F 0098 0020 0128 00FA 00E1 008C 00F9 009F 00DE 00A1 0008 0000
M021.ETC	0	81	07E7A	018C 018D 00EA 0020 000A 00E9 00CE 00DE 00C4 00D9 00E6 0003 018B 0195 00E9 0194 0086 0020 00E2 00F2 009A 00FD 00E0 00DE 00A1 0008 0000
M021.ETC	0	82	07E93	009B 0091 0020 009F 00FA 0086 0135 008F 00E3 0020 01A4 00F9 0096 00DE 0092 0092 00A1 0008 0000
M021.ETC	0	83	07EA4	01B2 01B3 00E9 0093 00FC 009B 00E3 00DE 00EA 0020 00C0 00DE 00B0 00B8 00B4 00D9 00CC 0096 00DE 0003 00BC 00DE 00DD 00E9 012A 01B4 00E3 00DE 0020 0180 018D 0086 01B5 01B6 009B 009E 00F9 0140 009C 00DE 008C 0003 00D4 00C2 00E6 01B7 00EF 00FA 00E7 00F6 0093 0020 0140 0086 01B8 0099 00E0 0096 00DE 00F6 0092 00A1 0008 0000
M021.ETC	0	84	07EDF	0095 0159 009B 00FD 00EA 0020 00CE 00CB 00DE 00AF 00C4 0086 015E 008F 00E4 00F9 0096 003F 0008 0000
M021.ETC	0	85	07EF2	00CE 00CB 00DE 00AF 00C4 00E0 00E1 00F3 0020 0096 00FC 0092 009F 0093 00E6 00A5 00A5 00A5 0003 00C0 00DE 00B0 00B8 00B4 00D9 00CC 00E9 0020 0127 017E 00E9 00DC 00C5 00E6 00F6 008F 00E3 0003 01B9 00F7 00E9 01BA 0096 00DE 0020 0177 0157 00E5 009A 00E4 00E6 00E5 008F 00E4 00F9 009F 00DE 0005 0000
M021.ETC	0	86	07F28	00E1 008E 0093 00E4 00DE 0020 009A 009A 00E3 00DE 0129 00E3 0095 008F 00E0 00FD 009C 00DE 008C 0096 00DE 0003 01BA 0126 0107 0096 00DE 0020 01BB 00E6 01BC 00EF 00FA 00E3 00E9 00A5 00A5 00A5 0003 01B9 00F7 00E9 01BD 0096 00DE 0020 0129 0094 00E5 0098 00E5 008F 00E0 00E9 009C 00DE 008C 00A1 0008 0000
M021.ETC	0	87	07F5B	00B5 00C3 00DE 00B6 00DE 00DD 00E9 0020 01BE 00E9 0162 016A 00E9 01BF 01C0 00E6 01C1 00F1 0003 01C2 0179 00E3 00DE 0020 009E 0092 009C 00DE 00E2 00E5 01C3 01C4 00E5 00E9 009C 00DE 008C 0096 00DE 0003 00E4 00DE 0093 00F3 0020 00DC 00C5 00E6 00EA 00EF 008F 00E0 00F6 0093 00E5 00E9 009C 00DE 008C 00A1 0008 0000
M021.ETC	0	88	07F93	00C0 00DE 00B0 00B8 00B4 00D9 00CC 00E4 00DE 00F3 00EA 0020 00F6 00F8 00E6 00F3 00F6 008F 00E3 0003 00E4 00FD 00E3 00DE 00F3 00E5 0092 009A 00E4 0086 0020 009C 00E3 00DE 0096 009C 0095 008F 00E0 0003 01C5 01C6 00E9 00BC 00DE 00DD 00E0 00E1 0086 0020 01A7 01C7 009D 00F9 00E4 00EA 00E9 0021 0005 0000
M021.ETC	0	89	07FC8	0095 0159 009B 00FD 00EA 0020 00B5 00C3 00DE 00B6 00DE 00DD 014C 00E6 01B1 0098 00DE 00FD 009C 00DE 008C 0003 0091 00E9 0162 01C8 00E6 01C9 00F9 0180 018D 0096 00DE 0020 013F 01CA 00F2 00F9 0159 00E6 0003 00BC 00DE 00DD 0086 0020 01CB 009C 00DE 00E5 0099 00FA 00EA 00DE 00B4 00D7 00B2 009A 008F 00E1 008C 0021 0008 0000
M021.ETC	0	90	08001	01AD 01CC 00E9 01BD 0096 00DE 0020 01AB 00E6 00F3 00E4 00DE 008F 00E0 0096 0021 0003 01B1 0092 00E3 00DE 0020 00B5 00C3 00DE 00B6 00DE 00DD 014C 00E6 01A4 008F 00E3 0003 00B6 00B0 00D8 00B0 013A 00E6 0020 015E 00F7 009E 00E5 0099 00FA 00EA 00DE 0021 0008 0000
M021.ETC	0	91	0802F	01CD 01CE 009C 009F 0093 00E5 0020 00E2 00E0 00E9 01CF 0096 00DE 0091 00F9 009F 00DE 0003 00E5 00E6 0096 0020 0111 008F 00E3 00F0 00F9 003F 0000
M021.ETC	0	92	0804A	00E5 00E6 00F3 0020 0095 009A 00F7 00E5 0096 008F 00E0 00F6 0093 00E0 00DE 0008 0000
M021.ETC	0	93	0805A	00EE 00FD 00E9 009D 009A 009C 0020 01CF 0096 00DE 01D0 00EB 00DE 00E0 00F6 0093 00E5 0140 0096 00DE 009C 00E0 0008 0000
M021.ETC	0	94	0806F	00FC 0096 00F8 00E6 0098 0092 0099 00E4 00DE 0020 00EF 00E0 01A9 009C 01CF 0096 00DE 01D0 00EB 00DE 00E0 0003 00F3 0093 009D 009A 009C 01D0 00EB 00DE 00FA 00EA 00DE 0020 0154 00FA 009F 0093 00E0 00DE 009F 00DE 0008 0000
M021.ETC	0	95	08094	01CF 00EA 0020 01AB 0140 0092 008F 00EA 00DF 0092 0003 0091 00E4 00EA 0020 01D0 00EB 00DE 00F9 00E9 0086 0140 01CE 00E6 01D1 00E4 0093 00A1 0008 0000
M030.ETC	0	0	08A7A	00B9 00DE 00B0 00D1 0086 0020 00E1 008D 0093 00E0 00DE 00FD 009C 00EF 009D 0003 00F6 00FB 009C 0092 00E3 00DE 009D 0096 003F 0000
M030.ETC	0	1	08A93	0015 0002 00C3 00DE 00B0 00C0 0086 0100 00FD 00E3 00DE 0098 00E0 00DE 009B 0092 0000
M030.ETC	0	2	08AA5	0015 0002 0101 0102 0086 0100 00FD 00E3 00DE 0098 00E0 00DE 009B 0092 0000
M030.ETC	0	3	08AB6	0015 0002 00CA 00DE 00AF 00B8 00B1 00AF 00CC 00DF 0052 0041 004D 0086 0100 00FD 00E3 00DE 0098 00E0 00DE 009B 0092 0000
M030.ETC	0	4	08AD1	0015 0002 009A 00E9 00C3 00DE 00B0 00C0 0086 0020 0103 009C 00E3 00F6 00FB 009C 0092 00E3 00DE 009D 0096 003F 0000
M030.ETC	0	5	08AE7	0015 0002 009A 00E9 00C3 00DE 00B0 00C0 0086 0020 0104 0105 009C 00EF 009D 0096 003F 0000
M030.ETC	0	6	08AFA	0015 0002 0106 0107 0052 0041 004D 00E9 0108 0109 0096 00DE 0020 010A 010B 009C 00E3 0092 00EF 009D 0008 0000
M030.ETC	0	7	08B11	0015 0002 00B6 00B0 00C4 00D8 00AF 00BC 00DE 0052 0041 004D 00E9 0108 0109 0096 00DE 0020 010A 010B 009C 00E3 0092 00EF 009D 0008 0000
M030.ETC	0	8	08B2D	0015 0002 0108 0109 010A 010B 00E9 00E0 00F2 0020 00BA 00CB 00DF 00B0 00E3 00DE 0097 00EF 009E 00FD 0008 0000
M030.ETC	0	9	08B44	0015 0002 0108 0109 010A 010B 00E9 00E0 00F2 0020 0105 010C 00E9 00BE 00B0 00CC 00DE 00EA 00E3 00DE 0097 00EF 009E 00FD 0008 0000
M030.ETC	0	10	08B5F	0015 0002 00B6 00B0 00C4 00D8 00AF 00BC 00DE 0052 0041 004D 0096 00DE 0020 0091 00F8 00EF 009E 00FD 0008 0000
M030.ETC	0	11	08B77	0015 0002 00B6 00B0 00C4 00D8 00AF 00BC 00DE 0052 0041 004D 00E6 00EA 0020 010D 0097 010E 00F0 00E3 00DE 0097 00EF 009E 00FD 0008 0000
M030.ETC	0	12	08B94	0015 0002 010F 0097 00FB 0098 00E9 009C 008E 0110 0086 0020 00EB 00E4 00E2 0111 008F 00E3 0003 009A 009A 00EF 00E3 00DE 00E9 0112 0113 0086 0020 0114 0115 009D 00F9 009A 00E4 0096 00DE 00E3 00DE 0097 00EF 009D 00A1 0003 0114 0115 009C 00EF 009D 0096 003F 0000
M030.ETC	0	13	08BC5	0015 0009 0007 0114 0115 0086 0116 0117 009D 00F9 00E0 00F2 00E6 0031 0037 00E9 0118 0097 0108 0109 0096 00DE 0119 011A 00E3 00DE 009D 00A1 0003 009A 00E9 00EF 00EF 00B9 00DE 00B0 00D1 0086 00BD 00C0 00B0 00C4 009B 009E 00E0 011B 011C 0003 0114 0115 0086 0116 0117 009D 00F9 009A 00E4 0096 00DE 00E3 00DE 0097 00EF 009E 00FD 0005 0003 0112 0113 00E9 0114 0115 0086 0116 0117 009C 00E0 0092 011B 011C 00EA 0003 0116 0117 00C3 00DE 00B0 00C0 011D 0102 011E 011F 00E3 00DE 00C3 00DE 00B0 00C0 0086 0120 0102 009C 00E3 0003 00B9 00DE 00B0 00D1 0086 0121 00BD 00C0 00B0 00C4 009C 00E3 0098 00E0 00DE 009B 0092 00A1 0008 0000
M030.ETC	0	14	08C3E	0015 0002 0009 0007 010D 0097 010E 00F0 00E6 0122 0123 009C 00EF 009C 00E0 0008 0000
M030.ETC	0	15	08C52	0015 0002 00CA 00DE 00AF 00B8 00B1 00AF 00CC 00DF 00C3 00DE 00B0 00C0 00EA 0091 00F8 00EF 009E 00FD 0000
M030.ETC	0	16	08C69	0015 0009 0007 0106 0107 0052 0041 004D 00E9 0124 0125 0096 00DE 0020 00E3 00DE 0097 00E3 0092 00EF 009E 00FD 00A1 0003 0116 0117 00C3 00DE 00B0 00C0 011D 0102 011E 011F 00E3 00DE 0020 0126 00E3 00E9 0114 0115 0086 0103 009C 0003 00B9 00DE 00B0 00D1 0086 0020 0121 00BD 00C0 00B0 00C4 009C 00E3 0098 00E0 00DE 009B 0092 00A1 0000
M030.ETC	0	17	08CA9	0015 0009 0007 00B6 00B0 00C4 00D8 00AF 00BC 00DE 0052 0041 004D 00E9 0124 0125 0096 00DE 0020 00E3 00DE 0097 00E3 0092 00EF 009E 00FD 00A1 0003 0116 0117 00C3 00DE 00B0 00C0 011D 0102 011E 011F 00E3 00DE 0020 0126 00E3 00E9 0114 0115 0086 0103 009C 0003 00B9 00DE 00B0 00D1 0086 0020 0121 00BD 00C0 00B0 00C4 009C 00E3 0098 00E0 00DE 009B 0092 00A1 0000
M030.ETC	0	18	08CEE	0015 000E 0086 0127 00E6 0128 00FA 00E0 0004 0000
M030.ETC	0	19	08CFB	0015 000A 00EA 0020 00CA 00DE 00C4 00D9 00BF 00B0 00C4 00DE 0086 0129 00E2 0099 00E3 0003 00BC 00AE 00B0 00C4 00BF 00B0 00C4 00DE 0086 0020 012A 012B 00E6 0095 0092 00E0 00A1 0008 0000
M030.ETC	0	20	08D20	0015 012C 0096 00DE 0096 0096 008F 00E3 0092 00F9 0004 0000
M030.ETC	0	21	08D2D	009F 00FA 00EA 0020 00B4 00D9 00CC 00E6 012D 00FC 00F9 012E 012F 0130 00A5 00A5 00A5 0003 0097 008F 00E4 0020 000A 00E6 0131 0132 00E2 00EA 009D 00DE 00E0 00DE 0005 0000
M030.ETC	0	22	08D4F	009A 00E9 0133 00EA 0020 00B7 00D0 00E6 00EA 00EF 00E0 00DE 0134 0102 00E0 00DE 0003 009F 00FA 0086 0135 008F 00E3 0020 0136 00E6 0137 00F8 00E5 009B 0092 0003 0092 009D 00DE 00FA 0138 0093 0139 00EF 00E3 00DE 00A5 00A5 00A5 009B 00F7 00EA 00DE 00E0 00DE 00A1 0008 0000
M030.ETC	0	23	08D7F	00EF 0091 0020 000A 013A 008F 00E0 00F7 00A5 00A5 00A5 0003 013B 013C 0086 0020 0095 013D 00E6 009B 00FA 00F9 00E5 00FD 00E3 0003 013E 013F 008F 0140 0096 00DE 0020 0095 0091 00F8 00E5 00FD 00E3 00DE 009D 009A 00E4 0021 0008 0000
M030.ETC	0	24	08DA7	0093 00EC 00EC 00A5 00A5 00A5 000A 013A 00EA 0003 0141 0142 00E9 0143 0144 00E6 0020 0095 00E5 00F8 00E6 00E5 008F 00E3 00F3 0003 0096 009B 00DE 00F8 0140 00E9 00E5 0092 0020 0145 0146 00E3 00DE 009D 00E9 00E8 003F 0008 0000
M030.ETC	0	25	08DD0	000A 013A 00E9 0020 0095 0147 00FA 00E9 013B 013C 00EA 0003 00E4 00DE 00E1 00F7 00E3 00DE 0020 0129 00E2 0099 00F7 00FA 00E0 00E9 00E3 00DE 009D 003F 0003 0148 00E0 00DE 0096 0020 00E4 008F 00E3 00F3 0140 0149 0096 00DE 0091 00F8 00EF 009D 00FC 00A1 0008 0000
M030.ETC	0	26	08DFE	00BA 00CE 00DD 00A5 00A5 00A5 014A 009C 014B 0099 00DE 00E3 0095 0097 00EF 009D 0096 00DE 0003 014C 014D 00E6 0020 014E 0097 014F 0086 0135 00E1 010E 00F1 009A 00E4 00EA 0003 0096 00E0 0098 0150 009C 00DE 00F7 00FA 00E3 0095 00F8 00EF 009D 0020 00CA 00B2 00A1 0008 0000
M030.ETC	0	27	08E31	0095 00F4 0020 000A 0151 00E9 0095 013D 00EA 00A5 00A5 00A5 0003 00F3 009C 00F4 0020 013B 013C 00E3 00DE 00EA 0091 00F8 00EF 009E 00E7 0096 00E5 0003 00ED 0094 0094 0020 009F 0093 0092 0093 0020 009C 008D 0152 00E3 00DE 009D 0096 003F 0008 0000
M030.ETC	0	28	08E5D	0091 00FA 00EF 0091 0020 013B 013C 0086 0153 0094 00E3 00E9 0154 014C 00E4 00EA 0003 0092 008F 00E0 0092 0020 00E4 00DE 00E9 00F6 0093 00E5 0155 0156 00E3 00DE 009D 0096 00E5 003F 0003 009A 00FA 00EF 00E0 0020 0157 00FC 008F 00E0 0095 013D 00E0 00DE 009A 00E4 00A5 00A5 00A5 00A1 0008 0000
M030.ETC	0	29	08E8F	0148 00E3 00DE 009D 0096 00A5 00A5 00A5 000A 0151 003F 0003 00F4 00F4 0020 00F3 009C 00F4 0020 009F 00E9 013B 013C 0086 0003 0158 0102 009C 00E3 0098 00FA 00E4 0020 0092 00FC 00FA 00EF 009D 0096 003F 0008 0000
M030.ETC	0	30	08EB5	0095 0159 00EA 0020 0141 0142 00E6 015A 015B 009C 00E0 009A 00E4 00E3 00DE 0003 00E4 00DE 009A 0096 0020 0095 0096 009C 0098 00E5 008F 00E0 00E9 0096 003F 0003 00E0 00DE 008F 00E3 0020 009F 00FA 0020 013B 013C 00E0 00DE 00F6 00E5 0091 00A1 0008 0000
M030.ETC	0	31	08EDF	000A 0096 00DE 0020 0112 0113 00E6 015A 00E3 00F9 00E4 015C 0092 00E3 0003 00E4 00DE 00FD 00E5 009A 00E4 0086 0020 00F4 008F 00E3 0098 00F9 0096 00E4 015D 008F 00E0 00F7 0003 00A5 00A5 00A5 013B 013C 0086 0020 009B 0096 00DE 009C 00E3 0098 00F9 009A 00E4 00E4 00EA 0021 0008 0000
M030.ETC	0	32	08F0F	0095 00FA 00EA 0020 000A 00E9 015A 015B 00E9 015E 00F7 009E 0086 0003 015F 0160 00E6 0020 00F6 00FB 009A 00FD 00E3 00DE 0092 00E0 00FD 00E0 00DE 0099 00E4 00DE 00A5 00A5 00A5 0003 013B 013C 0086 0153 0094 00F9 0020 0095 0159 0086 0129 00F9 00E4 0020 00B6 00DE 00AF 00B6 00D8 00E0 00DE 00A1 0008 0000
M030.ETC	0	33	08F45	000A 0151 00EA 0020 0141 0142 00E6 00E5 00F7 00FA 00E3 0003 00EF 009D 00EF 009D 0020 00E0 0098 00EF 009C 0098 00E5 008F 00E0 00A5 00A5 00A5 0096 00DE 0003 00CC 00DF 00CC 00DF 00AF 0020 0095 013D 00E6 013B 013C 00E4 00EA 0020 00B9 00AF 00BB 00B8 00E0 00DE 0021 0008 0000
M030.ETC	0	34	08F76	0021 0020 000A 013A 00EA 0020 00EA 009D 00DE 0096 009C 0098 00E5 0092 00E9 0096 003F 0003 0141 0142 00E0 00F9 0161 0096 00DE 0020 013B 013C 0086 0153 0094 00F9 00E4 00EA 00A5 00A5 00A5 0003 00B5 00C3 00DE 00B6 00DE 00DD 00E9 0141 0142 00F3 0020 0162 00E6 0163 00E1 00E0 00E5 0091 00A1 0008 0000
M030.ETC	0	35	08FA9	000A 013A 00E9 0020 0164 00FB 00E6 0092 00F9 00E9 00EA 0003 013B 013C 00E3 00DE 009D 0099 00E4 00DE 00A5 00A5 00A5 00EA 00EA 0091 00A5 00A5 00A5 0003 0141 0142 00E9 0112 0113 00E4 0020 0165 0166 0096 00DE 0091 00F9 00FD 00E3 00DE 009C 008E 003F 0008 0000
M030.ETC	0	36	08FD5	000A 013A 00EA 0020 013B 013C 0086 0167 00FC 00FA 00E0 00E9 003F 0003 00E3 00DE 00F3 0020 00E5 00FD 00E3 0097 00FA 0092 00E5 013B 013C 00E5 00FD 00E3 00DE 009C 008E 0021 0003 009F 00FA 00E6 0020 0140 0149 00E6 0091 00EC 00FA 00E3 0092 00F9 00FC 00F6 00A1 0008 0000
M030.ETC	0	37	09003	000A 013A 00E4 0020 013B 013C 00E9 0168 00F8 011C 00FC 009E 003F 0003 00F0 00FD 00E5 00EA 0020 0095 0096 009C 0098 015D 0093 00E3 00DE 009C 008E 0093 0099 00E4 00DE 0003 0169 00EA 00A5 00A5 00A5 009D 009A 00DE 0098 00BD 00C3 00B7 00E0 00DE 00E4 015D 0093 00A1 0008 0000
M030.ETC	0	38	09033	0141 0142 00E6 00E5 00F7 00FA 00E0 0020 000A 013A 00E3 00DE 009D 00E8 003F 0003 009F 00FD 00E5 0143 0144 00E9 016A 0096 00DE 0020 0091 00F7 0020 0092 00F4 00E0 00DE 00FC 0091 0003 013B 013C 0096 00DE 0020 0164 0086 00E2 0099 00E3 0097 00E3 0092 00EF 009D 00FC 00F6 00A1 0008 0000
M030.ETC	0	39	09065	00ED 008A 008A 0020 00CE 00DD 00C4 00E6 016B 0136 00E0 00DE 00E5 0091 00A5 00A5 00A5 0003 000A 0096 00DE 0020 013B 013C 0086 0153 0094 00E3 016C 0098 00E5 00FD 00E3 0003 0092 00EF 00EF 00E3 00DE 00E9 00B7 00D0 0096 00F7 00EA 0020 016D 0094 00F7 00FA 00E5 0092 00F6 00A1 0008 0000
M030.ETC	0	40	09099	0093 0020 0093 00FD 003F 0020 00E5 00FD 00E0 00DE 00BB 00D9 009C 00DE 008C 00E5 0092 0096 0021 0003 015A 015B 00E9 00C1 00AC 00DD 00BD 0086 0020 00E9 0096 00DE 009C 00E0 00CE 00DE 00B8 0086 0003 00E5 0098 00DE 009B 00F2 00E6 0020 0097 00E3 0098 00FA 00E0 00FD 00E0 00DE 00E8 0020 0098 00DE 00B0 00A1 0008 0000
M030.ETC	0	41	090D0	00EF 0091 0020 0096 00FC 0092 0092 0020 0095 00BB 00D9 009B 00FD 0003 0097 008F 00E4 0020 0095 016E 00E3 00DE 00F3 009D 0092 00E0 00FD 00E3 00DE 009C 008E 003F 0003 00E3 00DE 00F3 016F 0020 00CA 00DE 00C5 00C5 00EA 0135 008F 00E3 0092 00E5 0092 00E9 00A1 0008 0000
M030.ETC	0	42	09100	0091 00F7 00B2 00D4 00E0 00DE 00FC 0020 00BB 00D9 009C 00DE 008C 00E5 0092 00E9 00F6 0003 00BB 00D9 00EA 0020 009D 0098 00DE 00B2 00C0 00BD 00DE 00D7 009D 00F9 0096 00F7 0003 00B7 00D7 00B2 00E5 00E9 00F6 00E8 008A 0020 00BC 00AF 00BC 0020 00BC 00AF 00BC 00A1 0008 0000
M030.ETC	0	43	09134	0095 014C 00E6 0020 0095 00BB 00D9 009B 00FD 0096 00DE 0098 00F9 00E5 00FD 00E3 0003 0097 008F 00E4 0020 00EA 009C 00DE 00F2 00E3 00E9 009A 00E4 009C 00DE 008C 00E5 0092 003F 0003 0099 0092 00EB 00DE 0170 00EA 0020 0148 009C 00E3 00F9 00E9 0096 009C 00F7 0021 0008 0000
M030.ETC	0	44	09164	00BA 00CE 00DD 00A5 00A5 00A5 014A 009C 014B 0099 00DE 00E3 0095 0097 00EF 009D 0096 00DE 0003 00B5 00C3 00DE 00B6 00DE 00DD 014C 00E3 00DE 00EA 0020 014E 0097 014F 00E9 0128 014C 00EA 0003 0096 00E0 0098 0020 0095 0171 00F8 014A 009C 014B 0099 00DE 00E3 0095 00F8 00EF 009D 009F 00DE 00A1 0008 0000
M030.ETC	0	45	0919B	0095 0092 0020 00BB 00D9 0021 0020 00E4 00DE 009A 0096 00F7 0172 00E0 00FD 00E0 00DE 0003 009F 00FD 00E5 0173 00E3 00DE 0020 00C0 00DE 00DD 00BD 0086 009C 00E3 00E5 0092 00E3 00DE 0003 0174 00F1 0096 00F7 0020 014C 0096 00F7 015A 00E3 0175 008F 00E3 0098 00FA 0021 0008 0000
M030.ETC	0	46	091CB	00EE 00EE 0093 0020 009A 00FA 0096 00DE 00D3 00DD 00B7 00B0 00C0 00DE 00DD 00BD 0021 0003 00E1 00EF 00E0 00E9 0020 0176 0161 00E0 00E1 00E9 0091 0092 00E0 00DE 00E3 00DE 00EA 0003 0177 0178 0175 00E9 0020 0095 00E4 00DE 00F8 00E4 015C 0097 00EF 009C 00E0 00A1 0008 0000
M030.ETC	0	47	091FC	0091 00F8 008C 0020 009A 00F8 008C 00EF 00E0 00A5 00A5 00A5 00A5 0003 00E3 00DE 008F 0096 0092 00BB 00D9 0096 00DE 0020 00F4 008F 00E3 0097 00E0 009F 00DE 0003 00E4 00DE 0093 00F4 008F 00E3 0020 0158 0102 009D 00F9 00E9 0096 00E5 0091 003F 0008 0000
M030.ETC	0	48	09228	009A 0092 00E2 0020 00B5 00DA 00E9 0159 00E3 00DE 00C0 00DE 00DD 00BD 00E4 00EA 0021 0003 0127 0179 0086 0132 00E3 00E5 0092 0020 00B5 00DA 00E9 009A 00E4 0086 0003 00CA 00DE 00B6 00E6 009C 00E3 00F9 00F0 00E0 0092 00E3 00DE 0020 0098 00F4 009C 0092 009E 00DE 00A1 0008 0000
M030.ETC	0	49	09259	00C0 00DE 00DD 00BC 00DD 00B8 00DE 0020 00C0 00DE 00DD 00BC 00DD 00B8 00DE 0021 0003 009A 00F8 008C 00EF 00E0 0020 009D 0099 00DE 008A 00D8 00BD 00DE 00D1 017A 00E0 00DE 00E5 0003 00B5 00DA 00F3 0020 00D1 00BD 00DE 00D1 00BD 00DE 009C 00E3 0097 00E0 009E 00DE 0021 0008 0000
M030.ETC	0	50	0928C	0091 0091 0020 00F4 00F2 00FB 008F 0020 00F4 00F2 00E3 0098 00FA 008F 0003 016F 0139 00EA 0020 017B 0096 00F7 017C 0096 00DE 017D 0092 008F 00E3 00E9 00E6 0003 009F 00FD 00E5 00E4 009A 00E3 00DE 0020 00C0 00DE 00DD 00BD 009B 00FA 00E3 00E0 00EF 00F9 0096 0021 0008 0000
M030.ETC	0	51	092BD	014C 017E 017F 00E6 0020 0180 0177 00E5 00BB 00D9 0096 00DE 0172 00F9 00E5 00FD 00E3 0003 0148 0096 00E9 0020 0159 0181 00FA 00E6 00E1 0096 00DE 0092 00E5 0092 00E3 00DE 009D 0003 00A5 00A5 00A5 00E6 009C 00E3 00F3 0020 00C9 00D8 00E9 0092 0092 00BB 00D9 00E0 00DE 0021 0008 0000
M030.ETC	0	52	092F0	0091 00F8 008C 00F8 008C 0020 0092 0097 00E5 00F8 00C0 00DE 00DD 00BD 00E4 00EA 0003 0177 0182 00E6 009C 00E3 0020 010A 0183 00E5 00BB 00D9 00E3 00DE 009D 00E8 008A 0003 0092 00E2 00EF 00E3 00DE 0095 00E4 00DE 00F9 0096 0020 0129 00E3 00F6 008F 00E4 0021 0008 0000
M030.ETC	0	53	09321	009A 00FA 00EA 0020 00BB 00D9 00E0 00DE 00F6 00E5 0091 00A5 00A5 00A5 0003 0184 00EF 00E3 00DE 0020 00F4 008F 00E3 00F9 008F 00E3 009A 00E4 00EA 0003 00BB 00B0 00B6 00BD 0096 00F7 0020 00E6 0099 00DE 00E0 00E9 0096 00F3 0021 0008 0000
M030.ETC	0	54	0934A	00EF 0091 0020 0096 00FC 0092 0092 0020 0095 00BB 00D9 009B 00FD 00E0 00DE 00FC 0003 00E3 00DE 00F3 00A5 00A5 00A5 0096 00FC 0092 0092 008F 00E3 0092 0093 00E6 00EA 0003 00E1 008E 008F 00E4 0020 0177 0097 009D 0097 00DE 00F9 0140 00F3 009D 00F9 00FC 00A1 0008 0000
M030.ETC	0	55	09379	0097 008C 00B0 008F 0020 00E0 00DE 00FA 0096 00B0 008F 0020 0185 0099 00E3 00B0 008F 0003 00A5 00A5 00A5 008F 00E3 0020 0095 00E4 00DE 00FB 0092 00E3 00F0 00E0 0099 00E4 00DE 0003 00EB 00E0 009D 00F7 0020 0095 00E4 00DE 008F 00E3 0092 00F9 00E0 00DE 0099 00E0 00DE 00FC 00A1 0008 0000
M030.ETC	0	56	093AA	0186 0187 00E9 0157 00FC 00F8 013F 00EA 0020 00E4 00DE 00FD 00E5 014E 0097 014F 00F3 0003 00E0 009C 0096 00E6 0020 0188 0096 00FA 00F9 00F3 00E9 00E0 00DE 0099 00E4 00DE 0003 009A 00FA 00EA 0020 00E1 008E 008F 00E4 0020 0188 0096 00FA 009D 0097 00DE 00F6 00A1 0008 0000
M030.ETC	0	57	093DC	009A 009A 00EA 0020 0189 018A 018B 00E9 00CD 00DE 00AF 00C4 00DE 00E3 00DE 0003 018A 00F9 009A 00E4 0096 00DE 0020 00E3 00DE 0097 00EF 009D 0003 018A 00F8 00EF 009D 0096 003F 0000
M030.ETC	0	58	093FD	0095 0095 0020 0137 008F 00E0 0096 0020 000A 0021 0003 00A5 00A5 00A5 0092 00F4 0020 0148 00F3 0092 00FC 00FD 00E3 00DE 00F6 0092 009F 00DE 0003 009E 0092 0092 008F 00EA 00DF 0092 0020 00F4 008F 00E0 018C 018D 00E5 00E9 00E0 00DE 0005 0000
M030.ETC	0	59	09427	018E 00E9 018F 0190 00E3 00DE 0020 00C0 00DE 00D2 00E0 00DE 008F 00E0 0096 00F7 00E6 00EA 0003 000A 00E6 00F3 0020 0191 00E9 0162 016A 00E6 0175 008F 00E3 0003 0192 00F8 00E9 018F 0190 0086 0020 0193 008F 00E3 00F3 00F7 0093 009C 0096 00E5 0092 0005 0000
M030.ETC	0	60	09457	0194 0020 0195 0020 0118 0140 00E9 0020 00E4 00DE 00E9 018F 0190 00E3 00DE 00F3 0196 00FC 00E7 0003 00F4 00E2 00F7 00E9 0020 0197 0198 0086 0098 0092 0199 00F2 00E3 0098 00FA 0021 0003 0169 00EA 0020 000A 0086 019A 009C 00DE 00E3 0095 00F9 009F 00DE 00A1 0008 0000
M030.ETC	0	61	0948A	0095 0095 0020 0137 008F 00E0 0096 0020 000A 0021 0003 00A5 00A5 00A5 0092 00F4 0020 0148 00F3 0092 00FC 00FD 00E3 00DE 00F6 0092 009F 00DE 0003 0169 00EA 0020 019B 019C 00E9 00EE 0093 009A 0098 0086 019D 008F 00E3 0092 00F9 0005 0000
M030.ETC	0	62	094B4	009F 00E9 019E 00E2 0097 00E3 00DE 00EA 0020 0122 0123 00E0 00DE 008F 00E0 00F6 0093 00E0 00DE 00E5 003F 0003 019F 0144 00E9 00E0 00F2 00E6 0020 00B5 00C3 00DE 00B6 00DE 00DD 01A0 0096 00DE 0091 00EC 00DE 00E5 0092 00E4 0003 009F 0093 015D 008F 00E3 0092 00F9 00E5 00F7 0020 009F 00FA 00EA 00EF 00E1 0096 00DE 0092 00E0 00DE 0005 0000
M030.ETC	0	63	094EF	0095 0159 00E9 01A1 01A2 00EA 0020 00E4 00DE 00FD 00E5 01A3 00F3 0098 009C 00DE 0099 009D 00DE 00E6 0003 0092 00E2 00F3 0159 01A4 0097 00E6 0020 0126 00E3 0086 016D 0094 00E3 00E0 009F 00DE 0003 01A5 01A6 0086 00EC 00F8 01A7 00F7 009D 00DE 0020 0159 0086 0129 00E3 01A8 00F1 00FD 00E0 00DE 00A1 0008 0000
M030.ETC	0	64	09528	00E4 00DE 0093 009C 00E0 0020 000A 00E6 009C 00E1 008C 0091 0003 009D 00DE 0092 00EC 00DE 00FD 0020 01A9 0140 0096 00DE 00E5 0092 009C 00DE 008C 00E5 0092 0096 003F 0005 0000
M030.ETC	0	65	09547	01AA 013A 00F3 0020 00FC 00FA 00FC 00FA 0020 00B5 00C3 00DE 00B6 00DE 00DD 01A0 01AB 00F3 0003 0095 0159 00E6 0020 01AC 01AD 0086 0091 009D 00DE 0099 00E3 0092 00F9 00E9 00E0 00DE 0096 00F7 0003 009F 00FD 00E5 019E 00E3 00DE 0020 0155 01AE 009B 009E 00E5 0092 00E3 00DE 0095 0098 00FA 00A1 0008 0000
M030.ETC	0	66	0957D	000A 013A 0020 0138 0092 00E6 0172 00E3 017E 009B 008F 00E0 00E9 00E8 0003 00BB 00C3 00D7 00EA 0020 000A 013A 0096 00DE 0155 01AE 00E3 00DE 009D 0003 00F3 008F 00E4 0020 01A9 0140 0086 015A 009C 00E3 017E 009B 0092 00EF 009E 00A1 0008 0000
M030.ETC	0	67	095A9	000A 0020 00B5 00B0 00CC 00DE 0086 0127 00E6 0128 00FA 00E0 0096 003F 0003 009C 00DE 008C 0091 0020 012E 012F 00EA 0111 0094 00F9 00F6 0093 00E6 00E5 008F 00E0 0096 0021 0008 0000
M030.ETC	0	68	095CB	0095 00F4 003F 0020 000A 009C 00DE 008C 00E5 0092 0096 0021 0003 01AF 009C 00EC 00DE 00F8 00E6 0020 0138 0092 00E6 0172 00E3 0098 00FA 00E0 00FD 00E0 00DE 0003 00CE 00DE 00B8 00EA 0020 01B0 0157 00FC 00F7 009D 00DE 01B1 00E9 0099 0092 00EB 00DE 00E0 00DE 00F6 00A1 0008 0000
M030.ETC	0	69	095FD	00B8 00DE 00BA 00DE 00B0 00AF 00A5 00A5 00A5 00B8 00DE 00BA 00DE 00B0 00AF 00A5 00A5 00A5 0003 00BD 00D4 00BD 00D4 00A5 00A5 00A5 00BD 00D4 00BD 00D4 00A5 00A5 00A5 00A1 0008 0000
M030.ETC	0	70	0961E	009A 0093 00E5 008F 00E3 00F0 00F9 00E4 0020 00F4 008F 00EA 00DF 00F8 0140 00E6 00E5 00F9 0021 0003 0091 00E9 01B1 00E6 0129 00E0 0020 0191 00E9 016A 01A4 00E9 01B2 00EA 0003 00C0 00DE 00B0 00B8 00B4 00D9 00CC 00E9 0020 009C 00FC 009B 00DE 00E6 00E1 0096 00DE 0092 00E5 0092 00A1 0008 0000
M030.ETC	0	71	09654	00B5 00DA 00E0 00E1 0096 00DE 0020 009A 0093 009C 00E3 0092 00F9 01B3 00E6 00F3 0003 01B4 01B5 0096 00DE 0020 01B6 00E2 00DE 0092 00E3 0092 00F9 00E9 0096 00A5 00A5 00A5 0003 00B2 00D4 0020 009F 00FD 00E5 009A 00E4 01B7 008F 00E1 008C 0092 0099 00E5 0092 00E5 00A1 0008 0000
M030.ETC	0	72	09685	009A 009A 00E6 0092 00F9 00E4 0020 01B8 01B9 00E5 009A 00E4 0096 00DE 00FC 0096 008F 00E3 0003 009A 0093 009C 00E3 00E1 008C 0020 0092 0099 00E5 0092 0140 0096 00DE 009C 00EF 009D 0003 00A5 00A5 00A5 00E3 00DE 00F3 0020 0148 0086 009D 00FA 00EA 00DE 0092 0092 00E9 0096 009C 00F7 00A1 0008 0000
M030.ETC	0	73	096B7	01AA 01BA 013A 00F3 0020 000A 013A 00E6 0140 0096 00DE 0091 00F9 00E5 00F7 0003 00A5 00A5 00A5 01BB 0183 01BC 00F9 008F 00E3 0020 017A 009C 00DE 00E5 00FD 00E3 00DE 009D 00FC 0003 00E3 00DE 00F3 0020 0169 00F3 009E 00DE 008F 00E0 0092 0020 01BD 0099 00E5 0092 00FD 00E0 00DE 0096 00F7 00A1 0008 0000
M030.ETC	0	74	096EB	00B5 00C3 00DE 00B6 00DE 00DD 01A0 00E6 0020 01B4 01B5 00E9 0139 0096 00DE 01B6 00E2 00DE 0092 00E3 00F3 0003 0148 00E0 00DE 0096 0020 01BE 017A 0096 00DE 00E5 0092 00FD 00E0 00DE 00E5 0091 00A5 00A5 00A5 0003 0169 00E0 00E1 01BA 00E9 01BF 008F 00E3 0020 00C4 00DE 00D7 00B2 00E5 00FD 00E3 00DE 009D 00A1 0008 0000
M030.ETC	0	75	09722	01AA 013A 008F 00E0 00F7 0020 010A 01C0 0096 00DE 0092 008F 00EA 00DF 0092 00E3 00DE 009C 008E 0093 00E6 0003 0096 0094 008F 00E3 0020 01C1 00F9 0098 01C2 00F9 01C3 00FC 00FA 00E0 00F8 009C 00E3 0021 0003 0091 0091 0020 01C4 0145 0106 01C5 0096 00DE 0020 0098 009D 0098 00DE 00F7 00FA 00EF 009D 00FC 00A1 0008 0000
M030.ETC	0	76	0975C	009A 0093 00E5 008F 00E0 0096 00F7 00E6 00EA 0020 0169 00F3 01C6 00E3 00DE 009D 0003 0180 01C7 0096 00DE 01BC 00FA 00F9 0139 00EF 00E3 00DE 0020 01AA 013A 00E6 01C8 0094 0003 00BC 00DE 00C0 00CA 00DE 00C0 009C 00E5 0092 00E3 00DE 0020 01AC 01AD 0086 019D 00E1 00EF 009C 008E 0093 00A1 0008 0000
M030.ETC	0	77	09791	000A 0151 0096 00DE 0020 0140 0163 00E1 009B 00FA 00E0 00E9 00E3 00DE 00EA 0003 009A 009A 00E3 00DE 019D 00E2 0161 00EA 0020 00E4 00DE 0093 00E5 00F8 00EF 009C 008E 0093 003F 0003 0192 009B 00FA 00E0 00C1 00AC 00DD 00BD 0086 0020 00E2 0096 00F0 00EF 009C 008E 0093 00E5 00A1 0008 0000
M030.ETC	0	78	097C5	0191 00E9 0162 016A 00E6 0020 015A 01C9 009C 00E0 0161 00E0 00E1 00EA 0003 00CE 00CB 00DE 00AF 00C4 00E9 01CA 00E6 0020 00E2 0092 00E0 00E3 00DE 009C 008E 0093 0096 003F 0003 009F 00FA 009B 0094 00F3 0020 00FC 0096 00F7 00E5 0092 00E9 00E3 00DE 009D 00E5 0091 00A1 0008 0000
M030.ETC	0	79	097F7	01CB 0020 0091 00FA 00E0 00DE 0099 0020 0096 01CC 0096 008F 00E0 01AA 01BA 013A 0096 00DE 0003 000A 0151 00E4 00E9 0020 01CD 00E9 0164 0096 00F7 00EA 0003 009D 008F 0096 00F8 0020 0097 009C 00DE 008E 0093 00E5 016A 00E6 00E5 00F7 00FA 00E3 0021 0008 0000
M030.ETC	0	80	09825	000A 0020 0191 00E9 0162 016A 00E6 0175 008F 00E0 00F7 0003 00B5 00C3 00DE 00B6 00DE 00DD 01CE 00E9 009A 00E4 00F3 0020 0140 00E6 0199 00F2 00E3 0003 00FC 0096 008F 00E0 009A 00E4 0086 0020 01CF 0094 00E3 0098 00FA 00F6 00E5 00A1 0008 0000
M030.ETC	0	81	09851	00C0 00DE 00B0 00B8 00B4 00D9 00CC 00E0 00E1 00EA 0020 00F3 0093 0172 00E5 0092 00E4 0003 00FC 0096 008F 00E1 008C 0092 00F9 00FD 00E0 00DE 0099 00E4 00DE 009B 0091 00A5 00A5 00A5 0003 00E4 00DE 0093 009C 00E3 00F3 0020 0140 0135 00E1 0096 00DE 01D0 0099 00E5 0092 00FD 00E0 00DE 00A1 0008 0000
M030.ETC	0	82	09886	01AA 01BA 013A 00EA 0020 000A 013A 0096 00DE 0140 0096 00DE 0096 00F8 00E3 00DE 0003 0096 00FC 0092 009F 0093 00E5 00EE 00E4 00DE 00A5 00A5 00A5 00E5 00FD 00E3 00DE 009D 00FC 0003 0091 00FD 00E5 01AA 01BA 013A 00A5 00A5 00A5 0129 00E3 00F7 00FA 00E5 0092 00A1 0008 0000
M030.ETC	0	83	098B3	01D1 01B6 00A5 00A5 00A5 0095 0159 00E9 01C7 0140 0096 00DE 014B 0096 00DE 008F 00E3 00F9 00E4 0003 0170 0142 01D2 01B3 00E3 00DE 00F3 0020 00B3 00DC 00BB 00E6 00E5 008F 00E3 00F9 00F6 0003 00E5 00FD 00E3 00DE 0020 00B5 00DA 00E9 01C7 0140 00EA 014B 0096 00DE 00F7 00E5 0092 00FD 00E0 00DE 00A1 0008 0000
M030.ETC	0	84	098EA	0095 0095 0020 0137 008F 00E0 0096 0020 000A 0021 0003 00A5 00A5 00A5 01D3 00E9 00BC 00DE 00DD 00EA 01D4 01D5 009B 00FA 00E0 0096 00A5 00A5 00A5 00A1 0008 0000
M030.ETC	0	85	09906	00A5 00A5 00A5 00A5 00A5 00A5 00A1 0008 0000
M030.ETC	0	86	0990E	0095 0159 00E6 0020 009D 00ED 00DE 00E3 0086 00E0 0098 009C 00E3 0092 00E0 00E9 00E6 0003 0034 00E2 00F3 0020 00C1 00AC 00DD 00BD 0086 0122 0123 009C 0095 008F 00E3 0021 0003 009A 0020 009A 00E9 0131 0132 00E0 009D 00DE 0096 00DE 0020 00FC 0020 0169 00EA 00A5 00A5 00A5 00A1 0008 0000
M030.ETC	0	87	09941	00F6 009B 00FD 0096 0021 0020 0177 01D6 0021 0008 0000
M030.ETC	0	88	0994C	000A 0086 0129 00E3 00F0 00FB 00A5 00A5 00A5 00A1 0008 0000
M030.ETC	0	89	09958	00B7 00BD 00DE 00E0 00DE 00F7 0099 00E6 0020 00E5 00F8 00E5 0096 00DE 00F7 00A5 00A5 00A5 0003 018F 0190 0086 009B 0098 00DE 00F8 0020 00CA 00DF 00BF 00DE 00B0 00C4 01D7 0152 00E4 01D8 0092 0003 0034 00E2 00E9 012A 01D9 0086 0020 0093 00EA 00DE 0092 01DA 009C 00E3 0097 00E0 0021 0005 0000
M030.ETC	0	90	0998E	009A 00FA 016B 014B 0020 0148 0086 01DB 00E6 01DC 00F2 00F7 00FA 00F6 0093 003F 0003 0169 00EA 0020 0096 00FD 009C 008C 00E9 0140 0135 00E1 00E3 00DE 0092 008F 00EA 00DF 0092 00E0 00DE 00A1 0008 0000
M030.ETC	0	91	099B3	00B5 00C3 00DE 00B6 00DE 00DD 01A0 00EA 0020 00EF 00E0 00DE 01B4 01B5 009C 00E3 0092 00E5 0092 0021 0003 01DD 009C 00E3 00DE 00F3 0020 00C1 00AC 00DD 00BD 0096 00DE 0091 00F9 00E9 00E5 00F7 00EA 00DE 0003 009F 00FA 00E6 0020 0159 01A4 0097 00E6 0168 00F8 01DE 00F3 0093 009F 00DE 0021 0008 0000
M030.ETC	0	92	099E9	000A 00F6 0020 00BC 00DE 00DD 0096 00DE 01D4 01D5 009B 00FA 00E0 016F 0003 0192 009B 00FA 00E0 01DF 00EA 0020 00BC 00DE 00DD 0086 01E0 009C 00DE 00F9 009A 00E4 00E0 00DE 0099 00E0 00DE 0003 01E1 01E2 00E0 00DE 0096 00DE 0020 0162 01E3 00E9 01E4 00E6 01A4 0096 008F 00E3 0098 00FA 0021 0008 0000
M030.ETC	0	93	09A1E	00B6 00BD 00DE 00DD 0096 00DE 0020 0162 01E3 00E9 01E4 00E6 0092 008F 00E0 00EF 00EF 00A5 00A5 00A5 0003 0103 01E5 00F3 0020 00FC 0096 00F7 00E5 0098 00E5 008F 00E3 0092 00EF 009D 0003 01E6 0144 00E6 0020 01E7 01E8 009C 00E3 0175 008F 00E3 017E 009B 0092 0005 0000
M030.ETC	0	94	09A4F	009F 009C 00E3 0020 00F3 009C 00E4 00DE 009A 0096 00E3 00DE 0129 00E2 0099 00E0 00F7 0003 00E4 00DE 0093 0096 01DB 0086 00A5 00A5 00A5 0095 01E9 0092 009C 00EF 009D 00A1 0008 0000
M030.ETC	0	95	09A6F	009B 0091 0020 0175 0098 0096 00DE 0092 0092 000A 0021 0003 00B5 00C3 00DE 00B6 00DE 00DD 00E9 0020 01EA 0161 00E9 01EB 0086 01EC 0097 009C 0161 00F6 0003 0095 0159 00E9 01ED 0086 0020 0129 009E 00E3 00F4 00F9 0096 00DE 00F6 0092 0021 0008 0000
M030.ETC	0	96	09A9C	0034 00E2 00E9 00BC 00DE 00DD 009B 0094 00F3 0020 01EE 00E1 018D 00E0 009D 0141 0003 00BC 00AC 00B2 00C6 00DD 00B8 00DE 00BF 00B0 00C4 00DE 00F3 0020 018B 01E8 00EA 0092 0092 00E5 0003 01EF 00FA 009D 00DE 00E6 0020 0135 008F 00E3 0175 0096 00E8 00EA 00DE 00E5 00F7 00FD 009F 00DE 0005 0000
M030.ETC	0	97	09AD4	0162 01E3 00E9 01E4 00E6 00EA 0020 00CA 00DF 00BF 00DE 00B0 00C4 00F3 0092 00F9 00EA 009D 00DE 0003 0099 008F 009C 00E3 0020 01F0 0171 009C 00E3 00EA 00E5 00F7 00FD 009F 00DE 0021 0008 0000
M030.ETC	0	98	09AF8	00BC 00AC 00B2 00C6 00DD 00B8 00DE 00BF 00B0 00C4 00DE 00E9 0020 018B 01E8 00EA 0092 0092 00E5 003F 0003 0162 01E3 00E9 01E4 00E6 00EA 0020 00CA 00DF 00BF 00DE 00B0 00C4 00F3 0092 00F9 00EA 009D 00DE 0003 0099 008F 009C 00E3 0020 01F0 0171 009C 00E3 00EA 00E5 00F7 00FD 009F 00DE 0021 0008 0000
M030.ETC	0	99	09B2F	00B6 00BD 00DE 00DD 0096 00DE 0020 0162 01E3 00E9 01E4 00E6 0175 008F 00E0 00EF 00EF 00E5 00E9 00E3 00DE 009D 0003 00EF 009B 0096 0020 00CA 00DF 00BF 00DE 00B0 00C4 00E6 015A 0138 008F 00E3 00A5 00A5 00A5 0003 0091 0092 00E2 00E9 0020 01F1 00FB 009C 0092 012E 012F 00E6 00A5 00A5 00A5 00A1 0008 0000
M030.ETC	0	100	09B63	01D3 00E9 00BC 00DE 00DD 00EF 00E3 00DE 0020 01D4 01D5 009B 00FA 00E3 009C 00EF 0093 00E4 00EA 0021 0003 0192 009B 00FA 00E0 00E9 00EA 0020 00FC 009D 00DE 0096 00E5 01A3 01B3 00E3 00DE 0003 0034 00E2 00E9 00BC 00DE 00DD 0086 0020 01E0 009C 00DE 00F9 009A 00E4 00E0 00DE 0099 00E0 00DE 00A1 0008 0000
M030.ETC	0	101	09B98	009A 009A 00E6 0092 00FA 00EA 00DE 0020 0097 008F 00E4 0138 0094 00F9 00E4 00A5 00A5 00A5 0003 00CA 00DF 00BF 00DE 00B0 00C4 0086 01F2 008F 00E3 0020 0162 01E3 00E9 01E4 00E6 0175 008F 00E3 00F3 0003 00E4 00DE 0093 0096 00A5 00A5 00A5 0119 009D 00DE 01A7 008F 00E3 0097 00E3 017E 009B 0092 00A1 0008 0000
M030.ETC	0	102	09BCE	00CE 00CB 00DE 00AF 00C4 00E9 01CA 0096 00F7 0020 01F3 01C7 0096 00DE 0172 00E3 00F9 0096 00DE 0003 0032 01C7 00E9 00B4 00D9 00CC 00E9 01F4 00E3 00DE 0020 01C6 00E9 016A 00EA 0003 0129 0096 0099 00E5 0092 0096 00DE 0020 00E4 00DE 009A 0096 00E6 0175 008F 00E0 0096 00E5 003F 0008 0000
M030.ETC	0	103	09C03	00BD 00B0 00BD 00B0 00A5 00A5 00A5 00BD 00B0 00BD 00B0 00A5 00A5 00A5 0003 00EE 0020 00EE 009A 00F7 00E6 00A5 00A5 00A5 01C6 0096 00DE 00A5 00A5 00A5 0003 00C0 00DE 00D2 00E0 00DE 00F6 0020 0128 008F 00E1 008C 00A5 00A5 00A5 00BD 00B0 00BD 00B0 00A1 0008 0000
M030.ETC	0	104	09C30	00B8 00DE 00BA 00DE 00B0 00AF 00A5 00A5 00A5 00B8 00DE 00BA 00DE 00B0 00AF 00A5 00A5 00A5 0003 00BD 00D4 00BD 00D4 00A5 00A5 00A5 00BD 00D4 00BD 00D4 00A5 00A5 00A5 00A1 0008 0000
M030.ETC	0	105	09C51	0096 00E2 00E3 0020 00B5 00DA 0096 00DE 0129 00E0 01F5 009C 0099 00DE 00E5 01B2 00EA 0003 00CE 00CB 00DE 00AF 00C4 00E9 01CA 0096 00F7 0020 00E4 00E4 00DE 0092 00E0 00FD 00E0 00DE 00F6 0003 0091 00E9 01B2 00E3 00DE 0020 01F6 00E9 018F 0190 00E6 01E0 009C 00DE 00F7 00FA 00E0 00FD 00E0 00DE 00A1 0008 0000
M030.ETC	0	106	09C87	01D3 00E9 00BC 00DE 00DD 0096 00DE 0020 0191 00E9 0118 0096 00F7 01F7 00FD 00E3 00DE 0097 00E0 01F8 0003 0177 0097 00E5 014F 0096 00DE 0020 0163 00E1 00E0 00F6 0093 00E5 01F9 0096 00DE 009C 00E0 0003 00BC 00DE 00DD 0096 00DE 0020 0162 017E 00E6 00F3 0098 00DE 008F 00E0 01F9 00E0 00DE 008F 00E0 0096 0021 0008 0000
M030.ETC	0	107	09CC0	009D 00ED 00DE 00E3 00E9 00BC 00DE 00DD 0096 00DE 0020 01D4 01D5 009B 00FA 00E0 0096 00F7 00E6 00EA 0003 00B5 00C3 00DE 00B6 00DE 00DD 01A0 00F3 0020 01FA 00FC 00F8 00E5 00FD 00E3 00DE 009C 008E 0093 0096 003F 0003 00B8 00DE 00BD 00DD 0020 0148 00E0 00DE 0096 01FB 0096 00DE 015A 00E3 0097 00E1 008C 008F 00E0 00FC 00A1 0008 0000
M030.ETC	0	108	09CFB	0034 00E2 00E9 00BC 00DE 00DD 0086 0020 01E0 009C 00DE 009A 00F2 00F9 00E0 00F2 00E6 0003 016F 01FC 00EA 0020 0162 01E3 00E9 01E4 00E6 0175 0096 00FA 00EF 009D 00E9 00E8 0003 0091 0091 0020 00E5 00FD 00E3 01C6 00F7 009C 0092 00FD 00E3 00DE 009C 008E 0093 00A1 0008 0000
M030.ETC	0	109	09D2C	00F0 00FD 00E5 0020 000A 013A 00E6 0174 008F 00E3 00F9 0099 00E4 00DE 0003 009F 00E9 01FD 01FE 00E3 00DE 0020 01FF 009C 00EF 00E5 0092 00E3 00DE 017E 009B 0092 00E8 00A1 0008 0000
M030.ETC	0	110	09D4E	0091 00E9 00B6 00AF 00BA 00B2 00B2 0020 00B4 00D9 00CC 00E9 0151 016A 00EA 0003 0091 00E9 01BA 0145 00E4 0020 00E4 00DE 00FD 00E5 0165 0166 00E5 00FD 00E3 00DE 009C 008E 003F 0003 00B3 00CC 0020 0169 008F 00E3 0020 0140 0096 00DE 0200 0092 0096 009C 00F7 00E8 00A1 0008 0000
M030.ETC	0	111	09D81	009A 00E9 0159 00EA 0020 00B6 00AF 00BA 00E2 0099 00E3 009C 00EF 0092 00EF 009C 00E0 0096 00DE 0003 0106 0201 00E6 0020 00BC 00DE 00DD 0096 00DE 01D4 01D5 009B 00FA 00E3 009C 00EF 0092 00EF 009D 00E4 0003 0202 0160 01B7 008F 00E3 0020 0203 00E7 00E9 00EA 01F1 0092 00E9 00E3 00DE 009D 00A5 00A5 00A5 00A1 0008 0000
M030.ETC	0	112	09DB9	000A 0151 0020 00C4 00DE 00DD 00CF 00B2 00E3 00DE 009A 00DE 009B 00DE 0092 00EF 009D 0021 0003 00BC 00DE 00DD 0096 00DE 0020 01D4 01D5 009B 00FA 00E0 0098 00DE 00F7 0092 00E3 00DE 00E5 00FD 00E3 00DE 009D 0003 00D7 00BD 00C4 00C1 00AC 00DD 00BD 00E3 00DE 0020 0204 0205 009C 00EF 009C 008E 0093 00E5 00A1 0008 0000
M030.ETC	0	113	09DF1	0091 00E9 00B4 00D9 00CC 00E9 01BA 0145 00EA 0020 0095 0206 009C 0092 0021 0003 009A 00FD 00E5 009A 00E4 00E3 00DE 00F3 00E5 0099 00FA 00EA 00DE 015A 0138 0094 00E7 0003 00EA 0096 00E5 0092 00A5 00A5 00A5 0207 00E3 00DE 009C 008E 0093 0096 00DE 00E5 00A1 0008 0000
M030.ETC	0	114	09E20	01B2 00E9 018F 0190 00EA 0020 0129 00E2 0096 00F8 00EF 009C 00E0 0096 00E5 003F 0003 012D 0208 00E9 0141 0020 00BC 00AC 00B2 00C6 00DD 00B8 00DE 00BF 00B0 00C4 00DE 00EA 0003 00F3 00EA 00F4 0020 0127 00E6 0128 00FA 00EF 009C 00E0 00E3 00DE 009C 008E 0093 00E5 0021 0008 0000
M030.ETC	0	115	09E54	00B5 00C3 00DE 00B6 00DE 00DD 01CE 0096 00DE 0020 01A7 008F 00E3 009A 00E5 0092 00F6 0093 00E6 0003 0095 0159 00E4 00F3 0020 0138 0094 00E5 0092 0096 00E4 015D 008F 00E3 00E0 0021 0003 01A9 0140 009F 0093 00E3 00DE 0020 0106 0201 00E6 01C0 0155 009C 00E0 00F6 00A1 0008 0000
M030.ETC	0	116	09E85	00B5 00C3 00DE 00B6 00DE 00DD 014C 00E9 0020 0096 0098 009C 0209 020A 00E9 020B 00EA 0003 00F4 008F 00EA 00DF 00F8 0020 0106 0201 00E0 00DE 008F 00E0 00FD 00E0 00DE 00E5 0091 0003 01D9 020C 00E9 00B3 00D7 00E6 0020 0096 0098 009C 00E3 0091 008F 00E0 00FD 00E0 00DE 0021 0008 0000
M030.ETC	0	117	09EB7	01D9 020C 00E6 0092 00FA 00EA 00DE 0020 000A 013A 00E6 0138 0094 00F9 00E4 0003 00BB 00C3 00D7 013A 00EA 0020 0175 0096 00FA 00E0 00EF 00EF 00E5 00E9 00E3 00DE 009D 00FC 0003 01AA 01BA 013A 00F3 0020 016F 00EA 00B3 00CC 00DE 00E5 00C0 00C0 00DE 00E9 020D 00E3 00DE 009D 00A1 0008 0000
M030.ETC	0	118	09EEB	0095 0159 00E9 00F6 0093 00E6 0020 00D3 00C3 00F9 00F6 0093 00E6 00E5 00F9 00E6 00EA 0003 01BB 0098 00E5 00F7 00E5 0092 00E4 0020 00C0 00DE 00D2 00E5 00FD 00E0 00DE 00FB 0093 00E5 0091 0003 009C 00DE 008C 0091 0020 00B5 00DA 00E6 00EA 00B4 00DD 0096 00DE 00E5 009B 009F 0093 00E0 00DE 00A1 0008 0000
M030.ETC	0	119	09F22	0091 008F 0020 00B6 00BD 00DE 00DD 0151 00E3 00DE 00EA 0091 00F8 00EF 009E 00FD 0096 0021 0008 0000
M030.ETC	0	120	09F34	015C 0097 00EF 009C 00E0 00F6 0020 009A 00DE 0096 00E2 00F4 0098 00E9 009A 00E4 0021 0003 0180 01C7 00E9 020E 020F 0086 0020 0098 0092 0199 00F2 00E0 009F 0093 00E3 00DE 009D 00E8 0003 0092 00F4 0091 0020 0106 0201 00E6 0020 00F2 00E3 00DE 00E0 0092 0139 00E3 00DE 009D 00F6 0021 0008 0000
M030.ETC	0	121	09F67	00A5 00A5 00A5 00A5 00A5 00A5 00A1 0008 0000
M030.ETC	0	122	09F6F	000A 00EA 0020 0122 0123 0210 0097 00E3 00DE 009D 0096 00F7 0003 00E1 008E 008F 00E4 0020 0155 01AE 00E0 00DE 008F 00E0 00FD 00E3 00DE 009D 0096 00DE 0003 0092 00F4 0020 0106 0201 00E6 0091 00F8 0096 00DE 00E4 0093 0021 0008 0000
M030.ETC	0	123	09F98	0092 00F4 00A5 00A5 00A5 00E4 00DE 0093 0092 00E0 009C 00EF 009C 00E3 00A5 00A5 00A5 0003 009F 00FA 0086 015C 0092 00E0 00F7 0020 019C 0211 0161 00E9 00A5 00A5 00A5 0003 0212 01A0 00E9 000A 00F3 0020 00F6 00FB 009A 00EB 00DE 00EF 009C 008E 0093 00A1 0008 0000
M030.ETC	0	124	09FC4	019C 0211 0161 00E9 008F 00E3 003F 0020 009F 00FA 009C 00DE 008C 0091 0092 00E2 0096 00DE 0021 0004 0003 0094 008F 0020 00E1 008E 008F 00E4 0020 019D 008F 00E3 017E 009B 0092 00F6 0003 0212 01A0 008F 00E3 0020 009F 00FA 009C 00DE 008C 0020 0091 0092 00E2 00A5 00A5 00A5 00A1 0008 0000
M030.ETC	0	125	09FF7	00B6 00BD 00DE 00DD 0151 0020 0095 01A7 00F8 00E5 009B 0092 0003 0092 00F4 0091 0020 00F4 008F 00E3 0098 00FA 00EF 009C 00E0 00E8 0021 0008 0000
M030.ETC	0	126	0A012	00B5 00C3 00DE 00B6 00DE 00DD 00F3 00A5 00A5 00A5 0095 009C 00EF 0092 0096 00E4 00A5 00A5 00A5 0003 009F 00FA 0086 0020 009A 0093 00F4 008F 00E3 0213 0094 00F9 0139 0096 00DE 0172 00E3 0003 00E5 00FD 00E4 0020 0214 0086 014A 009E 00EA 00DE 0092 0092 00F4 00F7 00A5 00A5 00A5 00A1 0008 0000
M030.ETC	0	127	0A044	00E8 0094 0020 00B6 00BD 00DE 00DD 0151 00A5 00A5 00A5 0174 00F0 00EF 009D 0003 0162 01E3 00E9 01E4 00E3 00DE 00E9 0020 0112 0113 00E9 020B 00E4 0096 0086 0003 00E1 008E 008F 00E4 0020 015C 0096 009E 00E3 0098 00FA 00EF 009E 00FD 0096 003F 0008 0000
M030.ETC	0	128	0A071	016F 01FC 00E9 0127 0179 0096 00DE 0020 0091 00E5 00E0 00E0 00DE 00E4 0092 0093 009A 00E4 00E3 00DE 0003 00B5 00DA 00EA 0020 00D1 00C8 0096 00DE 00BD 00B0 00AF 00E4 009C 00E0 00FD 00E3 00DE 009D 0021 0008 0000
M030.ETC	0	129	0A097	00E0 00DE 008F 00E3 000A 00EA 0020 0105 0215 00E9 00B8 00BE 00E6 0003 00B5 00DA 00E0 00E1 00F6 00F8 0020 015A 015B 009C 00F4 0096 00DE 008F 00E3 009B 0003 00E2 0099 014B 0096 00DE 008F 00E3 00F9 00FD 00E3 00DE 009D 0020 0091 0092 00E2 0021 0008 0000
M030.ETC	0	130	0A0C5	000A 00EA 0020 000A 00EA 00A5 00A5 00A5 0003 0097 009B 00EF 00F7 00E9 00F6 0093 00E5 0020 00D4 00C2 00E9 00E0 00F2 00E6 0003 01AD 0086 0096 0099 00E3 0020 01D8 008F 00E3 0097 00E0 00E9 0096 00A5 00A5 00A5 00A1 0008 0000
M030.ETC	0	131	0A0EC	00E4 00DE 0020 00E4 00DE 0093 009C 00E0 00FD 00E3 00DE 009D 00A5 00A5 00A5 0096 003F 0008 0000
M030.ETC	0	132	0A0FC	0091 0092 00E2 00EA 00A5 00A5 00A5 00F3 008F 00E0 0092 00E5 0092 00F6 00A5 00A5 00A5 0003 0097 009B 00EF 00F7 00E9 00F6 0093 00E5 00A5 00A5 00A5 00EA 00DE 0096 00E4 00DE 00F3 00E9 01AD 0086 0003 00A5 00A5 00A5 0216 0093 00E0 00F2 00E6 00A5 00A5 00A5 0217 008F 00E0 00A5 00A5 00A5 00A1 0008 0000
M030.ETC	0	133	0A12C	0099 008F 0020 00E5 00FD 00E0 00DE 0092 0020 0094 00EA 00DE 00F8 00F4 0096 00DE 008F 00E3 0021 0003 00CC 00DD 0020 00E0 00DE 0096 00F7 00B4 00D9 00CC 00EA 0020 0097 00F7 0092 00E5 00FD 00E0 00DE 0021 0008 0000
M030.ETC	0	134	0A151	00A5 00A5 00A5 00EF 0091 0020 009A 009A 00EA 00B6 00DE 00CF 00DD 00E3 009A 00E4 00F6 0003 00E4 00DE 0093 009E 0020 0091 0092 00E2 00EA 0020 01A7 008F 00E1 00EF 0093 00FD 00E0 00DE 0003 000A 00F3 0020 0217 008F 00E0 00FD 00E0 00DE 009C 009B 0091 00A5 00A5 00A5 00A1 0008 0000
M030.ETC	0	135	0A180	0095 009F 0092 00E3 00DE 009D 00E5 0091 00A5 00A5 00A5 0003 00B6 00BD 00DE 00DD 0151 00EA 0020 00EF 00E0 00DE 00E3 00DE 009D 0096 00E5 0021 0008 0000
M030.ETC	0	136	0A199	0180 01C7 0086 0020 0098 0092 0199 00F2 00E0 00E4 00EA 015C 0092 00E3 00F3 0003 0106 01C7 0096 00F7 0020 0160 0218 00E3 00DE 00E5 0092 00E4 00A5 00A5 00A5 0003 01E1 0098 0020 01C0 0155 009C 00E0 0092 00F3 00E9 00E3 00DE 009D 00E5 00A1 0008 0000
M030.ETC	0	137	0A1C5	0095 0159 00E0 00E1 0096 00DE 0020 00F4 0097 00F3 0097 009C 00E3 0092 00F9 01B3 00E6 0003 01A4 009A 0093 0086 0020 00F6 0098 0129 00E3 00F0 00F9 0096 00DE 00F6 0092 009F 00DE 0003 00B6 00BD 00DE 00DD 0151 0096 00DE 0020 00F4 008F 00E3 00EF 0092 00F7 00FA 00E0 0021 0008 0000
M030.ETC	0	138	0A1F6	00B6 00BD 00DE 00DD 0020 00E0 00E0 00DE 0092 00EF 0137 00F8 00EF 009C 00E0 0021 0008 0000
M030.ETC	0	139	0A206	0093 00F1 0020 009A 00DE 0098 00FB 0093 00E3 00DE 0091 00F8 00EF 009C 00E0 0003 00E3 00DE 00EA 00A5 00A5 00A5 01E1 01E2 00E3 00DE 009D 0096 00DE 00A5 00A5 00A5 0003 0219 021A 00E6 00E2 0092 00E3 0020 0095 015C 0096 009E 0092 00E0 00E0 00DE 009A 0093 0021 0008 0000
M030.ETC	0	140	0A233	0034 00E2 00E9 00BC 00DE 00DD 0086 0020 0121 00EB 00DE 01E0 021B 009D 00F9 009A 00E4 00E3 00DE 0003 0180 01C7 00E9 020E 020F 0086 0020 0098 0092 0199 00F2 00F9 0111 01AD 00EA 0021 0008 0000
M030.ETC	0	141	0A257	0095 0095 0020 0098 0092 0199 00F2 00F9 0111 01AD 00EA 00A5 00A5 00A5 00A1 0008 0000
M030.ETC	0	142	0A267	019B 019C 00A5 00A5 00A5 0092 00E0 009C 00EF 009C 00E0 00A5 00A5 00A5 00A1 0008 0000
M030.ETC	0	143	0A276	009F 0093 0096 0021 0020 019B 019C 0092 00E0 009C 00EF 009C 00E0 0096 0021 0008 0000
M030.ETC	0	144	0A286	009B 00F7 00E6 0020 00CA 00DF 00BF 00DE 00B0 00C4 00F3 021C 009C 00EF 009C 00E0 0021 0008 0000
M030.ETC	0	145	0A298	00E5 00FD 00E4 0020 00CA 00DF 00BF 00DE 00B0 00C4 00F3 021C 009C 00E0 0096 003F 0003 009A 00F8 008C 00F2 00E3 00DE 00E0 0092 0020 009A 00F8 008C 00F2 00E3 00DE 00E0 0092 0021 0008 0000
M030.ETC	0	146	0A2B9	00F4 008F 00E0 00FC 00E8 0020 00B6 00BD 00DE 00DD 0021 0003 0091 00E5 00E0 0020 0177 0127 0179 009C 00DE 008C 00E5 0092 003F 0003 0169 00A5 00A5 00A5 0129 0160 009C 00E1 008C 008F 00E0 0021 0008 0000
M030.ETC	0	147	0A2DD	0091 00E9 00A5 00A5 00A5 00B6 00BD 00DE 00DD 013A 00A5 00A5 00A5 0003 0169 00EA 0020 000A 013A 00E9 009A 00E4 00A5 00A5 00A5 00A1 0008 0000
M030.ETC	0	148	0A2F4	0091 008F 0020 0092 0094 00A5 00A5 00A5 009F 00FA 00EA 00A5 00A5 00A5 00A5 00A1 0008 0000
M030.ETC	0	149	0A303	021D 0093 00FD 00E0 00DE 00F6 0020 00BB 00D7 00A5 00A5 00A5 021D 0093 00FD 00E0 00DE 0021 0003 000A 00E5 00FD 00E0 00DE 00F6 00A5 00A5 00A5 00F0 00FD 00E5 0021 0003 000A 0096 00DE 0020 00F4 008F 00E3 0098 00FA 00E0 00FD 00E0 00DE 0021 0008 0000
M030.ETC	0	150	0A32D	009F 0093 0092 0094 00EA 00DE 00A5 00A5 00A5 000A 00A5 00A5 00A5 0003 0091 0092 00E2 00EA 0020 00E4 00DE 0093 009C 00E0 00E9 00E3 00DE 009D 0096 003F 0008 0000
M030.ETC	0	151	0A348	009F 0093 0096 00A5 00A5 00A5 009F 0093 00E0 00DE 008F 00E0 00A5 00A5 00A5 0003 000A 00F3 0020 0175 008F 00E3 00EF 009C 00E0 00E5 00A5 00A5 00A5 00A1 0008 0000
M030.ETC	0	152	0A362	00B5 00C3 00DE 00B6 00DE 00DD 0096 00DE 0020 0216 00FC 00FA 00E0 00F6 00FB 009A 00EB 00DE 00E3 00DE 0003 000A 0086 0020 01EF 00FA 00E3 0095 008F 00E0 00A5 00A5 00A5 00A1 0008 0000
M030.ETC	0	153	0A381	00F0 00FD 00E5 00A5 00A5 00A5 000A 0096 00DE 00F4 008F 00E0 008F 00E3 003F 0003 009F 00FA 00A5 00A5 00A5 00E4 00DE 0093 0092 0093 009A 00E4 00A5 00A5 00A5 00A1 0008 0000
M030.ETC	0	154	0A39D	000A 013A 0096 00DE 00A5 00A5 00A5 00F4 008F 00E0 00E9 00E3 00DE 009D 0096 003F 0003 00BC 00DE 00DD 00E9 01E0 021B 00F3 00A5 00A5 00A5 00CA 00DF 00BF 00DE 00B0 00C4 00F3 00A5 00A5 00A5 00A1 0008 0000
M030.ETC	0	155	0A3C0	00B5 00C3 00DE 00B6 00DE 00DD 0096 00DE 00A5 00A5 00A5 01A0 0096 00DE 01B5 00EB 00DE 00E5 0099 00FA 00EA 00DE 0003 009F 00FA 00E6 0132 00E1 01A4 0096 008F 00E0 00A5 00A5 00A5 0161 00E9 009A 00E4 00EA 0003 00E4 00DE 0093 00E0 00DE 008F 00E3 00A5 00A5 00A5 0092 0092 00FD 00E3 00DE 009D 0096 01AA 013A 003F 0008 0000
M030.ETC	0	156	0A3F4	00BB 00C3 00D7 01AA 01BA 00A5 00A5 00A5 0091 00E5 00E0 00E9 01B7 021E 00E3 00DE 0003 000A 00F3 0020 021F 00FC 00FA 00F9 00E3 00DE 009C 008E 0093 0003 0097 008F 00E4 00A5 00A5 00A5 00F4 009D 00F7 0096 00E6 0020 0093 0093 0093 008F 00A1 0008 0000
M030.ETC	0	157	0A41F	009F 00FD 00E5 00A5 00A5 00A5 00E4 00DE 0093 009C 00E3 00A5 00A5 00A5 0003 00E5 009E 00DE 00A5 00A5 00A5 0220 0098 00E9 00E3 00DE 009D 00A5 00A5 00A5 00A1 0008 0000
M030.ETC	0	158	0A439	00EF 009B 0096 00A5 00A5 00A5 000A 013A 0096 00DE 003F 0003 009C 0020 0203 00FD 00E0 00DE 00E9 00A5 00A5 00A5 00E3 00DE 009D 0096 00A5 00A5 00A5 00A1 0008 0000
M030.ETC	0	159	0A452	000A 00EA 0020 0132 0221 00E3 00DE 009C 00E0 00A5 00A5 00A5 0003 00CA 00DF 00BF 00DE 00B0 00C4 00EF 00E3 00DE 00F3 00A5 00A5 00A5 021C 009C 00E3 00A5 00A5 00A5 0003 0169 00EA 00A5 00A5 00A5 0098 00F4 009C 0098 00E3 00E0 00EF 00F7 00E5 0092 0021 0008 0000
M030.ETC	0	160	0A47D	0093 009F 00A5 00A5 00A5 0093 009F 00E3 00DE 009C 008E 00A5 00A5 00A5 0003 00E8 0094 0020 01B7 008F 00E3 00F6 00A5 00A5 00A5 0003 0093 009F 00E0 00DE 00E4 0020 01B7 008F 00E3 00A5 00A5 00A5 00A1 0008 0000
M030.ETC	0	161	0A49F	01A0 00E9 0134 0222 0086 0020 00F6 00FB 009A 00EC 00DE 0159 00E6 00A5 00A5 00A5 0003 01D8 0092 00E6 015A 0096 0099 00E0 0161 0086 0020 0223 009D 00DE 00F9 01C7 0096 00DE 0003 00BB 00C3 00D7 01AA 01BA 0020 01D7 01C7 00E0 00DE 00E5 00FD 00E3 00A5 00A5 00A5 00A1 0008 0000
M030.ETC	0	162	0A4CF	0169 00EA 00A5 00A5 00A5 009F 0093 00E5 00E9 0096 00F3 015E 00FA 00FD 00A5 00A5 00A5 0003 0091 00FA 00EE 00E4 00DE 0020 01A0 01AB 00E9 00E0 00F2 00E4 015D 0092 00E5 0096 00DE 00F7 0003 000A 0086 00A5 00A5 00A5 016D 0094 00E5 0092 00E4 00EA 0021 0008 0000
M030.ETC	0	163	0A4FB	009F 00FD 00E5 00A5 00A5 00A5 009F 00FA 00EA 0224 0096 00E6 00A5 00A5 00A5 0003 00E3 00DE 00F3 0020 009A 00FD 00E5 01A3 00E6 00A5 00A5 00A5 0003 00E0 00DE 00FA 0096 00DE 0020 016D 0094 00F7 00FA 00EF 009C 008E 0093 0096 003F 0008 0000
M030.ETC	0	164	0A522	009F 0093 0096 0020 000A 0096 00DE 01AD 0086 0096 0099 00E3 0003 00B5 00C3 00DE 00B6 00DE 00DD 0086 0020 0216 008F 00E3 0098 00FA 00EF 009C 00E0 0096 003F 0003 00E5 00E9 00E6 00A5 00A5 00A5 009A 00E9 0169 00EA 00A5 00A5 00A5 00A1 0008 0000
M030.ETC	0	165	0A54A	00B6 00B2 00CA 00DF 0151 00A5 00A5 00A5 0091 00E5 00E0 00EF 00E3 00DE 00A5 00A5 00A5 00A1 0008 0000
M030.ETC	0	166	0A55C	00B5 00C3 00DE 00B6 00DE 00DD 00EA 00A5 00A5 00A5 0225 00E0 0092 01A0 00E0 00DE 00A5 00A5 00A5 0003 0169 00EA 00A5 00A5 00A5 009A 00FD 00E5 0173 00EA 00E0 0098 009B 00FD 00E0 00DE 00A1 0008 0000
M030.ETC	0	167	0A57D	01A7 00FB 0093 0020 00BB 00D7 00A5 00A5 00A5 00B8 00DE 00D7 00DD 00BC 00B0 00D9 00ED 0021 0003 00E5 00E2 0096 009C 0092 0020 00CE 00DE 00B3 00B2 00F4 01D2 01B3 00E0 00E1 00E9 0173 00ED 00A1 0008 0000
M030.ETC	0	168	0A5A5	00F3 0093 0020 009F 00E9 0226 00E3 00DE 00F6 0096 00FB 0093 00A5 00A5 00A5 0003 00B6 00BD 00DE 00DD 00F6 0020 0227 009C 00E3 014B 0099 00DE 00E5 009B 0092 0021 0008 0000
M030.ETC	0	169	0A5C2	0091 00E5 00E0 00E9 0020 0140 0135 00E1 00F3 00FC 0096 00F9 0096 00DE 00A5 00A5 00A5 0003 009F 00FA 00EE 00E4 00DE 0020 0228 0229 009C 00E0 00F3 00E9 00E3 00DE 00F3 00A5 00A5 00A5 0003 00E5 0092 0096 00F3 015E 00FA 00EF 009E 00FD 009F 00DE 0020 00B6 00BD 00DE 00DD 0151 0021 0008 0000
M030.ETC	0	170	0A5F3	0133 00EE 00E4 00DE 00A5 00A5 00A5 0092 00FC 00FA 00EF 009C 00E0 009A 00E4 00A5 00A5 00A5 0003 00EF 009B 0096 00A5 00A5 00A5 00EF 00E0 00DE 0020 000A 0096 00DE 0003 014E 0097 00E3 0092 00F9 00E4 00A5 00A5 00A5 0092 0093 009A 00E4 00E3 00DE 009D 0096 003F 0008 0000
M030.ETC	0	171	0A61E	00E4 00DE 0093 0020 0208 01C1 009C 00E0 00F7 00F6 0092 0096 00E9 0093 00A5 00A5 00A5 00A1 0008 0000
M030.ETC	0	172	0A62F	022A 01C7 0096 00DE 0020 0133 00EE 00E4 00DE 0169 00E6 022B 00F7 00FA 00E0 009A 00E4 0086 0003 0208 01C1 009B 00FA 00F9 00E9 0096 00DE 0020 00F6 00FB 009C 0092 00E3 00DE 009C 008E 0093 0021 0008 0000
M030.ETC	0	173	0A653	0095 0095 0020 009F 0093 0096 00A5 00A5 00A5 009F 0093 009C 00DE 008C 00E9 0093 0003 009F 00FA 0096 00DE 0020 00FC 0096 00F8 00F4 009D 0092 009C 00DE 008C 00FB 0093 00E5 0021 0008 0000
M030.ETC	0	174	0A673	009B 00F6 0093 0020 0091 00FA 00EA 00A5 00A5 00A5 00BC 00DE 00DD 00E9 0140 0096 00DE 0103 0094 00E3 0003 009C 00EA 00DE 00F7 0098 009C 00E3 0020 009D 009A 00DE 0092 012E 012F 00E9 01ED 00E4 01ED 0096 00DE 0003 00EC 00DE 00E2 0096 00F8 011C 008F 00E3 0020 0092 00F9 00E4 0097 009C 00DE 008C 008F 00E0 00A1 0008 0000
M030.ETC	0	175	0A6AA	0097 008F 00E4 0020 000A 00E4 00CA 00DF 00BF 00DE 00B0 00C4 0096 00DE 01D8 008F 00E3 0003 012E 012F 0086 0020 00EC 00DE 00E2 0099 011C 008F 00E3 0092 00F9 00FD 009C 00DE 008C 00FB 0093 00E4 0003 00FC 009C 00EA 00A5 00A5 00A5 009F 0093 015D 008F 00E0 00FD 009C 00DE 008C 00F6 00A1 0008 0000
M030.ETC	0	176	0A6DE	00FC 009C 00EA 0020 022C 00E9 01D8 0092 00E3 00DE 00E5 0092 009A 00E4 0086 017A 009C 00DE 00E3 0003 000A 00E6 01ED 0086 022D 009F 0093 00E4 00A5 00A5 00A5 00E5 0003 022E 00E9 022F 0086 00A5 00A5 00A5 009B 009F 0092 00E6 0175 008F 00E0 00FD 009C 00DE 008C 00A1 0008 0000
M030.ETC	0	177	0A70C	00E4 009A 00FB 0096 00DE 0020 00B8 00DE 00C4 00DE 00B0 00E6 0230 0092 00E0 01A3 00E6 0003 0177 0097 00E5 014E 01AD 00E9 0195 0096 00DE 0020 0103 0094 00E0 00E9 009C 00DE 008C 0021 0008 0000
M030.ETC	0	178	0A72E	00FC 009C 00F7 00E9 015A 0231 00EA 0020 00E5 0096 008F 00E0 00E4 01B7 008F 00E3 0003 022E 00E9 022F 0232 00E4 020B 009C 00E3 0092 00E0 00A5 00A5 00A5 009F 00E9 01A3 0003 00F3 0093 01D7 00E2 00E9 014E 01AD 0096 00DE 0020 0103 0094 009F 0093 00E6 00E5 008F 00E0 0021 0008 0000
M030.ETC	0	179	0A75E	0091 00E9 01A3 00E3 00DE 009D 00F6 00A5 00A5 00A5 0097 008F 00E4 00A5 00A5 00A5 0003 01D1 0164 00E9 0020 00CA 00DF 00BF 00DE 00B0 00C4 00E9 0233 0096 00DE 009C 00E0 0160 0164 0021 0003 000A 0086 0020 01DF 0147 00FA 00E6 009C 00E0 00FD 00E3 00DE 009D 00A1 0008 0000
M030.ETC	0	180	0A78D	009F 0093 00E5 00F9 0159 00E5 00F7 0020 0127 0086 022D 009E 00F9 0096 00DE 00A5 00A5 00A5 0003 01AC 01AD 00E9 00E2 0097 00E0 0161 00E6 0020 0127 00EA 022D 009E 00E5 0092 0021 0003 009A 00FA 00EA 0020 019F 0234 0235 00E9 0095 0097 00E3 00A5 00A5 00A5 00E5 00FD 009C 00DE 008C 00A1 0008 0000
M030.ETC	0	181	0A7C0	0192 0236 00E5 0096 00DE 00F7 00A5 00A5 00A5 009F 0093 00E3 00DE 009C 00E0 00E5 00A5 00A5 00A5 0003 009F 00E9 0095 0097 00E3 00EA 0020 00E4 00DE 00FD 00E5 022F 0232 00E3 00DE 0091 00FB 0093 00E4 0003 00F4 00EC 00DE 008F 00E3 00EA 00A5 00A5 00A5 00E5 00F7 00E5 0092 00E9 00E3 00DE 009C 00E0 00E5 00A1 0008 0000
M030.ETC	0	182	0A7F3	00CA 00DF 00D9 00D2 00B7 00B1 01D8 0237 00E9 0020 0164 00E6 015E 00F8 00EF 009C 00E0 0096 00DE 0003 009F 00FA 0086 00F4 00EC 00DE 008F 00E0 01A3 00EA 0020 0212 00CA 00DE 00C2 0096 00DE 017E 008F 00E3 0003 0126 00E3 00E9 01ED 0086 0093 00EA 00DE 00FC 00FA 0020 018F 0190 00E6 01E0 009C 00DE 00F7 00FA 00F9 00A1 0008 0000
M030.ETC	0	183	0A82F	009F 0093 009C 00DE 008C 0020 01F1 00FB 009C 0092 00EA 00DE 00E2 0096 00DE 019D 008F 00E3 0092 00F9 0003 00E4 009A 00FB 0096 00DE 00A5 00A5 00A5 00B8 00DE 00C4 00DE 00B0 00E9 022F 0232 00EA 0175 008F 00E0 0003 000A 00E9 0173 00ED 0020 0175 0097 0095 008F 00E0 00FD 009C 00DE 008C 0021 0008 0000
M030.ETC	0	184	0A862	009F 00FA 009C 00DE 008C 0091 0020 000A 0086 0216 0092 00E6 003F 0003 000A 00EA 0020 0185 0096 00F9 00E9 00E3 00DE 009D 0096 0021 0008 0000
M030.ETC	0	185	0A87B	009B 0091 00A5 00A5 00A5 00E4 00DE 0093 009C 00DE 008C 00FB 0093 00E9 0093 00A5 00A5 00A5 0003 013A 01BF 0086 0129 00E6 0175 008F 00E0 0020 00E0 00DE 0099 0096 00F3 015E 00FA 00FD 00A1 0008 0000
M030.ETC	0	186	0A89D	009C 0096 009C 00A5 00A5 00A5 009C 00DE 008E 0093 009C 0097 00E3 00DE 016D 0094 00FA 00EA 00DE 0003 00B8 00DE 00C4 00DE 00B0 00E9 022F 00F3 0020 00D1 00C1 00AC 00EA 009E 00FD 009C 00DE 008C 00FB 00E5 00A1 0008 0000
M030.ETC	0	187	0A8C4	00B6 00BD 00DE 00DD 00E9 0020 0092 0096 00F8 0086 009C 009D 00DE 00F2 00F9 00E0 00F2 00E6 0003 0140 0096 00DE 0096 00F8 00E5 009A 00E4 0086 0020 0177 0097 0098 020B 009C 00E0 00E0 00DE 0099 0003 00A5 00A5 00A5 009F 00FA 0096 00DE 0020 0106 0201 00E9 0173 00E3 00DE 009C 008E 0093 00E5 0091 00A1 0008 0000
M030.ETC	0	188	0A8F8	0092 0092 0094 00A5 00A5 00A5 0097 008F 00E4 022F 0232 00EA 00A5 00A5 00A5 0003 0095 0097 00E3 0086 0020 01B4 00F7 00FA 00E0 00E4 015D 0092 00EF 009D 00FC 0021 0008 0000
M030.ETC	0	189	0A916	00BB 00C3 00D7 00E9 0140 0135 00E1 00EA 0020 00F6 0098 00FC 0096 00F9 00A5 00A5 00A5 0003 009C 0096 009C 0020 0091 00EF 00F8 0238 019D 009E 00E7 016A 0096 00DE 00F6 0092 009F 00DE 00A1 0008 0000
M030.ETC	0	190	0A93A	009F 00FD 00E5 00A5 00A5 00A5 00E0 00DE 008F 00E0 00F7 00A5 00A5 00A5 0003 009F 00E9 013F 00E9 0159 00E9 0020 000A 013A 00EA 003F 0003 00F0 00E5 009B 00FD 00E6 00EA 0020 0129 0094 00E5 0092 00E9 00E3 00DE 009D 0096 0021 0008 0000
M030.ETC	0	191	0A961	00E5 0020 00E5 00FD 00E4 0021 0020 000A 0021 0008 0000
M030.ETC	0	192	0A96B	000A 0021 0008 0000
M030.ETC	0	193	0A970	000A 0021 0008 0000
M030.ETC	0	194	0A975	000A 0021 0008 0000
M030.ETC	0	195	0A97A	0091 00E5 00E0 00E5 00E9 00E8 0020 000A 0021 0008 0000
M030.ETC	0	196	0A985	00EE 00FD 00E6 00A5 00A5 00A5 000A 009C 00DE 008C 0021 0008 0000
M030.ETC	0	197	0A991	01A7 008F 00E3 0097 00E0 0096 0020 000A 0021 0008 0000
M030.ETC	0	198	0A99C	000A 00A5 00A5 00A5 013A 00A5 00A5 00A5 00A1 0004 0000
M030.ETC	0	199	0A9A6	000A 013A 00A5 00A5 00A5 00A1 0004 0000
M030.ETC	0	200	0A9AE	000A 0021 0004 0000
M031.ETC	0	0	07E76	00B9 00DE 00B0 00D1 0086 0020 00E1 008D 0093 00E0 00DE 00FD 009C 00EF 009D 0003 00F6 00FB 009C 0092 00E3 00DE 009D 0096 003F 0000
M031.ETC	0	1	07E8F	0015 0002 00C3 00DE 00B0 00C0 0086 0100 00FD 00E3 00DE 0098 00E0 00DE 009B 0092 0000
M031.ETC	0	2	07EA1	0015 0002 0101 0102 0086 0100 00FD 00E3 00DE 0098 00E0 00DE 009B 0092 0000
M031.ETC	0	3	07EB3	0015 0002 00CA 00DE 00AF 00B8 00B1 00AF 00CC 00DF 0052 0041 004D 0086 0100 00FD 00E3 00DE 0098 00E0 00DE 009B 0092 0000
M031.ETC	0	4	07ECE	0015 0002 009A 00E9 00C3 00DE 00B0 00C0 0086 0020 0103 009C 00E3 00F6 00FB 009C 0092 00E3 00DE 009D 0096 003F 0000
M031.ETC	0	5	07EE5	0015 0002 009A 00E9 00C3 00DE 00B0 00C0 0086 0020 0104 0105 009C 00EF 009D 0096 003F 0000
M031.ETC	0	6	07EF8	0015 0002 0106 0107 0052 0041 004D 00E9 0108 0109 0096 00DE 0020 010A 010B 009C 00E3 0092 00EF 009D 0008 0000
M031.ETC	0	7	07F10	0015 0002 00B6 00B0 00C4 00D8 00AF 00BC 00DE 0052 0041 004D 00E9 0108 0109 0096 00DE 0020 010A 010B 009C 00E3 0092 00EF 009D 0008 0000
M031.ETC	0	8	07F2D	0015 0002 0108 0109 010A 010B 00E9 00E0 00F2 0020 00BA 00CB 00DF 00B0 00E3 00DE 0097 00EF 009E 00FD 0008 0000
M031.ETC	0	9	07F45	0015 0002 0108 0109 010A 010B 00E9 00E0 00F2 0020 0105 010C 00E9 00BE 00B0 00CC 00DE 00EA 00E3 00DE 0097 00EF 009E 00FD 0008 0000
M031.ETC	0	10	07F61	0015 0002 00B6 00B0 00C4 00D8 00AF 00BC 00DE 0052 0041 004D 0096 00DE 0020 0091 00F8 00EF 009E 00FD 0008 0000
M031.ETC	0	11	07F79	0015 0002 00B6 00B0 00C4 00D8 00AF 00BC 00DE 0052 0041 004D 00E6 00EA 0020 010D 0097 010E 00F0 00E3 00DE 0097 00EF 009E 00FD 0008 0000
M031.ETC	0	12	07F97	0015 0002 010F 0097 00FB 0098 00E9 009C 008E 0110 0086 0020 00EB 00E4 00E2 0111 008F 00E3 0003 009A 009A 00EF 00E3 00DE 00E9 0112 0113 0086 0020 0114 0115 009D 00F9 009A 00E4 0096 00DE 00E3 00DE 0097 00EF 009D 00A1 0003 0114 0115 009C 00EF 009D 0096 003F 0000
M031.ETC	0	13	07FC9	0015 0009 0007 0114 0115 0086 0116 0117 009D 00F9 00E0 00F2 00E6 0031 0037 00E9 0118 0097 0108 0109 0096 00DE 0119 011A 00E3 00DE 009D 00A1 0003 009A 00E9 00EF 00EF 00B9 00DE 00B0 00D1 0086 00BD 00C0 00B0 00C4 009B 009E 00E0 011B 011C 0003 0114 0115 0086 0116 0117 009D 00F9 009A 00E4 0096 00DE 00E3 00DE 0097 00EF 009E 00FD 0005 0003 0112 0113 00E9 0114 0115 0086 0116 0117 009C 00E0 0092 011B 011C 00EA 0003 0116 0117 00C3 00DE 00B0 00C0 011D 0102 011E 011F 00E3 00DE 00C3 00DE 00B0 00C0 0086 0120 0102 009C 00E3 0003 00B9 00DE 00B0 00D1 0086 0121 00BD 00C0 00B0 00C4 009C 00E3 0098 00E0 00DE 009B 0092 00A1 0008 0000
M031.ETC	0	14	08044	0015 0002 0009 0007 010D 0097 010E 00F0 00E6 0122 0123 009C 00EF 009C 00E0 0008 0000
M031.ETC	0	15	08059	0015 0002 00CA 00DE 00AF 00B8 00B1 00AF 00CC 00DF 00C3 00DE 00B0 00C0 00EA 0091 00F8 00EF 009E 00FD 0000
M031.ETC	0	16	08070	0015 0009 0007 0106 0107 0052 0041 004D 00E9 0124 0125 0096 00DE 0020 00E3 00DE 0097 00E3 0092 00EF 009E 00FD 00A1 0003 0116 0117 00C3 00DE 00B0 00C0 011D 0102 011E 011F 00E3 00DE 0020 0126 00E3 00E9 0114 0115 0086 0103 009C 0003 00B9 00DE 00B0 00D1 0086 0020 0121 00BD 00C0 00B0 00C4 009C 00E3 0098 00E0 00DE 009B 0092 00A1 0000
M031.ETC	0	17	080B2	0015 0009 0007 00B6 00B0 00C4 00D8 00AF 00BC 00DE 0052 0041 004D 00E9 0124 0125 0096 00DE 0020 00E3 00DE 0097 00E3 0092 00EF 009E 00FD 00A1 0003 0116 0117 00C3 00DE 00B0 00C0 011D 0102 011E 011F 00E3 00DE 0020 0126 00E3 00E9 0114 0115 0086 0103 009C 0003 00B9 00DE 00B0 00D1 0086 0020 0121 00BD 00C0 00B0 00C4 009C 00E3 0098 00E0 00DE 009B 0092 00A1 0000
M031.ETC	0	18	080F9	0015 000E 0086 0127 00E6 0128 00FA 00E0 0004 0000
M031.ETC	0	19	08106	0015 000A 00EA 0020 00CA 00DE 00C4 00D9 00BF 00B0 00C4 00DE 0086 0129 00E2 0099 00E3 0003 00BC 00AE 00B0 00C4 00BF 00B0 00C4 00DE 0086 0020 012A 012B 00E6 0095 0092 00E0 00A1 0008 0000
M031.ETC	0	20	0812B	0015 012C 0096 00DE 0096 0096 008F 00E3 0092 00F9 0004 0000
M031.ETC	0	21	08138	009F 00FA 00EA 0020 00B4 00D9 00CC 00E6 012D 00FC 00F9 012E 012F 0130 00A5 00A5 00A5 0003 0097 008F 00E4 0020 000A 00E6 0131 0132 00E2 00EA 009D 00DE 00E0 00DE 0005 0000
M031.ETC	0	22	08159	009A 00E9 0133 00EA 0020 00B7 00D0 00E6 00EA 00EF 00E0 00DE 0134 0102 00E0 00DE 0003 009F 00FA 0086 0135 008F 00E3 0020 0136 00E6 0137 00F8 00E5 009B 0092 0003 0092 009D 00DE 00FA 0138 0093 0139 00EF 00E3 00DE 00A5 00A5 00A5 009B 00F7 00EA 00DE 00E0 00DE 00A1 0008 0000
M031.ETC	0	23	0818A	00EF 0091 0020 000A 013A 008F 00E0 00F7 00A5 00A5 00A5 0003 013B 013C 0086 0020 0095 013D 00E6 009B 00FA 00F9 00E5 00FD 00E3 0003 013E 013F 008F 0140 0096 00DE 0020 0095 0091 00F8 00E5 00FD 00E3 00DE 009D 009A 00E4 0021 0008 0000
M031.ETC	0	24	081B3	0093 00EC 00EC 00A5 00A5 00A5 000A 013A 00EA 0003 0141 0142 00E9 0143 0144 00E6 0020 0095 00E5 00F8 00E6 00E5 008F 00E3 00F3 0003 0096 009B 00DE 00F8 0140 00E9 00E5 0092 0020 0145 0146 00E3 00DE 009D 00E9 00E8 003F 0008 0000
M031.ETC	0	25	081DD	000A 013A 00E9 0020 0095 0147 00FA 00E9 013B 013C 00EA 0003 00E4 00DE 00E1 00F7 00E3 00DE 0020 0129 00E2 0099 00F7 00FA 00E0 00E9 00E3 00DE 009D 003F 0003 0148 00E0 00DE 0096 0020 00E4 008F 00E3 00F3 0140 0149 0096 00DE 0091 00F8 00EF 009D 00FC 00A1 0008 0000
M031.ETC	0	26	0820B	00BA 00CE 00DD 00A5 00A5 00A5 014A 009C 014B 0099 00DE 00E3 0095 0097 00EF 009D 0096 00DE 0003 014C 014D 00E6 0020 014E 0097 014F 0086 0135 00E1 010E 00F1 009A 00E4 00EA 0003 0096 00E0 0098 0150 009C 00DE 00F7 00FA 00E3 0095 00F8 00EF 009D 0020 00CA 00B2 00A1 0008 0000
M031.ETC	0	27	0823F	0095 00F4 0020 000A 0151 00E9 0095 013D 00EA 00A5 00A5 00A5 0003 00F3 009C 00F4 0020 013B 013C 00E3 00DE 00EA 0091 00F8 00EF 009E 00E7 0096 00E5 0003 00ED 0094 0094 0020 009F 0093 0092 0093 0020 009C 008D 0152 00E3 00DE 009D 0096 003F 0008 0000
M031.ETC	0	28	0826E	0091 00FA 00EF 0091 0020 013B 013C 0086 0153 0094 00E3 00E9 0154 014C 00E4 00EA 0003 0092 008F 00E0 0092 0020 00E4 00DE 00E9 00F6 0093 00E5 0155 0156 00E3 00DE 009D 0096 00E5 003F 0003 009A 00FA 00EF 00E0 0020 0157 00FC 008F 00E0 0095 013D 00E0 00DE 009A 00E4 00A5 00A5 00A5 00A1 0008 0000
M031.ETC	0	29	082A1	0148 00E3 00DE 009D 0096 00A5 00A5 00A5 000A 0151 003F 0003 00F4 00F4 0020 00F3 009C 00F4 0020 009F 00E9 013B 013C 0086 0003 0158 0102 009C 00E3 0098 00FA 00E4 0020 0092 00FC 00FA 00EF 009D 0096 003F 0008 0000
M031.ETC	0	30	082C9	0095 0159 00EA 0020 0141 0142 00E6 015A 015B 009C 00E0 009A 00E4 00E3 00DE 0003 00E4 00DE 009A 0096 0020 0095 0096 009C 0098 00E5 008F 00E0 00E9 0096 003F 0003 00E0 00DE 008F 00E3 0020 009F 00FA 0020 013B 013C 00E0 00DE 00F6 00E5 0091 00A1 0008 0000
M031.ETC	0	31	082F4	000A 0096 00DE 0020 0112 0113 00E6 015A 00E3 00F9 00E4 015C 0092 00E3 0003 00E4 00DE 00FD 00E5 009A 00E4 0086 0020 00F4 008F 00E3 0098 00F9 0096 00E4 015D 008F 00E0 00F7 0003 00A5 00A5 00A5 013B 013C 0086 0020 009B 0096 00DE 009C 00E3 0098 00F9 009A 00E4 00E4 00EA 0021 0008 0000
M031.ETC	0	32	08325	0095 00FA 00EA 0020 000A 00E9 015A 015B 00E9 015E 00F7 009E 0086 0003 015F 0160 00E6 0020 00F6 00FB 009A 00FD 00E3 00DE 0092 00E0 00FD 00E0 00DE 0099 00E4 00DE 00A5 00A5 00A5 0003 013B 013C 0086 0153 0094 00F9 0020 0095 0159 0086 0129 00F9 00E4 0020 00B6 00DE 00AF 00B6 00D8 00E0 00DE 00A1 0008 0000
M031.ETC	0	33	0835B	000A 0151 00EA 0020 0141 0142 00E6 00E5 00F7 00FA 00E3 0003 00EF 009D 00EF 009D 0020 00E0 0098 00EF 009C 0098 00E5 008F 00E0 00A5 00A5 00A5 0096 00DE 0003 00CC 00DF 00CC 00DF 00AF 0020 0095 013D 00E6 013B 013C 00E4 00EA 0020 00B9 00AF 00BB 00B8 00E0 00DE 0021 0008 0000
M031.ETC	0	34	0838D	0021 0020 000A 013A 00EA 0020 00EA 009D 00DE 0096 009C 0098 00E5 0092 00E9 0096 003F 0003 0141 0142 00E0 00F9 0161 0096 00DE 0020 013B 013C 0086 0153 0094 00F9 00E4 00EA 00A5 00A5 00A5 0003 00B5 00C3 00DE 00B6 00DE 00DD 00E9 0141 0142 00F3 0020 0162 00E6 0163 00E1 00E0 00E5 0091 00A1 0008 0000
M031.ETC	0	35	083C2	000A 013A 00E9 0020 0164 00FB 00E6 0092 00F9 00E9 00EA 0003 013B 013C 00E3 00DE 009D 0099 00E4 00DE 00A5 00A5 00A5 00EA 00EA 0091 00A5 00A5 00A5 0003 0141 0142 00E9 0112 0113 00E4 0020 0165 0166 0096 00DE 0091 00F9 00FD 00E3 00DE 009C 008E 003F 0008 0000
M031.ETC	0	36	083F0	000A 013A 00EA 0020 013B 013C 0086 0167 00FC 00FA 00E0 00E9 003F 0003 00E3 00DE 00F3 0020 00E5 00FD 00E3 0097 00FA 0092 00E5 013B 013C 00E5 00FD 00E3 00DE 009C 008E 0021 0003 009F 00FA 00E6 0020 0140 0149 00E6 0091 00EC 00FA 00E3 0092 00F9 00FC 00F6 00A1 0008 0000
M031.ETC	0	37	08421	000A 013A 00E4 0020 013B 013C 00E9 0168 00F8 011C 00FC 009E 003F 0003 00F0 00FD 00E5 00EA 0020 0095 0096 009C 0098 015D 0093 00E3 00DE 009C 008E 0093 0099 00E4 00DE 0003 0169 00EA 00A5 00A5 00A5 009D 009A 00DE 0098 00BD 00C3 00B7 00E0 00DE 00E4 015D 0093 00A1 0008 0000
M031.ETC	0	38	08453	0141 0142 00E6 00E5 00F7 00FA 00E0 0020 000A 013A 00E3 00DE 009D 00E8 003F 0003 009F 00FD 00E5 0143 0144 00E9 016A 0096 00DE 0020 0091 00F7 0020 0092 00F4 00E0 00DE 00FC 0091 0003 013B 013C 0096 00DE 0020 0164 0086 00E2 0099 00E3 0097 00E3 0092 00EF 009D 00FC 00F6 00A1 0008 0000
M031.ETC	0	39	08485	00ED 008A 008A 0020 00CE 00DD 00C4 00E6 016B 0136 00E0 00DE 00E5 0091 00A5 00A5 00A5 0003 000A 0096 00DE 0020 013B 013C 0086 0153 0094 00E3 016C 0098 00E5 00FD 00E3 0003 0092 00EF 00EF 00E3 00DE 00E9 00B7 00D0 0096 00F7 00EA 0020 016D 0094 00F7 00FA 00E5 0092 00F6 00A1 0008 0000
M031.ETC	0	40	084B9	0093 0020 0093 00FD 003F 0020 00E5 00FD 00E0 00DE 00BB 00D9 009C 00DE 008C 00E5 0092 0096 0021 0003 015A 015B 00E9 00C1 00AC 00DD 00BD 0086 0020 00E9 0096 00DE 009C 00E0 00CE 00DE 00B8 0086 0003 00E5 0098 00DE 009B 00F2 00E6 0020 0097 00E3 0098 00FA 00E0 00FD 00E0 00DE 00E8 0020 0098 00DE 00B0 00A1 0008 0000
M031.ETC	0	41	084EF	00EF 0091 0020 0096 00FC 0092 0092 0020 0095 00BB 00D9 009B 00FD 0003 0097 008F 00E4 0020 0095 016E 00E3 00DE 00F3 009D 0092 00E0 00FD 00E3 00DE 009C 008E 003F 0003 00E3 00DE 00F3 016F 0020 00CA 00DE 00C5 00C5 00EA 0135 008F 00E3 0092 00E5 0092 00E9 00A1 0008 0000
M031.ETC	0	42	0851F	0091 00F7 00B2 00D4 00E0 00DE 00FC 0020 00BB 00D9 009C 00DE 008C 00E5 0092 00E9 00F6 0003 00BB 00D9 00EA 0020 009D 0098 00DE 00B2 00C0 00BD 00DE 00D7 009D 00F9 0096 00F7 0003 00B7 00D7 00B2 00E5 00E9 00F6 00E8 008A 0020 00BC 00AF 00BC 0020 00BC 00AF 00BC 00A1 0008 0000
M031.ETC	0	43	08553	0095 014C 00E6 0020 0095 00BB 00D9 009B 00FD 0096 00DE 0098 00F9 00E5 00FD 00E3 0003 0097 008F 00E4 0020 00EA 009C 00DE 00F2 00E3 00E9 009A 00E4 009C 00DE 008C 00E5 0092 003F 0003 0099 0092 00EB 00DE 0170 00EA 0020 0148 009C 00E3 00F9 00E9 0096 009C 00F7 0021 0008 0000
M031.ETC	0	44	08583	00BA 00CE 00DD 00A5 00A5 00A5 014A 009C 014B 0099 00DE 00E3 0095 0097 00EF 009D 0096 00DE 0003 00B5 00C3 00DE 00B6 00DE 00DD 014C 00E3 00DE 00EA 0020 014E 0097 014F 00E9 0128 014C 00EA 0003 0096 00E0 0098 0020 0095 0171 00F8 014A 009C 014B 0099 00DE 00E3 0095 00F8 00EF 009D 009F 00DE 00A1 0008 0000
M031.ETC	0	45	085BA	0095 0092 0020 00BB 00D9 0021 0020 00E4 00DE 009A 0096 00F7 0172 00E0 00FD 00E0 00DE 0003 009F 00FD 00E5 0173 00E3 00DE 0020 00C0 00DE 00DD 00BD 0086 009C 00E3 00E5 0092 00E3 00DE 0003 0174 00F1 0096 00F7 0020 014C 0096 00F7 015A 00E3 0175 008F 00E3 0098 00FA 0021 0008 0000
M031.ETC	0	46	085EA	00EE 00EE 0093 0020 009A 00FA 0096 00DE 00D3 00DD 00B7 00B0 00C0 00DE 00DD 00BD 0021 0003 00E1 00EF 00E0 00E9 0020 0176 0161 00E0 00E1 00E9 0091 0092 00E0 00DE 00E3 00DE 00EA 0003 0177 0178 0175 00E9 0020 0095 00E4 00DE 00F8 00E4 015C 0097 00EF 009C 00E0 00A1 0008 0000
M031.ETC	0	47	0861C	0091 00F8 008C 0020 009A 00F8 008C 00EF 00E0 00A5 00A5 00A5 00A5 0003 00E3 00DE 008F 0096 0092 00BB 00D9 0096 00DE 0020 00F4 008F 00E3 0097 00E0 009F 00DE 0003 00E4 00DE 0093 00F4 008F 00E3 0020 0158 0102 009D 00F9 00E9 0096 00E5 0091 003F 0008 0000
M031.ETC	0	48	08648	009A 0092 00E2 0020 00B5 00DA 00E9 0159 00E3 00DE 00C0 00DE 00DD 00BD 00E4 00EA 0021 0003 0127 0179 0086 0132 00E3 00E5 0092 0020 00B5 00DA 00E9 009A 00E4 0086 0003 00CA 00DE 00B6 00E6 009C 00E3 00F9 00F0 00E0 0092 00E3 00DE 0020 0098 00F4 009C 0092 009E 00DE 00A1 0008 0000
M031.ETC	0	49	0867A	00C0 00DE 00DD 00BC 00DD 00B8 00DE 0020 00C0 00DE 00DD 00BC 00DD 00B8 00DE 0021 0003 009A 00F8 008C 00EF 00E0 0020 009D 0099 00DE 008A 00D8 00BD 00DE 00D1 017A 00E0 00DE 00E5 0003 00B5 00DA 00F3 0020 00D1 00BD 00DE 00D1 00BD 00DE 009C 00E3 0097 00E0 009E 00DE 0021 0008 0000
M031.ETC	0	50	086AD	0091 0091 0020 00F4 00F2 00FB 008F 0020 00F4 00F2 00E3 0098 00FA 008F 0003 016F 0139 00EA 0020 017B 0096 00F7 017C 0096 00DE 017D 0092 008F 00E3 00E9 00E6 0003 009F 00FD 00E5 00E4 009A 00E3 00DE 0020 00C0 00DE 00DD 00BD 009B 00FA 00E3 00E0 00EF 00F9 0096 0021 0008 0000
M031.ETC	0	51	086DE	014C 017E 017F 00E6 0020 0180 0177 00E5 00BB 00D9 0096 00DE 0172 00F9 00E5 00FD 00E3 0003 0148 0096 00E9 0020 0159 0181 00FA 00E6 00E1 0096 00DE 0092 00E5 0092 00E3 00DE 009D 0003 00A5 00A5 00A5 00E6 009C 00E3 00F3 0020 00C9 00D8 00E9 0092 0092 00BB 00D9 00E0 00DE 0021 0008 0000
M031.ETC	0	52	08710	0091 00F8 008C 00F8 008C 0020 0092 0097 00E5 00F8 00C0 00DE 00DD 00BD 00E4 00EA 0003 0177 0182 00E6 009C 00E3 0020 010A 0183 00E5 00BB 00D9 00E3 00DE 009D 00E8 008A 0003 0092 00E2 00EF 00E3 00DE 0095 00E4 00DE 00F9 0096 0020 0129 00E3 00F6 008F 00E4 0021 0008 0000
M031.ETC	0	53	08741	009A 00FA 00EA 0020 00BB 00D9 00E0 00DE 00F6 00E5 0091 00A5 00A5 00A5 0003 0184 00EF 00E3 00DE 0020 00F4 008F 00E3 00F9 008F 00E3 009A 00E4 00EA 0003 00BB 00B0 00B6 00BD 0096 00F7 0020 00E6 0099 00DE 00E0 00E9 0096 00F3 0021 0008 0000
M031.ETC	0	54	0876A	00EF 0091 0020 0096 00FC 0092 0092 0020 0095 00BB 00D9 009B 00FD 00E0 00DE 00FC 0003 00E3 00DE 00F3 00A5 00A5 00A5 0096 00FC 0092 0092 008F 00E3 0092 0093 00E6 00EA 0003 00E1 008E 008F 00E4 0020 0177 0097 009D 0097 00DE 00F9 0140 00F3 009D 00F9 00FC 00A1 0008 0000
M031.ETC	0	55	08799	0097 008C 00B0 008F 0020 00E0 00DE 00FA 0096 00B0 008F 0020 0185 0099 00E3 00B0 008F 0003 00A5 00A5 00A5 008F 00E3 0020 0095 00E4 00DE 00FB 0092 00E3 00F0 00E0 0099 00E4 00DE 0003 00EB 00E0 009D 00F7 0020 0095 00E4 00DE 008F 00E3 0092 00F9 00E0 00DE 0099 00E0 00DE 00FC 00A1 0008 0000
M031.ETC	0	56	087C9	0186 0187 00E9 0157 00FC 00F8 013F 00EA 0020 00E4 00DE 00FD 00E5 014E 0097 014F 00F3 0003 00E0 009C 0096 00E6 0020 0188 0096 00FA 00F9 00F3 00E9 00E0 00DE 0099 00E4 00DE 0003 009A 00FA 00EA 0020 00E1 008E 008F 00E4 0020 0188 0096 00FA 009D 0097 00DE 00F6 00A1 0008 0000
M031.ETC	0	57	087FB	0095 0159 00EA 0020 0105 0128 00F8 00E9 000A 00E0 00DE 00E5 003F 0006 0003 00B6 00B2 00CA 00DF 013A 0096 00DE 0020 009B 008F 0097 0096 00F7 0095 0189 00E1 00E0 00DE 009E 00DE 00A1 0003 016F 00EA 018A 00E9 018B 018C 00E3 00DE 0020 0177 018D 00E4 0095 018E 014D 009B 00A1 0008 0000
M031.ETC	0	58	08831	009A 00E9 0032 00A5 0033 0139 0020 0095 0096 009C 0092 00FD 00E0 00DE 00A5 00A5 00A5 0006 0003 014C 00E9 0099 0092 00EB 00DE 0086 0020 0097 00EB 00DE 009C 0098 009C 00E3 00F9 0099 00E4 00DE 0003 0092 008F 00E0 0092 0020 0148 0096 00DE 0091 008F 00E0 00FD 00E0 00DE 00FB 0093 003F 0008 0000
M031.ETC	0	59	08864	018F 0092 00E5 0091 00A5 00A5 00A5 00EF 00E0 00DE 0096 00E5 0091 00A5 00A5 00A5 0006 0003 00B6 00B2 00CA 00DF 013A 00E6 0020 0174 00EF 00FA 00E0 00FD 00E0 00DE 0099 00E4 00DE 00A5 00A5 00A5 0003 0190 00E6 00E3 00DE 00F3 0020 0191 008F 00E0 00E9 0096 00F3 015E 00FA 00E5 0092 00A1 0008 0000
M031.ETC	0	60	08898	0192 0193 00BC 00DE 00AC 00B2 00D9 00BD 00DE 013A 00E9 0020 0194 0195 008F 00E3 00E9 0096 00DE 0003 016F 0139 0096 00F7 0020 014C 00E6 0172 00F9 00F7 009C 0092 00FD 00E0 00DE 00A5 00A5 00A5 0003 0097 008F 00E4 0020 0196 00F0 00E0 0092 00E6 00E3 00DE 0096 0092 00FD 00E0 00DE 00FB 0093 003F 0008 0000
M031.ETC	0	61	088CE	0099 0092 00EB 00DE 0096 00DE 0020 0197 0198 00E6 0097 00E2 0098 00E5 008F 00E0 0099 00E4 00DE 0003 014C 00E9 0199 00E9 019A 00E3 00DE 0020 0148 0096 00DE 0091 008F 00E0 00FD 00E0 00DE 003F 0003 019B 019C 009B 0094 00F3 0020 018B 009C 00E3 0098 00FA 00E5 0092 00A5 00A5 00A5 00A1 0008 0000
M031.ETC	0	62	08902	014C 00E9 0199 00EA 0020 019D 019E 013A 00E9 0095 019F 01A0 0096 00DE 0091 00F9 0099 00E4 00DE 0003 00EF 009B 0096 00A5 00A5 00A5 00BB 00C3 00D7 019D 019E 00E9 0095 0143 0107 00E6 003F 0003 00E5 00FD 00E3 00A5 00A5 00A5 0091 00F9 00FC 0099 0096 00DE 00E5 0092 00F6 00E5 0091 00A1 0008 0000
M031.ETC	0	63	08937	014C 00E9 01A1 00E9 014D 01A2 00E6 00EA 0020 00EE 009A 00F7 0096 00DE 0091 00F9 0096 00DE 0003 00B6 00B7 00DE 0096 00DE 0096 0096 008F 00E3 0092 00E3 0020 0128 00FA 00E5 0092 00FD 00E0 00DE 0003 0091 009F 009A 00E6 00EA 0020 0148 0096 00DE 0091 00F9 00E9 0096 00E5 00A5 00A5 00A5 00A1 0008 0000
M031.ETC	0	64	08969	014C 00E9 01A1 00E9 019A 00EA 0020 0170 0142 00E9 019A 00E6 00E5 008F 00E3 0092 00E3 0003 01A3 01A4 00E9 0161 0096 00DE 0020 01A5 01A6 00E6 01A7 00F2 00F9 00FD 00E0 00DE 0099 00E4 00DE 0003 01A8 00EA 00DE 0096 00F8 00E3 00DE 00EA 0020 00B2 00D4 00E6 00E5 008F 00E1 00EF 0093 00F6 00A1 0008 0000
M031.ETC	0	65	089A0	00EF 008F 00E0 0098 0020 00B5 00C3 00DE 00B6 00DE 00DD 00E9 0170 0142 00E4 0097 00E0 00F7 0003 00B8 00DE 00B3 00C0 00D7 00E9 0098 009E 00E6 0020 00B2 00CA 00DE 00D8 01A9 00F7 009C 00E3 0003 0092 009B 00DE 00E4 00E5 008F 00E0 00F7 0020 0174 00F8 00E6 00E5 00F9 00E9 0096 00E5 003F 0008 0000
M031.ETC	0	66	089D5	0177 018D 00E4 0020 00B6 00B2 00CA 00DF 013A 00E9 018E 0086 015C 0092 00E0 003F 0003 00BB 00C3 00D7 019D 019E 0096 00DE 0020 009A 00DE 01AA 0140 00E0 00DE 009F 0093 00E3 00DE 0003 01AB 00F8 0096 00F7 0020 013F 01AC 00F2 00E5 0092 00F7 009C 0092 00F6 00A1 0008 0000
M031.ETC	0	67	08A06	009A 00E9 0133 00EA 0020 00B5 00C3 00DE 00B6 00DE 00DD 019D 01AD 00E9 012A 014F 01AE 00E0 00DE 0003 01AF 009C 00E9 00E5 0092 0161 00EA 0020 0132 00E1 01B0 00F9 0096 00DE 00F6 0092 0021 0008 0000
M031.ETC	0	68	08A2A	009A 00E9 0162 017E 00E6 0091 00F9 0020 00B5 00C3 00DE 00B6 00DE 00DD 019D 01AD 00E9 012A 00EA 0003 00B5 00C3 00DE 00B6 00DE 00DD 01B1 00E6 00E4 008F 00E3 0020 01B2 011A 00E5 014F 00F7 009C 0092 0003 00E4 00DE 00FD 00E5 009A 00E4 0096 00DE 0091 00FB 0093 00E4 0020 01B3 00F8 01B4 0098 00E9 00E0 00DE 00A1 0008 0000
M031.ETC	0	69	08A62	0092 008F 00E0 0092 0020 01B5 00E6 00E4 00DE 0093 009C 00E0 00FD 00E0 00DE 00FB 003F 0003 014C 00E9 01B3 00F8 0086 0020 01B6 00F2 00FB 00E4 00E9 01B7 01B8 00E3 00DE 0003 014C 01B9 00EA 0020 0099 0092 00EB 00DE 00E3 00DE 0092 008F 00EA 00DF 0092 00E0 00DE 009E 00DE 00A1 0008 0000
M031.ETC	0	70	08A94	016F 0139 0020 00CE 00CB 00DE 00AF 00C4 01BA 00E9 01BA 01BB 00E0 00E1 0096 00DE 0003 019D 013A 00E6 0020 0138 0092 00E6 0172 00F9 01BC 01BD 00E5 00FD 00E0 00DE 0099 00E4 00DE 0003 01BE 0092 01BF 009E 00E4 0020 01B7 01B8 0096 00DE 0091 008F 00E0 00FD 00E0 00DE 0005 0000
M031.ETC	0	71	08AC6	00E3 00DE 00F3 0020 00E5 00FD 0096 0095 0096 009C 0092 00F6 00A5 00A5 00A5 0006 0003 0091 00FD 00E5 00E6 0020 01C0 00E9 01C1 0096 008F 00E0 00CE 00CB 00DE 00AF 00C4 00E6 0003 019D 013A 0096 00DE 0020 0138 0095 0093 00E4 009C 00E5 0092 00E0 00DE 00E5 00FD 00E3 00A1 0008 0000
M031.ETC	0	72	08AF6	00CE 00CB 00DE 00AF 00C4 00E9 01BA 00EA 0020 01C2 00E9 01C3 01C4 0086 01C5 0094 00E0 0003 009D 00DE 008F 00E4 0020 01A1 00E9 016A 00E6 0091 00F9 00FD 00E0 00DE 0099 00E4 00DE 00A5 00A5 00A5 0006 0003 01C6 00F7 00EA 0020 0148 00E9 01C7 01C8 00E3 00DE 00F4 008F 00E3 0098 00F9 00E9 0096 00E5 003F 0008 0000
M031.ETC	0	73	08B2F	0106 01C9 00EA 00B5 00DA 0020 016F 0139 00EA 01A7 00F0 00E5 00E9 00E6 0003 0099 0092 00EB 00DE 00E9 01CA 01C8 0086 0020 00F4 00F7 009B 00FA 00E3 00F9 00FD 00E0 00DE 0003 0091 0091 0020 0092 00F4 00E6 00E5 008F 00E1 00EF 0093 00F6 00A5 00A5 00A5 00A1 0008 0000
M031.ETC	0	74	08B5F	00BB 00C3 00D7 019D 019E 00EA 0020 01CB 0139 0020 01CC 0092 00E5 0096 00DE 00F7 0003 014D 01A2 00E9 01CD 0086 00E2 00F1 00E9 0096 00DE 0020 0139 01CE 00E3 00DE 009C 00E0 00A5 00A5 00A5 0006 0003 00E3 00DE 00F3 0033 0139 00EE 00E4 00DE 0020 01CC 0096 00DE 015C 009A 0094 00E5 0092 00E9 00E3 00DE 009D 00A1 0008 0000
M031.ETC	0	75	08B99	0091 00FA 00EE 00E4 00DE 0020 01CF 01D0 00E9 01D1 00FD 00E3 00DE 0092 00E0 019D 013A 0096 00DE 0003 01D2 014F 00E9 00BC 00C1 00AD 00B0 0086 0020 00EE 00E4 00FD 00E4 00DE 01D3 009B 00FA 00E0 0006 0003 00A5 00A5 00A5 0095 00E5 0096 00E9 01D4 011C 00E3 00DE 00F3 0020 01D5 0092 00E9 0096 00E5 003F 0008 0000
M031.ETC	0	76	08BD1	0093 00B0 00FD 00A5 00A5 00A5 00E4 00DE 00E9 0106 0086 01D6 00ED 00DE 00E0 00E4 009A 00FB 00E3 00DE 0003 01AB 00F8 01D7 0099 00F9 01D8 01AA 00E5 00E4 00DE 0020 00E4 00DE 009A 00E6 00F3 00E5 0092 0021 0005 0000
M031.ETC	0	77	08BF7	0095 0143 0107 0086 01D6 00ED 00DE 00E3 00F3 0020 0197 0198 00EA 00E5 0092 009C 00A5 00A5 00A5 0006 0003 019D 013A 00F3 0148 0096 0086 0096 0098 009C 00E3 0092 00F7 008F 009C 008C 00F9 009C 0003 00E5 00FD 00E4 00F3 00EA 00F4 0020 01D9 00F8 01DA 00E3 00EF 009C 00E0 009F 00DE 0021 0008 0000
M031.ETC	0	78	08C2E	0092 00EF 0020 018E 009C 014D 00E0 00DE 0096 00F7 0003 00E1 008E 008F 00E4 0020 0189 008F 00E3 00E3 0098 00FA 0021 0008 0000
M031.ETC	0	79	08C46	009F 00E9 0164 00A5 00A5 00A5 00CA 00DF 00BF 00DE 00B0 00C4 0096 00F7 00EA 0003 0147 01DB 009C 00E3 009A 00E5 0092 00A5 00A5 00A5 0006 00F7 009C 0092 00A1 0008 0000
M031.ETC	0	80	08C66	00CE 00CB 00DE 00AF 00C4 00E0 00E1 00E4 0020 0147 01DB 0086 0168 00FA 00EA 00DE 0003 00BB 00C3 00D7 013A 00E9 00A5 00A5 00A5 0116 01DC 009C 00E5 0092 00E4 0096 003F 0003 0092 008F 00E0 0092 0020 0148 0096 00DE 01DD 0092 00E5 00E9 00E3 00DE 009C 008E 0093 00A1 0008 0000
M031.ETC	0	81	08C98	00A5 00A5 00A5 00EF 00F9 00E3 00DE 0020 00BC 00DE 00AC 00B2 00D9 00BD 00DE 00E6 0003 009F 008F 0098 00F8 00E5 00D4 00C2 00A5 00A5 00A5 0006 00EF 00E3 00F6 003F 0008 0000
M031.ETC	0	82	08CB8	0095 00EF 0094 00EA 0020 00BC 00DE 00AC 00B2 00D9 00BD 00DE 00E9 0194 0195 0003 00A5 00A5 00A5 000A 00E6 01DE 01DF 0092 00E5 0092 0021 0003 009F 0093 00E0 00DE 00E5 003F 0020 000A 00E0 00DE 00F6 00E5 0021 0000
M031.ETC	0	83	08CE0	0002 00CA 00CA 00CA 00AF 0020 00B3 00BF 0086 00E2 0092 00E3 00F3 00FC 0096 00F9 009F 00DE 0003 0095 0159 00EA 0020 00BC 00DE 00AC 00B2 00D9 00BD 00DE 00E6 009F 008F 0098 00F8 00E0 00DE 00A1 0008 0000
M031.ETC	0	84	08D07	0002 00DC 00CA 00CA 00AF 0020 00F4 008F 00EA 00DF 00F8 000A 00E0 00DE 008F 00E0 0096 0021 0003 0095 0159 00EA 0020 00BC 00DE 00AC 00B2 00D9 00BD 00DE 00E6 009F 008F 0098 00F8 00E0 00DE 00A1 0008 0000
M031.ETC	0	85	08D2E	01C6 0096 00DE 0020 0133 01E0 018E 009C 00EF 009C 00E0 000A 0021 0003 016F 0139 0096 00F7 0020 014C 00E6 01E1 00F2 00F9 009A 00E4 00E6 00E5 00F9 0003 00BC 00DE 00AC 00B2 00D9 00BD 00DE 00E9 0020 0194 0195 00E3 00DE 009A 00DE 009B 00DE 0092 00EF 009D 00A1 0008 0000
M031.ETC	0	86	08D5F	00EE 00EE 0093 0020 0095 0159 0096 00DE 000A 0021 0003 0091 00E9 00BC 00DE 00AC 00B2 00D9 00BD 00DE 00E9 0020 01E2 0086 01E3 0097 009C 0161 0096 0021 0008 0000
M031.ETC	0	87	08D7E	00B1 00D9 00CC 00AF 0020 00B1 00D9 00CC 00AF 0006 0003 00B1 00D9 00CC 00DA 00AF 00C4 00DE 00EA 0020 0092 00E5 0092 0096 0021 0008 0000
M031.ETC	0	88	08D9A	00EA 0092 0020 009A 009A 00E6 0095 00F8 00EF 009D 0021 0008 0000
M031.ETC	0	89	08DA7	00E1 008E 008F 00E4 0020 009A 008F 00E1 00E6 0020 0172 00E3 0098 00FA 00E5 0092 0096 0021 0008 0000
M031.ETC	0	90	08DBA	00EA 0092 0020 00E0 00E0 00DE 0092 00EF 0020 00EF 0092 00F8 00EF 009D 00A1 0008 0000
M031.ETC	0	91	08DC9	0169 00EA 0020 0148 0096 00E4 01E4 009C 0092 00E9 00E3 00DE 0003 01C9 011F 00E9 009A 00E4 00EA 0020 01C6 00E6 0174 00FD 00E3 00DE 0091 00F9 0003 009C 00EA 00DE 00F7 0098 00EA 0020 00B1 00D9 00CC 00E4 0175 01E5 009C 00E3 0098 00FA 0021 0008 0000
M031.ETC	0	92	08DF6	0177 018D 0020 0177 0157 0095 0189 00E0 009E 009C 00EF 009C 00E0 0003 009F 00FA 00E3 00DE 00EA 0020 019D 013A 00E9 0173 00E6 00EF 0092 00F8 00EF 009C 008E 0093 00A1 0008 0000
M031.ETC	0	93	08E17	00EA 009C 00DE 00F2 00EF 009C 00E3 0020 00CE 00DE 00B8 00EA 00B1 00D9 00CC 00DA 00AF 00C4 00DE 0003 00EF 00E0 00DE 0020 0128 008F 00E0 00EA 00DE 0096 00F8 00E9 0105 01E6 0170 0142 00E5 00FD 00E0 00DE 0005 0000
M031.ETC	0	94	08E3E	009F 0093 0096 0020 00B7 00D0 0096 00DE 000A 00E0 00DE 008F 00E0 00E9 0096 00A5 00A5 00A5 0003 00F3 008F 00E4 00C3 00DE 00B6 0098 00E3 0020 01E7 009F 0093 00E5 01E8 0096 00E4 015D 008F 00E0 0006 0003 00B7 00D0 00E4 00E5 00F7 0020 0140 0096 00DE 011C 0092 009F 0093 00E5 0140 0096 00DE 009D 00F9 00A1 0008 0000
M031.ETC	0	95	08E75	00CE 00DE 00B8 00F7 00EA 0020 01E9 00E9 01EA 0125 00E9 01CA 01C8 00E5 00FD 00E0 00DE 0099 00E4 00DE 0003 00EF 00E0 00DE 01EB 01DE 0096 00DE 0091 00F9 0096 00F7 0020 01EC 019C 0129 00E3 0097 00E0 00F7 003F 0005 0000
M031.ETC	0	96	08E9D	00CC 00A7 00B0 00A5 00A5 00A5 00CE 00DE 00B8 00EA 0020 01ED 010B 0133 00E6 0003 01E9 01E1 01C7 00E9 0020 00CD 00DE 00AF 00C4 00DE 00D9 00B0 00D1 00ED 0175 008F 00E3 00F9 00E8 00A1 0008 0000
M031.ETC	0	97	08EC4	00A5 00A5 00A5 00CE 00CB 00DE 00AF 00C4 01EE 00E9 01BB 01EF 01F0 0096 00DE 0003 019D 013A 00E6 0138 00FC 009E 00FB 00E4 0020 01F1 00F7 00E5 0092 00FD 00E0 00DE 0021 0008 0000
M031.ETC	0	98	08EE5	00CE 00CB 00DE 00AF 00C4 01EE 00E9 01BB 01EF 0086 0020 01BE 0092 01F1 009E 008F 00E3 0003 01B7 01B8 009D 00F9 016A 00EA 0020 01F2 00E0 00DE 00FB 0093 009B 00A5 00A5 00A5 0006 0003 01A5 0144 00E3 00DE 0020 00F4 008F 00E3 00F0 00FB 008F 00E3 00FD 00E0 00DE 00F6 0021 0008 0000
M031.ETC	0	99	08F19	00CE 00CB 00DE 00AF 00C4 00E9 01BB 01EF 00EA 0020 01A1 00E9 019D 00E4 01F3 00EA 00DE 00FA 0003 00B5 00C3 00DE 00B6 00DE 00DD 01A1 00E9 0162 016A 0086 0020 01F4 01F5 009C 00E3 0092 00F9 0003 009F 00FA 00EA 0020 01F6 00E9 0091 00F9 01F7 01EE 00E9 01BB 00E5 00FD 00E0 00DE 00A1 0008 0000
M031.ETC	0	100	08F4E	019D 013A 0096 00DE 0020 0095 0138 0092 00E3 00DE 0097 00E5 0092 009A 00E4 00EA 0003 01BB 01EF 00E6 0020 009A 00DE 0147 01DB 009D 00DE 00F0 00E9 00EA 009D 00DE 00E3 00DE 009D 0003 00E4 00DE 0093 0096 0020 0095 01E3 0097 0168 00F8 017E 009B 0092 0021 0008 0000
M031.ETC	0	101	08F7C	0092 0092 00F4 0020 01F8 01F9 0020 01F1 00F7 00FD 009F 00DE 0021 0003 00B5 00C3 00DE 00B6 00DE 00DD 00E9 0162 00E9 0020 01ED 0177 01C8 00E9 01EB 00E6 0003 00E4 00DE 0093 009C 00E3 0020 01F1 00FA 00F9 00E4 0092 0093 00E9 009C 00DE 008C 00A1 0008 0000
M031.ETC	0	102	08FA9	009F 00E5 00E0 00F7 00F3 0020 00DC 00BC 00E4 019D 00E4 00E9 01C0 00EA 0003 01FA 0144 0020 01FB 015E 009C 00E3 0095 00FB 0093 0096 00DE 003F 0008 0000
M031.ETC	0	103	08FC7	00E0 00DE 008F 00E0 00F7 0020 00EA 00F6 0093 0168 00F8 01FC 0096 00DE 00FD 0096 0092 0021 0008 0000
M031.ETC	0	104	08FD9	00A5 00A5 00A5 00E3 00DE 009D 0096 00F7 0020 0148 01FD 00F3 01FE 0093 00F6 0093 00E6 0003 0106 0139 00EA 0020 019D 013A 00E9 0107 01D6 0096 00DE 01D5 0092 00E9 00E3 00DE 0003 0139 0086 01FF 00F2 00E3 0020 0200 0097 00E0 0092 00E9 00E3 00DE 009D 0021 0008 0000
M031.ETC	0	105	09007	0093 00FD 00E6 008C 0020 00DC 00BC 00EA 01E3 0097 017E 0096 00DE 00F7 00FD 0003 00B5 00C3 00DE 00B6 00DE 00DD 019D 00E4 0020 0138 0129 00E3 00DE 0097 00F9 00EF 00E3 00DE 0003 01ED 016C 00F3 0020 009A 009A 0086 01E5 0096 00FD 0096 00F7 00E5 0021 0008 0000
M031.ETC	0	106	09036	00CE 00CB 00DE 00AF 00C4 00E9 01BB 01EF 0096 00DE 0020 00F4 008F 00E3 0097 00E0 00E9 0096 003F 0003 014C 00E9 0201 0202 00E9 0091 00E0 00F8 0096 00DE 0020 009B 00FC 0096 00DE 009C 0092 00E5 00A1 0008 0000
M031.ETC	0	107	0905B	0098 009F 008F 0020 00E4 00DE 0093 009C 00E0 00F7 01F1 008F 00E3 0098 00FA 00F9 00FD 00E0 00DE 003F 0003 00EF 008F 00E0 0098 00A5 00A5 00A5 009A 00FD 00E5 00B2 00D4 00E5 0131 013F 0086 0003 00B5 00DA 00E0 00E1 00E6 0020 0203 009C 00E2 0099 00F4 0096 00DE 008F 00E3 0021 0008 0000
M031.ETC	0	108	0908D	00CC 00A7 00B0 0020 01AD 00E3 00DE 0204 00F9 00E4 01C1 0098 01AB 00FA 00F9 00F6 0003 00E3 00DE 00F3 00A5 00A5 00A5 0205 00ED 00DE 00E9 01E9 01E1 00E9 0161 00E0 00E1 00EA 0003 01CA 01C8 00E9 0098 009E 00E6 0020 0204 00E3 00E0 00FD 00E0 00DE 008F 00E3 00E5 003F 0008 0000
M031.ETC	0	109	090BF	0205 00ED 00DE 00EA 0020 01E9 01E1 00E0 00DE 008F 00E0 00FD 00E0 00DE 0099 00E4 00DE 00A5 00A5 00A5 0003 01AB 008F 00E3 009C 00EF 008F 00E3 0020 0140 0096 00DE 00E2 0092 00E0 00F7 017B 00E0 00DE 00FB 0003 016F 0096 00F7 0020 01AB 00FA 00F4 009C 00E5 0092 0096 00F7 01D9 008F 00E0 00F6 00A1 0008 0000
M031.ETC	0	110	090F3	017B 0020 00B5 00C3 00DE 00B6 00DE 00DD 014C 00E6 0020 00F4 008F 00E3 0097 00E0 00F7 0003 00F0 00FD 00E5 0204 00E3 00F9 00FD 00E3 00DE 0020 00CB 00DE 00AF 00B8 00D8 009B 0021 0003 00EF 008F 00E0 0098 0020 00F0 00FD 00E5 0020 00E0 00DE 00F7 009C 0096 00DE 00E5 0092 009E 00DE 0021 0008 0000
M031.ETC	0	111	09126	019D 013A 00E6 01F3 00EA 00DE 00FA 00E3 00A5 00A5 00A5 0190 0206 0096 00DE 00FC 0096 00F9 0096 003F 0003 009A 009A 00EA 0020 00EF 00F9 00E3 00DE 0191 018C 00E9 00F6 0093 00E0 00DE 0096 00F7 00E5 0091 0003 00F6 009C 0020 00B5 00DA 0096 00DE 0190 0206 0086 0207 0094 00E3 00F4 00F9 00F6 0021 0005 0000
M031.ETC	0	112	0915D	009F 009A 0086 0208 00E6 0175 008F 00E3 0020 019F 01A0 00E9 0209 020A 0086 014B 008F 00E3 0003 0032 0209 0086 0199 00E6 0175 0098 00E4 0020 0177 020B 01DE 00E6 015A 00F9 0096 00F7 0003 014D 020C 00E9 0209 020A 0086 00F6 0099 00E3 0020 01C2 00E6 0175 0099 00EA 00DE 0092 0092 00A1 0008 0000
M031.ETC	0	113	09196	020D 020E 0020 00B7 00D8 0096 00DE 0178 00FA 00E3 0097 00E0 00FD 00E0 00DE 00A5 00A5 00A5 0003 009F 009C 00E0 00F7 0020 017C 0096 00DE 00CE 00DE 00B0 00AF 00E4 009C 00E3 0097 00E3 0003 0140 0096 00DE 00E2 0092 00E0 00F7 00A5 00A5 00A5 017B 00E6 00E5 008F 00E3 00E0 00A1 0008 0000
M031.ETC	0	114	091C8	0205 00ED 00DE 0020 009A 00E9 014C 00E9 01A1 020F 00E9 0161 00E0 00E1 0096 00DE 0003 0126 0210 0020 01AB 008F 00E3 00E0 009A 00E4 0086 015E 008F 00E3 00A5 00A5 00A5 0003 0177 018D 00F3 0020 00B6 00B2 00CA 00DF 013A 00F3 0095 009A 008F 00E3 00E0 00E5 0091 00A1 0008 0000
M031.ETC	0	115	091F9	0205 00ED 00DE 00EA 0020 014C 00E9 01A1 020F 00E9 0211 014F 00E9 016A 00E0 00DE 0099 0003 00B7 00D8 0096 00DE 0020 0096 0096 008F 00E3 0092 00E0 00F7 009C 0092 00FD 00E0 00DE 00F6 0003 0091 00FA 00EA 00A5 00A5 00A5 00B4 00D9 00CC 00E9 012E 012F 00E0 00DE 008F 00E3 003F 0008 0000
M031.ETC	0	116	0922A	01A1 020F 00E9 0170 0142 0096 00DE 0020 01AB 00F7 009B 00FA 00E3 00E0 00E4 0096 00A5 00A5 00A5 0003 0212 0139 0159 00E6 00F3 0020 009F 00FD 00E5 009A 00E4 0096 00DE 0091 00F8 00EF 009C 00E0 0096 00DE 0003 0091 00E9 01EB 00EA 0020 0199 020F 00E9 0211 014F 00E3 00DE 009C 00E0 00F6 00E8 003F 0008 0000
M031.ETC	0	117	0925F	01AB 00F7 009B 00FA 00F9 00E4 00EA 0020 0213 0099 00E5 0092 00D4 00C2 00F7 00E0 00DE 0003 012A 0086 01B3 00F9 0020 0169 00E9 00F6 0093 00E5 00B4 00D8 00B0 00C4 0170 0142 00EA 0003 012E 012F 00E5 00E4 00DE 00E6 0020 0214 009C 00E5 0092 009F 00DE 0020 00FC 00EA 00EA 00EA 008F 00A1 0008 0000
M031.ETC	0	118	09294	00B4 00D9 00CC 01EE 0096 00DE 0111 0093 0020 01AB 00F8 00E9 012E 012F 00EA 0003 00E4 00E3 00F3 0020 01E7 01F6 00E5 00F3 00E9 00E0 00DE 00E4 015C 0092 00E3 0092 00F9 0096 00DE 0003 0096 0099 00F7 00FA 00E0 00F7 0020 00E4 00DE 00FD 00E5 0140 0135 00E1 00E5 00E9 0096 00E5 003F 0008 0000
M031.ETC	0	119	092C6	0097 00E9 0093 00EA 0020 00CE 00CB 00DE 00AF 00C4 00E9 01BB 01EF 00E9 0095 0096 0099 00DE 00E3 00DE 0003 0201 0202 00E9 0170 0142 00EA 0020 0177 0157 00E5 015D 0092 0086 009C 00E0 00FD 00E0 00DE 00A1 0008 0000
M031.ETC	0	120	092ED	0094 008F 0020 013F 00E9 0215 00F8 00E6 00B1 00BB 00DE 0096 00DE 00E3 00DE 0097 00E3 00F9 003F 0003 009F 0093 00E0 00DE 00F6 0020 0216 00F6 00E9 00EC 009C 008E 0093 00E0 00DE 00F6 00A5 00A5 00A5 0005 0000
M031.ETC	0	121	09313	00CE 00CB 00DE 00AF 00C4 00E9 01BB 01EF 0086 0020 01F1 009F 0093 00E4 009C 00E0 00F7 0003 00BA 00B3 00CC 00DD 009C 00E0 01BB 01EF 00E6 0020 00E5 0098 00DE 00F7 00FA 00E0 00E9 009B 00A1 0008 0000
M031.ETC	0	122	09339	0095 0092 0020 009F 0092 00E2 00E9 0217 0086 0129 00E3 00F3 0020 0218 0093 00E5 00F6 0003 00CE 00CB 00DE 00AF 00C4 00E9 01BB 01EF 00E6 0020 00E5 0098 00DE 00F7 00FA 00E0 00B1 00BB 00DE 00E3 00DE 0003 009D 009A 00DE 0098 0020 0140 0096 00DE 0132 008F 00E3 0092 00F9 00EA 009D 00DE 00E0 00DE 0096 00F7 009B 00A1 0008 0000
M031.ETC	0	123	09371	009A 009A 00E9 0173 0020 00B5 00C3 00DE 00B6 00DE 00DD 014C 00E3 00DE 00EA 01EC 019C 0219 009A 00F9 00E5 0003 00CE 00CB 00DE 00AF 00C4 00E9 01BB 01EF 0096 00DE 0020 0203 009C 021A 0099 00E0 00E4 015D 0094 00EA 00DE 0003 0205 00ED 00DE 00EA 0020 00B4 00D9 00CC 00E9 012E 012F 01C8 021B 00E0 00DE 00F3 00FD 00E5 0021 0008 0000
M031.ETC	0	124	093AD	00D2 00BC 0020 00D2 00BC 008F 00E3 0020 00E4 00DE 0093 00E5 008F 00E3 00F9 00FD 00E0 00DE 003F 0003 016F 0139 00EA 00EF 00E0 0020 0170 0142 00E0 00E1 0096 00DE 016E 0086 021C 00F7 009C 00E3 0003 0170 0142 00E9 0212 0096 00DE 0020 021D 00E6 00E3 00DE 00F3 00E5 008F 00E0 00F0 00E0 0092 00E0 00DE 00A1 0008 0000
M031.ETC	0	125	093E4	00EF 00E0 0020 0095 0096 00FC 00F8 0086 0020 00F3 00F7 0092 00E6 0172 00E0 00E9 0096 003F 0003 01D3 021E 00E0 00DE 0099 00E4 00DE 0020 016F 0139 00EA 021F 00FA 0175 0097 0096 00DE 01C1 0098 00E3 0003 0148 00F3 01D3 008F 00E3 00E5 0092 00FD 00E0 00DE 0020 01F1 008F 00E0 0020 01F1 008F 00E0 0021 0008 0000
M031.ETC	0	126	0941A	0093 00B0 00FD 00A5 00A5 00A5 0093 00B0 00FD 00A5 00A5 00A5 0003 00F4 00EA 00F8 0020 00E4 00DE 00E9 0106 0086 01D6 00ED 00DE 00E3 00F0 00E3 00F3 0003 01AB 00F8 01D7 0099 00F9 01AA 00EA 0020 0114 009B 00FA 00E3 0092 00E5 0092 0005 0000
M031.ETC	0	127	09445	009A 0093 00F4 008F 00E3 0020 01D6 00ED 00DE 00E3 0092 00F9 01DE 00E6 0003 019D 019E 00E9 01AA 0096 00DE 0020 0160 008F 00E3 00E0 00F7 0092 0092 00E5 0091 0003 00C4 00CE 00CE 00A5 00A5 00A5 00CE 00DD 00C4 00E6 0020 00E4 00DE 0093 009C 00F6 0093 00A1 0008 0000
M031.ETC	0	128	09473	0015 0220 00FD 00E0 00DE 00F6 0093 00E6 0020 01AB 008F 00E3 0092 00F9 0008 0000
M031.ETC	0	129	09482	000A 0096 00DE 0020 01C8 021B 0086 0221 0222 009C 00E0 0096 00F7 0003 00B5 00C3 00DE 00B6 00DE 00DD 00F3 0020 0223 0224 00E6 0137 00F9 00E0 00DE 00FB 0093 00A5 00A5 00A5 0003 0091 0091 0020 015A 015B 00E9 00C1 00AC 00DD 00BD 0086 0225 009C 00E0 009E 00DE 00A1 0008 0000
M031.ETC	0	130	094B4	0091 0091 0020 00EF 00E0 0020 00EB 00E4 00DE 0092 013F 00E6 0091 008F 00E0 00F6 0003 00EF 009B 0096 00A5 00A5 00A5 0091 00E9 00CA 00DF 00BF 00DE 00B0 00C4 00E0 00E1 0096 00DE 0003 009A 00E9 00B5 00C3 00DE 00B6 00DE 00DD 014C 00E6 0020 0203 009C 0128 00F9 00E4 00EA 0021 0008 0000
M031.ETC	0	131	094E6	00EF 00E0 00DE 0020 00B5 00C3 00DE 00B6 00DE 00DD 00E6 01E1 00F2 00E0 00EA 00DE 0096 00F8 00E9 0003 0095 0159 0096 00DE 0020 00C0 00DE 00B0 00B8 00B4 00D9 00CC 0086 0226 009C 00E0 003F 0003 00B3 00B0 00DD 0020 00E4 00DE 0093 00F3 0227 009C 00DE 00F7 00FA 00E5 0092 009F 00DE 00A1 0008 0000
M031.ETC	0	132	09519	0095 0159 00EA 0020 0228 0229 009C 00E0 0096 00F7 0092 0092 0099 00E4 00DE 0003 00B5 00DA 00EA 0020 01AB 00F7 009B 00FA 00E3 017C 0086 022A 008F 00E0 00E9 0096 003F 0003 00BA 00CC 00DE 0096 00DE 00E3 00DE 0097 00E1 008C 008F 00E0 00FD 00E0 00DE 0020 0095 0095 017D 008A 00A1 0008 0000
M031.ETC	0	133	0954D	0091 00E9 012E 012F 00EA 0020 00B7 00D8 00E9 012E 012F 00E5 00E9 0096 003F 0003 00B5 00DA 0096 00DE 0020 012E 012F 00E3 00DE 01AB 00F7 009B 00FA 00F9 01EB 00EA 0003 0160 0159 00E6 0020 0092 00E2 00F3 00B7 00D8 0096 00DE 015A 00E3 0097 00E0 0021 0008 0000
M031.ETC	0	134	0957C	016F 01FD 00E9 0127 0179 00E3 00DE 0020 0095 0159 00E9 022B 0096 00DE 014B 0096 00DE 008F 00E0 00F7 0003 00F3 0093 0020 0099 0092 00EB 00DE 00E9 01CA 01C8 00EA 00F4 00F7 00E5 0092 00E0 00DE 00FB 0093 003F 0003 00E0 00DE 0099 00E4 00DE 0020 0140 022C 00E6 018E 009C 0096 0099 00E3 0098 00FA 00F6 00E5 00A1 0008 0000
M031.ETC	0	135	095B4	000A 0151 00EA 0020 00EE 0096 00E9 0170 0142 00E0 00E1 00E4 00EA 0003 00F3 00E9 0096 00DE 00E1 0096 00DE 0093 00E4 0020 015D 008F 00E3 00EF 009C 00E0 0096 00DE 0003 00F4 008F 00EA 00DF 00F8 0020 00F4 008F 00E3 0098 00FA 00EF 009C 00E0 00E8 00A1 0008 0000
M031.ETC	0	136	095E2	0127 0179 0086 0020 0095 0132 00E3 00E6 00E5 008F 00E0 000A 0151 00EA 0003 0097 008F 00E4 0020 00B4 00D7 0098 00E5 00F7 00FA 00F9 009A 00E4 00E6 00E5 008F 00E3 0003 01A5 0144 0086 00F0 0096 00DE 0098 0020 01CA 01C8 0096 00DE 022D 0094 00F7 00FA 00F9 00EA 009D 00DE 0021 0005 0000
M031.ETC	0	137	09617	00F3 009C 00F3 0020 014C 00E3 00DE 00FC 0096 00F7 00E5 0092 009A 00E4 0096 00DE 0091 00FA 00EA 00DE 0003 00B7 00DE 00D9 00C4 00DE 00E9 0147 014D 0086 0020 00E0 009D 00DE 00E8 00E3 00F0 00E3 017E 009B 0092 0003 012E 012F 0111 0092 00EA 0020 014F 015E 00F8 00E3 00DE 009D 0096 00F7 00E8 008A 00A1 0008 0000
M031.ETC	0	138	0964D	00C0 00DE 00B0 00B8 00B4 00D9 00CC 00E9 0020 012E 012F 00E9 0159 00E6 0003 019B 019C 00F3 0020 01AB 008F 00E0 00E4 0092 00FC 00FA 00EF 009D 0096 00E5 003F 0005 0000
M031.ETC	0	139	0966D	00EF 0091 0020 0148 00E4 0092 00FC 00FA 00E3 00F3 0020 0099 008F 009A 0093 0021 0003 012A 014F 01AE 00E9 012A 00EA 0020 0134 01C8 00E0 00DE 008F 00E0 00E9 00E3 00DE 009D 00A1 0008 0000
M031.ETC	0	140	0968E	01AB 00F8 00E9 012E 012F 00E6 0020 0096 0099 00F7 00FA 00E0 0140 0135 00E1 00EA 0003 00E4 00E3 00F3 0020 00EB 00E4 0098 00E1 009C 00DE 008C 01FE 0094 00E5 0092 0099 00E4 00DE 0003 00F3 0093 01ED 01FD 00A5 00A5 00A5 0096 0096 008F 00E3 00F3 0092 0092 00E5 0091 00A1 0008 0000
M031.ETC	0	141	096C0	009A 00E9 01B1 00EA 0020 00CE 00DD 00C4 00E6 010A 015D 022E 00E5 0173 009B 0021 0003 009A 00E9 0159 00EA 0020 00F3 00F4 009C 00E0 0177 022F 00E9 017E 0096 00F7 0003 00E4 00DE 0093 0098 00E2 0096 00DE 0129 00E2 0096 008F 00E0 00F3 00E9 00E5 0091 00A1 0008 0000
M031.ETC	0	142	096F1	00CA 00DF 00BF 00DE 00B0 00C4 00E9 0111 0093 0020 01AB 00F8 00E9 012E 012F 00EA 0003 00E5 00FD 00E3 0020 01E7 01F6 00E5 012E 012F 00E5 00FD 00E0 00DE 00FB 0093 0003 014C 00E9 0161 009D 00ED 00DE 00E3 0086 0020 01AB 00F7 009D 00E5 00FD 00E3 0021 0008 0000
M031.ETC	0	143	0971F	014C 0086 009B 00FC 0096 00DE 009E 00E0 0020 01C8 021B 0096 00DE 0221 0222 009C 00E0 00E5 00F7 0003 0136 00E6 015A 00E3 0020 0162 011F 00E3 00DE 00F3 00EE 008F 00E3 00F0 00F6 0093 0096 00E5 003F 0003 00E0 00EF 00E6 0020 012A 0096 00DE 0129 00E2 0096 00F9 009A 00E4 0096 00DE 0091 00F9 00FD 00E0 00DE 00A1 0008 0000
M031.ETC	0	144	09756	00C0 00DE 00B0 00B8 00B4 00D9 00CC 0086 0020 01BE 0092 0230 008F 00E0 00E4 015C 0092 00E3 0003 00F5 00E0 00DE 00FD 009C 00E3 0020 01B3 00F8 0086 0231 0098 009C 00E3 0092 00E0 00F7 0003 00EF 00E0 0020 0157 00E5 00D4 00C2 00E6 00E8 00F7 00FC 00FA 00EF 009D 009F 00DE 00A1 0008 0000
M031.ETC	0	145	0978A	019D 013A 0096 00DE 0020 0232 00E9 00F6 0093 00E6 01CF 01D0 0086 00F3 00E4 00DE 009C 00E3 0003 009D 009A 00DE 0092 0092 0097 0095 0092 00E3 00DE 0020 01CF 01C8 0086 0168 00F7 00FA 00F9 0003 009F 00E9 0095 0096 0099 00DE 00E3 00DE 0020 00EF 00E0 01E4 009C 0092 00FD 00E3 00DE 009D 00A1 0008 0000
M031.ETC	0	146	097BD	000A 0151 0021 0020 0177 0228 0229 00E0 00DE 008F 00E0 009F 0093 00E3 00DE 009D 00E8 0021 0003 00C0 00DE 00B0 00B8 00B4 00D9 00CC 0096 00F7 0020 00BB 00C3 00D7 019D 019E 0086 01B3 00F8 0003 00F4 00E2 00F7 0086 0020 01BE 0092 0230 008F 00E0 008F 00E3 015C 0097 00EF 009C 00E0 00F6 00A1 0008 0000
M031.ETC	0	147	097F4	000A 0151 0020 0091 00F8 0096 00DE 00E4 0093 009A 00DE 009B 00DE 0092 00EF 009D 0003 0091 00E5 00E0 00E9 0095 0096 0099 00DE 00E3 00DE 0020 019D 019E 0096 00DE 00F2 009B 00DE 00F2 00E3 0003 0169 00F3 01CA 01C8 0086 0020 01D7 0099 00F9 009A 00E4 0096 00DE 00E3 00DE 0097 00EF 009D 00A1 0008 0000
M031.ETC	0	148	09827	0095 01F1 00F8 0020 000A 0021 0003 0141 0142 00E9 0112 0113 00EA 0020 0206 01D6 0096 0092 003F 0003 00B5 00DA 00F3 0020 009F 0093 0092 0093 00E9 0096 00DE 01CA 01C8 00E5 00F7 00E5 00A1 0008 0000
M031.ETC	0	149	0984C	0205 00ED 00DE 0020 019D 01AD 00E9 0233 00E9 016A 00E6 0234 0096 0093 0003 00BB 00C3 00D7 019D 019E 0086 0020 0129 00E0 0161 0096 00DE 0092 00F9 00A5 00A5 00A5 0003 00EF 0091 0020 009F 00FD 00E5 009A 00E4 00EA 0091 00F8 0235 00E5 0092 0099 00E4 00DE 00A1 0008 0000
M031.ETC	0	150	0987B	0091 00FA 00EA 0020 00E0 009C 0096 00E6 00BB 00C3 00D7 019D 019E 00E0 00DE 008F 00E0 0003 00A5 00A5 00A5 00E3 00DE 00F3 0020 009F 00FA 0086 00F0 00FD 00E5 00E6 018E 009C 00E3 00F3 0003 00E0 00DE 00FA 00F3 0227 009C 00DE 00E3 0098 00FA 00FD 0020 009B 00F0 009C 0092 009E 00DE 00A1 0008 0000
M031.ETC	0	151	098AE	00BB 00C3 00D7 019D 019E 0096 00DE 0020 01E9 014D 00E6 016C 0097 0215 00F9 00E5 00FD 00E3 0003 00E0 00DE 00FA 0096 00DE 0020 0227 009C 00DE 00F7 00FA 00F9 0096 008F 00E3 00FD 00E0 00DE 00F6 0021 0003 00E5 0091 0020 0095 0159 00F3 0020 009F 0093 015D 0093 00E0 00DE 00FB 003F 0008 0000
M031.ETC	0	152	098E0	01E9 014D 00E9 014C 01B9 00E3 00DE 0020 00BB 00C3 00D7 019D 019E 0086 0129 00E0 0099 00E4 00DE 0003 00E4 00DE 0093 009E 0020 00E0 00DE 00FA 00F3 0227 009C 00DE 00E1 008C 0098 00FA 00E5 0092 009B 0003 00F4 008F 00EA 00DF 00F8 0020 01FE 00FC 00E5 0098 00E3 00F6 0096 008F 00E0 00E5 0021 0008 0000
M031.ETC	0	153	09917	00BB 00C3 00D7 019D 019E 0096 00DE 0020 019D 01AD 00E9 0233 0096 00F7 01F1 008F 00E3 0003 0236 01C8 0096 00DE 0020 0093 00EF 0098 0237 00FD 00E0 00DE 00E4 015D 008F 00E0 0099 00E4 00DE 0003 0148 00E0 00DE 0096 0020 0095 0096 009C 00E5 01D4 011C 00E6 00E5 008F 00E3 00F9 00E5 0091 00A1 0008 0000
M031.ETC	0	154	0994B	0094 008F 0020 0148 00E3 00DE 009D 0096 0020 0169 0096 00DE 009F 00FD 00E5 00A5 00A5 00A5 0003 019D 019E 013A 0086 0020 0093 00E0 0096 00DE 0093 00FC 0099 0096 00DE 0091 00F8 00EF 009E 00FD 0003 009F 00FA 00E4 00F3 0020 009C 008E 0093 009A 00E3 00DE 00F3 0091 00F8 00EF 009D 0096 0021 0008 0000
M031.ETC	0	155	0997E	0169 00EA 0020 0201 0160 00E6 014A 009C 014B 0099 00DE 00EF 009D 0096 00DE 00A5 00A5 00A5 0003 019D 019E 013A 00EA 0175 01E5 00E4 0092 0092 0020 0095 0096 009C 009D 0097 00DE 00EF 009D 0003 0136 0129 00EA 0106 014F 00E3 00DE 00F3 0020 014D 0143 00EA 00E4 00DE 0093 00E3 00DE 009D 0096 003F 0008 0000
M031.ETC	0	156	099B5	0169 00EA 00A5 00A5 00A5 00BB 00C3 00D7 019D 019E 00E9 00E0 00F2 00E5 00F7 0003 00E4 00DE 00FD 00E5 009A 00E4 00E3 00DE 00F3 0020 0153 0092 00EF 009D 00A5 00A5 00A5 0003 0169 00EA 00A5 00A5 00A5 019D 019E 00E9 009C 00F3 00ED 00DE 00E3 00DE 009D 00A1 0008 0000
M031.ETC	0	157	099E3	0095 0238 009C 0092 00A5 00A5 00A5 00BB 00C3 00D7 019D 019E 00A5 00A5 00A5 0003 00E5 00FD 00E5 00F8 00E4 0020 0095 014A 009C 00E2 0099 017E 009B 0092 00A5 00A5 00A5 0003 0119 009D 00DE 0020 0095 0131 00E6 0132 008F 00E3 0129 009E 00EF 009D 00A5 00A5 00A5 00A1 0008 0000
M031.ETC	0	158	09A15	019D 019E 013A 0096 00DE 0020 017F 00E6 015A 0096 0099 00E0 00E4 0092 0093 018E 0086 0003 000A 00EA 0020 015C 0092 00E3 00E0 0096 0092 00A5 00A5 00A5 0003 00E3 00DE 00F3 0020 0092 00EF 0020 0095 01F1 00F8 00E6 00E5 008F 00E0 00FD 00E0 00DE 00A1 0008 0000
M031.ETC	0	159	09A41	0093 00B0 00FD 0020 019D 019E 013A 00EA 0020 0092 00E2 00F3 0095 0238 009C 0092 0003 009A 00FD 00E5 00E6 0239 0098 00E3 00DE 0020 0138 0094 00F9 00E5 00FD 00E3 00A5 00A5 00A5 0003 0091 00FA 003F 0020 0095 01ED 01E8 00E3 00DE 0136 015A 00E0 00DE 008F 00E0 00E9 0096 00E5 003F 0008 0000
M031.ETC	0	160	09A73	019D 013A 00F3 0020 023A 0177 00E6 00E5 008F 00E0 00FD 00E0 00DE 00E5 0091 00A5 00A5 00A5 0003 0091 00FD 00E5 00E6 0020 0096 00FC 0092 0096 00DE 008F 00E3 00E0 019D 019E 013A 0096 00DE 0003 0095 01ED 01E8 00E3 00DE 0136 00E6 015A 00F9 00E9 0086 0020 01AF 023B 009C 00E0 00FD 00E0 00DE 00A1 0008 0000
M031.ETC	0	161	09AA7	00B5 00C3 00DE 00B6 00DE 00DD 014C 00E9 0020 023C 0113 0096 00DE 01B0 008F 00E0 0096 00F7 008F 00E3 0003 00F0 00FD 00E5 0020 00F5 00E0 00DE 00FD 0086 009C 009D 0097 00DE 00E3 00F9 0140 0096 00DE 009D 00F9 0003 00E0 00DE 0096 00F7 0020 019D 019E 00EF 00E3 00DE 01ED 01E8 00E3 00DE 0136 015A 009D 00F9 00E9 009B 00A1 0008 0000
M031.ETC	0	162	09ADF	023D 0239 0020 019D 013A 0096 00DE 01CF 01D0 00E9 00E5 0092 0144 00E0 00DE 0099 0003 019D 019E 013A 0096 00DE 0020 00F6 0098 0095 01CF 00ED 00DE 00E6 00E5 008F 00E3 00EF 009D 0003 009A 00E9 0159 00EA 0020 023E 0031 017C 0086 00CD 00DF 00DB 00AF 00E3 00DE 009D 0096 00F7 0021 0008 0000
M031.ETC	0	163	09B15	019D 019E 013A 0096 00DE 0020 00C0 00DE 00B0 00B8 00B4 00D9 00CC 0096 00F7 0185 0099 00F7 00FA 0003 0232 00E9 00F6 0093 00E6 0020 0238 009C 0098 01CC 00FC 00FA 00F9 00E4 015D 008F 00E0 00F7 0003 0095 023F 0096 00DE 00A5 00A5 00A5 00CA 00BD 00B7 00B0 00E6 0157 00FC 008F 00E3 00EF 009C 00E0 00A1 0008 0000
M031.ETC	0	164	09B4E	019D 013A 00E9 01AA 0140 00F3 0020 0240 009E 00E5 0092 00E9 0096 008F 00E3 0003 00EF 00E0 0020 00E4 00DE 00E5 00F7 00FA 00E1 008C 0092 00EF 009C 00E0 00F6 0003 0094 0094 0020 0094 0094 0020 00E4 00DE 0093 009E 009F 0093 00E3 00DE 009D 00E4 00F3 0021 0008 0000
M031.ETC	0	165	09B7D	00B6 00DE 00B8 00B6 00DE 00B8 00B6 00DE 00B8 00A5 00A5 00A5 00CC 00DE 00D9 00CC 00DE 00D9 00CC 00DE 00D9 0003 0169 0096 00DE 00EC 00F9 0094 00E3 00F9 00E9 00EA 0020 0241 0161 00EC 00DE 00F9 0092 00E3 00DE 009D 0003 0242 0096 00DE 008F 00E3 00F9 00FC 0099 00E3 00DE 00EA 0020 0091 00F8 00EF 009E 00FD 009F 00DE 00A1 0008 0000
M031.ETC	0	166	09BB6	009A 00E9 0243 008F 0244 01DE 00E6 0020 0183 0096 00DE 00F4 008F 00E3 0098 00F9 00E4 00EA 0003 0091 00E5 00E0 016A 0096 00DE 0020 00EC 0096 00DE 0092 00E5 0092 0096 00F7 00E3 00DE 009D 009F 00DE 0003 00B7 00BD 00DE 0086 0245 008F 00E0 00F7 0020 00E4 00DE 0093 009C 00E3 0098 00FA 00EF 009D 0021 0008 0000
M031.ETC	0	167	09BEB	0177 018D 00E9 01B7 01B8 00E3 00DE 0020 01B3 00F8 0086 01B6 00F2 00E0 0096 00DE 00A5 00A5 00A5 0003 00EF 009B 0096 0020 012A 014F 01AE 00E9 0099 0092 00EB 00DE 00E9 0161 00E0 00E1 0096 00DE 0003 00BC 00DE 00DD 00E9 00B5 00B0 00CC 00DE 0086 0020 0135 00E1 01B0 00F9 00E5 00FD 00E3 0021 0008 0000
M031.ETC	0	168	09C20	009A 008F 00E1 00EA 0020 00E0 00DE 0092 009C 00DE 008E 0093 00EC 00DE 00E0 00DE 0096 00F7 0003 0246 0155 009C 00E3 0020 0183 0086 01BE 008F 00E3 0098 00FA 0021 0003 00B1 00D8 00E9 0195 0031 0247 0020 018B 009B 00E5 0092 0096 00F7 00E5 0021 0008 0000
M031.ETC	0	169	09C4F	019E 00B4 00D9 00CC 0096 00DE 0020 019D 019E 00E6 0248 0099 00E3 00E0 00E5 00FD 00E3 0003 00E4 00FD 00E3 00DE 00F3 00E5 0092 009A 00E4 0020 009C 00E3 00DE 0096 009C 00F4 0096 00DE 00F9 0021 0003 000A 0020 009F 0092 00E2 0086 0225 0096 00DE 009D 00E5 00F6 00A1 0008 0000
M031.ETC	0	170	09C7E	0170 0142 01C0 01DE 0096 00DE 0020 0183 00E6 0127 0086 0249 009D 00E5 00FD 00E3 0003 00B5 00C3 00DE 00B6 00DE 00DD 0170 00E9 0020 011F 00F6 009A 00DE 009C 00E0 00DE 008F 00E3 00FD 00E0 00DE 0003 00E3 00DE 00F3 0020 024A 00F7 00FA 00E3 00F9 0020 00E0 00DE 0099 00E5 00FD 00E0 00DE 00FB 003F 0008 0000
M031.ETC	0	171	09CB1	00B2 00D4 0020 009A 008F 00E1 00E6 00EA 0020 0183 00EA 0172 00E5 0096 008F 00E0 0021 0003 019D 01AD 00E9 0233 016A 011F 00E6 0020 0234 0096 008F 00E0 00EA 009D 00DE 00E0 00DE 0096 00F7 0003 0091 008F 00E1 00E9 014D 01A2 0086 0020 01B4 0099 00E3 0098 00E9 0096 00DE 0092 0092 009E 00DE 00A1 0008 0000
M031.ETC	0	172	09CE6	0095 009F 0096 008F 00E0 009C 00DE 008C 00E5 0092 0096 0020 000A 0021 0003 0095 0159 0096 00DE 0191 008F 00E3 00F9 0096 00E4 0020 0189 008F 00E3 00E0 00FD 00E0 00DE 00F6 0003 009A 009A 0086 0199 00E6 0020 019D 01AD 00E9 0233 016A 011F 00E6 0175 0098 00FD 00E0 00DE 00A1 0008 0000
M031.ETC	0	173	09D17	0091 00FA 0020 00E5 00FD 00E3 00DE 0020 009A 008F 00E1 00E6 0172 00F9 00FD 00E0 00DE 00F6 0003 009F 00E9 00EF 00EF 0020 0199 020F 00E9 015A 024B 0086 01B4 0099 00F9 00FD 00E0 00DE 0003 019D 01AD 00E9 0233 016A 011F 00E0 00DE 008F 00E3 0020 015C 0096 00E5 0096 008F 00E0 0096 003F 0008 0000
M031.ETC	0	174	09D49	0095 0159 008F 00E3 0020 016A 0234 00B5 00DD 00C1 00E0 00DE 008F 00E0 00E9 0096 003F 0003 009A 00FD 00E5 00E4 009A 00E3 00DE 0020 00F5 008F 0098 00F8 009C 00E3 00E0 00F7 0003 019E 00B4 00D9 00CC 00E6 0020 0225 0099 00DE 00F7 00FA 00E1 00EF 0093 009E 00DE 0021 0008 0000
M031.ETC	0	175	09D79	0099 008F 009A 0093 00E5 01E8 0212 00E9 0020 00B5 00C3 00DE 00B6 00DE 00DD 0170 0142 0096 00DE 0003 01A1 00E9 0162 016A 00E9 0020 00BC 00DE 00DD 00E9 0191 024C 00E6 0234 0096 008F 00E0 0003 023C 0113 00E5 0173 00F7 009C 0092 0096 00DE 0020 00E0 00DE 0092 009C 00DE 008E 0093 00EC 00DE 0096 00E5 003F 0008 0000
M031.ETC	0	176	09DAF	0092 00F4 0091 0020 00B2 00BB 00DE 00E4 0092 0093 009C 00DE 00E0 0092 00E6 00F3 00E5 00F9 00E4 0003 00B5 00C3 00DE 00B6 00DE 00DD 0170 0142 00F3 0020 0129 014B 0099 00DE 00E0 00F3 00E9 00E3 00DE 009D 00E5 0003 01A1 00E9 0162 016A 00E6 0020 015A 0096 0099 00E3 0092 0097 00EF 009C 00E0 009F 00DE 00A1 0008 0000
M031.ETC	0	177	09DE5	009A 00FA 00EA 0020 00CE 00DD 00E9 00B3 00DC 00BB 00E5 00E9 00E3 00DE 009D 0096 00DE 0003 01A1 00E9 0162 016A 00E6 0234 0096 0093 0020 00E4 00DE 0093 0098 00E2 0239 0098 00E6 00EA 0003 0118 014D 0086 01D1 00F2 00F9 0020 009D 009A 00DE 0092 012A 0096 00DE 0091 00F9 00E4 0096 0021 0005 0000
M031.ETC	0	178	09E1A	00E0 00E0 00DE 009C 0020 009F 00E9 00E4 00DE 0093 0098 00E2 00E6 0128 008F 00E3 00F3 0003 024D 00E9 01F6 00E3 00DE 00EA 0020 024E 00EF 00E3 00DE 01D1 00F2 00E7 00EE 00E4 00DE 00E9 0003 00B7 00B9 00DD 0096 00DE 0020 0189 00E1 024F 0099 00E3 0092 00F9 009F 0093 00E3 00DE 009D 00A1 0008 0000
M031.ETC	0	179	09E4F	0177 018D 0096 00F7 0020 01B7 01B8 0086 024F 0099 00E3 00F9 0096 00F7 0003 0246 0155 009C 00E3 0020 012A 0086 0135 008F 00E3 0175 0098 0096 00DE 0092 0092 009B 0005 0000
M031.ETC	0	180	09E70	00E3 00DE 00F3 0020 009A 00FA 00EF 00E3 00DE 01B7 0096 00DE 0099 00E3 00DE 01B3 008F 00E0 012A 0086 0003 000A 0096 00DE 0020 0135 008F 00E3 0175 008F 00E1 00EF 0093 00E4 00EA 0003 0148 00E0 00DE 0096 0020 009D 009A 00DE 0098 00CC 00B8 00BB 00DE 00C2 00E5 0155 0156 00E0 00DE 009E 00DE 00A1 0008 0000
M031.ETC	0	181	09EA4	00BC 00DE 00DD 00E9 00B5 00B0 00CC 00DE 00E4 0020 01F3 00EA 00DE 00FA 00F9 012A 0250 0096 00DE 0003 00CA 00DF 00BF 00DE 00B0 00C4 00E0 00E1 00E6 0020 0093 00EA 00DE 00FC 00FA 00E0 009E 0092 00E3 00DE 0003 0251 0098 00E9 0170 0096 00DE 0020 01A1 00E9 0162 016A 00E6 0234 0096 008F 00E0 0005 0000
M031.ETC	0	182	09ED9	00F4 00E2 00F7 00E4 00EA 0020 01BB 0092 00E2 0097 0091 0092 00E0 00DE 008F 00E0 0096 00DE 0003 00EF 00E0 0020 0252 0086 0098 00F0 0253 00FC 009E 00F9 0096 00E4 00DE 0093 0096 003F 0008 0000
M031.ETC	0	183	09EFC	00B5 00DA 00E0 00E1 00EA 0020 0223 0224 00E9 0254 0152 009B 0094 00F3 00FC 009D 00FA 0003 0092 00EF 00EF 00E3 00DE 0020 0157 0248 00EA 00DE 0096 00F8 0086 0255 00F2 00E3 0097 00E0 0096 00DE 0003 009F 00FD 00E5 00F3 00FD 009C 00DE 008C 0020 00E5 0096 008F 00E0 00FD 00E0 00DE 00A5 00A5 00A5 0005 0000
M031.ETC	0	184	09F31	009A 0093 009C 00E3 0020 00FC 009B 00DE 00FC 0092 0096 00DE 0219 009A 008F 00E3 0003 0256 00F2 00E3 0020 0223 0224 00E9 00E4 0093 00E4 009B 0086 015E 008F 00E0 00F6 00A1 0008 0000
M031.ETC	0	185	09F52	00B5 00C3 00DE 00B6 00DE 00DD 0257 0096 00DE 0020 01D1 0257 009D 00F9 0096 00F7 00E4 0092 008F 00E3 0003 00BA 00AF 00B8 00EF 00E3 00DE 0020 0147 00FA 00E3 0175 0096 00E5 0098 00E3 00F3 00E8 008A 0003 0091 0091 0020 016F 0139 0096 00F7 0020 0169 00F3 01ED 01E8 00E3 00DE 009D 00F6 00A1 0008 0000
M031.ETC	0	186	09F88	0093 00EA 00DE 00FC 00FA 00E0 012A 0250 0086 0020 00E4 00F8 00F3 00E4 00DE 009C 00E6 0003 0251 0098 00E9 0170 0096 00DE 0020 01A1 00ED 0234 0096 008F 00E0 009F 0093 00E0 00DE 0003 009A 00FA 00E3 00DE 0020 00EB 00E4 0246 0155 00A5 00A5 00A5 0096 00E5 003F 0008 0000
M031.ETC	0	187	09FB7	0091 00FD 00E5 0020 00CD 00DD 00E5 014E 0097 014F 0096 00DE 0003 00CD 00DF 00AF 00C4 00E0 00DE 00E5 00FD 00E3 00A5 00A5 00A5 0005 0000
M031.ETC	0	188	09FD1	00B6 00B0 00D8 00B0 008F 00E3 00F4 00E2 00E9 0020 00EF 00FC 00F8 00E6 00EA 0003 0091 00FD 00E5 00E9 0096 00DE 0020 00E0 0098 009B 00FD 0092 00F9 00E9 0096 00E5 003F 0003 0091 0091 0020 00B5 00DA 00EA 0102 0221 00E6 0258 009C 00F1 009F 00DE 00A1 0008 0000
M031.ETC	0	189	0A000	00EF 009B 0096 0020 012A 0086 01B3 00F9 00B4 00D8 00B0 00C4 0170 0142 0096 00DE 0003 00B6 00B0 00D8 00B0 00E4 0096 0092 0093 0020 00C0 00DE 00B0 00B8 00B4 00D9 00CC 00E6 0003 0091 00F4 00E2 00F7 00FA 00E3 0020 012A 0086 0259 00EF 00FA 00F9 00E5 00FD 00E3 00A1 0008 0000
M031.ETC	0	190	0A032	00BC 00DE 00DD 0096 00DE 0020 0221 025A 009B 00FA 00E0 009A 00E4 00E6 00F6 008F 00E3 0003 012D 025B 00E9 0180 01E8 0096 00DE 0020 0228 01E5 0086 00EA 009C 00DE 00F2 00E0 00FD 00E0 00DE 0003 00A5 00A5 00A5 00F0 00FD 00E5 0020 00B3 00DC 00BB 009C 00E3 0092 00F9 00F6 00A1 0008 0000
M031.ETC	0	191	0A064	009A 00E9 00F5 00FA 00EA 0020 0140 0152 0096 00DE 01D5 0098 00E3 00E0 00EF 00F8 00EF 009E 00FD 0003 01CB 0139 0020 025C 009C 00E2 00DE 00E2 0177 0097 0098 00E5 008F 00E3 0092 0098 00F6 0093 00E3 00DE 0003 0180 01E8 00E9 025D 0228 00F3 0020 01DE 0239 00E3 00DE 009D 0096 00E5 0091 00A5 00A5 00A5 00A1 0008 0000
M031.ETC	0	192	0A09C	019D 013A 00E9 0217 01EC 0096 00DE 0020 0139 025E 009C 00E6 01D5 0098 00E5 008F 00E3 0003 0091 00E9 00EF 00EF 00E3 00DE 00EA 0020 0226 00FA 00E3 009C 00EF 00FC 00FA 00F9 0021 0003 009C 0096 009C 0020 0169 00E3 00DE 00EA 0020 00E4 00DE 0093 00E6 00F3 00E5 00F8 00EF 009E 00FD 00A1 0008 0000
M031.ETC	0	193	0A0CF	012A 014F 01AE 00E9 012A 0086 0020 01B3 00F9 0119 011A 0096 00DE 00E5 0098 00E5 00F9 00E4 0003 0092 0099 00E5 0092 00E4 015D 008F 00E3 00F3 0020 0140 0096 00DE 01B4 0099 00F9 00FD 00E0 00DE 0003 00B5 00DA 00EA 0020 009A 009A 00E3 00DE 0148 0086 0099 0092 00EB 00DE 009D 00F9 00FD 00E0 00DE 003F 0008 0000
M031.ETC	0	194	0A105	000A 00EA 0020 025F 0260 0086 017A 009C 00DE 00F9 0119 011A 00E5 0092 0003 0095 0159 00EA 0020 0092 008F 009C 008E 0093 0099 00FD 00F2 0092 00F4 008F 00E3 00E3 0003 00B5 00DA 00E0 00E1 00F3 0020 00FC 0096 008F 00E3 00F9 00FD 00E0 00DE 0096 00F7 009B 00A1 0008 0000
M031.ETC	0	195	0A136	009A 009A 00EF 00E3 00DE 00E9 0020 00B5 00C3 00DE 00B6 00DE 00DD 00E9 00CB 00DF 00DD 00C1 00EA 0003 0092 00EF 00EF 00E3 00DE 00F3 0020 00E5 0096 008F 00E0 0099 00E4 00DE 009B 00A5 00A5 00A5 0005 0000
M031.ETC	0	196	0A159	00FC 0096 00DE 0257 0096 00DE 0020 00CE 00CB 00DE 00AF 00C4 01BA 00E6 00E2 0092 00E3 0092 00FA 00EA 00DE 0003 01BB 01EF 0096 00DE 0020 0148 0096 0020 0092 008F 00E3 0098 00F9 00E4 015D 008F 00E3 00E0 0003 009F 00FD 00E5 00E6 0020 00EA 0098 009C 00DE 008E 0093 00E0 00DE 008F 00E0 00E9 0096 00E5 003F 0008 0000
M031.ETC	0	197	0A18E	019D 013A 00E9 01CF 0096 00DE 0020 0139 025E 009C 00E6 0261 008F 00E3 00F9 0096 00F7 0003 0262 01F6 00E9 00E2 0098 00F3 00E9 0086 0020 01CF 00ED 00DE 00E3 00F3 00F7 0093 00FD 00E0 00DE 0003 009B 0091 00E3 0020 0148 0086 01CF 00ED 00DE 00E3 00F3 00F7 0095 0093 0096 00A5 00A5 00A5 00A1 0008 0000
M031.ETC	0	198	0A1C3	01A1 00E9 0162 016A 00E6 0175 008F 00E0 0020 00B5 00C3 00DE 00B6 00DE 00DD 0257 00EA 0003 0092 008F 00E0 0092 0020 0148 00F4 008F 00E3 00F9 00FD 00E0 00DE 00FB 0093 003F 0003 0091 0092 00E2 00F7 00A5 00A5 00A5 00C0 00DE 00D2 00E0 00DE 008F 00E0 00E9 0096 00E5 0091 00A1 0008 0000
M031.ETC	0	199	0A1F4	014C 00E9 01A1 00E6 0091 00F9 0020 00EE 009A 00F7 00E9 024E 00E6 00EA 0003 0092 008F 00E0 0092 0020 0148 0096 00DE 0096 0098 009B 00FA 00E3 00FD 00E0 00DE 0021 0003 0091 00E9 0263 0096 00DE 0020 00F4 0099 00E6 00F5 00FA 00F9 0140 0096 00DE 009D 00F9 00A1 0008 0000
M031.ETC	0	200	0A222	009A 00E9 0159 0020 0264 00E9 00BC 00DE 00DD 0096 00DE 0265 00FD 00E3 00DE 0097 00E0 0139 0096 00F7 0003 0091 00E9 00D5 00DA 0096 00DE 0020 0266 00EF 008F 00E3 009C 00EF 008F 00E0 00FD 00E0 00DE 0003 009A 00FA 00EA 0092 008F 00E0 0092 0020 00E4 00DE 0093 0092 0093 009A 00E4 00E0 00DE 00FB 0093 003F 0008 0000
M031.ETC	0	201	0A256	00CE 00CB 00DE 00AF 00C4 00E9 01BB 01EF 0096 00DE 0020 00F4 008F 00E3 0097 00E0 01EB 0003 01ED 0267 00E6 0172 00E3 0092 00E0 0020 00B4 00D9 00CC 01EE 00E9 0176 0161 0096 00DE 0003 01BB 01EF 00E9 0111 0092 00E0 00DE 00E4 0092 008F 00E3 0020 0172 00E3 0092 00F9 00E9 00E3 00DE 009D 00A1 0008 0000
M031.ETC	0	202	0A28B	0180 01E8 00E9 0268 00FD 00E0 00DE 0020 0162 0269 00E9 026A 00E4 0092 0093 00E9 0096 00DE 0003 014C 00E9 0162 017E 00E6 0091 00F9 00E4 0020 015E 008F 00E3 00EF 009C 00E0 0096 003F 0003 026B 026C 0096 00DE 0020 010B 017E 00E6 0091 00F8 00EF 009C 00E0 00E4 00EA 00A5 00A5 00A5 00A1 0008 0000
M031.ETC	0	203	0A2BF	012A 014F 01AE 0086 0020 01ED 0267 00E6 01B3 008F 00E3 0092 00E0 01C0 01DE 00EA 0003 01A1 00E9 0162 016A 00E6 0020 01D1 0257 009C 00E3 0096 00F7 01F1 00F7 00E5 0092 0003 0093 00B0 00F1 0020 00F4 00F7 00FA 00E1 008C 008F 00E0 00E9 0096 00E5 0091 00A1 0008 0000
M031.ETC	0	204	0A2F0	00CE 00CB 00DE 00AF 00C4 00E4 0020 00F4 008F 00E3 0097 00E0 00B4 00D9 00CC 01EE 00EA 0003 00FC 0096 00DE 01B1 00E9 0020 0152 016A 00E0 00DE 008F 00E0 00FD 00E0 00DE 00E5 00A5 00A5 00A5 0003 023D 0256 00EA 0020 0099 0092 0096 0092 009C 00E0 00FD 00E0 00DE 0099 00E4 00DE 009B 00A1 0008 0000
M031.ETC	0	205	0A323	0242 00FB 009C 0092 0020 00CA 00DF 00BF 00DE 00B0 00C4 00E9 0034 01E8 00E9 0127 017E 0086 0003 000A 0096 00DE 0020 00F4 008F 00E2 0099 00E0 00E9 0096 00F6 0003 0095 0159 00A5 00A5 00A5 0106 01C9 00E6 01E7 0096 008F 00E0 00FD 00E0 00DE 00E5 0091 00A1 0008 0000
M031.ETC	0	206	0A354	0264 00E9 00BC 00DE 00DD 0096 00DE 0020 0265 00FD 00E3 00DE 0097 00E0 008F 00E3 009A 00E4 00EA 0003 0034 00E2 00E9 00BC 00DE 00DD 0096 00DE 0020 00D4 00C2 00F7 00E6 0221 025A 009B 00FA 00E3 0003 0180 01E8 0086 0020 025D 0228 009B 009E 00E3 00F9 008F 00E3 009A 00E4 00E0 00DE 00FB 00A1 0008 0000
M031.ETC	0	207	0A38A	00CC 00DE 00D9 00CC 00DE 00D9 00CC 00DE 00D9 00A5 00A5 00A5 00B6 00DE 00C0 00B6 00DE 00C0 00B6 00DE 00C0 0003 0180 01E8 0096 00DE 0020 025D 0228 009C 00F6 0093 00E4 009C 00E3 00F9 00E4 015D 0093 00E4 0003 00E4 00DE 0093 00E6 00F3 0020 00EC 00F9 0094 0096 00DE 026D 00EF 00F7 00E5 0092 00FD 00E0 00DE 00F6 00A1 0008 0000
M031.ETC	0	208	0A3C2	01A1 00E9 00EE 009A 00F7 00E3 00DE 0020 026E 009C 0092 0096 0099 00DE 0086 0129 00E0 00FD 00E0 00DE 0003 00CA 00DF 00BF 00DE 00B0 00C4 00E9 0127 017E 0096 00DE 0020 0226 009B 00FA 00E0 00E4 009C 00E0 00F7 0003 0091 00FA 00EA 00A5 00A5 00A5 00CA 00DF 00BF 00DE 00B0 00C4 00E0 00DE 008F 00E0 00E9 0096 0021 0008 0000
M031.ETC	0	209	0A3FA	00B6 00BD 00DE 00DD 0151 0020 015C 0097 00EF 009C 00E0 00F6 0021 0003 0180 01E8 00E9 025D 0228 0086 0020 0098 0092 026D 00F2 00E0 009F 0093 00E3 00DE 0003 00F4 008F 00E3 0098 00FA 00EF 009C 00E0 00E5 0091 0020 00FC 008F 00EA 008F 00EA 00A1 0008 0000
M031.ETC	0	210	0A427	0092 00F4 0020 00F4 008F 00E0 00E9 00EA 0169 00E3 00DE 00EA 00E5 0098 0003 0180 01E8 00EA 0020 026F 009E 00DE 00F7 00FA 00EF 009C 00E0 0096 00DE 00A5 00A5 00A5 00A1 0008 0000
M031.ETC	0	211	0A446	00E4 00DE 0093 009C 00E0 00E9 00E3 00DE 009D 0020 00B6 00BD 00DE 00DD 0151 00A5 00A5 00A5 0003 009A 00FD 00E5 0020 00F5 0096 0092 00E5 0139 00EA 0091 00F8 00EF 009E 00FD 009F 00DE 0003 00B5 00C3 00DE 00B6 00DE 00DD 0096 00DE 0020 0223 0224 00E6 00E5 008F 00E0 00E9 00E3 00DE 009D 0021 0008 0000
M031.ETC	0	212	0A478	009F 0020 009F 0093 00E3 00DE 009D 00E8 00A5 00A5 00A5 009F 00FA 00E3 00DE 00EA 00A5 00A5 00A5 0003 0169 00EA 0020 019D 013A 00E6 0270 0271 00E6 00EF 0092 00F8 00EF 009D 00E9 00E3 00DE 0021 0008 0000
M031.ETC	0	213	0A49C	0141 0142 013A 00E6 015A 015B 009C 00E0 0020 000A 0151 00F3 0003 00B6 00BD 00DE 00DD 0151 00E6 00EA 0020 0096 00E5 00FC 00E5 0096 008F 00E0 00E4 00EA 0021 0003 00EF 0091 0020 0091 0092 00E2 00E6 00F3 0020 0092 0092 0272 00E3 00DE 009D 00E5 0091 00A1 0008 0000
M031.ETC	0	214	0A4CA	000A 00EA 0020 000A 00EA 00A5 00A5 00A5 0003 0093 0093 008F 0020 0148 0096 00DE 00FC 0096 00F9 0020 0093 0093 008F 00A5 00A5 00A5 00A1 0008 0000
M031.ETC	0	215	0A4E3	00E5 0091 0020 0095 0092 00A5 00A5 00A5 00B5 00DA 00A5 00A5 00A5 0003 0092 00EF 0020 0148 0096 0157 00E5 009A 00E4 01FE 008F 00E0 0096 003F 0008 0000
M031.ETC	0	216	0A4FE	0092 00F4 0091 00A5 00A5 00A5 00E4 00DE 0093 0096 00E5 0091 00A5 00A5 00A5 00A1 0008 0000
M031.ETC	0	217	0A50E	0273 0274 00E9 00EE 009A 00F7 00E9 0020 00CF 00B8 00DE 00CF 00E9 0133 00ED 0021 0003 00BC 00DE 00AC 00DD 00CC 00DF 00BC 00AD 00B0 00BD 00DE 00E9 0020 00BC 00DE 00AC 00DD 00CC 00DF 01F6 00E3 00DE 00EA 0003 00CF 00B8 00DE 00CF 00E9 0275 0276 00EA 0277 00FA 00E5 0092 0020 00E4 010D 0092 00E3 0091 00F9 00A1 0008 0000
M031.ETC	0	218	0A54C	00CD 00CB 00DE 00B0 00BC 00AD 00B0 00BD 00DE 00E9 0020 0278 01C7 00E4 0279 01F6 0003 009F 00E9 011B 00BC 00DE 00AC 00DD 00CC 00DF 00E3 00DE 0020 00CB 00CB 00DE 00E9 027A 0086 027B 00F8 0003 027C 01E5 00B7 00AF 00B8 00E3 00DE 0020 022F 00E9 00CC 00DE 00DB 00AF 00B8 0086 01E5 0096 009D 00A1 0008 0000
M031.ETC	0	219	0A587	00B4 00D9 00CC 01EE 00E9 0135 00E2 0020 012E 012F 00E9 0190 01D4 0021 0003 00B4 00D9 00CC 00E9 0020 0256 016C 00E9 01AB 00F8 00E9 012E 012F 00EA 0003 013F 01AC 00F2 00E9 0130 00E3 00DE 0020 00CA 00DE 00AF 00C1 00D8 01F9 027D 00E0 00DE 0021 0008 0000
M031.ETC	0	220	0A5B9	027E 00E9 0191 024C 00E9 0020 01CA 027F 00F8 00E9 014D 00E9 012A 012B 00EA 003F 0003 014B 017E 00E9 0162 0280 0086 0020 009C 00DE 008F 0098 00F8 016D 0094 00E3 0003 0243 014B 0096 00F7 0020 0163 00E1 00E3 00F0 00E0 00F8 009D 00F9 00E9 00F3 0127 00E0 00DE 00A1 0008 0000
M031.ETC	0	221	0A5ED	0281 00E9 00D3 00DD 00BD 00C0 00B0 00E9 0020 0282 0234 00E4 01F9 0283 00EA 003F 0003 014B 0118 00E6 0092 00F9 00E4 0097 00EA 0020 00EB 00E0 009D 00F7 0225 0099 00DE 00E3 0003 0284 0118 00E9 00E4 0097 00E6 0020 009D 0096 009B 009D 00DE 0285 00F8 00E2 0099 00FB 0021 0008 0000
M031.ETC	0	222	0A623	01E5 0098 0130 0286 00E3 00DE 0020 01E5 0096 00E7 0130 0286 0096 00DE 01E5 0098 00E4 0097 0021 0003 019D 01AD 00E9 0233 00E9 0020 01E5 0098 0130 0286 0086 0203 009C 00E3 00F0 00F9 00E4 0003 0162 00EB 00EB 00DE 0097 00E4 0287 00E6 0020 009C 00DE 008C 00EF 00E5 0130 0286 0096 00DE 01E5 0098 00A1 0008 0000
M031.ETC	0	223	0A65D	00CA 00DF 00AF 00BE 00B0 00BC 00DE 00D0 00D7 00B0 00E9 0020 00C5 00BF 00DE 00E6 009E 00EF 00F9 0021 0003 0288 00E9 0191 024C 00E6 0020 0096 0098 009B 00FA 00E0 012E 012F 00E9 0289 00EA 0003 012E 012F 00E9 0289 00E6 011C 00FC 009E 00F9 00E4 0020 0289 00E9 0191 024C 00E6 003F 0008 0000
M031.ETC	0	224	0A695	028A 00E9 0020 00F3 0094 009B 0096 00F9 018B 018C 0086 01B4 0099 00FB 0021 0003 00CD 00CB 00DE 00B0 00BC 00AD 00B0 00BD 00DE 00E4 0020 00CC 00DE 00D7 00BD 00C4 00E9 012E 012F 00E0 00DE 0003 00E4 00DE 0093 009C 00E3 00F3 0020 018B 00FA 00E5 0092 028B 00E6 00F3 028C 009C 00E0 00F7 00A1 0008 0000
M031.ETC	0	225	0A6CD	00B8 00DE 00C4 00DE 00B0 00E9 0262 028D 00EA 0020 0092 00E0 009D 00DE 00F7 01D2 0097 003F 0003 00EF 009D 00DE 01E8 0159 00E6 0020 0106 01C9 00E9 028E 0086 028F 009B 00E5 0092 00E3 00DE 0003 0157 0248 00E9 028E 00E3 00DE 0020 01EC 019C 00E5 011B 0173 00E6 015A 0290 009D 00F9 00A1 0008 0000
M031.ETC	0	226	0A703	00C4 00B9 00DE 00C4 00B9 00DE 00BB 00CE 00DE 00C3 00DD 00E4 0020 015A 0138 008F 00E0 00F7 003F 0003 010B 0086 009D 0098 008F 00E3 0020 0291 0226 009C 00E6 009C 00E3 00F0 00F9 00E9 00E0 00DE 0003 00C4 00B9 00DE 0086 01E3 008F 010E 00F2 00E0 00F7 0020 009D 0096 009B 009D 00DE 0292 0293 0294 0295 00A1 0008 0000
M031.ETC	0	227	0A73E	00CA 00DF 00DC 00B0 00B8 00DE 00D7 00CC 00DE 0020 009F 00E9 0095 00E4 00DE 00FB 0097 00E9 01F6 0021 0003 009F 00E9 012E 012F 00E9 00B8 00DE 00D7 00CC 00DE 00E6 0020 0296 00F2 00F7 00FA 009C 01F6 00EA 0003 0130 0286 00F4 0297 0298 00F4 0288 0299 0298 009B 0094 0020 029A 0099 00DE 00F7 00FA 00F9 009F 00DE 0021 0008 0000
M031.ETC	0	228	0A77C	00CE 00CB 00DE 00AF 00C4 00EA 0020 00B5 00C3 00DE 00B6 00DE 00DD 01A1 00E9 029B 0263 00E9 029C 01E8 0021 0003 029D 029E 029F 00E9 0133 00E9 0020 02A0 0234 009A 0093 00E6 029C 00FD 00E3 00DE 0092 00E3 0003 009F 00E9 0239 0098 00E6 0020 029B 00E9 0191 024C 00E5 00E4 00DE 0096 00DE 0091 00F9 00E9 00E0 00DE 00A1 0008 0000
M031.ETC	0	229	0A7B6	00B8 00DE 00C4 00DE 00B0 00E9 0191 024C 00EA 0020 00CB 00CB 00DE 00E9 027A 00E6 0163 00E1 00E3 00F0 00FB 0021 0003 01ED 020A 014B 0096 00DE 008F 00E0 0020 02A1 02A2 00E9 0162 0280 00E6 014B 00F9 00E6 00EA 0003 00CB 00CB 00DE 00E9 027A 00E6 02A3 0086 0091 0099 0020 0163 00E1 00E3 00F0 00F9 009A 00E4 009B 00A1 0008 0000
M031.ETC	0	230	0A7F3	027E 00E9 0191 024C 00E9 012A 0020 00D3 00B8 00DE 00D7 00CA 00DD 00C4 00DE 00E9 0228 01C7 0021 0003 027E 0096 00DE 01D7 0098 011B 0173 00E5 00F7 00EA 00DE 0020 00E4 00DE 009A 00E3 00DE 0091 00FB 0093 00E4 0003 028B 00E9 014D 009B 0094 00F3 0020 00F3 0098 00DE 008F 00E3 0092 0099 00F9 00E9 00E0 00DE 0021 0008 0000
M031.ETC	0	231	0A82D	0191 0092 00E9 02A4 00E9 0020 02A5 00FA 00F7 00FA 00E0 0273 0274 00E9 012A 0021 0003 00F3 00E9 0098 00DE 009B 00E5 0020 0273 0274 01E8 00E9 02A6 02A7 009C 00E0 012A 00EA 0003 02A8 008F 00E0 00EF 00EF 014F 0096 00DE 0168 00FA 00F9 0020 02A9 0032 00E9 0127 00E0 00DE 00A1 0008 0000
M031.ETC	0	232	0A861	00D7 00B2 00CC 00BD 00C4 00AF 00B8 00E9 0020 0215 025D 00E9 016A 012F 0021 0003 028F 02AA 00E9 0020 00D7 00B2 00CC 016B 0136 0086 0116 0117 009D 00F9 02AB 00EA 0003 02AC 00E6 02AD 00EF 00F9 009A 00E4 00E3 00DE 0020 0215 025D 009D 00F9 02AB 00E0 00DE 00A1 0008 0000
M031.ETC	0	233	0A896	029B 0263 00E9 00B6 00D2 00E4 00E9 0020 02AE 0092 00E2 0097 0091 0092 016A 0021 0003 0177 0097 00E5 00D5 00DA 00E3 00DE 00EB 008F 0098 00F8 01BF 009C 00E0 00B6 00D2 00EA 0003 0203 009D 00E4 02AF 0092 00F6 0098 02B0 00F8 0020 00D0 00BF 00DE 00E6 00EA 00EF 00F9 009F 00DE 00A1 0008 0000
M032.ETC	0	0	07595	00B9 00DE 00B0 00D1 0086 0020 00E1 008D 0093 00E0 00DE 00FD 009C 00EF 009D 0003 00F6 00FB 009C 0092 00E3 00DE 009D 0096 003F 0000
M032.ETC	0	1	075AE	0015 0002 00C3 00DE 00B0 00C0 0086 0100 00FD 00E3 00DE 0098 00E0 00DE 009B 0092 0000
M032.ETC	0	2	075C0	0015 0002 0101 0102 0086 0100 00FD 00E3 00DE 0098 00E0 00DE 009B 0092 0000
M032.ETC	0	3	075D2	0015 0002 00CA 00DE 00AF 00B8 00B1 00AF 00CC 00DF 0052 0041 004D 0086 0100 00FD 00E3 00DE 0098 00E0 00DE 009B 0092 0000
M032.ETC	0	4	075EC	0015 0002 009A 00E9 00C3 00DE 00B0 00C0 0086 0020 0103 009C 00E3 00F6 00FB 009C 0092 00E3 00DE 009D 0096 003F 0000
M032.ETC	0	5	07602	0015 0002 009A 00E9 00C3 00DE 00B0 00C0 0086 0020 0104 0105 009C 00EF 009D 0096 003F 0000
M032.ETC	0	6	07615	0015 0002 0106 0107 0052 0041 004D 00E9 0108 0109 0096 00DE 0020 010A 010B 009C 00E3 0092 00EF 009D 0008 0000
M032.ETC	0	7	0762D	0015 0002 00B6 00B0 00C4 00D8 00AF 00BC 00DE 0052 0041 004D 00E9 0108 0109 0096 00DE 0020 010A 010B 009C 00E3 0092 00EF 009D 0008 0000
M032.ETC	0	8	0764A	0015 0002 0108 0109 010A 010B 00E9 00E0 00F2 0020 00BA 00CB 00DF 00B0 00E3 00DE 0097 00EF 009E 00FD 0008 0000
M032.ETC	0	9	07661	0015 0002 0108 0109 010A 010B 00E9 00E0 00F2 0020 0105 010C 00E9 00BE 00B0 00CC 00DE 00EA 00E3 00DE 0097 00EF 009E 00FD 0008 0000
M032.ETC	0	10	0767C	0015 0002 00B6 00B0 00C4 00D8 00AF 00BC 00DE 0052 0041 004D 0096 00DE 0020 0091 00F8 00EF 009E 00FD 0008 0000
M032.ETC	0	11	07693	0015 0002 00B6 00B0 00C4 00D8 00AF 00BC 00DE 0052 0041 004D 00E6 00EA 0020 010D 0097 010E 00F0 00E3 00DE 0097 00EF 009E 00FD 0008 0000
M032.ETC	0	12	076B0	0015 0002 010F 0097 00FB 0098 00E9 009C 008E 0110 0086 0020 00EB 00E4 00E2 0111 008F 00E3 0003 009A 009A 00EF 00E3 00DE 00E9 0112 0113 0086 0020 0114 0115 009D 00F9 009A 00E4 0096 00DE 00E3 00DE 0097 00EF 009D 00A1 0003 0114 0115 009C 00EF 009D 0096 003F 0000
M032.ETC	0	13	076E2	0015 0009 0007 0114 0115 0086 0116 0117 009D 00F9 00E0 00F2 00E6 0031 0037 00E9 0118 0097 0108 0109 0096 00DE 0119 011A 00E3 00DE 009D 00A1 0003 009A 00E9 00EF 00EF 00B9 00DE 00B0 00D1 0086 00BD 00C0 00B0 00C4 009B 009E 00E0 011B 011C 0003 0114 0115 0086 0116 0117 009D 00F9 009A 00E4 0096 00DE 00E3 00DE 0097 00EF 009E 00FD 0005 0003 0112 0113 00E9 0114 0115 0086 0116 0117 009C 00E0 0092 011B 011C 00EA 0003 0116 0117 00C3 00DE 00B0 00C0 011D 0102 011E 011F 00E3 00DE 00C3 00DE 00B0 00C0 0086 0120 0102 009C 00E3 0003 00B9 00DE 00B0 00D1 0086 0121 00BD 00C0 00B0 00C4 009C 00E3 0098 00E0 00DE 009B 0092 00A1 0008 0000
M032.ETC	0	14	0775C	0015 0002 0009 0007 010D 0097 010E 00F0 00E6 0122 0123 009C 00EF 009C 00E0 0008 0000
M032.ETC	0	15	07770	0015 0002 00CA 00DE 00AF 00B8 00B1 00AF 00CC 00DF 00C3 00DE 00B0 00C0 00EA 0091 00F8 00EF 009E 00FD 0000
M032.ETC	0	16	07786	0015 0009 0007 0106 0107 0052 0041 004D 00E9 0124 0125 0096 00DE 0020 00E3 00DE 0097 00E3 0092 00EF 009E 00FD 00A1 0003 0116 0117 00C3 00DE 00B0 00C0 011D 0102 011E 011F 00E3 00DE 0020 0126 00E3 00E9 0114 0115 0086 0103 009C 0003 00B9 00DE 00B0 00D1 0086 0020 0121 00BD 00C0 00B0 00C4 009C 00E3 0098 00E0 00DE 009B 0092 00A1 0000
M032.ETC	0	17	077C7	0015 0009 0007 00B6 00B0 00C4 00D8 00AF 00BC 00DE 0052 0041 004D 00E9 0124 0125 0096 00DE 0020 00E3 00DE 0097 00E3 0092 00EF 009E 00FD 00A1 0003 0116 0117 00C3 00DE 00B0 00C0 011D 0102 011E 011F 00E3 00DE 0020 0126 00E3 00E9 0114 0115 0086 0103 009C 0003 00B9 00DE 00B0 00D1 0086 0020 0121 00BD 00C0 00B0 00C4 009C 00E3 0098 00E0 00DE 009B 0092 00A1 0000
M032.ETC	0	18	0780D	0015 000E 0086 0127 00E6 0128 00FA 00E0 0004 0000
M032.ETC	0	19	0781A	0015 000A 00EA 0020 00CA 00DE 00C4 00D9 00BF 00B0 00C4 00DE 0086 0129 00E2 0099 00E3 0003 00BC 00AE 00B0 00C4 00BF 00B0 00C4 00DE 0086 0020 012A 012B 00E6 0095 0092 00E0 00A1 0008 0000
M032.ETC	0	20	0783E	0015 012C 0096 00DE 0096 0096 008F 00E3 0092 00F9 0004 0000
M032.ETC	0	21	0784A	009F 00FA 00EA 0020 00B4 00D9 00CC 00E6 012D 00FC 00F9 012E 012F 0130 00A5 00A5 00A5 0003 0097 008F 00E4 0020 000A 00E6 0131 0132 00E2 00EA 009D 00DE 00E0 00DE 0005 0000
M032.ETC	0	22	0786B	009A 00E9 0133 00EA 0020 00B7 00D0 00E6 00EA 00EF 00E0 00DE 0134 0102 00E0 00DE 0003 009F 00FA 0086 0135 008F 00E3 0020 0136 00E6 0137 00F8 00E5 009B 0092 0003 0092 009D 00DE 00FA 0138 0093 0139 00EF 00E3 00DE 00A5 00A5 00A5 009B 00F7 00EA 00DE 00E0 00DE 00A1 0008 0000
M032.ETC	0	23	0789C	00EF 0091 0020 000A 013A 008F 00E0 00F7 00A5 00A5 00A5 0003 013B 013C 0086 0020 0095 013D 00E6 009B 00FA 00F9 00E5 00FD 00E3 0003 013E 013F 008F 0140 0096 00DE 0020 0095 0091 00F8 00E5 00FD 00E3 00DE 009D 009A 00E4 0021 0008 0000
M032.ETC	0	24	078C4	0093 00EC 00EC 00A5 00A5 00A5 000A 013A 00EA 0003 0141 0142 00E9 0143 0144 00E6 0020 0095 00E5 00F8 00E6 00E5 008F 00E3 00F3 0003 0096 009B 00DE 00F8 0140 00E9 00E5 0092 0020 0145 0146 00E3 00DE 009D 00E9 00E8 003F 0008 0000
M032.ETC	0	25	078ED	000A 013A 00E9 0020 0095 0147 00FA 00E9 013B 013C 00EA 0003 00E4 00DE 00E1 00F7 00E3 00DE 0020 0129 00E2 0099 00F7 00FA 00E0 00E9 00E3 00DE 009D 003F 0003 0148 00E0 00DE 0096 0020 00E4 008F 00E3 00F3 0140 0149 0096 00DE 0091 00F8 00EF 009D 00FC 00A1 0008 0000
M032.ETC	0	26	0791B	00BA 00CE 00DD 00A5 00A5 00A5 014A 009C 014B 0099 00DE 00E3 0095 0097 00EF 009D 0096 00DE 0003 014C 014D 00E6 0020 014E 0097 014F 0086 0135 00E1 010E 00F1 009A 00E4 00EA 0003 0096 00E0 0098 0150 009C 00DE 00F7 00FA 00E3 0095 00F8 00EF 009D 0020 00CA 00B2 00A1 0008 0000
M032.ETC	0	27	0794E	0095 00F4 0020 000A 0151 00E9 0095 013D 00EA 00A5 00A5 00A5 0003 00F3 009C 00F4 0020 013B 013C 00E3 00DE 00EA 0091 00F8 00EF 009E 00E7 0096 00E5 0003 00ED 0094 0094 0020 009F 0093 0092 0093 0020 009C 008D 0152 00E3 00DE 009D 0096 003F 0008 0000
M032.ETC	0	28	0797B	0091 00FA 00EF 0091 0020 013B 013C 0086 0153 0094 00E3 00E9 0154 014C 00E4 00EA 0003 0092 008F 00E0 0092 0020 00E4 00DE 00E9 00F6 0093 00E5 0155 0156 00E3 00DE 009D 0096 00E5 003F 0003 009A 00FA 00EF 00E0 0020 0157 00FC 008F 00E0 0095 013D 00E0 00DE 009A 00E4 00A5 00A5 00A5 00A1 0008 0000
M032.ETC	0	29	079AE	0148 00E3 00DE 009D 0096 00A5 00A5 00A5 000A 0151 003F 0003 00F4 00F4 0020 00F3 009C 00F4 0020 009F 00E9 013B 013C 0086 0003 0158 0102 009C 00E3 0098 00FA 00E4 0020 0092 00FC 00FA 00EF 009D 0096 003F 0008 0000
M032.ETC	0	30	079D5	0095 0159 00EA 0020 0141 0142 00E6 015A 015B 009C 00E0 009A 00E4 00E3 00DE 0003 00E4 00DE 009A 0096 0020 0095 0096 009C 0098 00E5 008F 00E0 00E9 0096 003F 0003 00E0 00DE 008F 00E3 0020 009F 00FA 0020 013B 013C 00E0 00DE 00F6 00E5 0091 00A1 0008 0000
M032.ETC	0	31	079FF	000A 0096 00DE 0020 0112 0113 00E6 015A 00E3 00F9 00E4 015C 0092 00E3 0003 00E4 00DE 00FD 00E5 009A 00E4 0086 0020 00F4 008F 00E3 0098 00F9 0096 00E4 015D 008F 00E0 00F7 0003 00A5 00A5 00A5 013B 013C 0086 0020 009B 0096 00DE 009C 00E3 0098 00F9 009A 00E4 00E4 00EA 0021 0008 0000
M032.ETC	0	32	07A2F	0095 00FA 00EA 0020 000A 00E9 015A 015B 00E9 015E 00F7 009E 0086 0003 015F 0160 00E6 0020 00F6 00FB 009A 00FD 00E3 00DE 0092 00E0 00FD 00E0 00DE 0099 00E4 00DE 00A5 00A5 00A5 0003 013B 013C 0086 0153 0094 00F9 0020 0095 0159 0086 0129 00F9 00E4 0020 00B6 00DE 00AF 00B6 00D8 00E0 00DE 00A1 0008 0000
M032.ETC	0	33	07A65	000A 0151 00EA 0020 0141 0142 00E6 00E5 00F7 00FA 00E3 0003 00EF 009D 00EF 009D 0020 00E0 0098 00EF 009C 0098 00E5 008F 00E0 00A5 00A5 00A5 0096 00DE 0003 00CC 00DF 00CC 00DF 00AF 0020 0095 013D 00E6 013B 013C 00E4 00EA 0020 00B9 00AF 00BB 00B8 00E0 00DE 0021 0008 0000
M032.ETC	0	34	07A95	0021 0020 000A 013A 00EA 0020 00EA 009D 00DE 0096 009C 0098 00E5 0092 00E9 0096 003F 0003 0141 0142 00E0 00F9 0161 0096 00DE 0020 013B 013C 0086 0153 0094 00F9 00E4 00EA 00A5 00A5 00A5 0003 00B5 00C3 00DE 00B6 00DE 00DD 00E9 0141 0142 00F3 0020 0162 00E6 0163 00E1 00E0 00E5 0091 00A1 0008 0000
M032.ETC	0	35	07AC9	000A 013A 00E9 0020 0164 00FB 00E6 0092 00F9 00E9 00EA 0003 013B 013C 00E3 00DE 009D 0099 00E4 00DE 00A5 00A5 00A5 00EA 00EA 0091 00A5 00A5 00A5 0003 0141 0142 00E9 0112 0113 00E4 0020 0165 0166 0096 00DE 0091 00F9 00FD 00E3 00DE 009C 008E 003F 0008 0000
M032.ETC	0	36	07AF5	000A 013A 00EA 0020 013B 013C 0086 0167 00FC 00FA 00E0 00E9 003F 0003 00E3 00DE 00F3 0020 00E5 00FD 00E3 0097 00FA 0092 00E5 013B 013C 00E5 00FD 00E3 00DE 009C 008E 0021 0003 009F 00FA 00E6 0020 0140 0149 00E6 0091 00EC 00FA 00E3 0092 00F9 00FC 00F6 00A1 0008 0000
M032.ETC	0	37	07B24	000A 013A 00E4 0020 013B 013C 00E9 0168 00F8 011C 00FC 009E 003F 0003 00F0 00FD 00E5 00EA 0020 0095 0096 009C 0098 015D 0093 00E3 00DE 009C 008E 0093 0099 00E4 00DE 0003 0169 00EA 00A5 00A5 00A5 009D 009A 00DE 0098 00BD 00C3 00B7 00E0 00DE 00E4 015D 0093 00A1 0008 0000
M032.ETC	0	38	07B55	0141 0142 00E6 00E5 00F7 00FA 00E0 0020 000A 013A 00E3 00DE 009D 00E8 003F 0003 009F 00FD 00E5 0143 0144 00E9 016A 0096 00DE 0020 0091 00F7 0020 0092 00F4 00E0 00DE 00FC 0091 0003 013B 013C 0096 00DE 0020 0164 0086 00E2 0099 00E3 0097 00E3 0092 00EF 009D 00FC 00F6 00A1 0008 0000
M032.ETC	0	39	07B87	00ED 008A 008A 0020 00CE 00DD 00C4 00E6 016B 0136 00E0 00DE 00E5 0091 00A5 00A5 00A5 0003 000A 0096 00DE 0020 013B 013C 0086 0153 0094 00E3 016C 0098 00E5 00FD 00E3 0003 0092 00EF 00EF 00E3 00DE 00E9 00B7 00D0 0096 00F7 00EA 0020 016D 0094 00F7 00FA 00E5 0092 00F6 00A1 0008 0000
M032.ETC	0	40	07BBA	0093 0020 0093 00FD 003F 0020 00E5 00FD 00E0 00DE 00BB 00D9 009C 00DE 008C 00E5 0092 0096 0021 0003 015A 015B 00E9 00C1 00AC 00DD 00BD 0086 0020 00E9 0096 00DE 009C 00E0 00CE 00DE 00B8 0086 0003 00E5 0098 00DE 009B 00F2 00E6 0020 0097 00E3 0098 00FA 00E0 00FD 00E0 00DE 00E8 0020 0098 00DE 00B0 00A1 0008 0000
M032.ETC	0	41	07BF1	00EF 0091 0020 0096 00FC 0092 0092 0020 0095 00BB 00D9 009B 00FD 0003 0097 008F 00E4 0020 0095 016E 00E3 00DE 00F3 009D 0092 00E0 00FD 00E3 00DE 009C 008E 003F 0003 00E3 00DE 00F3 016F 0020 00CA 00DE 00C5 00C5 00EA 0135 008F 00E3 0092 00E5 0092 00E9 00A1 0008 0000
M032.ETC	0	42	07C21	0091 00F7 00B2 00D4 00E0 00DE 00FC 0020 00BB 00D9 009C 00DE 008C 00E5 0092 00E9 00F6 0003 00BB 00D9 00EA 0020 009D 0098 00DE 00B2 00C0 00BD 00DE 00D7 009D 00F9 0096 00F7 0003 00B7 00D7 00B2 00E5 00E9 00F6 00E8 008A 0020 00BC 00AF 00BC 0020 00BC 00AF 00BC 00A1 0008 0000
M032.ETC	0	43	07C55	0095 014C 00E6 0020 0095 00BB 00D9 009B 00FD 0096 00DE 0098 00F9 00E5 00FD 00E3 0003 0097 008F 00E4 0020 00EA 009C 00DE 00F2 00E3 00E9 009A 00E4 009C 00DE 008C 00E5 0092 003F 0003 0099 0092 00EB 00DE 0170 00EA 0020 0148 009C 00E3 00F9 00E9 0096 009C 00F7 0021 0008 0000
M032.ETC	0	44	07C84	00BA 00CE 00DD 00A5 00A5 00A5 014A 009C 014B 0099 00DE 00E3 0095 0097 00EF 009D 0096 00DE 0003 00B5 00C3 00DE 00B6 00DE 00DD 014C 00E3 00DE 00EA 0020 014E 0097 014F 00E9 0128 014C 00EA 0003 0096 00E0 0098 0020 0095 0171 00F8 014A 009C 014B 0099 00DE 00E3 0095 00F8 00EF 009D 009F 00DE 00A1 0008 0000
M032.ETC	0	45	07CBB	0095 0092 0020 00BB 00D9 0021 0020 00E4 00DE 009A 0096 00F7 0172 00E0 00FD 00E0 00DE 0003 009F 00FD 00E5 0173 00E3 00DE 0020 00C0 00DE 00DD 00BD 0086 009C 00E3 00E5 0092 00E3 00DE 0003 0174 00F1 0096 00F7 0020 014C 0096 00F7 015A 00E3 0175 008F 00E3 0098 00FA 0021 0008 0000
M032.ETC	0	46	07CEB	00EE 00EE 0093 0020 009A 00FA 0096 00DE 00D3 00DD 00B7 00B0 00C0 00DE 00DD 00BD 0021 0003 00E1 00EF 00E0 00E9 0020 0176 0161 00E0 00E1 00E9 0091 0092 00E0 00DE 00E3 00DE 00EA 0003 0177 0178 0175 00E9 0020 0095 00E4 00DE 00F8 00E4 015C 0097 00EF 009C 00E0 00A1 0008 0000
M032.ETC	0	47	07D1D	0091 00F8 008C 0020 009A 00F8 008C 00EF 00E0 00A5 00A5 00A5 00A5 0003 00E3 00DE 008F 0096 0092 00BB 00D9 0096 00DE 0020 00F4 008F 00E3 0097 00E0 009F 00DE 0003 00E4 00DE 0093 00F4 008F 00E3 0020 0158 0102 009D 00F9 00E9 0096 00E5 0091 003F 0008 0000
M032.ETC	0	48	07D49	009A 0092 00E2 0020 00B5 00DA 00E9 0159 00E3 00DE 00C0 00DE 00DD 00BD 00E4 00EA 0021 0003 0127 0179 0086 0132 00E3 00E5 0092 0020 00B5 00DA 00E9 009A 00E4 0086 0003 00CA 00DE 00B6 00E6 009C 00E3 00F9 00F0 00E0 0092 00E3 00DE 0020 0098 00F4 009C 0092 009E 00DE 00A1 0008 0000
M032.ETC	0	49	07D7A	00C0 00DE 00DD 00BC 00DD 00B8 00DE 0020 00C0 00DE 00DD 00BC 00DD 00B8 00DE 0021 0003 009A 00F8 008C 00EF 00E0 0020 009D 0099 00DE 008A 00D8 00BD 00DE 00D1 017A 00E0 00DE 00E5 0003 00B5 00DA 00F3 0020 00D1 00BD 00DE 00D1 00BD 00DE 009C 00E3 0097 00E0 009E 00DE 0021 0008 0000
M032.ETC	0	50	07DAE	0091 0091 0020 00F4 00F2 00FB 008F 0020 00F4 00F2 00E3 0098 00FA 008F 0003 016F 0139 00EA 0020 017B 0096 00F7 017C 0096 00DE 017D 0092 008F 00E3 00E9 00E6 0003 009F 00FD 00E5 00E4 009A 00E3 00DE 0020 00C0 00DE 00DD 00BD 009B 00FA 00E3 00E0 00EF 00F9 0096 0021 0008 0000
M032.ETC	0	51	07DDE	014C 017E 017F 00E6 0020 0180 0177 00E5 00BB 00D9 0096 00DE 0172 00F9 00E5 00FD 00E3 0003 0148 0096 00E9 0020 0159 0181 00FA 00E6 00E1 0096 00DE 0092 00E5 0092 00E3 00DE 009D 0003 00A5 00A5 00A5 00E6 009C 00E3 00F3 0020 00C9 00D8 00E9 0092 0092 00BB 00D9 00E0 00DE 0021 0008 0000
M032.ETC	0	52	07E10	0091 00F8 008C 00F8 008C 0020 0092 0097 00E5 00F8 00C0 00DE 00DD 00BD 00E4 00EA 0003 0177 0182 00E6 009C 00E3 0020 010A 0183 00E5 00BB 00D9 00E3 00DE 009D 00E8 008A 0003 0092 00E2 00EF 00E3 00DE 0095 00E4 00DE 00F9 0096 0020 0129 00E3 00F6 008F 00E4 0021 0008 0000
M032.ETC	0	53	07E41	009A 00FA 00EA 0020 00BB 00D9 00E0 00DE 00F6 00E5 0091 00A5 00A5 00A5 0003 0184 00EF 00E3 00DE 0020 00F4 008F 00E3 00F9 008F 00E3 009A 00E4 00EA 0003 00BB 00B0 00B6 00BD 0096 00F7 0020 00E6 0099 00DE 00E0 00E9 0096 00F3 0021 0008 0000
M032.ETC	0	54	07E6A	00EF 0091 0020 0096 00FC 0092 0092 0020 0095 00BB 00D9 009B 00FD 00E0 00DE 00FC 0003 00E3 00DE 00F3 00A5 00A5 00A5 0096 00FC 0092 0092 008F 00E3 0092 0093 00E6 00EA 0003 00E1 008E 008F 00E4 0020 0177 0097 009D 0097 00DE 00F9 0140 00F3 009D 00F9 00FC 00A1 0008 0000
M032.ETC	0	55	07E99	0097 008C 00B0 008F 0020 00E0 00DE 00FA 0096 00B0 008F 0020 0185 0099 00E3 00B0 008F 0003 00A5 00A5 00A5 008F 00E3 0020 0095 00E4 00DE 00FB 0092 00E3 00F0 00E0 0099 00E4 00DE 0003 00EB 00E0 009D 00F7 0020 0095 00E4 00DE 008F 00E3 0092 00F9 00E0 00DE 0099 00E0 00DE 00FC 00A1 0008 0000
M032.ETC	0	56	07ECA	0186 0187 00E9 0157 00FC 00F8 013F 00EA 0020 00E4 00DE 00FD 00E5 014E 0097 014F 00F3 0003 00E0 009C 0096 00E6 0020 0188 0096 00FA 00F9 00F3 00E9 00E0 00DE 0099 00E4 00DE 0003 009A 00FA 00EA 0020 00E1 008E 008F 00E4 0020 0188 0096 00FA 009D 0097 00DE 00F6 00A1 0008 0000
M032.ETC	0	57	07EFB	009A 009A 00EA 0020 0189 018A 00E9 0161 00E9 00E0 00F2 00E9 0003 018B 018C 018D 00E9 0020 00CD 00DE 00AF 00C4 00DE 00D9 00B0 00D1 00E0 00DE 0003 018E 018D 009D 00F9 0161 00EA 0020 014A 018F 009C 00E3 0098 00FA 00A1 0008 0000
M032.ETC	0	58	07F26	00D1 00C6 00AC 00D1 00C6 00AC 00A5 00A5 00A5 00BD 00B0 00BD 00B0 0008 0000
M032.ETC	0	59	07F37	0174 00F1 0096 00F7 0020 0190 009A 009B 00E5 0092 00E3 00DE 0098 00FA 00A5 00A5 00A5 0003 00B5 00DA 0020 0191 0192 0097 0096 00DE 009D 009A 00DE 0098 0193 0092 0096 00F7 0003 0119 0194 00E6 0020 0191 00F6 0093 00E4 009C 00E3 00F9 00FD 00E0 00DE 00A5 00A5 00A5 00A1 0008 0000
M032.ETC	0	60	07F69	00B6 00B2 00CA 00DF 013A 00EA 0020 0099 0092 00EB 00DE 0086 0195 0196 009D 00F9 00E4 0003 009A 00FD 00E5 0173 00EF 00E3 00DE 0020 0170 0086 0197 0125 009C 00E0 0096 00DE 0003 009A 009A 0086 0020 0198 00F9 0119 011A 0096 00DE 0091 00F9 00E9 0096 00E5 003F 0008 0000
M032.ETC	0	61	07F99	00EA 0092 0020 00E5 00FD 00E3 00DE 009C 008E 0093 00A5 00A5 00A5 003F 0003 0199 013A 00E6 0020 009A 00DE 018D 019A 0096 00DE 0091 00F9 00E9 00E3 00DE 009C 008E 0093 0096 00DE 0003 016F 00EA 0020 019B 00E4 00F3 0138 00FC 00FA 00E5 0092 009F 0093 00E3 00DE 009D 00FC 00A1 0008 0000
M032.ETC	0	62	07FCA	0169 00A5 00A5 00A5 0199 013A 0086 0129 00E3 0092 00F7 00FA 00EF 009E 00FD 0003 00BB 00C3 00D7 0199 019C 00E9 009A 00E4 00E3 00DE 0020 0155 0086 017D 00F2 00E3 0003 019D 019A 00F3 0020 00C9 00C4 00DE 0086 019E 00F7 00E5 0092 00E9 00E3 00DE 009D 00FC 00A1 0008 0000
M032.ETC	0	63	07FFB	0199 013A 0086 0020 009A 00FD 00E5 013F 00E6 0091 00FC 009E 00E0 00E9 00EA 0003 00C0 00DE 00B0 00B8 00B4 00D9 00CC 00E9 0020 00CA 00DF 00BF 00DE 00B0 00C4 00E3 00DE 009D 008F 00E3 0021 0003 0091 00E5 00E0 00EA 0020 009F 00E9 019F 0086 009A 00DE 0117 009C 00DE 00E3 00DE 009D 0096 003F 0008 0000
M032.ETC	0	64	0802F	0199 013A 00EA 0020 00CE 00CB 00DE 00AF 00C4 00E0 00E1 00E4 0138 0094 00F9 00E4 0003 0091 00FD 00E5 00E6 0020 01A0 009C 00F0 00E6 009B 00FA 00E3 0092 00E0 00E9 00E6 0003 00E4 00DE 0093 009C 00E3 0020 01A1 0092 01A2 009D 009A 00E4 00E6 009C 00E0 00E9 0096 009C 00F7 00A1 0008 0000
M032.ETC	0	65	08061	0199 013A 00EA 0020 019B 00E4 00F3 0095 0138 0092 00E6 00E5 00F8 00EF 009E 00FD 0021 0003 009A 00FD 00E5 009A 00E4 00E6 00E5 008F 00E0 00E9 00F3 0020 01A3 0086 01A4 009E 00EA 00DE 0003 0170 0142 00E0 00E1 0096 00DE 0020 00E5 00EF 0099 00E3 0092 00E0 0095 0096 0099 00DE 00E3 00DE 009D 009F 00DE 00A1 0008 0000
M032.ETC	0	66	08097	012E 012F 0111 0092 00E9 0020 00CA 00DF 00BF 00DE 00B0 00C4 00E9 01A5 0092 00EA 00A5 00A5 00A5 0003 00B5 00C3 00DE 00B6 00DE 00DD 00E6 01A6 009D 00F9 0020 01A7 01A8 00E6 01A9 0092 00E5 0092 0003 00D4 00C2 00EA 0020 00B5 00C3 00DE 00B6 00DE 00DD 01AA 0086 00E5 00F2 00E3 0092 00F9 00E9 00E3 00DE 009D 00A1 0008 0000
M032.ETC	0	67	080D1	0199 013A 00E4 00CE 00CB 00DE 00AF 00C4 0086 0020 0138 0129 009B 009E 00E5 0092 00E9 00E6 00EA 0003 00D4 00C2 00E9 01AB 00F0 00E4 00A5 00A5 00A5 0165 0166 0096 00DE 0091 00F8 00EF 009D 009F 00DE 0003 0093 00F1 0020 0097 008F 00E4 0020 009F 0093 00E6 01A9 0092 0091 00F8 00EF 009E 00FD 00A1 0008 0000
M032.ETC	0	68	08109	01AC 0161 0151 00EA 0020 00E4 00DE 0093 009B 00FA 00EF 009C 00E0 0096 00A5 00A5 00A5 0003 018C 00F8 01AD 0099 00F9 01AE 00E6 00E2 0092 00E3 0020 01AF 00ED 00DE 00E6 0175 008F 00E3 0003 0033 0139 00EE 00E4 00DE 0020 0137 008F 00E3 0172 00F7 00FA 00EF 009E 00FD 00E5 0091 00A1 0008 0000
M032.ETC	0	69	0813E	009A 00E9 0133 00EA 0020 01B0 01B1 00E6 00E5 008F 00E3 0092 00F9 0021 0003 00E0 00E4 0094 0020 01B2 0096 00DE 00B5 00C3 00DE 00B6 00DE 00DD 0170 0142 00E3 00DE 0091 00FB 0093 00E4 0003 00F1 00E0 00DE 00FD 00E3 00DE 01B3 00EF 009E 00F9 0020 00FC 0099 00E6 00EA 00EF 0092 00F7 00FD 00A1 0008 0000
M032.ETC	0	70	08174	00E4 00DE 0093 00F3 0020 0095 0159 00EA 0105 0128 00F8 00F7 009C 0092 0096 00F7 0003 0199 013A 00E6 0020 0138 008F 00E3 00F0 00E0 0092 00E9 00E0 00DE 00FB 0093 0096 00DE 0003 016F 0139 00E9 00E4 009A 00FB 00EA 0020 0091 0097 00F7 00F2 00F9 00FD 00E0 00DE 00E5 00A1 0008 0000
M032.ETC	0	71	081A4	009A 009A 00EA 0020 00BB 00C3 00D7 0199 019C 00E9 0095 01B4 01B5 00E3 00DE 009D 0003 0151 016A 00E9 015A 0128 00F8 00EA 0020 01B6 009B 00FA 00EF 009E 00FD 0003 00E4 00DE 0093 0096 0020 0095 0137 00F8 017E 009B 0092 00A1 0008 0000
M032.ETC	0	72	081CF	00BB 00C3 00D7 0199 019C 00EA 0020 00E4 00E3 00F3 0140 009B 0098 00E5 016A 00E3 00DE 0003 01B7 0086 0096 0099 00E3 01B8 0098 00E9 0096 00DE 0020 01A0 009C 00F0 00E5 00E9 00E0 00DE 0003 00E3 00DE 00F3 009A 00E9 01B9 0139 00A5 00A5 00A5 01BA 0086 0129 00E5 0092 00E5 00A1 0008 0000
M032.ETC	0	73	08201	00D1 00B0 00D1 00D1 00D1 00AF 0020 00CA 00DF 00BF 00DE 00B0 00C4 00F2 008A 008A 008F 0003 0169 00E9 0177 019A 00E5 0020 00BB 00C3 00D7 0199 019C 00E6 0148 0086 0021 0005 0000
M032.ETC	0	74	08225	0169 00EA 01BB 01BC 019E 00F8 0020 00CE 00CB 00DE 00AF 00C4 00E6 0138 00FC 00FD 009F 00DE 0003 00A5 00A5 00A5 009C 0096 009C 0020 0091 00E9 00B5 00B0 00CC 00DE 00EA 01BD 009E 00FD 0003 0199 01BE 00E9 012A 0020 012E 012F 00E9 00B5 00B0 00CC 00DE 00E0 00DE 0099 00EA 00A5 00A5 00A5 00A1 0008 0000
M032.ETC	0	75	0825B	00B3 0020 00B3 00B0 00DD 00A5 00A5 00A5 00BD 00D4 00BD 00D4 00A5 00A5 00A5 00A1 0008 0000
M032.ETC	0	76	0826D	0095 0159 009B 00FD 00EA 0020 0105 01BF 00E9 000A 00E0 00DE 00E5 003F 0003 00B1 00D9 00CC 00DA 00AF 00C4 00DE 0096 00F7 0020 014A 018F 00EA 01C0 0099 00E3 00F9 0003 0118 0092 00E3 00F9 00CD 00DE 00AF 00C4 00DE 0086 0020 018E 018D 009C 00E3 0098 00FA 00A1 0008 0000
M032.ETC	0	77	0829F	009A 009A 00EA 0020 018B 018C 018D 00E9 00CD 00DE 00AF 00C4 00DE 00E3 00DE 0003 018C 00F9 009A 00E4 0096 00DE 0020 00E3 00DE 0097 00EF 009D 0003 0189 00EF 00E3 00DE 0020 018C 00F8 00EF 009D 0096 003F 0000
M032.ETC	0	78	082C3	00A5 00A5 00A5 0093 0020 0093 00B0 00FD 00A5 00A5 00A5 00A1 0008 0000
M032.ETC	0	79	082D0	00F4 0091 0020 000A 00A5 00A5 00A5 0003 00F3 0093 0020 01C1 01C2 00E4 0129 00E3 0097 00E0 00E9 0096 0092 003F 0005 0000
M032.ETC	0	80	082E7	00E0 00DE 008F 00E0 00F7 0020 00C3 00B0 00CC 00DE 00D9 00E9 0170 0142 00E6 01C3 009C 00E3 0003 00CD 00DE 00AF 00C4 00DE 00E3 00DE 0020 018C 008F 00E0 00F7 0092 0092 00F6 00A5 00A5 00A5 0003 009F 00FA 009C 00DE 008C 0020 0095 00F4 009D 00F0 00A5 00A5 00A5 009D 00F4 009D 00F4 00A1 0008 0000
M032.ETC	0	81	0831A	00A5 00A5 00A5 0093 0020 0093 00B0 00FD 00A5 00A5 00A5 0003 0098 00DE 00B0 0098 00DE 00B0 0020 009D 00F4 009D 00F4 00A5 00A5 00A5 00A1 0008 0000
M032.ETC	0	82	08334	0091 0092 00E2 00F7 00A5 00A5 00A5 01C4 00ED 00DE 0191 00E3 00E0 00EA 009D 00DE 00E5 00E9 00E6 0003 00EF 00E0 0020 018B 018C 00CD 00DE 00AF 00C4 00DE 00E3 00DE 0191 00E1 00EF 008F 00E0 00FD 00E0 00DE 0003 00F6 0098 018C 00FA 00F9 00E5 0091 0020 00B3 00DD 0020 00CB 00DE 00AF 00B8 00D8 00E0 00DE 00A1 0008 0000
M032.ETC	0	83	0836B	0091 0020 0091 0020 00B7 00D8 0096 00DE 00A5 00A5 00A5 00B7 00D8 0096 00DE 00A5 00A5 00A5 0003 00E5 00FD 00E0 00DE 0096 00A5 00A5 00A5 0140 0135 00E1 0096 00DE 0092 0092 00A5 00A5 00A5 0003 00B8 00DE 00B0 00AF 00A5 00A5 00A5 00BD 00D4 00BD 00D4 00A5 00A5 00A5 00A1 0008 0000
M032.ETC	0	84	0839A	01C5 01C6 00EA 00A5 00A5 00A5 0092 0092 00F6 00E5 0091 00A5 00A5 00A5 0003 01C4 00ED 00DE 00EA 00A5 00A5 00A5 0162 011F 00E0 00DE 008F 00E0 0096 00F7 00A5 00A5 00A5 0003 00F4 008F 00EA 00DF 00F8 00CD 00DE 00AF 00C4 00DE 009B 00A5 00A5 00A5 0098 00DE 00B0 0098 00DE 00B0 00A1 0008 0000
M032.ETC	0	85	083CC	01C4 00ED 00DE 00EA 0020 00B4 00D9 00CC 00E9 018C 00F8 00E9 012E 012F 00E3 00DE 0003 0177 0157 00E0 00DE 008F 00E0 00F7 009C 0092 00E9 00E6 00A5 00A5 00A5 0003 0095 0159 00E0 00E1 00EA 0020 0177 01C7 01C8 00E0 00DE 008F 00E0 00FD 00E0 00DE 008F 00E3 003F 0008 0000
M032.ETC	0	86	083FB	00EA 009C 00DE 00F2 00E3 0020 0199 013A 00E4 0138 00FC 00FA 00F9 00E9 00E5 00F7 00EA 00DE 0003 01C9 00E9 01A4 011F 0096 00F7 0020 00EF 008F 009D 0098 00DE 0128 008F 00E3 00F7 009C 00E3 0021 0003 009F 009C 00E3 0020 00EF 009D 00DE 0199 013A 00E4 0138 00FC 00FA 00EF 009D 00F6 0093 00E6 00A1 0008 0000
M032.ETC	0	87	08430	0177 01CA 0086 00EA 009C 00DE 00F2 0020 00F0 00E5 009B 00FD 01CB 00EF 008F 00E3 0003 000A 0151 0086 0020 0095 01CC 00E1 00E6 00E5 008F 00E3 00EF 009D 0003 00E4 00DE 0093 009F 00DE 0020 0199 013A 00E9 0173 00EF 00E3 00DE 0020 0095 01CD 0097 00DE 017E 009B 0092 00A1 0008 0000
M032.ETC	0	88	08461	0195 01CE 00E5 00B4 00D9 00CC 00E9 012E 012F 00E6 0020 01CF 0099 00E5 0092 016A 008F 00E3 0003 0092 008F 00E0 0092 0020 00E4 00DE 00FD 00E5 0195 0161 00E5 00E9 0096 00E4 015D 008F 00E0 00F7 0003 01D0 0136 00E4 0096 00FC 0092 0092 00E9 00E3 00DE 0020 0095 00E4 00DE 00FB 0092 00E1 008C 008F 00E0 00A1 0008 0000
M032.ETC	0	89	08499	000A 0151 00E3 00DE 0020 009A 00DE 009B 00DE 0092 00EF 009D 00E8 003F 0003 0199 013A 0086 00EA 009C 00DE 00F2 0020 00F0 00E5 009B 00FD 0155 0197 009C 00E3 00EF 009D 00FC 0003 014C 00E9 014D 0086 0020 01D1 008F 00E0 00FD 009C 00DE 008C 00E5 0092 0096 008F 00E3 0021 0008 0000
M032.ETC	0	90	084C9	0091 00E5 00E0 0096 00DE 0020 00B4 00D9 00CC 00E9 012E 012F 00E6 01D2 00E1 01D3 00E2 0003 0195 01CE 00E5 01D4 01D5 01CE 00E9 0135 00E1 01D6 0020 000A 0151 003F 0003 00EA 00EA 0091 00A5 00A5 00A5 00B2 00D2 00B0 00BC 00DE 0096 00DE 01D7 0092 00EF 009C 00E0 00E5 00A1 0008 0000
M032.ETC	0	91	084FD	0091 00E5 00E0 016A 00E9 0020 0117 01D8 0086 015E 008F 00E0 0199 013A 00EA 0003 01D9 009C 00E0 00DE 0099 0020 01A3 0140 0086 0168 00F8 0137 009C 00EF 009C 00E0 0003 01DA 0098 0020 01A4 011F 0096 00F7 0020 00EF 008F 009D 0098 00DE 0199 013A 00E9 0173 00ED 0021 0008 0000
M032.ETC	0	92	0852F	012E 012F 00E6 01D2 00E1 01D3 00E2 0020 01D4 01D5 01CE 0086 0135 00E2 00E9 00EA 0003 00E5 00F9 00EE 00E4 00DE 0020 00BC 00DE 00AC 00B2 00D9 00BD 00DE 013A 00E9 01DB 01DC 00E3 00DE 009D 0096 0021 0003 00EF 009D 00DE 00EA 01A4 011F 0096 00F7 0020 0199 013A 00E9 00E4 009A 00FB 00ED 0095 01CD 0097 00DE 0086 00A1 0008 0000
M032.ETC	0	93	0856B	000A 0151 00EA 0020 01DB 01DC 00E9 01DD 009B 0086 017A 009C 00DE 00EF 009D 0003 009C 0096 009C 0020 0091 00E9 00B1 00D9 00CC 00DA 00AF 00C4 00DE 00E4 0092 0093 0170 0142 00EA 0003 0106 01DE 00E6 0020 0174 00F8 00E6 00E5 00F8 00EF 009D 0096 00E5 0091 0020 00B3 00B0 00D1 00A1 0008 0000
M032.ETC	0	94	085A0	000A 0151 00EA 0020 014D 00E6 01B3 00F1 0096 00DE 00F6 0092 0003 00A5 00A5 00A5 009F 00E9 0159 00E6 0020 01DF 0094 00E3 00EE 009C 0092 00E9 00E0 00DE 0005 0000
M032.ETC	0	95	085BE	00B4 00D9 00CC 00E9 012E 012F 00E6 0020 01E0 0094 00F7 00FA 00E0 00F7 009C 0092 0099 00E4 00DE 0003 00A5 00A5 00A5 0106 01DE 00E6 0020 00E0 00DE 0092 009C 00DE 008E 0093 00EC 00DE 00E0 00DE 008F 00E0 00E9 0096 0021 0003 00B5 00DA 00E6 00F3 0020 00BA 00C2 0086 01DF 0094 00E3 0098 00FA 00FD 0096 00E5 003F 0008 0000
M032.ETC	0	96	085F7	00BA 00AF 00CE 00DD 0020 00E4 00DE 0093 009F 00DE 0020 0199 013A 0096 00DE 01CC 008F 00E3 00F9 00F6 0003 00A5 00A5 00A5 01DA 01E1 0020 0199 013A 00E6 0095 013F 019E 00F8 01E2 0094 00F9 00E4 00EA 0003 00EF 008F 00E0 0098 0020 0095 0159 00EA 0020 0106 01DE 00E6 00E2 0092 00E3 00F9 009E 00DE 00A1 0008 0000
M032.ETC	0	97	0862E	009A 009A 00EA 0020 00BB 00C3 00D7 0199 019C 00E9 0095 01B4 01B5 00E3 00DE 009D 0003 0151 016A 00E9 015A 0128 00F8 00EA 0020 01B6 009B 00FA 00EF 009E 00FD 0003 00E4 00DE 0093 0096 0020 0095 0137 00F8 017E 009B 0092 00A1 0008 0000
M032.ETC	0	98	08659	0095 0096 009C 0092 00A5 00A5 00A5 00E4 00DE 0093 009C 00E3 00E0 00DE 00FB 0093 0096 003F 0003 00BB 00C3 00D7 0199 019C 0096 00DE 0020 016F 0139 00F3 015A 00E3 009A 00E5 0092 00E9 00EA 0003 00E4 00DE 0093 016D 0094 00E3 00F3 0020 00EC 00E2 0093 00E4 00EA 015D 0094 00FD 009F 00DE 00A1 0008 0000
M032.ETC	0	99	0868D	01C4 00ED 00DE 00EA 0020 00B4 00D9 00CC 00E9 012E 012F 0096 00DE 0091 008F 00E0 00E9 00E6 0003 0189 00E9 01E3 0020 0099 0092 00EB 00DE 0086 01AD 0099 00E0 009F 0093 00E0 00DE 00E5 003F 0003 000A 00F6 0020 0106 01DE 00E6 00E3 00DE 0096 009C 00E0 009F 00DE 0021 0008 0000
M032.ETC	0	100	086BE	00B1 00D9 00CC 00DA 00AF 00C4 00DE 00E9 01C3 0096 00DE 0020 00EF 009A 00E4 00E9 019A 00E5 00F7 0003 0095 0159 00E0 00E1 00EA 0020 01E2 008F 00E3 00F3 00E5 0092 019F 01E4 00E0 00DE 009F 00DE 0003 009B 0091 0020 0199 013A 00E9 0159 00E6 0020 01B3 00F1 0096 00DE 0092 0092 0021 0008 0000
M032.ETC	0	101	086F1	00A5 00A5 00A5 000A 0096 00DE 0020 01E5 0092 00F3 00E9 00E0 00DE 0096 00F7 0003 0172 00E5 0092 00FD 009C 00DE 008C 00E5 0092 0096 00E4 0020 0155 0197 009C 00E0 00F6 0003 0174 00F1 0096 00F7 00A5 00A5 00A5 01C3 0086 011C 00FC 009E 00E3 00F6 00E8 0021 0008 0000
M032.ETC	0	102	0871F	0106 01DE 00E6 0020 0148 00F3 00E5 0096 008F 00E0 00E9 00E0 00DE 00E5 003F 0008 0000
M032.ETC	0	103	0872F	00E0 00DE 0096 00DE 00A5 00A5 00A5 01E6 00E9 01E7 00E9 01E8 0170 00EA 0003 00B4 00D9 00CC 00E6 0020 018C 00F7 009B 00FA 00E3 0092 00E0 00A5 00A5 00A5 00A1 0008 0000
M032.ETC	0	104	0874D	0199 013A 0021 0020 00B4 00D9 00CC 00E9 018C 00F8 00E9 012E 012F 0096 00DE 0003 01E9 00F7 00E6 0020 01EA 0096 00E5 0096 008F 00E0 00E9 00E3 00DE 009C 008E 0093 0096 003F 0008 0000
M032.ETC	0	105	0876E	00FC 0096 00F7 00FD 00A5 00A5 00A5 00FC 0096 00F7 00FD 0096 00DE 0003 00F4 00E2 00F7 0096 00DE 01EB 0128 0086 0020 01AB 00FD 00E0 00DE 0096 00F7 00E6 00EA 0003 00BB 00C3 00D7 00E9 0099 0092 00EB 00DE 0086 0020 0195 0196 009C 00E5 0099 00FA 00EA 00DE 0021 0008 0000
M032.ETC	0	106	0879E	0199 013A 00E6 0020 014A 009C 014B 0099 00DE 00EF 009D 0003 000A 0151 0096 00DE 0020 00EF 0092 00F8 00EF 009C 00E0 00A1 0008 0000
M032.ETC	0	107	087B5	0095 009F 0092 009F 00DE 0020 000A 0021 0003 009B 0091 0020 01DA 0098 0020 009A 00E1 00F7 00E6 0172 00E5 009B 0092 00A1 0008 0000
M032.ETC	0	108	087CD	009F 00E1 0096 00DE 0020 000A 00E0 00DE 00E5 003F 0003 00A5 00A5 00A5 01CC 00E1 0096 00E8 00E0 009F 00DE 0021 0008 0000
M032.ETC	0	109	087E3	0199 013A 0020 0092 0096 0096 00DE 00E3 00DE 009A 00DE 009B 00DE 0092 00EF 009C 008E 0093 003F 0008 0000
M032.ETC	0	110	087F5	00B3 00D1 0020 009F 00E1 00E9 01EC 0093 019E 00F8 009C 00DE 008C 0003 00BC 00DE 00AC 00B2 00D9 00BD 00DE 00E6 0020 00F6 0098 01ED 00E3 0095 00F9 00E9 00A1 0008 0000
M032.ETC	0	111	08816	0091 00E9 0193 01EE 00E9 00F6 0093 00E5 0020 00C4 00DE 00D7 00BA 00DE 00DD 00E9 0139 0096 00F7 0003 00F4 0096 00DE 00E3 0020 0031 0030 01EF 00E6 00F3 00E5 00F9 0096 00E5 00A5 00A5 00A5 0005 0000
M032.ETC	0	112	0883B	009F 00E1 0086 0129 00E3 0092 00F9 00E4 0020 010A 015D 01F0 00E5 0140 0144 00E0 00DE 0003 00EF 00F9 00E3 00DE 0020 0091 00E9 01F1 0161 00BC 00DE 00AC 00B2 00D9 00BD 00DE 0096 00DE 0003 00B5 00C3 00DE 00B6 00DE 00DD 00E6 0020 0137 008F 00E0 00F6 0093 00E3 00DE 00A5 00A5 00A5 00A1 0008 0000
M032.ETC	0	113	08870	01C4 00ED 00DE 0020 014C 00E9 01E6 01F2 00E3 00DE 01F3 0157 0096 00DE 0190 009A 008F 00E0 00A1 0003 01E8 0170 0096 00DE 0020 018C 00F7 009B 00FA 00E3 0092 00E0 00E9 00E0 00DE 0021 0008 0000
M032.ETC	0	114	08893	01B2 01C2 0096 00DE 0020 016F 017B 0020 0154 014C 009C 00E3 00F0 00F9 00E4 00A5 00A5 00A5 0003 01E6 01F2 00E9 0161 0096 00DE 0020 018C 00F7 009B 00FA 00E3 0092 00E0 00E9 00E0 00DE 00A5 00A5 00A5 0003 00E4 00DE 0093 00F3 0020 00B4 00D9 00CC 00E9 012E 012F 00E6 00F6 00F9 00F3 00E9 00F7 009C 0092 00A1 0008 0000
M032.ETC	0	115	088CB	0091 00E9 00C0 00DE 00B0 00B8 00B4 00D9 00CC 00F2 0096 00DE 00A5 00A5 00A5 0003 00BB 00C3 00D7 01F4 00E0 00DE 0099 00E3 00DE 00EA 0020 00F3 00E9 010B 00F8 009D 00DE 0003 009A 00FD 00E5 009A 00E4 00EF 00E3 00DE 0020 00E0 0098 00F7 00F0 0095 008F 00E3 0021 0008 0000
M032.ETC	0	116	088FA	0177 01CA 0021 0020 009F 009A 00EF 00E3 00DE 00E0 00DE 00A1 0008 0000
M032.ETC	0	117	08908	009A 00FA 00EA 0020 0169 00E4 009C 00E0 009A 00E4 0096 00DE 00A5 00A5 00A5 0006 0003 00F6 0099 0092 00E5 009A 00E4 00EF 00E3 00DE 0020 00CD 00DF 00D7 00CD 00DF 00D7 00A5 00A5 00A5 0006 0003 00E0 0092 00ED 00FD 0020 014A 009C 01F5 009A 00DE 009B 00DE 0092 00EF 009E 00FD 00A1 0008 0000
M032.ETC	0	118	0893C	000A 0021 0020 00B7 00D0 00EA 0003 00E0 00DE 0092 009C 00DE 008E 0093 00EC 00DE 00E0 00DE 008F 00E0 009F 0093 00E0 00DE 00E5 003F 0000
M032.ETC	0	119	08955	0002 0095 0096 009C 0092 00E5 003F 0020 00B1 00D9 00CC 0096 00DE 0092 0093 00E6 00EA 0003 01F6 00E0 00E1 00E6 0020 01F3 01F7 0096 00DE 00E5 0096 008F 00E0 00E4 0092 0093 0096 00DE 0003 00B1 00D9 00CC 00E9 01EC 008F 00E3 0092 00E0 00E9 00EA 0020 0106 01DE 0096 003F 0000
M032.ETC	0	120	08986	0002 00F4 00EA 00F8 0020 009F 0093 00E5 00E9 00E0 00DE 00E5 0021 0008 0000
M032.ETC	0	121	08995	0199 013A 0021 0020 0199 019C 0086 00A5 00A5 00A5 0003 01E9 00F7 00E6 00EF 0096 009E 00E3 0020 00F6 00FB 009C 0092 00E3 00DE 009D 00E8 003F 0008 0000
M032.ETC	0	122	089B0	000A 0021 0020 00B1 00D9 00CC 00DA 00AF 00C4 00DE 0021 0003 016F 01F8 00F6 00F8 0020 01F4 00E9 0099 0092 00EB 00DE 0086 01F9 009D 00DE 00F9 0021 0008 0000
M032.ETC	0	123	089CF	00BB 00C3 00D7 0199 019C 0086 0020 0095 0198 00F8 009D 00F9 00E4 0092 0093 009A 00E4 00EA 0003 015B 01FA 00E9 01F9 01FB 0086 0020 00E6 0097 00DE 00F9 009A 00E4 00E6 00F3 00E2 00E5 0096 00DE 00F9 0005 0000
M032.ETC	0	124	089F6	00F6 0092 0096 0021 0020 009F 00FA 00E0 00DE 0099 01FC 011A 00E5 0131 013F 00E5 00E9 00E0 00DE 0003 009A 00E9 0131 013F 0086 0020 0129 019A 01FD 00E0 009C 00E3 0098 00FA 00F6 0021 0003 009B 0091 0020 0189 00E6 0125 0094 00E3 0020 00F6 0098 018C 008F 00E3 0095 0099 0021 0008 0000
M032.ETC	0	125	08A29	00EF 00E0 00DE 0020 00FC 0096 00F7 00E5 0092 009A 00E4 00E0 00DE 00F7 0099 00E0 00DE 00FB 0093 0096 00DE 0003 00B6 00B2 00CA 00DF 00E9 01EC 0093 009A 00E4 00EA 0020 00EF 009A 00E4 00E9 009A 00E4 00E0 00DE 0003 0174 00FD 00E0 00DE 009F 00DE 00A5 00A5 00A5 009B 0091 0020 0175 0098 0096 00DE 0092 0092 00A1 0008 0000
M032.ETC	0	126	08A5F	00E1 0020 00E1 008E 008F 00E4 0020 000A 00A5 00A5 00A5 0003 00CE 00DE 00B8 00E9 00B3 00BF 0096 00DE 01A3 00E3 00DE 0020 0177 0157 00E5 019A 00E6 00E5 008F 00E0 0005 0000
M032.ETC	0	127	08A7F	0092 00EF 009B 00F7 0020 01EC 008F 00E3 00F3 00EA 009C 00DE 00EF 00F7 00E5 0092 0099 00E4 00DE 0003 00E4 00DE 0020 00E4 00DE 0093 009C 00E0 00F7 0092 0092 00A5 00A5 00A5 009A 00EF 008F 00E0 00E5 0003 00E4 00E6 0096 0098 0020 00CD 00DE 00AF 00C4 00DE 00D9 00B0 00D1 00E6 0175 008F 00E3 00F9 00E8 00A1 0008 0000
M032.ETC	0	128	08AB5	00BB 00C3 00D7 0199 019C 0086 0020 0095 0198 00F8 009D 00F9 00E4 0092 0093 009A 00E4 00EA 0003 015B 01FA 00E9 01F9 01FB 0086 0020 00E6 0097 00DE 00F9 009A 00E4 00E6 00F3 00E2 00E5 0096 00DE 00F9 0005 0000
M032.ETC	0	129	08ADC	00F6 0092 0096 0021 0020 009F 00FA 00E0 00DE 0099 01FC 011A 00E5 0131 013F 00E5 00E9 00E0 00DE 0003 009A 00E9 0131 013F 0086 0020 0129 019A 01FD 00E0 009C 00E3 0098 00FA 00F6 0021 0003 009B 0091 0020 0189 00E6 0125 0094 00E3 0020 00F6 0098 018C 008F 00E3 0095 0099 0021 0008 0000
M032.ETC	0	130	08B0F	00BB 00C3 00D7 0199 019C 00EA 00A5 00A5 00A5 0096 00FC 0092 009F 0093 00E6 0003 0091 00E9 00C0 00DE 00B0 00B8 00B4 00D9 00CC 00E9 00E0 00F2 00E6 00A5 00A5 00A5 0005 0000
M032.ETC	0	131	08B2F	009C 0096 009C 0020 00E4 00DE 00FD 00E5 009A 00E4 0096 00DE 0091 008F 00E3 00F3 0003 0091 00FA 00E0 00DE 0099 00EA 0020 01BD 009D 01F5 00E6 00EA 0092 0096 00FD 0003 015B 01FA 0086 0020 01FE 00F8 01BD 009D 009A 00E4 00E6 00E5 008F 00E3 009C 00EF 0093 00A1 0008 0000
M032.ETC	0	132	08B5E	0199 013A 00F3 0020 00B6 00B2 00CA 00DF 0151 00F3 01FF 009D 0097 00DE 00F9 0021 0003 0169 00EA 00EF 00E0 00DE 0020 0095 0159 00E0 00E1 00E9 009A 00E4 0086 0003 0200 009C 00DE 00E3 00EA 0092 00E5 0092 00E9 00E0 00DE 0020 0201 00FA 00F9 00E5 0021 0008 0000
M032.ETC	0	133	08B8C	0202 008F 00E0 00E5 0091 00A5 00A5 00A5 0203 008F 00E0 00E5 0091 00A5 00A5 00A5 0007 0003 00E3 00DE 00F3 0020 00F3 0093 00F4 00F9 009C 0096 00E5 0092 00FD 00E0 00DE 00FB 0093 00E5 003F 0003 0189 00E6 0125 0094 00E3 0020 0191 00F6 0093 00E8 0006 0020 00B8 00DE 00B0 00B8 00DE 00B0 00A1 0008 0000
M032.ETC	0	134	08BC2	00B8 00DE 00B0 00B8 00DE 00B0 00A5 00A5 00A5 00BD 00D4 00BD 00D4 00A5 00A5 00A5 00A1 0008 0000
M032.ETC	0	135	08BD4	00B1 00D9 00CC 00DA 00AF 00C4 00DE 0096 00F7 0020 01C3 00EA 015C 0092 00E0 00F6 0003 0177 0157 00E5 01F9 0204 0086 0020 01C0 0099 00E0 00FD 00E0 00DE 008F 00E3 003F 0003 00CD 00DE 00AF 00C4 00DE 00E5 00F7 0020 0205 0097 00E5 00E0 00DE 0099 0111 008F 00E3 0098 00FA 00A1 0008 0000
M032.ETC	0	136	08C07	00B5 00C3 00DE 00B6 00DE 00DD 014C 008F 00E3 0020 00E4 00E3 00F3 0206 0092 0096 00F7 0003 0169 00E5 00FD 00E3 0020 00EF 00E0 00DE 0207 0094 0097 00FA 00E5 0092 00E9 00F6 0003 0105 01BF 00E9 0091 00E5 00E0 00EA 0020 00E5 0095 009B 00F7 00F6 00E8 0094 0021 0008 0000
M032.ETC	0	137	08C36	0095 014C 00E9 0208 0209 0086 0020 01CB 00F2 00EA 009C 00DE 00F2 00F9 00E5 00FD 00E3 00A5 00A5 00A5 0003 000A 0151 00EA 0020 0176 0092 00E9 00E6 01ED 011C 00FC 009D 00DE 0003 015B 01BD 00F8 00E9 00BA 00C2 0086 0020 0143 00E6 00E2 0099 00E3 00F7 008F 009C 008C 00F9 00A1 0008 0000
M032.ETC	0	138	08C6B	0199 013A 00E6 0020 020A 00F2 00E3 0138 0129 009C 00E0 0020 009F 00E9 0139 00E6 0003 0169 00E0 00E1 00E6 0020 01B7 0086 0096 0099 00E0 019F 00EA 00EA 009C 00DE 00F2 00E3 00F6 0003 00CC 00DF 00DA 00B2 00CE 00DE 00B0 00B2 00E9 01DB 0096 00DE 0020 0178 00FA 00E3 0092 00F9 00E9 00E8 00A1 0008 0000
M032.ETC	0	139	08CA1	0199 019C 013A 00E9 009A 00E4 00EA 0020 009A 009A 00E0 00DE 0099 00E9 00CB 00D0 00C2 00E3 00DE 009D 0003 00EF 0091 0020 00BC 00DE 00AC 00B2 00D9 00BD 00DE 013A 00E9 0020 01DB 01DC 00E3 00DE 009D 0096 00F7 0003 020B 00EA 0020 020C 0098 00E5 0092 00E4 0200 009C 00DE 00E3 0095 00F8 00EF 009D 0099 00E4 00DE 00A1 0008 0000
M032.ETC	0	140	08CDA	012E 012F 00E6 01D2 00E1 01D3 00E2 0020 01D4 01D5 01CE 0086 0135 00E2 00E9 00EA 0003 00E5 00F9 00EE 00E4 00DE 0020 00BC 00DE 00AC 00B2 00D9 00BD 00DE 013A 00E9 01DB 01DC 00E3 00DE 009D 0096 0021 0003 009F 0093 0092 0093 019F 014F 0086 0020 01CC 008F 00E3 0092 00E0 00E9 00E3 00DE 009D 00F6 00A1 0008 0000
M032.ETC	0	141	08D13	0092 0098 00F7 01F1 0161 00E9 0020 01DB 01DC 00E4 00EA 0092 008F 00E3 00F3 009B 0091 0003 00A5 00A5 00A5 01DA 01E1 0020 0199 013A 00E6 0095 013F 019E 00F8 01E2 0094 00F9 00E4 00EA 0003 00EF 008F 00E0 0098 0020 0095 0159 00EA 0020 0106 01DE 00E6 00E2 0092 00E3 00F9 009E 00DE 00A1 0008 0000
M032.ETC	0	142	08D48	009A 009A 00EA 0020 018B 018C 018D 00E9 00CD 00DE 00AF 00C4 00DE 00E3 00DE 0003 018C 00F9 009A 00E4 0096 00DE 0020 00E3 00DE 0097 00EF 009D 0003 0189 00EF 00E3 00DE 0020 018C 00F8 00EF 009D 0096 003F 0008 0000
M032.ETC	0	143	08D6D	0015 0194 00FD 00E0 00DE 00F6 0093 00E6 0020 018C 008F 00E3 0092 00F9 00A5 00A5 00A5 00A1 0008 0000
M032.ETC	0	144	08D80	00A5 00A5 00A5 00B3 00B3 00DD 00A5 00A5 00A5 00B3 00B3 00DD 00A5 00A5 00A5 00A1 0008 0000
M032.ETC	0	145	08D92	0199 013A 0021 0020 000A 0096 00DE 00EF 0092 00F8 00EF 009C 00E0 0021 0008 0000
M032.ETC	0	146	08DA1	00E5 00FD 00E4 0020 000A 0096 00DE 0097 00E0 0096 0021 0003 0095 0095 0020 000A 00E0 00DE 0020 000A 00E0 00DE 0003 009B 0091 009B 0020 01DA 0098 014D 00E6 0128 008F 00E3 0095 0098 00FA 0021 0008 0000
M032.ETC	0	147	08DC4	00A5 00A5 00A5 00BB 00C3 00D7 0199 019C 0096 00F7 0020 0126 00E3 0086 015C 0092 00E0 0003 000A 00F6 0020 00F6 0098 00F4 008F 00E3 0098 00FA 00E0 00E5 0021 0008 0000
M032.ETC	0	148	08DE2	0091 00E9 020D 00F1 00ED 00DE 0097 0020 00C0 00DE 00B0 00B8 00B4 00D9 00CC 00F2 0096 00DE 0021 0003 00B5 00C3 00DE 00B6 00DE 00DD 014C 00E6 0020 012E 012F 0086 0096 0099 00E0 014B 00E3 00DE 0003 00BB 00C3 00D7 0199 019C 00E9 0020 020E 020F 0086 0098 00FC 00E0 00DE 00E3 00F9 00E4 00EA 0021 0008 0000
M032.ETC	0	149	08E19	00F3 009C 00F3 0020 00BB 00C3 00D7 0096 00DE 0147 00FA 0210 00F7 00FA 00E3 0092 00E0 00F7 0003 00A5 00A5 00A5 0169 00EA 0020 00BB 00C3 00D7 0199 019C 00E4 0211 0097 0212 0094 00E6 0003 009A 00E9 0213 00E9 0214 0215 0086 0020 0091 0097 00F7 00F2 00E3 0092 00E0 00FB 0093 0005 0000
M032.ETC	0	150	08E4D	009F 00E9 0126 00E3 00EA 0020 000A 00F6 0003 0095 0159 00E6 00F6 008F 00E3 0020 0216 00FC 00FA 00E0 00E9 00E0 00DE 0021 0008 0000
M032.ETC	0	151	08E65	0095 0159 00EA 0020 0199 019C 0086 0095 0185 0099 009C 00E0 014B 00E6 0003 00CA 00DF 00BF 00DE 00B0 00C4 0217 0152 0086 0020 01A1 0092 0218 008F 00E0 009F 0093 00E5 003F 0003 00EF 00E0 0020 0177 0157 00E5 0127 0179 0086 014B 0099 00DE 00E0 00F3 00E9 00E0 00DE 00E5 0021 0008 0000
M032.ETC	0	152	08E98	000A 013A 00EA 0020 00CA 00DF 00BF 00DE 00B0 00C4 00E6 01A8 0092 0086 0092 00E4 00DE 00F0 0003 00F4 00E2 00F7 0096 00F7 0020 0169 0086 0185 0099 00E3 0098 00FA 00EF 009C 00E0 0021 0008 0000
M032.ETC	0	153	08EBB	0091 00E9 0219 00FB 009C 0092 0020 00C0 00DE 00B0 00B8 00B4 00D9 00CC 00E0 00E1 0086 0003 009A 00E9 0213 0096 00F7 0020 01A1 021A 009C 00E0 000A 013A 00E6 0003 009A 00DE 00EE 0093 00EB 00DE 0086 0020 021B 009C 014B 0099 00DE 00E3 01B8 0099 00EF 009E 00FD 0096 003F 0008 0000
M032.ETC	0	154	08EEE	00EA 00EA 00EA 0020 01DE 021C 016D 0094 00E3 0091 00F9 00E4 00F3 0021 0008 0000
M032.ETC	0	155	08EFE	000A 00E6 00EA 0020 016F 021D 00E9 0096 00E2 00F4 0098 00E3 00DE 0003 0141 0142 00E9 021E 021F 0086 0020 0220 0094 00F9 009A 00E4 00E6 009C 00E0 0021 0008 0000
M032.ETC	0	156	08F1C	0141 0142 00E9 021E 021F 0086 01C0 0099 00E0 0020 000A 00EA 0003 009A 00FA 00E6 00F6 00F8 0020 0170 0142 00E9 0221 0096 00DE 00E4 0096 00FA 00E0 0003 009A 00FA 016B 0164 00EA 0020 0112 0113 0096 00DE 0095 0159 00E9 0222 019A 00E0 00DE 00A1 0008 0000
M032.ETC	0	157	08F48	0095 0223 009B 00EF 00A5 00A5 00A5 0092 0094 0020 0199 013A 00A5 00A5 00A5 00A1 0008 0000
M032.ETC	0	158	08F58	009B 00E3 000A 00E9 0224 020A 00E9 0112 0113 00EA 0003 00B5 00C3 00DE 00B6 00DE 00DD 0225 0226 00E9 0020 00B8 00DE 00C4 00DE 00B0 00E9 0227 00E6 0175 008F 00E3 0003 0227 00E9 0228 01D4 00E6 0138 008F 00E3 0098 00F9 009A 00E4 00E0 00DE 0005 0000
M032.ETC	0	159	08F84	00B8 00DE 00C4 00DE 00B0 00E9 0227 00E9 0020 00C5 00BF 00DE 0086 0229 0097 022A 0096 009C 0003 0227 00E9 0228 01D4 00E6 0020 0138 0093 009A 00E4 0096 00DE 00E3 00DE 0097 00E0 00E5 00F7 0003 0228 01D4 0096 00F7 0020 022B 00F8 014F 0096 00DE 009B 009D 00DE 0099 00F7 00FA 00F6 0093 009F 00DE 0008 0000
M032.ETC	0	160	08FB9	009F 00E9 014D 00E9 0020 00B6 00B7 00DE 0086 0135 008F 00E3 0092 0099 00EA 00DE 0003 01D1 022C 00E9 022D 0086 0020 022E 0099 00F9 009A 00E4 0096 00DE 00E3 00DE 0097 00F9 0003 009B 0091 009F 00FA 0086 0135 008F 00E3 015A 0096 0099 00F9 00E9 00E0 00DE 0021 0008 0000
M032.ETC	0	161	08FE8	00B1 00D9 00CC 00DA 00AF 00C4 00DE 00E5 00F7 0020 009F 009A 00E9 00CD 00DE 00AF 00C4 00DE 009B 0003 009E 008F 0096 0098 0020 00E2 0096 00FD 00E0 00DE 00C1 00AC 00DD 00BD 0086 014E 0096 009E 009D 00DE 0003 022F 0144 00E6 0020 0092 00F4 0140 0096 00DE 009B 009C 00E3 0092 00F9 008F 00E3 009A 00E4 00E0 00DE 00A1 0008 0000
M032.ETC	0	162	09022	00B8 00DE 00BA 00DE 00B0 00AF 00A5 00A5 00A5 00B8 00DE 00BA 00DE 00B0 00AF 00A5 00A5 00A5 0003 00BD 00D4 00BD 00D4 00A5 00A5 00A5 00BD 00D4 00BD 00D4 00A5 00A5 00A5 00A1 0008 0000
M032.ETC	0	163	09044	01C5 01C6 00EA 00A5 00A5 00A5 0092 0092 00F6 00E5 0091 00A5 00A5 00A5 0003 00B5 00DA 00EA 0020 01C4 00ED 00DE 00F3 0162 011F 00E9 00CD 00DE 00AF 00C4 00DE 00E0 00DE 008F 00E0 0096 00F7 0003 0143 0107 0096 00DE 0020 0230 0094 00E1 00EF 008F 00E0 0020 00CD 00AF 00B8 00BC 00AE 00DD 0021 0008 0000
M032.ETC	0	164	0907B	009A 009A 00E9 00E4 009A 00FB 00E9 0020 0217 0147 00E9 0231 019A 0232 00EA 0003 00C0 00DE 00B0 00B8 00B4 00D9 00CC 00E9 0020 009C 00FC 009B 00DE 00E0 00DE 008F 00E0 00E9 0096 0021 0003 009F 00FA 0086 0020 0095 0159 0096 00DE 0229 0233 009C 00E0 00FD 00E0 00DE 008F 00E3 00E5 003F 0008 0000
M032.ETC	0	165	090AE	0091 00F7 00DD 00A5 00A5 00A5 009A 00FA 00EA 0020 000A 013A 0003 0199 019C 013A 0086 0020 0095 0216 0092 00E6 00E5 00F7 00FA 00F9 00E5 00FD 00E3 0003 00EF 00F9 00E3 00DE 0020 0095 00E4 0097 00DE 01C3 00F0 00E0 0092 00E3 00DE 0020 00BD 00C3 00B7 0021 0008 0000
M032.ETC	0	166	090DB	00EF 0091 00A5 00A5 00A5 000A 013A 00A5 00A5 00A5 0003 00E4 00E2 009E 00DE 00FD 0020 01C3 009C 0096 0099 00F7 00FA 00E3 00F3 0003 0155 00E9 0124 0125 0096 00DE 0020 00E3 00DE 0097 00E3 00EF 009E 00FD 00FC 00A1 0008 0000
M032.ETC	0	167	09102	00C0 00DE 00B0 00B8 00B4 00D9 00CC 00E9 0020 00CA 00DF 00BF 00DE 00B0 00C4 00E4 0092 0093 019F 00EA 0003 00CA 00DF 00D9 00D2 00B7 00B1 0177 0234 00E3 00DE 0020 0235 0236 00E5 012E 0237 0238 00E3 00DE 009C 008E 0003 009F 00E9 0239 00E6 00EA 0020 016B 0136 00E4 0202 0096 008F 00E0 00E9 00E8 0094 00A1 0008 0000
M032.ETC	0	168	0913D	014C 00E6 00EA 0020 00E0 0098 009B 00FD 00E9 0170 0142 0096 00DE 0092 00E0 00E9 00E6 0003 00F0 00FD 00E5 0020 012E 012F 00E6 0096 0096 008F 00E1 008C 0093 00E5 00FD 00E3 0003 00E0 00DE 00F7 009C 0096 00DE 00E5 0092 00FC 00F6 0020 00B9 00DE 00DD 00D2 00C2 00E0 00DE 00FC 00A1 0008 0000
M032.ETC	0	169	0916F	009A 00FA 00EA 0020 00C0 00DE 00B0 00B8 00B4 00D9 00CC 0086 01A1 0092 0218 008F 00E0 0003 00B5 00C3 00DE 00B6 00DE 00DD 0213 00E9 023A 023B 0020 000A 0151 0021 0003 0199 013A 0086 00EA 009C 00DE 00F2 0020 00F0 00E5 009B 00FD 0096 00DE 0095 01CC 00E1 00E3 00DE 009D 00A1 0008 0000
M032.ETC	0	170	091A1	0091 00E9 0235 0236 00E5 0020 00C0 00DE 00B0 00B8 00B4 00D9 00CC 00E9 00CA 00DF 00BF 00DE 00B0 00C4 0086 0003 009A 00F7 009C 00F2 00E0 00E9 0096 00DE 0020 009A 00FD 00E5 01D9 01EF 0170 0142 00E4 00EA 0021 0003 019F 00EA 0020 01EF 00FA 0092 00E0 00DE 0099 00E3 00DE 00EA 00E5 0092 00E9 00E3 00DE 009D 00E5 0091 00A1 0008 0000
M032.ETC	0	171	091DA	000A 0151 00EA 0020 009A 00E9 0159 0199 013A 00E6 0138 00FC 00FA 0003 0140 00E6 0128 00F7 00FA 00E0 0020 00EA 00DE 0096 00F8 00E6 00F3 0096 0096 00FC 00F7 009D 00DE 0003 00F3 0093 0020 0177 0157 00E5 0127 0179 0086 014B 0099 00DE 00F7 00FA 00EF 009C 00E0 0096 0021 0008 0000
M032.ETC	0	172	0920B	0199 013A 00EA 0020 0174 00F8 00E5 0092 00B5 00C3 00DE 00B6 00DE 00DD 00E9 0170 0142 00E6 0003 0092 00E2 00F3 0020 017C 0086 00E5 00F4 00EF 009C 00E3 0092 00EF 009C 00E0 0005 0000
M032.ETC	0	173	0922C	009F 0093 009C 00E0 009A 00E4 0096 00F7 0020 016D 0094 00E3 00F3 0003 016F 023C 00E9 0020 000A 0151 00E9 0127 0179 00E5 00F7 0003 023D 0096 00DE 014B 0096 00DE 00F9 00E9 00EA 0020 01DE 021C 00E9 01C3 00E3 00DE 009D 00A1 0008 0000
M032.ETC	0	174	09255	0199 01BE 00E9 023E 00EA 00A5 00A5 00A5 009C 0096 0099 00E0 00DE 00F7 0099 00E9 0003 0095 009F 00FB 009C 0092 011B 0173 00E4 0020 015C 0092 00E3 0092 00E0 0096 00DE 0003 0091 009F 009A 00E3 00DE 0020 0148 0096 00DE 0091 008F 00E0 00FD 00E0 00DE 00F6 00A1 0008 0000
M032.ETC	0	175	09283	016F 023C 00E9 019A 0232 0086 0020 00EF 0097 0095 009A 009C 00E0 00E9 00EA 0003 0091 00E9 012E 0237 0238 00E9 0020 00CA 00DF 00BF 00DE 00B0 00C4 00E0 00DE 008F 00E0 00E9 0096 003F 0003 009F 00FA 0086 0095 0159 0217 019F 00E3 00DE 003F 0020 009F 00FD 00E5 00EA 00DE 0096 00E5 00A1 0008 0000
M032.ETC	0	176	092B6	0199 019C 013A 0096 00DE 0020 009B 00F7 00FC 00FA 00EF 009C 00E0 00A5 00A5 00A5 0096 00DE 0003 00F3 0093 0020 00F3 00E4 00DE 008F 00E3 0172 00F7 00FA 00E0 00E9 00E3 00DE 009D 0096 00F7 0003 0095 00E4 00DE 00FB 0092 00E3 0092 00F9 00CB 00CF 00F3 0020 0091 00F8 00EF 009E 00FD 00FC 00A1 0008 0000
M032.ETC	0	177	092E9	0199 019C 013A 0096 00DE 0020 01BA 0086 0129 009E 00E5 0096 008F 00E0 00E9 00EA 0003 00CA 00DF 00BF 00DE 00B0 00C4 00E9 0020 023F 0092 00E9 009E 0092 00E0 00DE 008F 00E0 00E4 00EA 0021 0008 0000
M032.ETC	0	178	0930B	00A5 00A5 00A5 00F4 0091 00A5 00A5 00A5 000A 0096 00A5 00A5 00A5 0003 00C0 00DE 00B0 00B8 00B4 00D9 00CC 0096 00F7 0020 0199 019C 0086 0185 0099 00E0 008F 00E3 003F 0003 00A5 00A5 00A5 0095 00F2 00E3 00DE 00E4 0093 0086 0020 0092 00FC 009E 00E3 00F3 00F7 0093 00F6 00A1 0008 0000
M032.ETC	0	179	0933C	00CA 00DF 00BF 00DE 00B0 00C4 00EA 0020 0199 01BE 00E9 012A 00E6 00F6 008F 00E3 0003 012D 0240 00E9 0180 019F 0086 0020 0241 0242 009B 009E 00F6 0093 00E4 009C 00E0 0003 00F6 0098 009F 00DE 0020 00D4 00C2 0086 01A1 0092 0218 008F 00E3 0098 00FA 00E0 00E5 0021 0005 0000
M032.ETC	0	180	0936F	0095 0159 00E9 0223 0243 00E9 0020 0141 0142 00BC 00DE 00AC 00B2 00D9 00BD 00DE 00F3 0003 0112 0113 00E6 00F6 008F 00E3 0020 01F1 0161 00E4 00E5 008F 00E3 0092 008F 00E0 0003 0095 0159 00E9 0244 0245 00F3 0020 01A0 009C 00F0 00E6 009C 00E3 0092 00F9 009F 00DE 00A1 0008 0000
M032.ETC	0	181	093A2	00C0 00DE 00B0 00B8 00B4 00D9 00CC 00E9 0020 00CA 00DF 00BF 00DE 00B0 00C4 0086 0003 0095 0159 0096 00DE 0020 0246 009C 00E0 00E4 00EA 00A5 00A5 00A5 0003 00E4 00E3 00F3 0020 0200 009C 00DE 00F7 00FA 00FD 009F 00DE 0021 0005 0000
M032.ETC	0	182	093CB	00D4 00C2 00EA 0020 0219 00F9 00ED 00DE 0097 012E 0237 0238 00E4 009C 00E3 015E 00F7 00FA 00F9 0003 00CA 00DF 00D9 00D2 00B7 00B1 0092 00E1 00E9 0020 012E 012F 00E9 0111 0092 0127 00E0 00DE 00E4 0096 003F 0003 0247 0248 00E6 013F 0249 0086 0020 0091 0097 00F7 00F2 00F9 01F5 0096 00DE 00E5 0092 00A1 0008 0000
M032.ETC	0	183	09405	00CA 00DF 00BF 00DE 00B0 00C4 00EA 0020 0169 0086 012E 012F 00E6 0096 0099 00E3 0003 012E 012F 00E9 00B5 00B0 00CC 00DE 0086 0020 0127 00E6 0128 00FA 00F6 0093 00E4 0003 0095 0223 009B 00EF 0086 0020 0095 00E4 00DE 009C 00E3 0092 00E0 00F7 009C 0092 00FC 0005 0000
M032.ETC	0	184	09435	00E3 00DE 00F3 0020 00F3 0093 00E0 00DE 0092 009C 00DE 008E 0093 00EC 00DE 00F6 00E8 00A5 00A5 00A5 0003 000A 0096 00DE 0020 00D4 00C2 00F7 0086 01A1 0092 0218 008F 00E0 0096 00F7 0021 0003 00CC 00CC 00CC 0020 0214 0215 008F 00E3 0020 009D 00EA 00DE 00F7 009C 0092 00FC 00E8 00A1 0008 0000
M032.ETC	0	185	09469	00E3 00DE 0096 009C 00E0 009F 00DE 0020 000A 0021 0003 00BB 00C3 00D7 0199 019C 00F6 00F8 0020 01C3 00EA 015C 0092 00E0 0096 00DE 0003 00EF 009D 00DE 0020 0199 013A 00E9 0159 00E6 0175 0098 0096 00DE 0092 0092 00A1 0008 0000
M032.ETC	0	186	0948F	00B5 00C3 00DE 00B6 00DE 00DD 00E3 00DE 0020 0141 0142 00E9 021E 021F 0086 01C0 0099 009C 0161 00EA 0003 0177 019A 00E6 0125 0094 0020 024A 024B 0086 00E2 00EF 00E8 00EA 00DE 00E5 00F7 00FD 0003 009F 00FA 0096 00DE 0020 0141 0142 00E6 024C 009E 00F7 00FA 00E0 0222 019A 00E5 00E9 00E0 00DE 0005 0000
M032.ETC	0	187	094C5	00EF 009D 00DE 0224 020A 00E6 0020 0095 0159 00E6 024C 009E 00F7 00FA 00E0 0112 0113 00EA 0003 00B8 00DE 00C4 00DE 00B0 00E9 0227 00E9 0020 01D1 022C 00E9 014D 00E6 0092 00F9 00E4 0092 0093 0003 0227 0086 0198 00F9 0228 01D4 00E6 0020 0138 008F 00E3 0098 00F9 009A 00E4 00E0 00DE 0005 0000
M032.ETC	0	188	094F9	0228 01D4 00EA 0020 01D1 022C 00E9 024D 00E6 00F4 008F 00E3 0172 00E0 0161 00E6 00EA 0003 009F 00E9 0161 00E9 0020 015E 024E 00E4 01F1 0140 0086 00E0 00E0 0094 00E3 0003 022F 021C 00E9 01B7 0086 015C 0098 01CE 0086 0020 0220 0094 00E3 0098 00FA 00F9 00E9 00E0 00DE 00A1 0008 0000
M032.ETC	0	189	0952D	00E0 00E0 00DE 009C 00A5 00A5 00A5 0227 00E9 00E5 009F 00DE 0086 00E4 0098 00B6 00B7 00DE 00EA 0003 01D1 0092 00E9 024F 00E6 00F3 0020 0096 0098 009B 00FA 00E3 0092 00F9 00F7 009C 0092 0003 01D1 022C 00E6 0250 00EF 008F 00E0 00F7 0020 0175 008F 00E3 00F0 00F9 009A 00E4 00E0 00DE 00A1 0008 0000
M032.ETC	0	190	09560	0227 00E9 0228 01D4 00E6 0020 0138 0093 009A 00E4 00EA 00E3 00DE 0097 00E0 0096 00E5 003F 0003 00B8 00DE 00C4 00DE 00B0 00E9 0227 00E9 01D1 022C 00E3 00DE 0175 0097 00E2 00DE 00EF 008F 00E0 00E5 00F7 0003 01D1 0092 00E9 024F 00E6 0020 0175 008F 00E3 00F0 00F9 00E4 0092 0092 00A1 0008 0000
M032.ETC	0	191	09593	000A 00EA 0020 0251 0252 0035 0030 0253 0086 01C0 0099 0168 008F 00E0 0008 0000
M032.ETC	0	192	095A5	00B7 00AC 00AF 0020 000A 009B 00EF 00E3 00DE 009D 00FC 00DD 00A5 00A5 00A5 0003 017F 00E3 00DE 00EA 0020 0091 00E5 00E0 0086 0199 0254 013A 0091 00E2 0096 0092 00E3 00DE 009D 009C 0003 00B3 00DC 00BB 008F 00E3 0020 0177 0097 0098 00E5 00F8 00EF 009D 00FC 00E8 008A 00A1 0008 0000
M032.ETC	0	193	095D8	00EF 0091 0020 000A 013A 0020 00CE 00DF 00B0 00AF 00A5 00A5 00A5 0003 00EE 00FD 00E9 00E1 008E 008F 00E4 0020 0129 00E5 0092 01E3 00E6 0003 00EF 009D 00EF 009D 0020 00E0 0098 00EF 009C 0098 00E5 00F7 00FA 00E3 0021 0008 0000
M032.ETC	0	194	09601	0091 00E9 019A 0232 00E9 0139 0096 00F7 0020 0199 013A 00EA 00A5 00A5 00A5 0003 01D9 009C 00E2 00DE 00E2 0020 0095 00F4 00E2 00FA 00E6 00E5 00F7 00FA 00E3 0003 009F 009C 00E3 00E2 0092 00E6 0020 0095 0246 00FA 00E6 00E5 008F 00E0 00E9 00E3 00DE 009D 00A1 0008 0000
M032.ETC	0	195	0962F	0199 019C 013A 00E9 0020 009A 00DE 013A 0254 0096 00DE 0095 0096 009C 0092 009A 00E4 00EA 0003 00F0 00FD 00E5 0020 0140 00E2 00DE 0092 00E3 0092 00F9 00E4 015D 0092 00EF 009D 0005 0000
M032.ETC	0	196	0964F	0199 013A 0096 00DE 0020 0095 0246 00FA 00E6 00E5 00F9 0159 00E9 0139 00E6 00EA 0003 012A 012B 00E9 00B6 00B7 00DE 0086 0020 009E 0096 00DE 00FD 00E3 00DE 0095 0092 00E3 00DE 00E3 00DE 009C 00E0 0003 0148 00E3 00DE 0020 012A 012B 00E9 00B6 00B7 00DE 00E5 00FD 0096 0086 00A5 00A5 00A5 003F 0008 0000
M032.ETC	0	197	09682	0199 019C 013A 00E9 0175 0255 0096 00DE 0020 0095 0096 009C 0092 009A 00E4 00EA 0003 0169 00F3 0020 0256 015E 009C 00E3 0092 00F9 00E9 00E3 00DE 009D 00A5 00A5 00A5 0003 0091 00FD 00E5 009A 00E4 00E9 0020 0091 008F 00E0 0164 00E3 00DE 009D 0096 00F7 00E5 00A1 0008 0000
M032.ETC	0	198	096B0	0092 00F4 0091 0020 000A 0151 00E9 0095 0096 0099 00DE 00E3 00DE 0003 00B5 00C3 00DE 00B6 00DE 00DD 014C 00F3 0020 0214 0215 00E6 00E5 00F8 00EF 009C 00E0 0003 0199 013A 00F3 0020 0140 0096 00DE 00E7 0099 00E0 00E0 00DE 0099 00E3 00DE 009D 00E4 00F3 00A1 0008 0000
M032.ETC	0	199	096DF	0199 013A 0096 00DE 0020 0095 0246 00FA 00E6 00E5 008F 00E0 0257 0258 00EA 0003 0092 00EF 0020 01AC 0161 00E0 00E1 0096 00DE 01AF 00ED 00DE 00E3 0095 00F8 00EF 009D 0096 00DE 0003 00B5 00C3 00DE 00B6 00DE 00DD 00E9 01AC 0161 00EA 0020 0091 00E3 00E6 00E5 00F8 00EF 009E 00FD 00A1 0008 0000
M032.ETC	0	200	09712	000A 0151 00E9 0020 0141 0142 00E4 009C 00E3 00E9 0112 0113 0096 00DE 0003 0097 008F 00E4 0092 00E2 0096 0020 00B5 00C3 00DE 00B6 00DE 00DD 00E6 0131 0132 00E1 00EF 009D 0003 0169 00EA 0020 009F 00FA 0086 01A0 009C 00F0 00E6 009C 00E3 0095 00F8 00EF 009D 009F 00DE 00A1 0008 0000
M032.ETC	0	201	09745	0095 0095 0020 0095 0159 008F 00E3 00F4 00E2 00EA 0020 009D 009A 00DE 0092 00E5 0021 0003 00C0 00DE 00B0 00B8 00B4 00D9 00CC 0086 0020 00E9 009C 00E1 00EF 008F 00E0 008F 00E3 003F 0003 016F 021D 0020 009F 00E9 0259 00E9 009A 00E4 0086 0020 015C 0096 009E 00E3 00F6 00A1 0008 0000
M032.ETC	0	202	09777	0199 019C 013A 00EA 00A5 00A5 00A5 0095 025A 00F8 00E6 00E5 00F7 00FA 00E3 0096 00F7 0003 00EF 00F9 00E3 00DE 0020 019F 0096 00DE 0157 00FC 008F 00E0 00F6 0093 00E3 00DE 009D 00FC 0005 0000
M032.ETC	0	203	09799	009A 00FA 00EA 0020 0170 0142 00E9 016A 0096 00F7 015C 0092 00E0 00E9 00E3 00DE 009D 0096 00DE 0003 0189 00E9 012A 014F 025B 00E6 0020 0128 00FB 0093 00E4 009C 00E0 00E4 0096 00A5 00A5 00A5 00A1 0008 0000
M032.ETC	0	204	097BD	0199 013A 0096 00DE 0020 00E4 00E2 009E 00DE 00FD 0095 0246 00FA 00E6 00E5 008F 00E0 00E9 00E0 00DE 0003 0091 00FA 016B 0172 0020 0199 019C 013A 00E9 013A 0254 00F3 0095 0096 009C 0092 009C 0003 00A5 00A5 00A5 0091 0091 0020 0155 0197 00E9 00C0 00C8 00EA 00E2 0097 00E5 0092 00A1 0008 0000
M033.ETC	0	0	05D30	00B9 00DE 00B0 00D1 0086 0020 00E1 008D 0093 00E0 00DE 00FD 009C 00EF 009D 0003 00F6 00FB 009C 0092 00E3 00DE 009D 0096 003F 0000
M033.ETC	0	1	05D48	0015 0002 00C3 00DE 00B0 00C0 0086 0100 00FD 00E3 00DE 0098 00E0 00DE 009B 0092 0000
M033.ETC	0	2	05D59	0015 0002 0101 0102 0086 0100 00FD 00E3 00DE 0098 00E0 00DE 009B 0092 0000
M033.ETC	0	3	05D6A	0015 0002 00CA 00DE 00AF 00B8 00B1 00AF 00CC 00DF 0052 0041 004D 0086 0100 00FD 00E3 00DE 0098 00E0 00DE 009B 0092 0000
M033.ETC	0	4	05D83	0015 0002 009A 00E9 00C3 00DE 00B0 00C0 0086 0020 0103 009C 00E3 00F6 00FB 009C 0092 00E3 00DE 009D 0096 003F 0000
M033.ETC	0	5	05D99	0015 0002 009A 00E9 00C3 00DE 00B0 00C0 0086 0020 0104 0105 009C 00EF 009D 0096 003F 0000
M033.ETC	0	6	05DAB	0015 0002 0106 0107 0052 0041 004D 00E9 0108 0109 0096 00DE 0020 010A 010B 009C 00E3 0092 00EF 009D 0008 0000
M033.ETC	0	7	05DC1	0015 0002 00B6 00B0 00C4 00D8 00AF 00BC 00DE 0052 0041 004D 00E9 0108 0109 0096 00DE 0020 010A 010B 009C 00E3 0092 00EF 009D 0008 0000
M033.ETC	0	8	05DDC	0015 0002 0108 0109 010A 010B 00E9 00E0 00F2 0020 00BA 00CB 00DF 00B0 00E3 00DE 0097 00EF 009E 00FD 0008 0000
M033.ETC	0	9	05DF3	0015 0002 0108 0109 010A 010B 00E9 00E0 00F2 0020 0105 010C 00E9 00BE 00B0 00CC 00DE 00EA 00E3 00DE 0097 00EF 009E 00FD 0008 0000
M033.ETC	0	10	05E0D	0015 0002 00B6 00B0 00C4 00D8 00AF 00BC 00DE 0052 0041 004D 0096 00DE 0020 0091 00F8 00EF 009E 00FD 0008 0000
M033.ETC	0	11	05E23	0015 0002 00B6 00B0 00C4 00D8 00AF 00BC 00DE 0052 0041 004D 00E6 00EA 0020 010D 0097 010E 00F0 00E3 00DE 0097 00EF 009E 00FD 0008 0000
M033.ETC	0	12	05E3F	0015 0002 010F 0097 00FB 0098 00E9 009C 008E 0110 0086 0020 00EB 00E4 00E2 0111 008F 00E3 0003 009A 009A 00EF 00E3 00DE 00E9 0112 0113 0086 0020 0114 0115 009D 00F9 009A 00E4 0096 00DE 00E3 00DE 0097 00EF 009D 00A1 0003 0114 0115 009C 00EF 009D 0096 003F 0000
M033.ETC	0	13	05E6E	0015 0009 0007 0114 0115 0086 0116 0117 009D 00F9 00E0 00F2 00E6 0031 0037 00E9 0118 0097 0108 0109 0096 00DE 0119 011A 00E3 00DE 009D 00A1 0003 009A 00E9 00EF 00EF 00B9 00DE 00B0 00D1 0086 00BD 00C0 00B0 00C4 009B 009E 00E0 011B 011C 0003 0114 0115 0086 0116 0117 009D 00F9 009A 00E4 0096 00DE 00E3 00DE 0097 00EF 009E 00FD 0005 0003 0112 0113 00E9 0114 0115 0086 0116 0117 009C 00E0 0092 011B 011C 00EA 0003 0116 0117 00C3 00DE 00B0 00C0 011D 0102 011E 011F 00E3 00DE 00C3 00DE 00B0 00C0 0086 0120 0102 009C 00E3 0003 00B9 00DE 00B0 00D1 0086 0121 00BD 00C0 00B0 00C4 009C 00E3 0098 00E0 00DE 009B 0092 00A1 0008 0000
M033.ETC	0	14	05EDF	0015 0002 0009 0007 010D 0097 010E 00F0 00E6 0122 0123 009C 00EF 009C 00E0 0008 0000
M033.ETC	0	15	05EF2	0015 0002 00CA 00DE 00AF 00B8 00B1 00AF 00CC 00DF 00C3 00DE 00B0 00C0 00EA 0091 00F8 00EF 009E 00FD 0000
M033.ETC	0	16	05F08	0015 0009 0007 0106 0107 0052 0041 004D 00E9 0124 0125 0096 00DE 0020 00E3 00DE 0097 00E3 0092 00EF 009E 00FD 00A1 0003 0116 0117 00C3 00DE 00B0 00C0 011D 0102 011E 011F 00E3 00DE 0020 0126 00E3 00E9 0114 0115 0086 0103 009C 0003 00B9 00DE 00B0 00D1 0086 0020 0121 00BD 00C0 00B0 00C4 009C 00E3 0098 00E0 00DE 009B 0092 00A1 0000
M033.ETC	0	17	05F45	0015 0009 0007 00B6 00B0 00C4 00D8 00AF 00BC 00DE 0052 0041 004D 00E9 0124 0125 0096 00DE 0020 00E3 00DE 0097 00E3 0092 00EF 009E 00FD 00A1 0003 0116 0117 00C3 00DE 00B0 00C0 011D 0102 011E 011F 00E3 00DE 0020 0126 00E3 00E9 0114 0115 0086 0103 009C 0003 00B9 00DE 00B0 00D1 0086 0020 0121 00BD 00C0 00B0 00C4 009C 00E3 0098 00E0 00DE 009B 0092 00A1 0000
M033.ETC	0	18	05F86	0015 000E 0086 0127 00E6 0128 00FA 00E0 0004 0000
M033.ETC	0	19	05F92	0015 000A 00EA 0020 00CA 00DE 00C4 00D9 00BF 00B0 00C4 00DE 0086 0129 00E2 0099 00E3 0003 00BC 00AE 00B0 00C4 00BF 00B0 00C4 00DE 0086 0020 012A 012B 00E6 0095 0092 00E0 00A1 0008 0000
M033.ETC	0	20	05FB6	0015 012C 0096 00DE 0096 0096 008F 00E3 0092 00F9 0004 0000
M033.ETC	0	21	05FC2	009F 00FA 00EA 0020 00B4 00D9 00CC 00E6 012D 00FC 00F9 012E 012F 0130 00A5 00A5 00A5 0003 0097 008F 00E4 0020 000A 00E6 0131 0132 00E2 00EA 009D 00DE 00E0 00DE 0005 0000
M033.ETC	0	22	05FE3	009A 00E9 0133 00EA 0020 00B7 00D0 00E6 00EA 00EF 00E0 00DE 0134 0102 00E0 00DE 0003 009F 00FA 0086 0135 008F 00E3 0020 0136 00E6 0137 00F8 00E5 009B 0092 0003 0092 009D 00DE 00FA 0138 0093 0139 00EF 00E3 00DE 00A5 00A5 00A5 009B 00F7 00EA 00DE 00E0 00DE 00A1 0008 0000
M033.ETC	0	23	06012	00EF 0091 0020 000A 013A 008F 00E0 00F7 00A5 00A5 00A5 0003 013B 013C 0086 0020 0095 013D 00E6 009B 00FA 00F9 00E5 00FD 00E3 0003 013E 013F 008F 0140 0096 00DE 0020 0095 0091 00F8 00E5 00FD 00E3 00DE 009D 009A 00E4 0021 0008 0000
M033.ETC	0	24	0603A	0093 00EC 00EC 00A5 00A5 00A5 000A 013A 00EA 0003 0141 0142 00E9 0143 0144 00E6 0020 0095 00E5 00F8 00E6 00E5 008F 00E3 00F3 0003 0096 009B 00DE 00F8 0140 00E9 00E5 0092 0020 0145 0146 00E3 00DE 009D 00E9 00E8 003F 0008 0000
M033.ETC	0	25	06063	000A 013A 00E9 0020 0095 0147 00FA 00E9 013B 013C 00EA 0003 00E4 00DE 00E1 00F7 00E3 00DE 0020 0129 00E2 0099 00F7 00FA 00E0 00E9 00E3 00DE 009D 003F 0003 0148 00E0 00DE 0096 0020 00E4 008F 00E3 00F3 0140 0149 0096 00DE 0091 00F8 00EF 009D 00FC 00A1 0008 0000
M033.ETC	0	26	0608F	00BA 00CE 00DD 00A5 00A5 00A5 014A 009C 014B 0099 00DE 00E3 0095 0097 00EF 009D 0096 00DE 0003 014C 014D 00E6 0020 014E 0097 014F 0086 0135 00E1 010E 00F1 009A 00E4 00EA 0003 0096 00E0 0098 0150 009C 00DE 00F7 00FA 00E3 0095 00F8 00EF 009D 0020 00CA 00B2 00A1 0008 0000
M033.ETC	0	27	060C1	0095 00F4 0020 000A 0151 00E9 0095 013D 00EA 00A5 00A5 00A5 0003 00F3 009C 00F4 0020 013B 013C 00E3 00DE 00EA 0091 00F8 00EF 009E 00E7 0096 00E5 0003 00ED 0094 0094 0020 009F 0093 0092 0093 0020 009C 008D 0152 00E3 00DE 009D 0096 003F 0008 0000
M033.ETC	0	28	060ED	0091 00FA 00EF 0091 0020 013B 013C 0086 0153 0094 00E3 00E9 0154 014C 00E4 00EA 0003 0092 008F 00E0 0092 0020 00E4 00DE 00E9 00F6 0093 00E5 0155 0156 00E3 00DE 009D 0096 00E5 003F 0003 009A 00FA 00EF 00E0 0020 0157 00FC 008F 00E0 0095 013D 00E0 00DE 009A 00E4 00A5 00A5 00A5 00A1 0008 0000
M033.ETC	0	29	0611F	0148 00E3 00DE 009D 0096 00A5 00A5 00A5 000A 0151 003F 0003 00F4 00F4 0020 00F3 009C 00F4 0020 009F 00E9 013B 013C 0086 0003 0158 0102 009C 00E3 0098 00FA 00E4 0020 0092 00FC 00FA 00EF 009D 0096 003F 0008 0000
M033.ETC	0	30	06143	0095 0159 00EA 0020 0141 0142 00E6 015A 015B 009C 00E0 009A 00E4 00E3 00DE 0003 00E4 00DE 009A 0096 0020 0095 0096 009C 0098 00E5 008F 00E0 00E9 0096 003F 0003 00E0 00DE 008F 00E3 0020 009F 00FA 0020 013B 013C 00E0 00DE 00F6 00E5 0091 00A1 0008 0000
M033.ETC	0	31	0616C	000A 0096 00DE 0020 0112 0113 00E6 015A 00E3 00F9 00E4 015C 0092 00E3 0003 00E4 00DE 00FD 00E5 009A 00E4 0086 0020 00F4 008F 00E3 0098 00F9 0096 00E4 015D 008F 00E0 00F7 0003 00A5 00A5 00A5 013B 013C 0086 0020 009B 0096 00DE 009C 00E3 0098 00F9 009A 00E4 00E4 00EA 0021 0008 0000
M033.ETC	0	32	0619B	0095 00FA 00EA 0020 000A 00E9 015A 015B 00E9 015E 00F7 009E 0086 0003 015F 0160 00E6 0020 00F6 00FB 009A 00FD 00E3 00DE 0092 00E0 00FD 00E0 00DE 0099 00E4 00DE 00A5 00A5 00A5 0003 013B 013C 0086 0153 0094 00F9 0020 0095 0159 0086 0129 00F9 00E4 0020 00B6 00DE 00AF 00B6 00D8 00E0 00DE 00A1 0008 0000
M033.ETC	0	33	061D0	000A 0151 00EA 0020 0141 0142 00E6 00E5 00F7 00FA 00E3 0003 00EF 009D 00EF 009D 0020 00E0 0098 00EF 009C 0098 00E5 008F 00E0 00A5 00A5 00A5 0096 00DE 0003 00CC 00DF 00CC 00DF 00AF 0020 0095 013D 00E6 013B 013C 00E4 00EA 0020 00B9 00AF 00BB 00B8 00E0 00DE 0021 0008 0000
M033.ETC	0	34	061FF	0021 0020 000A 013A 00EA 0020 00EA 009D 00DE 0096 009C 0098 00E5 0092 00E9 0096 003F 0003 0141 0142 00E0 00F9 0161 0096 00DE 0020 013B 013C 0086 0153 0094 00F9 00E4 00EA 00A5 00A5 00A5 0003 00B5 00C3 00DE 00B6 00DE 00DD 00E9 0141 0142 00F3 0020 0162 00E6 0163 00E1 00E0 00E5 0091 00A1 0008 0000
M033.ETC	0	35	06231	000A 013A 00E9 0020 0164 00FB 00E6 0092 00F9 00E9 00EA 0003 013B 013C 00E3 00DE 009D 0099 00E4 00DE 00A5 00A5 00A5 00EA 00EA 0091 00A5 00A5 00A5 0003 0141 0142 00E9 0112 0113 00E4 0020 0165 0166 0096 00DE 0091 00F9 00FD 00E3 00DE 009C 008E 003F 0008 0000
M033.ETC	0	36	0625D	000A 013A 00EA 0020 013B 013C 0086 0167 00FC 00FA 00E0 00E9 003F 0003 00E3 00DE 00F3 0020 00E5 00FD 00E3 0097 00FA 0092 00E5 013B 013C 00E5 00FD 00E3 00DE 009C 008E 0021 0003 009F 00FA 00E6 0020 0140 0149 00E6 0091 00EC 00FA 00E3 0092 00F9 00FC 00F6 00A1 0008 0000
M033.ETC	0	37	0628B	000A 013A 00E4 0020 013B 013C 00E9 0168 00F8 011C 00FC 009E 003F 0003 00F0 00FD 00E5 00EA 0020 0095 0096 009C 0098 015D 0093 00E3 00DE 009C 008E 0093 0099 00E4 00DE 0003 0169 00EA 00A5 00A5 00A5 009D 009A 00DE 0098 00BD 00C3 00B7 00E0 00DE 00E4 015D 0093 00A1 0008 0000
M033.ETC	0	38	062BA	0141 0142 00E6 00E5 00F7 00FA 00E0 0020 000A 013A 00E3 00DE 009D 00E8 003F 0003 009F 00FD 00E5 0143 0144 00E9 016A 0096 00DE 0020 0091 00F7 0020 0092 00F4 00E0 00DE 00FC 0091 0003 013B 013C 0096 00DE 0020 0164 0086 00E2 0099 00E3 0097 00E3 0092 00EF 009D 00FC 00F6 00A1 0008 0000
M033.ETC	0	39	062EB	00ED 008A 008A 0020 00CE 00DD 00C4 00E6 016B 0136 00E0 00DE 00E5 0091 00A5 00A5 00A5 0003 000A 0096 00DE 0020 013B 013C 0086 0153 0094 00E3 016C 0098 00E5 00FD 00E3 0003 0092 00EF 00EF 00E3 00DE 00E9 00B7 00D0 0096 00F7 00EA 0020 016D 0094 00F7 00FA 00E5 0092 00F6 00A1 0008 0000
M033.ETC	0	40	0631E	0093 0020 0093 00FD 003F 0020 00E5 00FD 00E0 00DE 00BB 00D9 009C 00DE 008C 00E5 0092 0096 0021 0003 015A 015B 00E9 00C1 00AC 00DD 00BD 0086 0020 00E9 0096 00DE 009C 00E0 00CE 00DE 00B8 0086 0003 00E5 0098 00DE 009B 00F2 00E6 0020 0097 00E3 0098 00FA 00E0 00FD 00E0 00DE 00E8 0020 0098 00DE 00B0 00A1 0008 0000
M033.ETC	0	41	06354	00EF 0091 0020 0096 00FC 0092 0092 0020 0095 00BB 00D9 009B 00FD 0003 0097 008F 00E4 0020 0095 016E 00E3 00DE 00F3 009D 0092 00E0 00FD 00E3 00DE 009C 008E 003F 0003 00E3 00DE 00F3 016F 0020 00CA 00DE 00C5 00C5 00EA 0135 008F 00E3 0092 00E5 0092 00E9 00A1 0008 0000
M033.ETC	0	42	06383	0091 00F7 00B2 00D4 00E0 00DE 00FC 0020 00BB 00D9 009C 00DE 008C 00E5 0092 00E9 00F6 0003 00BB 00D9 00EA 0020 009D 0098 00DE 00B2 00C0 00BD 00DE 00D7 009D 00F9 0096 00F7 0003 00B7 00D7 00B2 00E5 00E9 00F6 00E8 008A 0020 00BC 00AF 00BC 0020 00BC 00AF 00BC 00A1 0008 0000
M033.ETC	0	43	063B6	0095 014C 00E6 0020 0095 00BB 00D9 009B 00FD 0096 00DE 0098 00F9 00E5 00FD 00E3 0003 0097 008F 00E4 0020 00EA 009C 00DE 00F2 00E3 00E9 009A 00E4 009C 00DE 008C 00E5 0092 003F 0003 0099 0092 00EB 00DE 0170 00EA 0020 0148 009C 00E3 00F9 00E9 0096 009C 00F7 0021 0008 0000
M033.ETC	0	44	063E5	00BA 00CE 00DD 00A5 00A5 00A5 014A 009C 014B 0099 00DE 00E3 0095 0097 00EF 009D 0096 00DE 0003 00B5 00C3 00DE 00B6 00DE 00DD 014C 00E3 00DE 00EA 0020 014E 0097 014F 00E9 0128 014C 00EA 0003 0096 00E0 0098 0020 0095 0171 00F8 014A 009C 014B 0099 00DE 00E3 0095 00F8 00EF 009D 009F 00DE 00A1 0008 0000
M033.ETC	0	45	0641B	0095 0092 0020 00BB 00D9 0021 0020 00E4 00DE 009A 0096 00F7 0172 00E0 00FD 00E0 00DE 0003 009F 00FD 00E5 0173 00E3 00DE 0020 00C0 00DE 00DD 00BD 0086 009C 00E3 00E5 0092 00E3 00DE 0003 0174 00F1 0096 00F7 0020 014C 0096 00F7 015A 00E3 0175 008F 00E3 0098 00FA 0021 0008 0000
M033.ETC	0	46	0644B	00EE 00EE 0093 0020 009A 00FA 0096 00DE 00D3 00DD 00B7 00B0 00C0 00DE 00DD 00BD 0021 0003 00E1 00EF 00E0 00E9 0020 0176 0161 00E0 00E1 00E9 0091 0092 00E0 00DE 00E3 00DE 00EA 0003 0177 0178 0175 00E9 0020 0095 00E4 00DE 00F8 00E4 015C 0097 00EF 009C 00E0 00A1 0008 0000
M033.ETC	0	47	0647C	0091 00F8 008C 0020 009A 00F8 008C 00EF 00E0 00A5 00A5 00A5 00A5 0003 00E3 00DE 008F 0096 0092 00BB 00D9 0096 00DE 0020 00F4 008F 00E3 0097 00E0 009F 00DE 0003 00E4 00DE 0093 00F4 008F 00E3 0020 0158 0102 009D 00F9 00E9 0096 00E5 0091 003F 0008 0000
M033.ETC	0	48	064A7	009A 0092 00E2 0020 00B5 00DA 00E9 0159 00E3 00DE 00C0 00DE 00DD 00BD 00E4 00EA 0021 0003 0127 0179 0086 0132 00E3 00E5 0092 0020 00B5 00DA 00E9 009A 00E4 0086 0003 00CA 00DE 00B6 00E6 009C 00E3 00F9 00F0 00E0 0092 00E3 00DE 0020 0098 00F4 009C 0092 009E 00DE 00A1 0008 0000
M033.ETC	0	49	064D8	00C0 00DE 00DD 00BC 00DD 00B8 00DE 0020 00C0 00DE 00DD 00BC 00DD 00B8 00DE 0021 0003 009A 00F8 008C 00EF 00E0 0020 009D 0099 00DE 008A 00D8 00BD 00DE 00D1 017A 00E0 00DE 00E5 0003 00B5 00DA 00F3 0020 00D1 00BD 00DE 00D1 00BD 00DE 009C 00E3 0097 00E0 009E 00DE 0021 0008 0000
M033.ETC	0	50	0650A	0091 0091 0020 00F4 00F2 00FB 008F 0020 00F4 00F2 00E3 0098 00FA 008F 0003 016F 0139 00EA 0020 017B 0096 00F7 017C 0096 00DE 017D 0092 008F 00E3 00E9 00E6 0003 009F 00FD 00E5 00E4 009A 00E3 00DE 0020 00C0 00DE 00DD 00BD 009B 00FA 00E3 00E0 00EF 00F9 0096 0021 0008 0000
M033.ETC	0	51	0653A	014C 017E 017F 00E6 0020 0180 0177 00E5 00BB 00D9 0096 00DE 0172 00F9 00E5 00FD 00E3 0003 0148 0096 00E9 0020 0159 0181 00FA 00E6 00E1 0096 00DE 0092 00E5 0092 00E3 00DE 009D 0003 00A5 00A5 00A5 00E6 009C 00E3 00F3 0020 00C9 00D8 00E9 0092 0092 00BB 00D9 00E0 00DE 0021 0008 0000
M033.ETC	0	52	0656C	0091 00F8 008C 00F8 008C 0020 0092 0097 00E5 00F8 00C0 00DE 00DD 00BD 00E4 00EA 0003 0177 0182 00E6 009C 00E3 0020 010A 0183 00E5 00BB 00D9 00E3 00DE 009D 00E8 008A 0003 0092 00E2 00EF 00E3 00DE 0095 00E4 00DE 00F9 0096 0020 0129 00E3 00F6 008F 00E4 0021 0008 0000
M033.ETC	0	53	0659D	009A 00FA 00EA 0020 00BB 00D9 00E0 00DE 00F6 00E5 0091 00A5 00A5 00A5 0003 0184 00EF 00E3 00DE 0020 00F4 008F 00E3 00F9 008F 00E3 009A 00E4 00EA 0003 00BB 00B0 00B6 00BD 0096 00F7 0020 00E6 0099 00DE 00E0 00E9 0096 00F3 0021 0008 0000
M033.ETC	0	54	065C6	00EF 0091 0020 0096 00FC 0092 0092 0020 0095 00BB 00D9 009B 00FD 00E0 00DE 00FC 0003 00E3 00DE 00F3 00A5 00A5 00A5 0096 00FC 0092 0092 008F 00E3 0092 0093 00E6 00EA 0003 00E1 008E 008F 00E4 0020 0177 0097 009D 0097 00DE 00F9 0140 00F3 009D 00F9 00FC 00A1 0008 0000
M033.ETC	0	55	065F4	0097 008C 00B0 008F 0020 00E0 00DE 00FA 0096 00B0 008F 0020 0185 0099 00E3 00B0 008F 0003 00A5 00A5 00A5 008F 00E3 0020 0095 00E4 00DE 00FB 0092 00E3 00F0 00E0 0099 00E4 00DE 0003 00EB 00E0 009D 00F7 0020 0095 00E4 00DE 008F 00E3 0092 00F9 00E0 00DE 0099 00E0 00DE 00FC 00A1 0008 0000
M033.ETC	0	56	06625	0186 0187 00E9 0157 00FC 00F8 013F 00EA 0020 00E4 00DE 00FD 00E5 014E 0097 014F 00F3 0003 00E0 009C 0096 00E6 0020 0188 0096 00FA 00F9 00F3 00E9 00E0 00DE 0099 00E4 00DE 0003 009A 00FA 00EA 0020 00E1 008E 008F 00E4 0020 0188 0096 00FA 009D 0097 00DE 00F6 00A1 0008 0000
M033.ETC	0	57	06656	0189 013A 00E9 0020 0095 0096 00FC 0092 009F 0093 00E5 009A 00E4 00A5 00A5 00A5 0003 018A 018B 00E3 00DE 0020 00BB 00C3 00D7 0189 018C 00E9 018D 0086 00F6 00EA 00DE 00FA 00E3 00EA 0003 018E 014D 00E6 0020 013F 0086 0095 009B 00EF 009C 00E6 00E5 00F7 00FA 00F9 00E9 00E3 00DE 009D 0005 0000
M033.ETC	0	58	0668A	009A 00FD 00E5 009C 00DE 008E 0093 00E0 0092 0096 00DE 0020 018F 0098 0190 0092 00E0 00F7 0003 0095 0191 00FA 00E6 0020 00E5 008F 00E3 009C 00EF 00FC 00FA 00EF 009D 00A5 00A5 00A5 00A1 0008 0000
M033.ETC	0	59	066AC	00BB 00C3 00D7 0189 018C 0096 00DE 0020 00E8 00F7 00FC 00FA 00F9 00E5 00FD 00E3 00A5 00A5 00A5 0003 00C0 00DE 00B0 00B8 00B4 00D9 00CC 00EA 0020 00E5 00FD 00E3 00EB 0097 008E 0093 00E5 00FD 00E0 00DE 0005 0000
M033.ETC	0	60	066D3	009C 0096 009C 0020 00EF 00E0 00DE 0020 0192 009C 00E9 0193 0194 00EA 0091 00F9 00EA 009D 00DE 0021 0003 0195 00E5 00F9 00C3 00A8 00B1 00D7 00E3 00DE 0020 0196 00F7 00FA 00E3 0092 00F9 0197 00F8 0003 00E0 00DE 00FA 00F3 0189 018C 00E6 00EA 0020 0198 0199 00E6 0127 0086 015A 009E 00E5 0092 009B 00A1 0008 0000
M033.ETC	0	61	0670C	0015 019A 00FD 00E0 00DE 00F6 0093 00E6 0020 019B 008F 00E3 0092 00F9 00A5 00A5 00A5 00A1 0008 0000
M033.ETC	0	62	0671F	000A 0151 0020 0189 013A 00E6 0138 00FC 00FA 00EF 009C 00E0 0096 003F 0003 0189 018C 013A 0096 00DE 0020 019C 0140 00E6 019D 008F 00E3 009A 00F7 00FA 00E3 00A5 00A5 00A5 0003 019E 009C 00EC 00DE 00F8 00E6 0020 0093 00FA 009C 009F 0093 00E3 00DE 009C 00E0 00F6 0021 0008 0000
M033.ETC	0	63	0674F	0189 018C 013A 0096 00DE 0020 0095 019C 0140 00E6 00E5 008F 00E0 0095 0096 0099 00DE 00E3 00DE 0003 019F 00E9 009A 00E4 00E3 00DE 0020 00E5 00F4 00EF 009D 00DE 00E6 009D 00F0 00EF 009D 0003 00A5 00A5 00A5 0091 0092 00E2 00F3 0020 019D 008F 00E3 0098 00F9 00E3 00DE 009C 008E 0093 00A1 0008 0000
M033.ETC	0	64	06781	000A 013A 00E6 0020 01A0 009D 00F6 0093 00E6 00E4 0003 0189 013A 0096 00F7 0020 009A 00DE 00EE 0093 00EB 00DE 0086 01A1 0096 008F 00E3 00EF 009D 0003 00E4 00DE 0093 0096 0020 009A 00FA 0086 0095 01A2 0099 0168 00F8 017E 009B 0092 00A1 0008 0000
M033.ETC	0	65	067AD	00BC 00D9 00CA 00DE 00B0 00CE 00DE 00C4 00D9 0086 0020 0127 00E6 0128 00FA 00E0 00A1 0008 0000
M033.ETC	0	66	067C0	0189 018C 013A 00E9 0020 019F 0096 00DE 01A3 008F 00E0 00E4 015D 008F 00E0 00F7 0003 016F 01A4 00EA 00A5 00A5 00A5 0189 013A 0096 00DE 0191 00FA 00EF 009C 00E0 0003 01A5 0161 0151 00EA 0020 0148 0086 00F4 008F 00E3 0092 00F9 00E9 00F4 00F7 003F 0008 0000
M033.ETC	0	67	067ED	00F4 00F4 0020 000A 00F6 0020 00E3 00DE 0096 009C 00E0 0021 0003 009F 00FA 009A 009F 0020 0095 0159 00E6 01A6 0094 00E0 0111 01A7 00E9 0091 0096 009C 0003 01A8 00E9 01A9 00E9 0135 00E2 0020 009B 009B 00F4 0097 00E9 01AA 00E0 00DE 0021 0005 0000
M033.ETC	0	68	0681A	009A 00FA 00E3 00DE 0095 0159 00F3 0020 0095 0159 00E9 01AB 00E6 01AC 00E2 00DE 0092 00E0 00E5 0003 0169 0096 003F 0020 0169 00EA 0020 0107 01AD 0086 0098 009D 00DE 009C 00E0 00E0 00DE 0099 00E0 00DE 0003 00FC 008F 00EA 008F 00EA 00A5 00A5 00A5 00B9 00DE 00AF 00CE 0020 00B9 00DE 00CE 00B9 00DE 00CE 00AF 00A1 0008 0000
M033.ETC	0	69	06852	01AE 00EA 0020 0189 013A 0096 00DE 010A 015D 01AF 00E5 019F 00E6 0096 0096 008F 00E3 0003 01B0 0098 0160 009E 00E4 0020 0092 00FC 00FA 0190 0099 00E3 0092 00EF 009D 0003 0169 00EA 0020 01B1 0161 009C 00DE 008C 00E5 0092 00FD 00E0 00DE 0099 00E4 00DE 00E5 0091 00A1 0008 0000
M033.ETC	0	70	06882	0189 018C 0096 00DE 0020 0169 00E9 009A 00E4 0086 0155 01B2 009C 00E3 0003 012A 012B 00E9 00B6 00B7 00DE 0086 0020 01A0 009D 00F6 0093 00E6 0092 0093 00E9 00E0 00DE 0005 0000
M033.ETC	0	71	068A2	009C 0096 009C 0020 00B5 00C3 00DE 00B6 00DE 00DD 00E9 012A 0086 0196 00F9 00E9 00EA 0003 00B5 00C3 00DE 00B6 00DE 00DD 01B3 0189 00E9 0020 0169 00E9 01B4 00F2 00E5 00E9 00E0 00DE 0003 009A 00FA 00E0 00DE 0099 00EA 0020 00E0 00DE 00FA 00E6 00F3 01A1 0099 00EA 009C 00E5 0092 00A1 0008 0000
M033.ETC	0	72	068D4	0189 018C 013A 00E9 01B5 00F9 00EF 0092 00EA 0020 013F 00E6 01B6 00F8 00EF 009D 0003 0189 013A 00E9 01A7 0096 00DE 0020 018F 0098 00E5 0092 00E9 00E0 00DE 0096 00F7 0003 00B6 00B7 00DE 0086 00F6 009A 009E 00E4 00EA 0020 0148 01B7 00E3 00DE 009D 0096 0021 0008 0000
M033.ETC	0	73	06902	0189 013A 00E9 019F 00EA 0020 01B8 00E0 00DE 00E4 015D 0093 00E9 00E3 00DE 009D 0003 00E3 00DE 00F3 00A5 00A5 00A5 0189 018C 013A 0096 00DE 0020 01B8 0152 0086 009C 00E3 00F9 009C 0003 00F4 008F 00EA 00DF 00F8 0020 00E1 0096 00DE 0093 00E9 00E3 00DE 009C 008E 0093 00E8 008A 00A1 0008 0000
M033.ETC	0	74	06934	0169 0096 00DE 0020 0189 018C 00E9 009A 00E4 0086 0093 00E0 0096 00DE 0093 00E4 00EA 0003 01AB 01B9 00E4 009C 00E3 00E9 0020 01BA 0096 00DE 0093 009D 0092 00E0 00F2 0096 00E5 003F 0005 0000
M033.ETC	0	75	06956	0095 0159 00E6 0153 0093 0020 009F 00E9 013B 013C 00E9 016A 0096 00DE 00A5 00A5 00A5 0003 00E4 00DE 0093 00E6 00F3 0020 0092 00E4 0095 009C 0098 017A 009C 00DE 00F9 00E9 00E0 00DE 0003 00EA 00EA 00A5 00A5 00A5 0169 00F3 0020 00E4 00DE 0093 0096 009C 00E3 0092 00F9 00E5 00A1 0008 0000
M033.ETC	0	76	06985	00FC 00EA 00EA 0020 00BB 00D9 0096 00DE 0129 00EF 0092 00E6 0172 00F9 00E4 00EA 0021 0005 0003 00B5 00C3 00DE 00B6 00DE 00DD 00E9 0020 01BB 01BC 00E9 0161 00E0 00E1 00EA 0003 01BA 00E6 0091 00E2 0098 00E3 0020 0093 00FA 009C 0098 015D 0093 009F 00DE 00A1 0008 0000
M033.ETC	0	77	069B5	01BD 0093 014F 01BE 0096 00DE 0020 009C 00E0 00E4 015D 008F 00E0 00F7 00A5 00A5 00A5 0003 00F4 00EA 00F8 0020 0091 00E9 0189 018C 013A 00EA 00C6 00BE 0161 00E3 00DE 009C 00E0 0096 003F 0003 009C 0096 00F3 0020 012A 012B 00E9 00B6 00B7 00DE 00EF 00E3 00DE 01BF 00EF 00FA 00F9 00E4 00EA 0021 0008 0000
M033.ETC	0	78	069E9	0189 013A 00E9 0020 0095 01B8 0152 0086 009C 00E3 0092 00E0 0189 018C 013A 0096 00DE 0003 00CA 00DF 00BF 00DE 00B0 00C4 00E9 0127 017E 00A5 00A5 00A5 009D 00F9 00E4 00F4 00EA 00F8 0003 00D4 00C2 0096 00DE 0020 0189 013A 00E9 01C0 01B7 00E6 01B8 0086 0128 00FA 00E0 00E9 00E3 00DE 009D 00A1 0008 0000
M033.ETC	0	79	06A1E	00F0 00FD 00E5 00EA 0020 01C1 0092 0086 01C2 00FA 00E3 0092 00EF 009D 0096 00DE 0003 0169 00EA 0020 009A 009A 00E6 0148 0096 00DE 01C3 009A 00FB 0093 00E4 00F3 0003 0189 013A 0086 0020 0095 0196 00F8 009D 00F9 00E2 00F3 00F8 00E3 00DE 009D 00A1 0008 0000
M033.ETC	0	80	06A4B	01C4 00E9 01C5 01C6 00E9 0020 00BC 00DE 00DD 00E9 01C7 0151 00E6 0128 00F9 00E6 00EA 0003 0148 0096 00E9 01C8 0086 0020 00EA 00F2 010E 00EF 00E8 00EA 00DE 00E5 00F7 00E5 0092 00E4 0003 00E4 00DE 00FA 0096 00E9 0106 00E3 00DE 0020 01C9 00FD 00E0 00DE 0097 0095 0098 0096 00DE 0091 00F8 00EF 009D 00A1 0008 0000
M033.ETC	0	81	06A82	01C1 0092 00E0 00DE 01CA 01CB 00E0 00DE 00E4 0020 009B 00FC 0092 00E3 00DE 00F3 00A5 00A5 00A5 0003 01CC 0161 0096 00DE 01CD 00FA 00E3 0020 015B 01CE 0086 01CF 008F 00E3 0098 00FA 00F9 00E4 0003 00F0 00FD 00E5 01D0 009A 00DE 00E4 00E9 00F6 0093 00E6 0020 016D 0094 00E3 0092 00EF 009D 00A1 0008 0000
M033.ETC	0	82	06AB7	00F0 00FD 00E5 00A5 00A5 00A5 00BC 00DE 00DD 0096 00DE 01D1 01D2 009B 00FA 00E0 00E4 0097 0003 009D 0098 00DE 00E6 0020 0180 01D0 0096 00DE 01D3 0098 00E4 016D 0094 00E3 0092 00EF 009D 0096 00DE 0003 009F 00FD 00E5 00E6 0020 01D4 00E3 00DE 00EA 00E5 0092 00F7 009C 0092 00E9 00E3 00DE 009D 0005 0000
M033.ETC	0	83	06AEA	009D 00ED 00DE 00E3 00E9 00BC 00DE 00DD 0096 00DE 0020 0180 01D0 00E6 01D5 0086 01D6 008F 00E3 00F3 0003 0180 01D0 0096 00DE 0020 00CA 00DF 00DC 00B0 0086 00E0 0098 00FC 0094 00F9 00EF 00E3 00DE 00E6 00EA 0003 009C 00EA 00DE 00F7 0098 00A5 00A5 00A5 0193 0194 0096 00DE 0096 0096 00F9 00F6 0093 00E3 00DE 009D 00A1 0008 0000
M033.ETC	0	84	06B22	000A 0151 0020 0126 01D5 0086 00E2 0098 009E 00EA 00DE 0003 00E0 00DE 00FA 00F3 0020 01D7 01D8 00E5 00E4 00DE 014A 009C 00EF 009D 00EF 0092 0003 0189 013A 00F3 0020 0096 0098 009A 00DE 00EA 00E3 00DE 0097 00E3 0095 00F8 00EF 009D 00A1 0008 0000
M033.ETC	0	85	06B4C	0034 00E2 00E9 00BC 00DE 00DD 0096 00DE 0020 01D1 01D2 009B 00FA 00E0 0096 00F7 00E6 00EA 0003 0092 008F 009A 0098 00E9 00F5 0093 00F6 00F3 0020 00E5 0098 00E5 00F8 00EF 009C 00E0 0003 0162 01D9 00E9 01DA 00E6 0020 00E4 00DE 0093 0096 01D4 0096 00DE 00FA 00EF 009D 00F6 0093 00E6 0021 0008 0000
M033.ETC	0	86	06B81	0177 01DB 01DC 00E3 00DE 01C3 009A 008F 00E0 0020 00CA 00DF 00D9 00D2 00B7 00B1 01DD 01BD 0021 0003 0033 0177 012E 0189 0020 00BE 00DE 00B5 00DD 01DE 01DF 0086 01E0 008F 00E0 012E 01CE 01E1 00E4 0003 00CE 00DE 00B3 00B2 01E2 0092 00F9 00B8 00DE 00D7 00DD 00BC 00B0 00D9 01E1 00E4 00E9 01DD 0092 00E0 00DE 00A1 0008 0000
M033.ETC	0	87	06BC2	01E3 01E4 00E9 01E5 01E6 00EA 0020 012E 012F 00E3 00DE 01E7 00E8 01E8 009E 00F9 0021 0003 00BB 00BF 00D8 00E5 00E4 00DE 0096 00DE 0020 01E9 008F 00E3 0098 00F9 01E3 01E4 00E9 01E5 01E6 00EA 0003 00CC 00D8 00B0 00BD 00DE 00E9 012E 012F 01EA 00E3 00DE 0020 01E7 00E8 01E8 009E 00F9 00E9 00E0 00DE 0021 0008 0000
M033.ETC	0	88	06BFD	0141 01EB 012D 0020 0141 0142 01EC 00B8 00BB 00D8 0144 01ED 00E9 01EE 01EF 0021 0003 00D8 00B0 00C1 00E9 01F0 0092 0144 0020 010A 01F1 00E3 00DE 0091 008F 00E0 0141 0142 00EA 0003 00B8 00BB 00D8 0086 00BC 00DE 00AC 00DD 00CC 00DF 00E3 00DE 00F6 0099 00E2 00E2 01DD 008F 00E0 00A1 0008 0000
M033.ETC	0	89	06C37	0105 01F2 01B3 0020 01F3 0096 00E5 01B3 00BD 00C4 00B0 00D1 00BB 00DD 00B8 00DE 0021 0003 01CA 01AC 0020 00F2 0097 00F2 0097 00E4 017C 01F4 0086 01CD 009C 00E0 01B3 00E0 00DE 0096 00DE 0003 009B 00F7 00E6 0020 01F5 01F6 0194 00E9 01F7 0178 0096 00DE 009B 0096 00FD 00E3 00DE 0091 00F9 00A1 0008 0000
M033.ETC	0	90	06C70	012A 0141 0020 00BC 00AC 00B2 00C6 00DD 00B8 00DE 00BF 00B0 00C4 00DE 0086 01F8 00E8 00E3 0021 0003 01C1 0092 00E9 01F9 0094 00E5 0092 0020 0162 014B 015B 01CE 00E9 00E0 00F2 00E6 0003 01C7 0096 00DE 01A6 0094 00E0 00F3 0093 00E0 0141 0020 01FA 0173 00E6 0091 00F9 00F7 009C 0092 00A1 0008 0000
M033.ETC	0	91	06CA9	0189 01F6 00EA 0020 00BA 00DA 00BD 00C3 00DB 00B0 00D9 00E6 009A 00DE 01FB 01FC 0021 0003 01C0 008F 00E1 008C 018A 00E9 0020 01FD 00FA 00E0 014E 01DF 0086 01FE 00F2 00E3 0003 01FF 01A4 00E5 0200 01D3 0096 00DE 0020 018F 014E 0097 00E9 0201 0202 016C 00E3 00DE 009D 00A1 0008 0000
M033.ETC	0	92	06CE0	0203 00F8 0161 00E9 0189 013A 00E6 0020 0204 0205 00F8 00CF 00C0 00DE 00D1 01BA 0206 0021 0003 0105 009C 0092 00CC 00DF 00DA 00B2 00BD 00CE 00DF 00AF 00C4 0020 00B5 00C3 00DE 00B6 00DE 00DD 0207 011B 00EA 0003 0176 0092 00CF 00C0 00DE 00D1 00E9 0020 018E 00E9 00CC 00DF 00D7 00B2 00CD 00DE 00B0 00C4 00BF 00DE 00B0 00DD 00A1 0008 0000
M033.ETC	0	93	06D21	00BB 00C3 00D7 0189 018C 0020 0031 0037 0208 00E9 015F 0209 00E6 009E 00EF 00F9 0021 0003 016F 00F4 0020 00B5 00C3 00DE 00B6 00DE 00DD 01B3 014D 00E9 00B1 00B2 00C4 00DE 00D9 00E4 00E5 008F 00E0 0003 0189 018C 00E9 0020 0031 0037 020A 0086 01B5 00F8 01E8 008F 00E3 020B 020C 009C 00EF 009D 00A1 0008 0000
M033.ETC	0	94	06D5B	00BC 00AC 00B2 00C6 00DD 00B8 00DE 00BF 00B0 00C4 00DE 00EA 0020 0100 00EA 00DE 00FA 009C 0161 00E9 0141 0003 0034 00E2 00E9 019C 015F 00E9 012E 012F 0086 0020 0111 0092 009A 00E5 009E 00F9 0161 0096 00DE 0003 020D 020E 020F 00E9 0020 01E5 00E9 01C5 01C6 00E9 0210 0086 0211 0099 00F9 00E9 00E0 00DE 00A1 0008 0000
M034.ETC	0	0	046B6	00B9 00DE 00B0 00D1 0086 0020 00E1 008D 0093 00E0 00DE 00FD 009C 00EF 009D 0003 00F6 00FB 009C 0092 00E3 00DE 009D 0096 003F 0000
M034.ETC	0	1	046CD	0015 0002 00C3 00DE 00B0 00C0 0086 0100 00FD 00E3 00DE 0098 00E0 00DE 009B 0092 0000
M034.ETC	0	2	046DD	0015 0002 0101 0102 0086 0100 00FD 00E3 00DE 0098 00E0 00DE 009B 0092 0000
M034.ETC	0	3	046ED	0015 0002 00CA 00DE 00AF 00B8 00B1 00AF 00CC 00DF 0052 0041 004D 0086 0100 00FD 00E3 00DE 0098 00E0 00DE 009B 0092 0000
M034.ETC	0	4	04705	0015 0002 009A 00E9 00C3 00DE 00B0 00C0 0086 0020 0103 009C 00E3 00F6 00FB 009C 0092 00E3 00DE 009D 0096 003F 0000
M034.ETC	0	5	0471A	0015 0002 009A 00E9 00C3 00DE 00B0 00C0 0086 0020 0104 0105 009C 00EF 009D 0096 003F 0000
M034.ETC	0	6	0472B	0015 0002 0106 0107 0052 0041 004D 00E9 0108 0109 0096 00DE 0020 010A 010B 009C 00E3 0092 00EF 009D 0008 0000
M034.ETC	0	7	0473F	0015 0002 00B6 00B0 00C4 00D8 00AF 00BC 00DE 0052 0041 004D 00E9 0108 0109 0096 00DE 0020 010A 010B 009C 00E3 0092 00EF 009D 0008 0000
M034.ETC	0	8	04758	0015 0002 0108 0109 010A 010B 00E9 00E0 00F2 0020 00BA 00CB 00DF 00B0 00E3 00DE 0097 00EF 009E 00FD 0008 0000
M034.ETC	0	9	0476D	0015 0002 0108 0109 010A 010B 00E9 00E0 00F2 0020 0105 010C 00E9 00BE 00B0 00CC 00DE 00EA 00E3 00DE 0097 00EF 009E 00FD 0008 0000
M034.ETC	0	10	04785	0015 0002 00B6 00B0 00C4 00D8 00AF 00BC 00DE 0052 0041 004D 0096 00DE 0020 0091 00F8 00EF 009E 00FD 0008 0000
M034.ETC	0	11	0479A	0015 0002 00B6 00B0 00C4 00D8 00AF 00BC 00DE 0052 0041 004D 00E6 00EA 0020 010D 0097 010E 00F0 00E3 00DE 0097 00EF 009E 00FD 0008 0000
M034.ETC	0	12	047B4	0015 0002 010F 0097 00FB 0098 00E9 009C 008E 0110 0086 0020 00EB 00E4 00E2 0111 008F 00E3 0003 009A 009A 00EF 00E3 00DE 00E9 0112 0113 0086 0020 0114 0115 009D 00F9 009A 00E4 0096 00DE 00E3 00DE 0097 00EF 009D 00A1 0003 0114 0115 009C 00EF 009D 0096 003F 0000
M034.ETC	0	13	047E0	0015 0009 0007 0114 0115 0086 0116 0117 009D 00F9 00E0 00F2 00E6 0031 0037 00E9 0118 0097 0108 0109 0096 00DE 0119 011A 00E3 00DE 009D 00A1 0003 009A 00E9 00EF 00EF 00B9 00DE 00B0 00D1 0086 00BD 00C0 00B0 00C4 009B 009E 00E0 011B 011C 0003 0114 0115 0086 0116 0117 009D 00F9 009A 00E4 0096 00DE 00E3 00DE 0097 00EF 009E 00FD 0005 0003 0112 0113 00E9 0114 0115 0086 0116 0117 009C 00E0 0092 011B 011C 00EA 0003 0116 0117 00C3 00DE 00B0 00C0 011D 0102 011E 011F 00E3 00DE 00C3 00DE 00B0 00C0 0086 0120 0102 009C 00E3 0003 00B9 00DE 00B0 00D1 0086 0121 00BD 00C0 00B0 00C4 009C 00E3 0098 00E0 00DE 009B 0092 00A1 0008 0000
M034.ETC	0	14	0484A	0015 0002 0009 0007 010D 0097 010E 00F0 00E6 0122 0123 009C 00EF 009C 00E0 0008 0000
M034.ETC	0	15	0485C	0015 0002 00CA 00DE 00AF 00B8 00B1 00AF 00CC 00DF 00C3 00DE 00B0 00C0 00EA 0091 00F8 00EF 009E 00FD 0000
M034.ETC	0	16	04871	0015 0009 0007 0106 0107 0052 0041 004D 00E9 0124 0125 0096 00DE 0020 00E3 00DE 0097 00E3 0092 00EF 009E 00FD 00A1 0003 0116 0117 00C3 00DE 00B0 00C0 011D 0102 011E 011F 00E3 00DE 0020 0126 00E3 00E9 0114 0115 0086 0103 009C 0003 00B9 00DE 00B0 00D1 0086 0020 0121 00BD 00C0 00B0 00C4 009C 00E3 0098 00E0 00DE 009B 0092 00A1 0000
M034.ETC	0	17	048A9	0015 0009 0007 00B6 00B0 00C4 00D8 00AF 00BC 00DE 0052 0041 004D 00E9 0124 0125 0096 00DE 0020 00E3 00DE 0097 00E3 0092 00EF 009E 00FD 00A1 0003 0116 0117 00C3 00DE 00B0 00C0 011D 0102 011E 011F 00E3 00DE 0020 0126 00E3 00E9 0114 0115 0086 0103 009C 0003 00B9 00DE 00B0 00D1 0086 0020 0121 00BD 00C0 00B0 00C4 009C 00E3 0098 00E0 00DE 009B 0092 00A1 0000
M034.ETC	0	18	048E6	0015 000E 0086 0127 00E6 0128 00FA 00E0 0004 0000
M034.ETC	0	19	048F2	0015 000A 00EA 0020 00CA 00DE 00C4 00D9 00BF 00B0 00C4 00DE 0086 0129 00E2 0099 00E3 0003 00BC 00AE 00B0 00C4 00BF 00B0 00C4 00DE 0086 0020 012A 012B 00E6 0095 0092 00E0 00A1 0008 0000
M034.ETC	0	20	04914	0015 012C 0096 00DE 0096 0096 008F 00E3 0092 00F9 0004 0000
M034.ETC	0	21	0491F	009F 00FA 00EA 0020 00B4 00D9 00CC 00E6 012D 00FC 00F9 012E 012F 0130 00A5 00A5 00A5 0003 0097 008F 00E4 0020 000A 00E6 0131 0132 00E2 00EA 009D 00DE 00E0 00DE 0005 0000
M034.ETC	0	22	0493F	009A 00E9 0133 00EA 0020 00B7 00D0 00E6 00EA 00EF 00E0 00DE 0134 0102 00E0 00DE 0003 009F 00FA 0086 0135 008F 00E3 0020 0136 00E6 0137 00F8 00E5 009B 0092 0003 0092 009D 00DE 00FA 0138 0093 0139 00EF 00E3 00DE 00A5 00A5 00A5 009B 00F7 00EA 00DE 00E0 00DE 00A1 0008 0000
M034.ETC	0	23	0496D	00EF 0091 0020 000A 013A 008F 00E0 00F7 00A5 00A5 00A5 0003 013B 013C 0086 0020 0095 013D 00E6 009B 00FA 00F9 00E5 00FD 00E3 0003 013E 013F 008F 0140 0096 00DE 0020 0095 0091 00F8 00E5 00FD 00E3 00DE 009D 009A 00E4 0021 0008 0000
M034.ETC	0	24	04993	0093 00EC 00EC 00A5 00A5 00A5 000A 013A 00EA 0003 0141 0142 00E9 0143 0144 00E6 0020 0095 00E5 00F8 00E6 00E5 008F 00E3 00F3 0003 0096 009B 00DE 00F8 0140 00E9 00E5 0092 0020 0145 0146 00E3 00DE 009D 00E9 00E8 003F 0008 0000
M034.ETC	0	25	049BB	000A 013A 00E9 0020 0095 0147 00FA 00E9 013B 013C 00EA 0003 00E4 00DE 00E1 00F7 00E3 00DE 0020 0129 00E2 0099 00F7 00FA 00E0 00E9 00E3 00DE 009D 003F 0003 0148 00E0 00DE 0096 0020 00E4 008F 00E3 00F3 0140 0149 0096 00DE 0091 00F8 00EF 009D 00FC 00A1 0008 0000
M034.ETC	0	26	049E6	00BA 00CE 00DD 00A5 00A5 00A5 014A 009C 014B 0099 00DE 00E3 0095 0097 00EF 009D 0096 00DE 0003 014C 014D 00E6 0020 014E 0097 014F 0086 0135 00E1 010E 00F1 009A 00E4 00EA 0003 0096 00E0 0098 0150 009C 00DE 00F7 00FA 00E3 0095 00F8 00EF 009D 0020 00CA 00B2 00A1 0008 0000
M034.ETC	0	27	04A16	0095 00F4 0020 000A 0151 00E9 0095 013D 00EA 00A5 00A5 00A5 0003 00F3 009C 00F4 0020 013B 013C 00E3 00DE 00EA 0091 00F8 00EF 009E 00E7 0096 00E5 0003 00ED 0094 0094 0020 009F 0093 0092 0093 0020 009C 008D 0152 00E3 00DE 009D 0096 003F 0008 0000
M034.ETC	0	28	04A41	0091 00FA 00EF 0091 0020 013B 013C 0086 0153 0094 00E3 00E9 0154 014C 00E4 00EA 0003 0092 008F 00E0 0092 0020 00E4 00DE 00E9 00F6 0093 00E5 0155 0156 00E3 00DE 009D 0096 00E5 003F 0003 009A 00FA 00EF 00E0 0020 0157 00FC 008F 00E0 0095 013D 00E0 00DE 009A 00E4 00A5 00A5 00A5 00A1 0008 0000
M034.ETC	0	29	04A71	0148 00E3 00DE 009D 0096 00A5 00A5 00A5 000A 0151 003F 0003 00F4 00F4 0020 00F3 009C 00F4 0020 009F 00E9 013B 013C 0086 0003 0158 0102 009C 00E3 0098 00FA 00E4 0020 0092 00FC 00FA 00EF 009D 0096 003F 0008 0000
M034.ETC	0	30	04A95	0095 0159 00EA 0020 0141 0142 00E6 015A 015B 009C 00E0 009A 00E4 00E3 00DE 0003 00E4 00DE 009A 0096 0020 0095 0096 009C 0098 00E5 008F 00E0 00E9 0096 003F 0003 00E0 00DE 008F 00E3 0020 009F 00FA 0020 013B 013C 00E0 00DE 00F6 00E5 0091 00A1 0008 0000
M034.ETC	0	31	04ABE	000A 0096 00DE 0020 0112 0113 00E6 015A 00E3 00F9 00E4 015C 0092 00E3 0003 00E4 00DE 00FD 00E5 009A 00E4 0086 0020 00F4 008F 00E3 0098 00F9 0096 00E4 015D 008F 00E0 00F7 0003 00A5 00A5 00A5 013B 013C 0086 0020 009B 0096 00DE 009C 00E3 0098 00F9 009A 00E4 00E4 00EA 0021 0008 0000
M034.ETC	0	32	04AEC	0095 00FA 00EA 0020 000A 00E9 015A 015B 00E9 015E 00F7 009E 0086 0003 015F 0160 00E6 0020 00F6 00FB 009A 00FD 00E3 00DE 0092 00E0 00FD 00E0 00DE 0099 00E4 00DE 00A5 00A5 00A5 0003 013B 013C 0086 0153 0094 00F9 0020 0095 0159 0086 0129 00F9 00E4 0020 00B6 00DE 00AF 00B6 00D8 00E0 00DE 00A1 0008 0000
M034.ETC	0	33	04B1E	000A 0151 00EA 0020 0141 0142 00E6 00E5 00F7 00FA 00E3 0003 00EF 009D 00EF 009D 0020 00E0 0098 00EF 009C 0098 00E5 008F 00E0 00A5 00A5 00A5 0096 00DE 0003 00CC 00DF 00CC 00DF 00AF 0020 0095 013D 00E6 013B 013C 00E4 00EA 0020 00B9 00AF 00BB 00B8 00E0 00DE 0021 0008 0000
M034.ETC	0	34	04B4D	0021 0020 000A 013A 00EA 0020 00EA 009D 00DE 0096 009C 0098 00E5 0092 00E9 0096 003F 0003 0141 0142 00E0 00F9 0161 0096 00DE 0020 013B 013C 0086 0153 0094 00F9 00E4 00EA 00A5 00A5 00A5 0003 00B5 00C3 00DE 00B6 00DE 00DD 00E9 0141 0142 00F3 0020 0162 00E6 0163 00E1 00E0 00E5 0091 00A1 0008 0000
M034.ETC	0	35	04B7F	000A 013A 00E9 0020 0164 00FB 00E6 0092 00F9 00E9 00EA 0003 013B 013C 00E3 00DE 009D 0099 00E4 00DE 00A5 00A5 00A5 00EA 00EA 0091 00A5 00A5 00A5 0003 0141 0142 00E9 0112 0113 00E4 0020 0165 0166 0096 00DE 0091 00F9 00FD 00E3 00DE 009C 008E 003F 0008 0000
M034.ETC	0	36	04BA9	000A 013A 00EA 0020 013B 013C 0086 0167 00FC 00FA 00E0 00E9 003F 0003 00E3 00DE 00F3 0020 00E5 00FD 00E3 0097 00FA 0092 00E5 013B 013C 00E5 00FD 00E3 00DE 009C 008E 0021 0003 009F 00FA 00E6 0020 0140 0149 00E6 0091 00EC 00FA 00E3 0092 00F9 00FC 00F6 00A1 0008 0000
M034.ETC	0	37	04BD6	000A 013A 00E4 0020 013B 013C 00E9 0168 00F8 011C 00FC 009E 003F 0003 00F0 00FD 00E5 00EA 0020 0095 0096 009C 0098 015D 0093 00E3 00DE 009C 008E 0093 0099 00E4 00DE 0003 0169 00EA 00A5 00A5 00A5 009D 009A 00DE 0098 00BD 00C3 00B7 00E0 00DE 00E4 015D 0093 00A1 0008 0000
M034.ETC	0	38	04C05	0141 0142 00E6 00E5 00F7 00FA 00E0 0020 000A 013A 00E3 00DE 009D 00E8 003F 0003 009F 00FD 00E5 0143 0144 00E9 016A 0096 00DE 0020 0091 00F7 0020 0092 00F4 00E0 00DE 00FC 0091 0003 013B 013C 0096 00DE 0020 0164 0086 00E2 0099 00E3 0097 00E3 0092 00EF 009D 00FC 00F6 00A1 0008 0000
M034.ETC	0	39	04C34	00ED 008A 008A 0020 00CE 00DD 00C4 00E6 016B 0136 00E0 00DE 00E5 0091 00A5 00A5 00A5 0003 000A 0096 00DE 0020 013B 013C 0086 0153 0094 00E3 016C 0098 00E5 00FD 00E3 0003 0092 00EF 00EF 00E3 00DE 00E9 00B7 00D0 0096 00F7 00EA 0020 016D 0094 00F7 00FA 00E5 0092 00F6 00A1 0008 0000
M034.ETC	0	40	04C65	0093 0020 0093 00FD 003F 0020 00E5 00FD 00E0 00DE 00BB 00D9 009C 00DE 008C 00E5 0092 0096 0021 0003 015A 015B 00E9 00C1 00AC 00DD 00BD 0086 0020 00E9 0096 00DE 009C 00E0 00CE 00DE 00B8 0086 0003 00E5 0098 00DE 009B 00F2 00E6 0020 0097 00E3 0098 00FA 00E0 00FD 00E0 00DE 00E8 0020 0098 00DE 00B0 00A1 0008 0000
M034.ETC	0	41	04C9A	00EF 0091 0020 0096 00FC 0092 0092 0020 0095 00BB 00D9 009B 00FD 0003 0097 008F 00E4 0020 0095 016E 00E3 00DE 00F3 009D 0092 00E0 00FD 00E3 00DE 009C 008E 003F 0003 00E3 00DE 00F3 016F 0020 00CA 00DE 00C5 00C5 00EA 0135 008F 00E3 0092 00E5 0092 00E9 00A1 0008 0000
M034.ETC	0	42	04CC7	0091 00F7 00B2 00D4 00E0 00DE 00FC 0020 00BB 00D9 009C 00DE 008C 00E5 0092 00E9 00F6 0003 00BB 00D9 00EA 0020 009D 0098 00DE 00B2 00C0 00BD 00DE 00D7 009D 00F9 0096 00F7 0003 00B7 00D7 00B2 00E5 00E9 00F6 00E8 008A 0020 00BC 00AF 00BC 0020 00BC 00AF 00BC 00A1 0008 0000
M034.ETC	0	43	04CF9	0095 014C 00E6 0020 0095 00BB 00D9 009B 00FD 0096 00DE 0098 00F9 00E5 00FD 00E3 0003 0097 008F 00E4 0020 00EA 009C 00DE 00F2 00E3 00E9 009A 00E4 009C 00DE 008C 00E5 0092 003F 0003 0099 0092 00EB 00DE 0170 00EA 0020 0148 009C 00E3 00F9 00E9 0096 009C 00F7 0021 0008 0000
M034.ETC	0	44	04D27	00BA 00CE 00DD 00A5 00A5 00A5 014A 009C 014B 0099 00DE 00E3 0095 0097 00EF 009D 0096 00DE 0003 00B5 00C3 00DE 00B6 00DE 00DD 014C 00E3 00DE 00EA 0020 014E 0097 014F 00E9 0128 014C 00EA 0003 0096 00E0 0098 0020 0095 0171 00F8 014A 009C 014B 0099 00DE 00E3 0095 00F8 00EF 009D 009F 00DE 00A1 0008 0000
M034.ETC	0	45	04D5A	0095 0092 0020 00BB 00D9 0021 0020 00E4 00DE 009A 0096 00F7 0172 00E0 00FD 00E0 00DE 0003 009F 00FD 00E5 0173 00E3 00DE 0020 00C0 00DE 00DD 00BD 0086 009C 00E3 00E5 0092 00E3 00DE 0003 0174 00F1 0096 00F7 0020 014C 0096 00F7 015A 00E3 0175 008F 00E3 0098 00FA 0021 0008 0000
M034.ETC	0	46	04D88	00EE 00EE 0093 0020 009A 00FA 0096 00DE 00D3 00DD 00B7 00B0 00C0 00DE 00DD 00BD 0021 0003 00E1 00EF 00E0 00E9 0020 0176 0161 00E0 00E1 00E9 0091 0092 00E0 00DE 00E3 00DE 00EA 0003 0177 0178 0175 00E9 0020 0095 00E4 00DE 00F8 00E4 015C 0097 00EF 009C 00E0 00A1 0008 0000
M034.ETC	0	47	04DB7	0091 00F8 008C 0020 009A 00F8 008C 00EF 00E0 00A5 00A5 00A5 00A5 0003 00E3 00DE 008F 0096 0092 00BB 00D9 0096 00DE 0020 00F4 008F 00E3 0097 00E0 009F 00DE 0003 00E4 00DE 0093 00F4 008F 00E3 0020 0158 0102 009D 00F9 00E9 0096 00E5 0091 003F 0008 0000
M034.ETC	0	48	04DE0	009A 0092 00E2 0020 00B5 00DA 00E9 0159 00E3 00DE 00C0 00DE 00DD 00BD 00E4 00EA 0021 0003 0127 0179 0086 0132 00E3 00E5 0092 0020 00B5 00DA 00E9 009A 00E4 0086 0003 00CA 00DE 00B6 00E6 009C 00E3 00F9 00F0 00E0 0092 00E3 00DE 0020 0098 00F4 009C 0092 009E 00DE 00A1 0008 0000
M034.ETC	0	49	04E10	00C0 00DE 00DD 00BC 00DD 00B8 00DE 0020 00C0 00DE 00DD 00BC 00DD 00B8 00DE 0021 0003 009A 00F8 008C 00EF 00E0 0020 009D 0099 00DE 008A 00D8 00BD 00DE 00D1 017A 00E0 00DE 00E5 0003 00B5 00DA 00F3 0020 00D1 00BD 00DE 00D1 00BD 00DE 009C 00E3 0097 00E0 009E 00DE 0021 0008 0000
M034.ETC	0	50	04E41	0091 0091 0020 00F4 00F2 00FB 008F 0020 00F4 00F2 00E3 0098 00FA 008F 0003 016F 0139 00EA 0020 017B 0096 00F7 017C 0096 00DE 017D 0092 008F 00E3 00E9 00E6 0003 009F 00FD 00E5 00E4 009A 00E3 00DE 0020 00C0 00DE 00DD 00BD 009B 00FA 00E3 00E0 00EF 00F9 0096 0021 0008 0000
M034.ETC	0	51	04E6F	014C 017E 017F 00E6 0020 0180 0177 00E5 00BB 00D9 0096 00DE 0172 00F9 00E5 00FD 00E3 0003 0148 0096 00E9 0020 0159 0181 00FA 00E6 00E1 0096 00DE 0092 00E5 0092 00E3 00DE 009D 0003 00A5 00A5 00A5 00E6 009C 00E3 00F3 0020 00C9 00D8 00E9 0092 0092 00BB 00D9 00E0 00DE 0021 0008 0000
M034.ETC	0	52	04E9F	0091 00F8 008C 00F8 008C 0020 0092 0097 00E5 00F8 00C0 00DE 00DD 00BD 00E4 00EA 0003 0177 0182 00E6 009C 00E3 0020 010A 0183 00E5 00BB 00D9 00E3 00DE 009D 00E8 008A 0003 0092 00E2 00EF 00E3 00DE 0095 00E4 00DE 00F9 0096 0020 0129 00E3 00F6 008F 00E4 0021 0008 0000
M034.ETC	0	53	04ECD	009A 00FA 00EA 0020 00BB 00D9 00E0 00DE 00F6 00E5 0091 00A5 00A5 00A5 0003 0184 00EF 00E3 00DE 0020 00F4 008F 00E3 00F9 008F 00E3 009A 00E4 00EA 0003 00BB 00B0 00B6 00BD 0096 00F7 0020 00E6 0099 00DE 00E0 00E9 0096 00F3 0021 0008 0000
M034.ETC	0	54	04EF4	00EF 0091 0020 0096 00FC 0092 0092 0020 0095 00BB 00D9 009B 00FD 00E0 00DE 00FC 0003 00E3 00DE 00F3 00A5 00A5 00A5 0096 00FC 0092 0092 008F 00E3 0092 0093 00E6 00EA 0003 00E1 008E 008F 00E4 0020 0177 0097 009D 0097 00DE 00F9 0140 00F3 009D 00F9 00FC 00A1 0008 0000
M034.ETC	0	55	04F20	0097 008C 00B0 008F 0020 00E0 00DE 00FA 0096 00B0 008F 0020 0185 0099 00E3 00B0 008F 0003 00A5 00A5 00A5 008F 00E3 0020 0095 00E4 00DE 00FB 0092 00E3 00F0 00E0 0099 00E4 00DE 0003 00EB 00E0 009D 00F7 0020 0095 00E4 00DE 008F 00E3 0092 00F9 00E0 00DE 0099 00E0 00DE 00FC 00A1 0008 0000
M034.ETC	0	56	04F4F	0186 0187 00E9 0157 00FC 00F8 013F 00EA 0020 00E4 00DE 00FD 00E5 014E 0097 014F 00F3 0003 00E0 009C 0096 00E6 0020 0188 0096 00FA 00F9 00F3 00E9 00E0 00DE 0099 00E4 00DE 0003 009A 00FA 00EA 0020 00E1 008E 008F 00E4 0020 0188 0096 00FA 009D 0097 00DE 00F6 00A1 0008 0000
M035.ETC	0	0	0410A	00B9 00DE 00B0 00D1 0086 0020 00E1 008D 0093 00E0 00DE 00FD 009C 00EF 009D 0003 00F6 00FB 009C 0092 00E3 00DE 009D 0096 003F 0000
M035.ETC	0	1	04121	0015 0002 00C3 00DE 00B0 00C0 0086 0100 00FD 00E3 00DE 0098 00E0 00DE 009B 0092 0000
M035.ETC	0	2	04131	0015 0002 0101 0102 0086 0100 00FD 00E3 00DE 0098 00E0 00DE 009B 0092 0000
M035.ETC	0	3	04141	0015 0002 00CA 00DE 00AF 00B8 00B1 00AF 00CC 00DF 0052 0041 004D 0086 0100 00FD 00E3 00DE 0098 00E0 00DE 009B 0092 0000
M035.ETC	0	4	04159	0015 0002 009A 00E9 00C3 00DE 00B0 00C0 0086 0020 0103 009C 00E3 00F6 00FB 009C 0092 00E3 00DE 009D 0096 003F 0000
M035.ETC	0	5	0416E	0015 0002 009A 00E9 00C3 00DE 00B0 00C0 0086 0020 0104 0105 009C 00EF 009D 0096 003F 0000
M035.ETC	0	6	0417F	0015 0002 0106 0107 0052 0041 004D 00E9 0108 0109 0096 00DE 0020 010A 010B 009C 00E3 0092 00EF 009D 0008 0000
M035.ETC	0	7	04193	0015 0002 00B6 00B0 00C4 00D8 00AF 00BC 00DE 0052 0041 004D 00E9 0108 0109 0096 00DE 0020 010A 010B 009C 00E3 0092 00EF 009D 0008 0000
M035.ETC	0	8	041AC	0015 0002 0108 0109 010A 010B 00E9 00E0 00F2 0020 00BA 00CB 00DF 00B0 00E3 00DE 0097 00EF 009E 00FD 0008 0000
M035.ETC	0	9	041C1	0015 0002 0108 0109 010A 010B 00E9 00E0 00F2 0020 0105 010C 00E9 00BE 00B0 00CC 00DE 00EA 00E3 00DE 0097 00EF 009E 00FD 0008 0000
M035.ETC	0	10	041D9	0015 0002 00B6 00B0 00C4 00D8 00AF 00BC 00DE 0052 0041 004D 0096 00DE 0020 0091 00F8 00EF 009E 00FD 0008 0000
M035.ETC	0	11	041EE	0015 0002 00B6 00B0 00C4 00D8 00AF 00BC 00DE 0052 0041 004D 00E6 00EA 0020 010D 0097 010E 00F0 00E3 00DE 0097 00EF 009E 00FD 0008 0000
M035.ETC	0	12	04208	0015 0002 010F 0097 00FB 0098 00E9 009C 008E 0110 0086 0020 00EB 00E4 00E2 0111 008F 00E3 0003 009A 009A 00EF 00E3 00DE 00E9 0112 0113 0086 0020 0114 0115 009D 00F9 009A 00E4 0096 00DE 00E3 00DE 0097 00EF 009D 00A1 0003 0114 0115 009C 00EF 009D 0096 003F 0000
M035.ETC	0	13	04234	0015 0009 0007 0114 0115 0086 0116 0117 009D 00F9 00E0 00F2 00E6 0031 0037 00E9 0118 0097 0108 0109 0096 00DE 0119 011A 00E3 00DE 009D 00A1 0003 009A 00E9 00EF 00EF 00B9 00DE 00B0 00D1 0086 00BD 00C0 00B0 00C4 009B 009E 00E0 011B 011C 0003 0114 0115 0086 0116 0117 009D 00F9 009A 00E4 0096 00DE 00E3 00DE 0097 00EF 009E 00FD 0005 0003 0112 0113 00E9 0114 0115 0086 0116 0117 009C 00E0 0092 011B 011C 00EA 0003 0116 0117 00C3 00DE 00B0 00C0 011D 0102 011E 011F 00E3 00DE 00C3 00DE 00B0 00C0 0086 0120 0102 009C 00E3 0003 00B9 00DE 00B0 00D1 0086 0121 00BD 00C0 00B0 00C4 009C 00E3 0098 00E0 00DE 009B 0092 00A1 0008 0000
M035.ETC	0	14	0429E	0015 0002 0009 0007 010D 0097 010E 00F0 00E6 0122 0123 009C 00EF 009C 00E0 0008 0000
M035.ETC	0	15	042B0	0015 0002 00CA 00DE 00AF 00B8 00B1 00AF 00CC 00DF 00C3 00DE 00B0 00C0 00EA 0091 00F8 00EF 009E 00FD 0000
M035.ETC	0	16	042C5	0015 0009 0007 0106 0107 0052 0041 004D 00E9 0124 0125 0096 00DE 0020 00E3 00DE 0097 00E3 0092 00EF 009E 00FD 00A1 0003 0116 0117 00C3 00DE 00B0 00C0 011D 0102 011E 011F 00E3 00DE 0020 0126 00E3 00E9 0114 0115 0086 0103 009C 0003 00B9 00DE 00B0 00D1 0086 0020 0121 00BD 00C0 00B0 00C4 009C 00E3 0098 00E0 00DE 009B 0092 00A1 0000
M035.ETC	0	17	042FD	0015 0009 0007 00B6 00B0 00C4 00D8 00AF 00BC 00DE 0052 0041 004D 00E9 0124 0125 0096 00DE 0020 00E3 00DE 0097 00E3 0092 00EF 009E 00FD 00A1 0003 0116 0117 00C3 00DE 00B0 00C0 011D 0102 011E 011F 00E3 00DE 0020 0126 00E3 00E9 0114 0115 0086 0103 009C 0003 00B9 00DE 00B0 00D1 0086 0020 0121 00BD 00C0 00B0 00C4 009C 00E3 0098 00E0 00DE 009B 0092 00A1 0000
M035.ETC	0	18	0433A	0015 000E 0086 0127 00E6 0128 00FA 00E0 0004 0000
M035.ETC	0	19	04346	0015 000A 00EA 0020 00CA 00DE 00C4 00D9 00BF 00B0 00C4 00DE 0086 0129 00E2 0099 00E3 0003 00BC 00AE 00B0 00C4 00BF 00B0 00C4 00DE 0086 0020 012A 012B 00E6 0095 0092 00E0 00A1 0008 0000
M035.ETC	0	20	04368	0015 012C 0096 00DE 0096 0096 008F 00E3 0092 00F9 0008 0000
M035.ETC	0	21	04373	009F 00FA 00EA 0020 0020 00B4 00D9 00CC 00E6 012D 00FC 00F9 012E 012F 0130 00A5 00A5 00A5 0003 0097 008F 00E4 0020 0020 000A 00E6 0131 0132 00E2 00EA 009D 00DE 00E0 00DE 0005 0000
M035.ETC	0	22	04394	009A 00E9 0133 00EA 0020 0020 00B7 00D0 00E6 00EA 00EF 00E0 00DE 0134 0102 00E0 00DE 0003 009F 00FA 0086 0135 008F 00E3 0020 0020 0136 00E6 0137 00F8 00E5 009B 0092 0003 0092 009D 00DE 00FA 0138 0093 0139 00EF 00E3 00DE 00A5 00A5 00A5 009B 00F7 00EA 00DE 00E0 00DE 00A1 0008 0000
M035.ETC	0	23	043C3	00EF 0091 0020 000A 013A 008F 00E0 00F7 00A5 00A5 00A5 0003 013B 013C 0086 0020 0095 013D 00E6 009B 00FA 00F9 00E5 00FD 00E3 0003 013E 013F 008F 0140 0096 00DE 0020 0095 0091 00F8 00E5 00FD 00E3 00DE 009D 009A 00E4 0021 0008 0000
M035.ETC	0	24	043E9	0093 00EC 00EC 00A5 00A5 00A5 000A 013A 00EA 0003 0141 0142 00E9 0143 0144 00E6 0020 0095 00E5 00F8 00E6 00E5 008F 00E3 00F3 0003 0096 009B 00DE 00F8 0140 00E9 00E5 0092 0020 0145 0146 00E3 00DE 009D 00E9 00E8 003F 0008 0000
M035.ETC	0	25	04410	000A 013A 00E9 0020 0095 0147 00FA 00E9 013B 013C 00EA 0003 00E4 00DE 00E1 00F7 00E3 00DE 0020 0129 00E2 0099 00F7 00FA 00E0 00E9 00E3 00DE 009D 003F 0003 0148 00E0 00DE 0096 0020 00E4 008F 00E3 00F3 0140 0149 0096 00DE 0091 00F8 00EF 009D 00FC 00A1 0008 0000
M035.ETC	0	26	0443B	00BA 00CE 00DD 00A5 00A5 00A5 014A 009C 014B 0099 00DE 00E3 0095 0097 00EF 009D 0096 00DE 0003 014C 014D 00E6 0020 014E 0097 014F 0086 0135 00E1 010E 00F1 009A 00E4 00EA 0003 0096 00E0 0098 0150 009C 00DE 00F7 00FA 00E3 0095 00F8 00EF 009D 0020 00CA 00B2 00A1 0008 0000
M035.ETC	0	27	0446B	0095 00F4 0020 000A 0151 00E9 0095 013D 00EA 00A5 00A5 00A5 0003 00F3 009C 00F4 0020 013B 013C 00E3 00DE 00EA 0091 00F8 00EF 009E 00E7 0096 00E5 0003 00ED 0094 0094 0020 009F 0093 0092 0093 0020 009C 008D 0152 00E3 00DE 009D 0096 003F 0008 0000
M035.ETC	0	28	04496	0091 00FA 00EF 0091 0020 013B 013C 0086 0153 0094 00E3 00E9 0154 014C 00E4 00EA 0003 0092 008F 00E0 0092 0020 00E4 00DE 00E9 00F6 0093 00E5 0155 0156 00E3 00DE 009D 0096 00E5 003F 0003 009A 00FA 00EF 00E0 0020 0157 00FC 008F 00E0 0095 013D 00E0 00DE 009A 00E4 00A5 00A5 00A5 00A1 0008 0000
M035.ETC	0	29	044C6	0148 00E3 00DE 009D 0096 00A5 00A5 00A5 000A 0151 003F 0003 00F4 00F4 0020 00F3 009C 00F4 0020 009F 00E9 013B 013C 0086 0003 0158 0102 009C 00E3 0098 00FA 00E4 0020 0092 00FC 00FA 00EF 009D 0096 003F 0008 0000
M035.ETC	0	30	044EA	0095 0159 00EA 0020 0141 0142 00E6 015A 015B 009C 00E0 009A 00E4 00E3 00DE 0003 00E4 00DE 009A 0096 0020 0095 0096 009C 0098 00E5 008F 00E0 00E9 0096 003F 0003 00E0 00DE 008F 00E3 0020 009F 00FA 0020 013B 013C 00E0 00DE 00F6 00E5 0091 00A1 0008 0000
M035.ETC	0	31	04513	000A 0096 00DE 0020 0112 0113 00E6 015A 00E3 00F9 00E4 015C 0092 00E3 0003 00E4 00DE 00FD 00E5 009A 00E4 0086 0020 00F4 008F 00E3 0098 00F9 0096 00E4 015D 008F 00E0 00F7 0003 00A5 00A5 00A5 013B 013C 0086 0020 009B 0096 00DE 009C 00E3 0098 00F9 009A 00E4 00E4 00EA 0021 0008 0000
M035.ETC	0	32	04541	0095 00FA 00EA 0020 000A 00E9 015A 015B 00E9 015E 00F7 009E 0086 0003 015F 0160 00E6 0020 00F6 00FB 009A 00FD 00E3 00DE 0092 00E0 00FD 00E0 00DE 0099 00E4 00DE 00A5 00A5 00A5 0003 013B 013C 0086 0153 0094 00F9 0020 0095 0159 0129 00F9 00E4 0020 00B6 00DE 00AF 00B6 00D8 00E0 00DE 00A1 0008 0000
M035.ETC	0	33	04573	000A 0151 00EA 0020 0141 0142 00E6 00E5 00F7 00FA 00E3 0003 00EF 009D 00EF 009D 0020 00E0 0098 00EF 009C 0098 00E5 008F 00E0 00A5 00A5 00A5 0096 00DE 0003 00CC 00DF 00CC 00DF 00AF 0020 0095 013D 00E6 013B 013C 00E4 00EA 0020 00B9 00AF 00BB 00B8 00E0 00DE 0021 0008 0000
M035.ETC	0	34	045A2	0021 0020 0020 000A 013A 00EA 0020 00EA 009D 00DE 0096 009C 0098 00E5 0092 00E9 0096 003F 0003 0141 0142 00E0 00F9 0161 0096 00DE 0020 013B 013C 0086 0153 0094 00F9 00E4 00EA 00A5 00A5 00A5 0003 00B5 00C3 00DE 00B6 00DE 00DD 00E9 0141 0142 00F3 0020 0162 00E6 0163 00E1 00E0 00E5 0091 00A1 0008 0000
M035.ETC	0	35	045D4	000A 013A 00E9 0020 0164 00FB 00E6 0092 00F9 00E9 00EA 0003 013B 013C 00E3 00DE 009D 0099 00E4 00DE 00A5 00A5 00A5 00EA 00EA 0091 00A5 00A5 00A5 0003 0141 0142 00E9 0112 0113 00E4 0020 0165 0166 0096 00DE 0091 00F9 00FD 00E3 00DE 009C 008E 003F 0008 0000
M035.ETC	0	36	045FE	000A 013A 00EA 0020 013B 013C 0086 0167 00FC 00FA 00E0 00E9 003F 0003 00E3 00DE 00F3 0020 00E5 00FD 00E3 0097 00FA 0092 00E5 013B 013C 00E5 00FD 00E3 00DE 009C 008E 0021 0003 009F 00FA 00E6 0020 0140 0149 00E6 0091 00EC 00FA 00E3 0092 00F9 00FC 00F6 00A1 0008 0000
M035.ETC	0	37	0462B	000A 013A 00E4 0020 013B 013C 00E9 0168 00F8 011C 00FC 009E 003F 0003 00F0 00FD 00E5 00EA 0020 0095 0096 009C 0098 015D 0093 00E3 00DE 009C 008E 0093 0099 00E4 00DE 0003 0169 00EA 00A5 00A5 00A5 009D 009A 00DE 0098 00BD 00C3 00B7 00E0 00DE 00E4 015D 0093 00A1 0008 0000
M035.ETC	0	38	0465A	0141 0142 00E6 00E5 00F7 00FA 00E0 0020 000A 013A 00E3 00DE 009D 00E8 003F 0003 009F 00FD 00E5 0143 0144 00E9 016A 0096 00DE 0020 0091 00F7 0020 0092 00F4 00E0 00DE 00FC 0091 0003 013B 013C 0096 00DE 0020 0164 0086 00E2 0099 00E3 0097 00E3 0092 00EF 009D 00FC 00F6 00A1 0008 0000
M035.ETC	0	39	04689	00ED 008A 008A 0020 00CE 00DD 00C4 00E6 016B 0136 00E0 00DE 00E5 0091 00A5 00A5 00A5 0003 000A 0096 00DE 0020 013B 013C 0086 0153 0094 00E3 016C 0098 00E5 00FD 00E3 0003 0092 00EF 00EF 00E3 00DE 00E9 00B7 00D0 0096 00F7 00EA 0020 016D 0094 00F7 00FA 00E5 0092 00F6 00A1 0008 0000
M035.ETC	0	40	046BA	0093 0020 0093 00FD 003F 0020 00E5 00FD 00E0 00DE 00BB 00D9 009C 00DE 008C 00E5 0092 0096 0021 0003 015A 015B 00E9 00C1 00AC 00DD 00BD 0086 0020 00E9 0096 00DE 009C 00E0 00CE 00DE 00B8 0086 0003 00E5 0098 00DE 009B 00F2 00E6 0020 0097 00E3 0098 00FA 00E0 00FD 00E0 00DE 00E8 0020 0098 00DE 00B0 00A1 0008 0000
M035.ETC	0	41	046EF	00EF 0091 0020 0096 00FC 0092 0092 0020 0095 00BB 00D9 009B 00FD 0003 0097 008F 00E4 0020 0095 016E 00E3 00DE 00F3 009D 0092 00E0 00FD 00E3 00DE 009C 008E 003F 0003 00E3 00DE 00F3 016F 0020 00CA 00DE 00C5 00C5 00EA 0135 008F 00E3 0092 00E5 0092 00E9 00A1 0008 0000
M035.ETC	0	42	0471C	0091 00F7 00B2 00D4 00E0 00DE 00FC 0020 00BB 00D9 009C 00DE 008C 00E5 0092 00E9 00F6 0003 00BB 00D9 00EA 0020 009D 0098 00DE 00B2 00C0 00BD 00DE 00D7 009D 00F9 0096 00F7 0003 00B7 00D7 00B2 00E5 00E9 00F6 00E8 008A 0020 00BC 00AF 00BC 0020 00BC 00AF 00BC 00A1 0008 0000
M035.ETC	0	43	0474E	0095 014C 00E6 0020 0095 00BB 00D9 009B 00FD 0096 00DE 0098 00F9 00E5 00FD 00E3 0003 0097 008F 00E4 0020 00EA 009C 00DE 00F2 00E3 00E9 009A 00E4 009C 00DE 008C 00E5 0092 003F 0003 0099 0092 00EB 00DE 0170 00EA 0020 0148 009C 00E3 00F9 00E9 0096 009C 00F7 0021 0008 0000
M035.ETC	0	44	0477C	00BA 00CE 00DD 00A5 00A5 00A5 014A 009C 014B 0099 00DE 00E3 0095 0097 00EF 009D 0096 00DE 0003 00B5 00C3 00DE 00B6 00DE 00DD 014C 00E3 00DE 00EA 0020 014E 0097 014F 00E9 0128 014C 00EA 0003 0096 00E0 0098 0020 0095 0171 00F8 014A 009C 014B 0099 00DE 00E3 0095 00F8 00EF 009D 009F 00DE 00A1 0008 0000
M035.ETC	0	45	047AF	0095 0092 0020 00BB 00D9 0021 0020 00E4 00DE 009A 0096 00F7 0172 00E0 00FD 00E0 00DE 0003 009F 00FD 00E5 0173 00E3 00DE 0020 00C0 00DE 00DD 00BD 0086 009C 00E3 00E5 0092 00E3 00DE 0003 0174 00F1 0096 00F7 0020 014C 0096 00F7 015A 00E3 0175 008F 00E3 0098 00FA 0021 0008 0000
M035.ETC	0	46	047DD	00EE 00EE 0093 0020 009A 00FA 0096 00DE 00D3 00DD 00B7 00B0 00C0 00DE 00DD 00BD 0021 0003 00E1 00EF 00E0 00E9 0020 0176 0161 00E0 00E1 00E9 0091 0092 00E0 00DE 00E3 00DE 00EA 0003 0177 0178 0175 00E9 0020 0095 00E4 00DE 00F8 00E4 015C 0097 00EF 009C 00E0 00A1 0008 0000
M035.ETC	0	47	0480C	0091 00F8 008C 0020 009A 00F8 008C 00EF 00E0 00A5 00A5 00A5 00A5 0003 00E3 00DE 008F 0096 0092 00BB 00D9 0096 00DE 0020 00F4 008F 00E3 0097 00E0 009F 00DE 0003 00E4 00DE 0093 00F4 008F 00E3 0020 0158 0102 009D 00F9 00E9 0096 00E5 0091 003F 0008 0000
M035.ETC	0	48	04835	009A 0092 00E2 0020 00B5 00DA 00E9 0159 00E3 00DE 00C0 00DE 00DD 00BD 00E4 00EA 0021 0003 0127 0179 0086 0132 00E3 00E5 0092 0020 00B5 00DA 00E9 009A 00E4 0086 0003 00CA 00DE 00B6 00E6 009C 00E3 00F9 00F0 00E0 0092 00E3 00DE 0020 0098 00F4 009C 0092 009E 00DE 00A1 0008 0000
M035.ETC	0	49	04865	00C0 00DE 00DD 00BC 00DD 00B8 00DE 0020 00C0 00DE 00DD 00BC 00DD 00B8 00DE 0021 0003 009A 00F8 008C 00EF 00E0 0020 009D 0099 00DE 008A 00D8 00BD 00DE 00D1 017A 00E0 00DE 00E5 0003 00B5 00DA 00F3 0020 00D1 00BD 00DE 00D1 00BD 00DE 009C 00E3 0097 00E0 009E 00DE 0021 0008 0000
M035.ETC	0	50	04896	0091 0091 0020 00F4 00F2 00FB 008F 0020 00F4 00F2 00E3 0098 00FA 008F 0003 016F 0139 00EA 0020 017B 0096 00F7 017C 0096 00DE 017D 0092 008F 00E3 00E9 00E6 0003 009F 00FD 00E5 00E4 009A 00E3 00DE 0020 00C0 00DE 00DD 00BD 009B 00FA 00E3 00E0 00EF 00F9 0096 0021 0008 0000
M035.ETC	0	51	048C4	014C 017E 017F 00E6 0020 0180 0177 00E5 00BB 00D9 0096 00DE 0172 00F9 00E5 00FD 00E3 0003 0148 0096 00E9 0020 0159 0181 00FA 00E6 00E1 0096 00DE 0092 00E5 0092 00E3 00DE 009D 0003 00A5 00A5 00A5 00E6 009C 00E3 00F3 0020 00C9 00D8 00E9 0092 0092 00BB 00D9 00E0 00DE 0021 0008 0000
M035.ETC	0	52	048F4	0091 00F8 008C 00F8 008C 0020 0092 0097 00E5 00F8 00C0 00DE 00DD 00BD 00E4 00EA 0003 0177 0182 00E6 009C 00E3 0020 010A 0183 00E5 00BB 00D9 00E3 00DE 009D 00E8 008A 0003 0092 00E2 00EF 00E3 00DE 0095 00E4 00DE 00F9 0096 0020 0129 00E3 00F6 008F 00E4 0021 0008 0000
M035.ETC	0	53	04922	009A 00FA 00EA 0020 00BB 00D9 00E0 00DE 00F6 00E5 0091 00A5 00A5 00A5 0003 0184 00EF 00E3 00DE 0020 00F4 008F 00E3 00F9 008F 00E3 009A 00E4 00EA 0003 00BB 00B0 00B6 00BD 0096 00F7 0020 00E6 0099 00DE 00E0 00E9 0096 00F3 0021 0008 0000
M035.ETC	0	54	04949	00EF 0091 0020 0096 00FC 0092 0092 0020 0095 00BB 00D9 009B 00FD 00E0 00DE 00FC 0003 00E3 00DE 00F3 00A5 00A5 00A5 0096 00FC 0092 0092 008F 00E3 0092 0093 00E6 00EA 0003 00E1 008E 008F 00E4 0020 0177 0097 009D 0097 00DE 00F9 0140 00F3 009D 00F9 00FC 00A1 0008 0000
M035.ETC	0	55	04975	0097 008C 00B0 008F 0020 00E0 00DE 00FA 0096 00B0 008F 0020 0185 0099 00E3 00B0 008F 0003 00A5 00A5 00A5 008F 00E3 0020 0095 00E4 00DE 00FB 0092 00E3 00F0 00E0 0099 00E4 00DE 0003 00EB 00E0 009D 00F7 0020 0095 00E4 00DE 008F 00E3 0092 00F9 00E0 00DE 0099 00E0 00DE 00FC 00A1 0008 0000
M035.ETC	0	56	049A4	0186 0187 00E9 0157 00FC 00F8 013F 00EA 0020 00E4 00DE 00FD 00E5 014E 0097 014F 00F3 0003 00E0 009C 0096 00E6 0020 0188 0096 00FA 00F9 00F3 00E9 00E0 00DE 0099 00E4 00DE 0003 009A 00FA 00EA 0020 00E1 008E 008F 00E4 0020 0188 0096 00FA 009D 0097 00DE 00F6 00A1 0008 0000
M036.ETC	0	0	0779C	00B9 00DE 00B0 00D1 0086 0020 00E1 008D 0093 00E0 00DE 00FD 009C 00EF 009D 0003 00F6 00FB 009C 0092 00E3 00DE 009D 0096 003F 0000
M036.ETC	0	1	077B4	0015 0002 00C3 00DE 00B0 00C0 0086 0100 00FD 00E3 00DE 0098 00E0 00DE 009B 0092 0000
M036.ETC	0	2	077C6	0015 0002 0101 0102 0086 0100 00FD 00E3 00DE 0098 00E0 00DE 009B 0092 0000
M036.ETC	0	3	077D7	0015 0002 00CA 00DE 00AF 00B8 00B1 00AF 00CC 00DF 0052 0041 004D 0086 0100 00FD 00E3 00DE 0098 00E0 00DE 009B 0092 0000
M036.ETC	0	4	077F1	0015 0002 009A 00E9 00C3 00DE 00B0 00C0 0086 0020 0103 009C 00E3 00F6 00FB 009C 0092 00E3 00DE 009D 0096 003F 0000
M036.ETC	0	5	07807	0015 0002 009A 00E9 00C3 00DE 00B0 00C0 0086 0020 0104 0105 009C 00EF 009D 0096 003F 0000
M036.ETC	0	6	0781A	0015 0002 0106 0107 0052 0041 004D 00E9 0108 0109 0096 00DE 0020 010A 010B 009C 00E3 0092 00EF 009D 0008 0000
M036.ETC	0	7	07832	0015 0002 00B6 00B0 00C4 00D8 00AF 00BC 00DE 0052 0041 004D 00E9 0108 0109 0096 00DE 0020 010A 010B 009C 00E3 0092 00EF 009D 0008 0000
M036.ETC	0	8	0784E	0015 0002 0108 0109 010A 010B 00E9 00E0 00F2 0020 00BA 00CB 00DF 00B0 00E3 00DE 0097 00EF 009E 00FD 0008 0000
M036.ETC	0	9	07866	0015 0002 0108 0109 010A 010B 00E9 00E0 00F2 0020 0105 010C 00E9 00BE 00B0 00CC 00DE 00EA 00E3 00DE 0097 00EF 009E 00FD 0008 0000
M036.ETC	0	10	07881	0015 0002 00B6 00B0 00C4 00D8 00AF 00BC 00DE 0052 0041 004D 0096 00DE 0020 0091 00F8 00EF 009E 00FD 0008 0000
M036.ETC	0	11	07899	0015 0002 00B6 00B0 00C4 00D8 00AF 00BC 00DE 0052 0041 004D 00E6 00EA 0020 010D 0097 010E 00F0 00E3 00DE 0097 00EF 009E 00FD 0008 0000
M036.ETC	0	12	078B6	0015 0002 010F 0097 00FB 0098 00E9 009C 008E 0110 0086 0020 00EB 00E4 00E2 0111 008F 00E3 0003 009A 009A 00EF 00E3 00DE 00E9 0112 0113 0086 0020 0114 0115 009D 00F9 009A 00E4 0096 00DE 00E3 00DE 0097 00EF 009D 00A1 0003 0114 0115 009C 00EF 009D 0096 003F 0000
M036.ETC	0	13	078E7	0015 0009 0007 0114 0115 0086 0116 0117 009D 00F9 00E0 00F2 00E6 0031 0037 00E9 0118 0097 0108 0109 0096 00DE 0119 011A 00E3 00DE 009D 00A1 0003 009A 00E9 00EF 00EF 00B9 00DE 00B0 00D1 0086 00BD 00C0 00B0 00C4 009B 009E 00E0 011B 011C 0003 0114 0115 0086 0116 0117 009D 00F9 009A 00E4 0096 00DE 00E3 00DE 0097 00EF 009E 00FD 0005 0003 0112 0113 00E9 0114 0115 0086 0116 0117 009C 00E0 0092 011B 011C 00EA 0003 0116 0117 00C3 00DE 00B0 00C0 011D 0102 011E 011F 00E3 00DE 00C3 00DE 00B0 00C0 0086 0120 0102 009C 00E3 0003 00B9 00DE 00B0 00D1 0086 0121 00BD 00C0 00B0 00C4 009C 00E3 0098 00E0 00DE 009B 0092 00A1 0008 0000
M036.ETC	0	14	0795F	0015 0002 0009 0007 010D 0097 010E 00F0 00E6 0122 0123 009C 00EF 009C 00E0 0008 0000
M036.ETC	0	15	07973	0015 0002 00CA 00DE 00AF 00B8 00B1 00AF 00CC 00DF 00C3 00DE 00B0 00C0 00EA 0091 00F8 00EF 009E 00FD 0000
M036.ETC	0	16	0798A	0015 0009 0007 0106 0107 0052 0041 004D 00E9 0124 0125 0096 00DE 0020 00E3 00DE 0097 00E3 0092 00EF 009E 00FD 00A1 0003 0116 0117 00C3 00DE 00B0 00C0 011D 0102 011E 011F 00E3 00DE 0020 0126 00E3 00E9 0114 0115 0086 0103 009C 0003 00B9 00DE 00B0 00D1 0086 0020 0121 00BD 00C0 00B0 00C4 009C 00E3 0098 00E0 00DE 009B 0092 00A1 0000
M036.ETC	0	17	079CA	0015 0009 0007 00B6 00B0 00C4 00D8 00AF 00BC 00DE 0052 0041 004D 00E9 0124 0125 0096 00DE 0020 00E3 00DE 0097 00E3 0092 00EF 009E 00FD 00A1 0003 0116 0117 00C3 00DE 00B0 00C0 011D 0102 011E 011F 00E3 00DE 0020 0126 00E3 00E9 0114 0115 0086 0103 009C 0003 00B9 00DE 00B0 00D1 0086 0020 0121 00BD 00C0 00B0 00C4 009C 00E3 0098 00E0 00DE 009B 0092 00A1 0000
M036.ETC	0	18	07A0F	0015 000E 0086 0127 00E6 0128 00FA 00E0 0004 0000
M036.ETC	0	19	07A1C	0015 000A 00EA 0020 00CA 00DE 00C4 00D9 00BF 00B0 00C4 00DE 0086 0129 00E2 0099 00E3 0003 00BC 00AE 00B0 00C4 00BF 00B0 00C4 00DE 0086 0020 012A 012B 00E6 0095 0092 00E0 00A1 0008 0000
M036.ETC	0	20	07A41	0015 012C 0096 00DE 0096 0096 008F 00E3 0092 00F9 0004 0000
M036.ETC	0	21	07A4E	009F 00FA 00EA 0020 00B4 00D9 00CC 00E6 012D 00FC 00F9 012E 012F 0130 00A5 00A5 00A5 0003 0097 008F 00E4 0020 000A 00E6 0131 0132 00E2 00EA 009D 00DE 00E0 00DE 0005 0000
M036.ETC	0	22	07A6F	009A 00E9 0133 00EA 0020 00B7 00D0 00E6 00EA 00EF 00E0 00DE 0134 0102 00E0 00DE 0003 009F 00FA 0086 0135 008F 00E3 0020 0136 00E6 0137 00F8 00E5 009B 0092 0003 0092 009D 00DE 00FA 0138 0093 0139 00EF 00E3 00DE 00A5 00A5 00A5 009B 00F7 00EA 00DE 00E0 00DE 00A1 0008 0000
M036.ETC	0	23	07A9F	00EF 0091 0020 000A 013A 008F 00E0 00F7 00A5 00A5 00A5 0003 013B 013C 0086 0020 0095 013D 00E6 009B 00FA 00F9 00E5 00FD 00E3 0003 013E 013F 008F 0140 0096 00DE 0020 0095 0091 00F8 00E5 00FD 00E3 00DE 009D 009A 00E4 0021 0008 0000
M036.ETC	0	24	07AC8	0093 00EC 00EC 00A5 00A5 00A5 000A 013A 00EA 0003 0141 0142 00E9 0143 0144 00E6 0020 0095 00E5 00F8 00E6 00E5 008F 00E3 00F3 0003 0096 009B 00DE 00F8 0140 00E9 00E5 0092 0020 0145 0146 00E3 00DE 009D 00E9 00E8 003F 0008 0000
M036.ETC	0	25	07AF1	000A 013A 00E9 0020 0095 0147 00FA 00E9 013B 013C 00EA 0003 00E4 00DE 00E1 00F7 00E3 00DE 0020 0129 00E2 0099 00F7 00FA 00E0 00E9 00E3 00DE 009D 003F 0003 0148 00E0 00DE 0096 0020 00E4 008F 00E3 00F3 0140 0149 0096 00DE 0091 00F8 00EF 009D 00FC 00A1 0008 0000
M036.ETC	0	26	07B1E	00BA 00CE 00DD 00A5 00A5 00A5 014A 009C 014B 0099 00DE 00E3 0095 0097 00EF 009D 0096 00DE 0003 014C 014D 00E6 0020 014E 0097 014F 0086 0135 00E1 010E 00F1 009A 00E4 00EA 0003 0096 00E0 0098 0150 009C 00DE 00F7 00FA 00E3 0095 00F8 00EF 009D 0020 00CA 00B2 00A1 0008 0000
M036.ETC	0	27	07B50	0095 00F4 0020 000A 0151 00E9 0095 013D 00EA 00A5 00A5 00A5 0003 00F3 009C 00F4 0020 013B 013C 00E3 00DE 00EA 0091 00F8 00EF 009E 00E7 0096 00E5 0003 00ED 0094 0094 0020 009F 0093 0092 0093 0020 009C 008D 0152 00E3 00DE 009D 0096 003F 0008 0000
M036.ETC	0	28	07B7D	0091 00FA 00EF 0091 0020 013B 013C 0086 0153 0094 00E3 00E9 0154 014C 00E4 00EA 0003 0092 008F 00E0 0092 0020 00E4 00DE 00E9 00F6 0093 00E5 0155 0156 00E3 00DE 009D 0096 00E5 003F 0003 009A 00FA 00EF 00E0 0020 0157 00FC 008F 00E0 0095 013D 00E0 00DE 009A 00E4 00A5 00A5 00A5 00A1 0008 0000
M036.ETC	0	29	07BB0	0148 00E3 00DE 009D 0096 00A5 00A5 00A5 000A 0151 003F 0003 00F4 00F4 0020 00F3 009C 00F4 0020 009F 00E9 013B 013C 0086 0003 0158 0102 009C 00E3 0098 00FA 00E4 0020 0092 00FC 00FA 00EF 009D 0096 003F 0008 0000
M036.ETC	0	30	07BD7	0095 0159 00EA 0020 0141 0142 00E6 015A 015B 009C 00E0 009A 00E4 00E3 00DE 0003 00E4 00DE 009A 0096 0020 0095 0096 009C 0098 00E5 008F 00E0 00E9 0096 003F 0003 00E0 00DE 008F 00E3 0020 009F 00FA 0020 013B 013C 00E0 00DE 00F6 00E5 0091 00A1 0008 0000
M036.ETC	0	31	07C01	000A 0096 00DE 0020 0112 0113 00E6 015A 00E3 00F9 00E4 015C 0092 00E3 0003 00E4 00DE 00FD 00E5 009A 00E4 0086 0020 00F4 008F 00E3 0098 00F9 0096 00E4 015D 008F 00E0 00F7 0003 00A5 00A5 00A5 013B 013C 0086 0020 009B 0096 00DE 009C 00E3 0098 00F9 009A 00E4 00E4 00EA 0021 0008 0000
M036.ETC	0	32	07C32	0095 00FA 00EA 0020 000A 00E9 015A 015B 00E9 015E 00F7 009E 0086 0003 015F 0160 00E6 0020 00F6 00FB 009A 00FD 00E3 00DE 0092 00E0 00FD 00E0 00DE 0099 00E4 00DE 00A5 00A5 00A5 0003 013B 013C 0086 0153 0094 00F9 0020 0095 0159 0086 0129 00F9 00E4 0020 00B6 00DE 00AF 00B6 00D8 00E0 00DE 00A1 0008 0000
M036.ETC	0	33	07C68	000A 0151 00EA 0020 0141 0142 00E6 00E5 00F7 00FA 00E3 0003 00EF 009D 00EF 009D 0020 00E0 0098 00EF 009C 0098 00E5 008F 00E0 00A5 00A5 00A5 0096 00DE 0003 00CC 00DF 00CC 00DF 00AF 0020 0095 013D 00E6 013B 013C 00E4 00EA 0020 00B9 00AF 00BB 00B8 00E0 00DE 0021 0008 0000
M036.ETC	0	34	07C98	0021 0020 000A 013A 00EA 0020 00EA 009D 00DE 0096 009C 0098 00E5 0092 00E9 0096 003F 0003 0141 0142 00E0 00F9 0161 0096 00DE 0020 013B 013C 0086 0153 0094 00F9 00E4 00EA 00A5 00A5 00A5 0003 00B5 00C3 00DE 00B6 00DE 00DD 00E9 0141 0142 00F3 0020 0162 00E6 0163 00E1 00E0 00E5 0091 00A1 0008 0000
M036.ETC	0	35	07CCC	000A 013A 00E9 0020 0164 00FB 00E6 0092 00F9 00E9 00EA 0003 013B 013C 00E3 00DE 009D 0099 00E4 00DE 00A5 00A5 00A5 00EA 00EA 0091 00A5 00A5 00A5 0003 0141 0142 00E9 0112 0113 00E4 0020 0165 0166 0096 00DE 0091 00F9 00FD 00E3 00DE 009C 008E 003F 0008 0000
M036.ETC	0	36	07CF9	000A 013A 00EA 0020 013B 013C 0086 0167 00FC 00FA 00E0 00E9 003F 0003 00E3 00DE 00F3 0020 00E5 00FD 00E3 0097 00FA 0092 00E5 013B 013C 00E5 00FD 00E3 00DE 009C 008E 0021 0003 009F 00FA 00E6 0020 0140 0149 00E6 0091 00EC 00FA 00E3 0092 00F9 00FC 00F6 00A1 0008 0000
M036.ETC	0	37	07D28	000A 013A 00E4 0020 013B 013C 00E9 0168 00F8 011C 00FC 009E 003F 0003 00F0 00FD 00E5 00EA 0020 0095 0096 009C 0098 015D 0093 00E3 00DE 009C 008E 0093 0099 00E4 00DE 0003 0169 00EA 00A5 00A5 00A5 009D 009A 00DE 0098 00BD 00C3 00B7 00E0 00DE 00E4 015D 0093 00A1 0008 0000
M036.ETC	0	38	07D5A	0141 0142 00E6 00E5 00F7 00FA 00E0 0020 000A 013A 00E3 00DE 009D 00E8 003F 0003 009F 00FD 00E5 0143 0144 00E9 016A 0096 00DE 0020 0091 00F7 0020 0092 00F4 00E0 00DE 00FC 0091 0003 013B 013C 0096 00DE 0020 0164 0086 00E2 0099 00E3 0097 00E3 0092 00EF 009D 00FC 00F6 00A1 0008 0000
M036.ETC	0	39	07D8B	00ED 008A 008A 0020 00CE 00DD 00C4 00E6 016B 0136 00E0 00DE 00E5 0091 00A5 00A5 00A5 0003 000A 0096 00DE 0020 013B 013C 0086 0153 0094 00E3 016C 0098 00E5 00FD 00E3 0003 0092 00EF 00EF 00E3 00DE 00E9 00B7 00D0 0096 00F7 00EA 0020 016D 0094 00F7 00FA 00E5 0092 00F6 00A1 0008 0000
M036.ETC	0	40	07DBE	0093 0020 0093 00FD 003F 0020 00E5 00FD 00E0 00DE 00BB 00D9 009C 00DE 008C 00E5 0092 0096 0021 0003 015A 015B 00E9 00C1 00AC 00DD 00BD 0086 0020 00E9 0096 00DE 009C 00E0 00CE 00DE 00B8 0086 0003 00E5 0098 00DE 009B 00F2 00E6 0020 0097 00E3 0098 00FA 00E0 00FD 00E0 00DE 00E8 0020 0098 00DE 00B0 00A1 0008 0000
M036.ETC	0	41	07DF4	00EF 0091 0020 0096 00FC 0092 0092 0020 0095 00BB 00D9 009B 00FD 0003 0097 008F 00E4 0020 0095 016E 00E3 00DE 00F3 009D 0092 00E0 00FD 00E3 00DE 009C 008E 003F 0003 00E3 00DE 00F3 016F 0020 00CA 00DE 00C5 00C5 00EA 0135 008F 00E3 0092 00E5 0092 00E9 00A1 0008 0000
M036.ETC	0	42	07E23	0091 00F7 00B2 00D4 00E0 00DE 00FC 0020 00BB 00D9 009C 00DE 008C 00E5 0092 00E9 00F6 0003 00BB 00D9 00EA 0020 009D 0098 00DE 00B2 00C0 00BD 00DE 00D7 009D 00F9 0096 00F7 0003 00B7 00D7 00B2 00E5 00E9 00F6 00E8 008A 0020 00BC 00AF 00BC 0020 00BC 00AF 00BC 00A1 0008 0000
M036.ETC	0	43	07E56	0095 014C 00E6 0020 0095 00BB 00D9 009B 00FD 0096 00DE 0098 00F9 00E5 00FD 00E3 0003 0097 008F 00E4 0020 00EA 009C 00DE 00F2 00E3 00E9 009A 00E4 009C 00DE 008C 00E5 0092 003F 0003 0099 0092 00EB 00DE 0170 00EA 0020 0148 009C 00E3 00F9 00E9 0096 009C 00F7 0021 0008 0000
M036.ETC	0	44	07E85	00BA 00CE 00DD 00A5 00A5 00A5 014A 009C 014B 0099 00DE 00E3 0095 0097 00EF 009D 0096 00DE 0003 00B5 00C3 00DE 00B6 00DE 00DD 014C 00E3 00DE 00EA 0020 014E 0097 014F 00E9 0128 014C 00EA 0003 0096 00E0 0098 0020 0095 0171 00F8 014A 009C 014B 0099 00DE 00E3 0095 00F8 00EF 009D 009F 00DE 00A1 0008 0000
M036.ETC	0	45	07EBB	0095 0092 0020 00BB 00D9 0021 0020 00E4 00DE 009A 0096 00F7 0172 00E0 00FD 00E0 00DE 0003 009F 00FD 00E5 0173 00E3 00DE 0020 00C0 00DE 00DD 00BD 0086 009C 00E3 00E5 0092 00E3 00DE 0003 0174 00F1 0096 00F7 0020 014C 0096 00F7 015A 00E3 0175 008F 00E3 0098 00FA 0021 0008 0000
M036.ETC	0	46	07EEB	00EE 00EE 0093 0020 009A 00FA 0096 00DE 00D3 00DD 00B7 00B0 00C0 00DE 00DD 00BD 0021 0003 00E1 00EF 00E0 00E9 0020 0176 0161 00E0 00E1 00E9 0091 0092 00E0 00DE 00E3 00DE 00EA 0003 0177 0178 0175 00E9 0020 0095 00E4 00DE 00F8 00E4 015C 0097 00EF 009C 00E0 00A1 0008 0000
M036.ETC	0	47	07F1C	0091 00F8 008C 0020 009A 00F8 008C 00EF 00E0 00A5 00A5 00A5 00A5 0003 00E3 00DE 008F 0096 0092 00BB 00D9 0096 00DE 0020 00F4 008F 00E3 0097 00E0 009F 00DE 0003 00E4 00DE 0093 00F4 008F 00E3 0020 0158 0102 009D 00F9 00E9 0096 00E5 0091 003F 0008 0000
M036.ETC	0	48	07F48	009A 0092 00E2 0020 00B5 00DA 00E9 0159 00E3 00DE 00C0 00DE 00DD 00BD 00E4 00EA 0021 0003 0127 0179 0086 0132 00E3 00E5 0092 0020 00B5 00DA 00E9 009A 00E4 0086 0003 00CA 00DE 00B6 00E6 009C 00E3 00F9 00F0 00E0 0092 00E3 00DE 0020 0098 00F4 009C 0092 009E 00DE 00A1 0008 0000
M036.ETC	0	49	07F79	00C0 00DE 00DD 00BC 00DD 00B8 00DE 0020 00C0 00DE 00DD 00BC 00DD 00B8 00DE 0021 0003 009A 00F8 008C 00EF 00E0 0020 009D 0099 00DE 008A 00D8 00BD 00DE 00D1 017A 00E0 00DE 00E5 0003 00B5 00DA 00F3 0020 00D1 00BD 00DE 00D1 00BD 00DE 009C 00E3 0097 00E0 009E 00DE 0021 0008 0000
M036.ETC	0	50	07FAB	0091 0091 0020 00F4 00F2 00FB 008F 0020 00F4 00F2 00E3 0098 00FA 008F 0003 016F 0139 00EA 0020 017B 0096 00F7 017C 0096 00DE 017D 0092 008F 00E3 00E9 00E6 0003 009F 00FD 00E5 00E4 009A 00E3 00DE 0020 00C0 00DE 00DD 00BD 009B 00FA 00E3 00E0 00EF 00F9 0096 0021 0008 0000
M036.ETC	0	51	07FDD	014C 017E 017F 00E6 0020 0180 0177 00E5 00BB 00D9 0096 00DE 0172 00F9 00E5 00FD 00E3 0003 0148 0096 00E9 0020 0159 0181 00FA 00E6 00E1 0096 00DE 0092 00E5 0092 00E3 00DE 009D 0003 00A5 00A5 00A5 00E6 009C 00E3 00F3 0020 00C9 00D8 00E9 0092 0092 00BB 00D9 00E0 00DE 0021 0008 0000
M036.ETC	0	52	0800F	0091 00F8 008C 00F8 008C 0020 0092 0097 00E5 00F8 00C0 00DE 00DD 00BD 00E4 00EA 0003 0177 0182 00E6 009C 00E3 0020 010A 0183 00E5 00BB 00D9 00E3 00DE 009D 00E8 008A 0003 0092 00E2 00EF 00E3 00DE 0095 00E4 00DE 00F9 0096 0020 0129 00E3 00F6 008F 00E4 0021 0008 0000
M036.ETC	0	53	0803F	009A 00FA 00EA 0020 00BB 00D9 00E0 00DE 00F6 00E5 0091 00A5 00A5 00A5 0003 0184 00EF 00E3 00DE 0020 00F4 008F 00E3 00F9 008F 00E3 009A 00E4 00EA 0003 00BB 00B0 00B6 00BD 0096 00F7 0020 00E6 0099 00DE 00E0 00E9 0096 00F3 0021 0008 0000
M036.ETC	0	54	08069	00EF 0091 0020 0096 00FC 0092 0092 0020 0095 00BB 00D9 009B 00FD 00E0 00DE 00FC 0003 00E3 00DE 00F3 00A5 00A5 00A5 0096 00FC 0092 0092 008F 00E3 0092 0093 00E6 00EA 0003 00E1 008E 008F 00E4 0020 0177 0097 009D 0097 00DE 00F9 0140 00F3 009D 00F9 00FC 00A1 0008 0000
M036.ETC	0	55	08097	0097 008C 00B0 008F 0020 00E0 00DE 00FA 0096 00B0 008F 0020 0185 0099 00E3 00B0 008F 0003 00A5 00A5 00A5 008F 00E3 0020 0095 00E4 00DE 00FB 0092 00E3 00F0 00E0 0099 00E4 00DE 0003 00EB 00E0 009D 00F7 0020 0095 00E4 00DE 008F 00E3 0092 00F9 00E0 00DE 0099 00E0 00DE 00FC 00A1 0008 0000
M036.ETC	0	56	080C8	0186 0187 00E9 0157 00FC 00F8 013F 00EA 0020 00E4 00DE 00FD 00E5 014E 0097 014F 00F3 0003 00E0 009C 0096 00E6 0020 0188 0096 00FA 00F9 00F3 00E9 00E0 00DE 0099 00E4 00DE 0003 009A 00FA 00EA 0020 00E1 008E 008F 00E4 0020 0188 0096 00FA 009D 0097 00DE 00F6 00A1 0008 0000
M036.ETC	0	57	080F9	009A 00E9 0189 018A 00E9 014D 018B 00E6 00EA 0020 00EE 009A 00F7 0096 00DE 0091 008F 00E3 0003 009F 00FA 0086 0020 0129 018C 008F 00E3 0092 00F9 00F6 0093 00E6 018D 00FC 00FA 00E0 0005 0000
M036.ETC	0	58	0811D	00E3 00DE 00F3 0020 0091 009F 009A 00EA 0020 00B6 00B7 00DE 0096 00DE 0096 0096 008F 00E3 00F9 009C 0003 0129 018C 00F9 0119 011A 00E5 00FD 0096 0020 00E5 0092 00E4 015D 0093 00FD 00E0 00DE 00F6 00A1 0008 0000
M036.ETC	0	59	08142	00B5 00C3 00DE 00B6 00DE 00DD 018E 00EA 0020 018F 00E9 00E5 0092 018E 00E0 00DE 0096 00F7 0003 0170 0142 00E9 0190 0096 00DE 0020 0191 0098 00E5 0092 00FD 00E0 00DE 00F6 00A5 00A5 00A5 0003 00F3 0093 0033 0139 0192 0020 0193 00F0 00E5 009C 00E6 0194 0092 00E3 00F9 00A1 0008 0000
M036.ETC	0	60	08175	0195 013A 00E9 0095 0196 0197 00E6 0020 0148 00E9 0198 00E3 00DE 00F4 008F 00E3 0097 00E0 0021 0003 00A5 00A5 00A5 00E4 00DE 0093 009E 0020 014C 0086 0093 00FB 00E2 0092 00E3 00F9 0199 00E6 0003 019A 008F 00E0 00FD 00E0 00DE 00FB 0093 003F 0020 00BB 00AF 00BB 00E4 0137 00F9 00FD 00E0 00DE 00A1 0008 0000
M036.ETC	0	61	081AD	014C 00E9 014D 00E3 00DE 0020 0148 0096 0096 00DE 019B 009A 008F 00E3 00F9 00F7 009C 0092 0003 0148 0096 00EA 00A5 00A5 00A5 00FC 0096 00F7 00E5 0092 0099 00E4 00DE 00A5 00A5 00A5 0003 009F 00FA 00E3 00DE 0020 019C 019D 00F3 0140 0096 00DE 0132 008F 00E3 0092 00F9 00FD 00E0 00DE 00A1 0008 0000
M036.ETC	0	62	081DF	0095 0159 00A5 00A5 00A5 009A 009A 0086 019E 00F8 00E0 0092 00FD 00E0 00DE 00FB 0093 003F 0003 019F 01A0 00E9 0139 00E5 00F7 0020 019E 009C 00E3 00F4 00FA 00F9 00FD 00E0 00DE 0099 00E4 00DE 0003 016F 00EA 0020 01A1 00F3 019E 009D 00E5 00E4 00E9 0020 01A2 01A3 00E5 00FD 00E0 00DE 00F6 00A1 0008 0000
M036.ETC	0	63	08215	009A 0093 009C 00E3 0020 00E2 0098 00E2 00DE 0098 014C 0086 0129 00E3 00F0 00F9 00E4 0003 00B5 00C3 00DE 00B6 00DE 00DD 014C 00F3 0020 01A4 0098 00E5 008F 00E3 0097 00E0 00E5 0091 0005 0000
M036.ETC	0	64	08239	019C 019D 00E4 009C 00E3 00EA 0020 0132 00E3 0160 009C 00E3 00EE 009C 0092 0099 00E4 00DE 0003 0096 0098 009C 019E 01A5 00E9 0020 012D 01A6 00EF 00E3 00DE 0091 00F9 019E 00F8 00A5 00A5 00A5 0006 0003 01A7 014C 00E4 0093 00E0 00FC 00FA 00E0 014C 00E0 00DE 0096 00F7 00A5 00A5 00A5 00D1 00D8 00E0 00DE 00F6 00E5 00A1 0008 0000
M036.ETC	0	65	08274	009A 00E9 019E 01A5 00E9 01A8 009C 01A9 018A 00E9 0020 0098 009D 00DE 00FA 00E0 0096 00ED 00DE 00EA 0003 00E0 00DE 0092 00EC 00DE 0159 00E6 0020 009C 008D 0093 00F8 009D 00F9 009A 00E4 00E6 00E5 008F 00E3 0003 00E0 009C 0096 0020 01AA 0102 009C 00E0 00EA 009D 00DE 00E5 00FD 00E0 00DE 0099 00E4 00DE 00A5 00A5 00A5 0005 0000
M036.ETC	0	66	082AD	009B 008F 0097 0129 00E0 00F7 0020 00EF 00E0 0098 009D 00DE 00FA 00E3 00F9 00E0 00DE 00FB 003F 0003 0095 00E4 00DE 00FB 0092 00E0 00E4 0092 0093 0096 00A5 00A5 00A5 0157 00E0 00DE 00F6 00E5 00A1 0008 0000
M036.ETC	0	67	082D0	00B5 00DA 0020 00E4 00DE 009A 00E9 0099 0092 00EB 00DE 0086 00EF 0096 009B 00FA 00F9 0096 003F 0003 00C4 00DE 00B7 00C4 00DE 00B7 009C 00E3 00E0 0099 00E4 00DE 0020 009A 009A 00E3 00DE 00F6 0096 008F 00E0 00F6 0005 0000
M036.ETC	0	68	082F7	014C 00E9 01AB 00E9 016A 00E6 0091 00F9 0020 0195 01AC 00E9 01AD 00E0 00DE 008F 00E0 00F7 0003 0140 0152 0096 00DE 01AE 0098 00E3 0020 0099 0092 00EB 00DE 00E4 00DE 009A 00FB 009C 00DE 008C 00E5 0092 009E 00DE 00A1 0008 0000
M036.ETC	0	69	0831F	00B5 00DA 00EA 0020 00E5 00FD 00E3 01AF 01B0 0161 00E5 00FD 00E0 00DE 00FB 0093 003F 0003 0195 01B1 013A 00E9 01B2 00E3 00DE 0020 0099 0092 00EB 00DE 0096 00DE 00E3 00DE 0097 00F9 00FD 00E0 00DE 009E 00DE 0003 0091 0091 0020 00BB 00C3 00D7 0195 01B1 00EA 00EF 00E0 00DE 0096 00E5 0091 00A5 00A5 00A5 00A1 0008 0000
M036.ETC	0	70	08356	009A 0092 00E2 00A5 00A5 00A5 00BB 00C3 00D7 0195 01B1 0096 00DE 01B3 0097 00E5 00E9 009B 0003 00E0 00DE 0096 00F7 0020 009A 009A 00E3 00DE 0099 0092 00EB 00DE 0086 009C 00E3 0092 00FA 00EA 00DE 0003 0195 01B1 013A 00E6 0138 0094 00F9 00E4 0020 00B3 00B7 00B3 00B7 00E5 00FD 00E0 00DE 00A1 0008 0000
M036.ETC	0	71	0838B	00CE 00CB 00DE 00AF 00C4 00E9 01B4 01B5 0096 00DE 0020 00F4 008F 00E3 0097 00E0 00E9 0096 003F 0003 014C 00E9 01B6 01B7 00E9 0091 00E0 00F8 0096 00DE 0020 009B 00FC 0096 00DE 009C 0092 00E5 00A1 0008 0000
M036.ETC	0	72	083B0	00ED 00AF 00B8 00BC 00AE 00DD 00A5 00A5 00A5 00B8 00DE 00BD 00B8 00DE 00BD 00A5 00A5 00A5 0003 01B8 00ED 00DE 0020 0189 018A 00E9 0099 0092 00EB 00DE 00E3 00DE 01B9 008F 00E0 0096 00F7 008F 00E3 0003 01BA 0099 00E3 0020 01BB 01BC 0086 009C 00FB 00E5 00FD 00E3 00CB 00C4 00DE 00B2 00B0 00AF 00A1 0008 0000
M036.ETC	0	73	083E9	00C0 00DE 00B0 00B8 00B4 00D9 00CC 0096 00DE 0020 018E 0086 00E8 00F7 008F 00E3 00F9 00E4 0003 0093 00FC 009B 00E6 00E5 008F 00E3 00F9 0096 00DE 0020 0106 01BD 00E0 00DE 00FB 0093 0096 003F 0003 00E0 00DE 00E4 009C 00E0 00F7 0020 009A 00E9 018E 00F3 01BE 00FC 00F8 0096 00F3 00E5 00A1 0008 0000
M036.ETC	0	74	0841D	01B8 00ED 00DE 00E9 01BC 01BF 0096 00DE 0020 00B4 00D9 00CC 00E9 009C 00FC 009B 00DE 00E5 00F7 0003 00E4 00DE 0093 009C 00E3 0020 009F 00FD 00E5 009A 00E4 0086 009C 00E0 00FD 00E0 00DE 003F 0003 00E7 009D 00EF 00FA 00E0 014F 00F3 0020 00E5 0092 00F6 0093 00E0 00DE 009C 00E5 00A1 0008 0000
M036.ETC	0	75	0844F	01BC 01BF 0096 00DE 019B 009A 008F 00E0 008F 00E3 0020 009B 00FC 0092 00E3 00DE 00F9 0096 00DE 0003 009A 0093 009C 00E3 00F9 00E4 0020 00C9 00DD 00CB 00DE 00D8 009C 00E0 00F3 00FD 009B 0003 0091 00B0 0091 0020 00CE 00DF 00B6 00CE 00DF 00B6 00E4 0091 00E0 00E0 0096 0092 00F4 0021 0008 0000
M036.ETC	0	76	08484	0097 00E9 0093 00EA 0020 00CE 00CB 00DE 00AF 00C4 00E9 01B4 01B5 00E0 00E1 00E3 00DE 0003 014C 017E 017F 00E9 016A 0096 00DE 0020 009B 00FC 0096 00DE 009C 0096 008F 00E0 0099 00E4 00DE 0003 01C0 0096 00E6 00E5 008F 00E0 009C 0020 01C1 008F 00E0 00E9 0096 00E5 003F 0008 0000
M036.ETC	0	77	084B5	0099 009B 0020 014C 00E6 0172 00E3 00F0 00F9 00E4 012E 012F 009B 00FC 0097 00DE 00E3 00DE 0003 00F0 00FD 00E5 0020 01C2 016A 00E6 0098 00FA 00E3 0092 00E0 0096 00DE 00A5 00A5 00A5 0003 00B4 00D9 00CC 00E9 012E 012F 00EA 0020 0095 009F 00FB 009C 0092 00F6 00E5 0091 0005 0000
M036.ETC	0	78	084E8	00E0 009C 0096 01C3 01C4 01C5 00E6 00EA 0020 0094 00F7 0092 01C6 01C7 0096 00DE 0092 00E3 0003 00E4 00DE 00FD 00E5 012E 012F 00E3 00DE 00F3 0020 01C8 0092 00E3 009C 00EF 0093 00F7 009C 0092 0003 009F 00E9 01C7 0086 0020 00B5 00C3 00DE 00B6 00DE 00DD 014C 00E6 00F6 00ED 00DE 00E5 0092 0096 00E5 003F 0008 0000
M036.ETC	0	79	0851F	00B5 00DA 0020 0195 01AC 00E9 01AD 0096 00DE 009A 00FC 0096 008F 00E0 00FD 00E0 00DE 0099 00E4 00DE 0003 014C 00E9 0189 018A 00F3 0020 0148 0096 0096 00DE 0091 008F 00E0 00F7 009C 0092 00E5 003F 0003 00F4 008F 00EA 00DF 00F8 0020 009A 009A 00E9 0099 0092 00EB 00DE 00E3 00DE 00F6 0096 008F 00E0 00A1 0008 0000
M036.ETC	0	80	08554	00B5 00DA 00EA 0020 00E5 00FD 00E3 01AF 009E 0161 00E5 00FD 00E0 00DE 00FB 0093 003F 0003 0195 01B1 013A 00E9 01C9 0098 00E3 00DE 0020 0099 0092 00EB 00DE 0096 00DE 00E3 00DE 0097 00F9 00FD 00E0 00DE 0003 0091 0091 0020 00BB 00C3 00D7 0195 01B1 00EA 00EF 00E0 00DE 0096 00E5 0091 00A5 00A5 00A5 00A1 0008 0000
M036.ETC	0	81	08589	00E4 00DE 0093 009C 00E0 00FD 00E0 00DE 0020 000A 00A5 00A5 00A5 0003 00EA 00EA 0091 0020 009B 00E3 00EA 0020 01CA 00F2 00E3 00E9 01CB 01CC 00E3 00DE 0003 01B9 0098 00E3 0020 01CD 00FA 014F 00E3 00DE 00F3 009C 00E0 00FD 00E0 00DE 00E5 003F 0008 0000
M036.ETC	0	82	085B4	00BB 00C3 00D7 013A 00EA 0020 00E4 00DE 0093 00E5 00F9 00E9 00E3 00DE 009C 008E 0093 003F 0008 0000
M036.ETC	0	83	085C7	01CE 01CF 00E0 00DE 0096 00DE 00A5 00A5 00A5 00FC 0096 00F7 00FD 00A1 0008 0000
M036.ETC	0	84	085D6	0091 00E9 00A5 00A5 00A5 00EB 00E4 00E2 00E0 00DE 0099 0003 01D0 01D1 009C 00E3 00F3 0020 00F6 00FB 009C 0092 00E3 00DE 009D 0096 003F 0008 0000
M036.ETC	0	85	085F1	0093 00F1 00A5 00A5 00A5 00E4 00DE 00FD 00E5 009A 00E4 0096 00E5 003F 0008 0000
M036.ETC	0	86	08600	01D2 019D 00E4 0020 00B3 00DC 00BB 0086 00EF 00E4 00F2 00E3 00F0 00F9 00E4 0003 00CE 00DE 00B8 00E0 00E1 00E9 01D3 00F9 0020 0195 01B1 013A 00E9 0095 0143 0107 00E6 00EA 0003 0148 0096 00A5 00A5 00A5 0092 009C 00DE 008E 0093 0096 00DE 0091 00F9 00E9 00E3 00DE 00EA 003F 0005 0000
M036.ETC	0	87	08634	009F 00FA 00E6 0020 00CE 00CB 00DE 00AF 00C4 00E9 01B4 01B5 0086 01C1 009C 00E0 00E9 00F3 0003 016F 01D4 00E9 009A 00E4 00E4 0020 0165 0166 0096 00DE 0091 00F8 009F 0093 00E3 00DE 009D 009C 0003 0133 00E6 0020 01D5 009C 00E3 0095 0092 00E3 0092 00E0 00E0 00DE 0099 00EF 009E 00FD 0096 003F 0008 0000
M036.ETC	0	88	0866B	0092 00F4 00A5 00A5 00A5 0177 01D6 0020 01D7 00F7 00E6 00EA 00A5 00A5 00A5 0003 009D 00ED 00DE 00E3 0086 0020 01D5 009C 00E3 0095 0097 00EF 009C 008E 0093 00A1 0008 0000
M036.ETC	0	89	0868A	00A5 00A5 00A5 0095 0159 00E0 00E1 00E9 0020 0140 00E2 00DE 0092 00E0 00E4 0095 00F8 0003 0195 01B1 00EA 0020 00C0 00DE 00B0 00B8 00B4 00D9 00CC 00E9 012E 012F 00E6 00F6 008F 00E3 0003 0148 0139 00F3 0020 01B9 00F8 01BA 0099 00E3 0092 00F9 00E9 00E0 00DE 00F6 0005 0000
M036.ETC	0	90	086BB	0195 01B1 0096 00DE 012E 012F 00E6 0096 0099 00F7 00FA 00E0 0020 0091 00E9 01CB 0003 00C0 00DE 00B0 00B8 00B4 00D9 00CC 00EA 0020 0195 013A 00E9 013F 00E9 0159 00E6 01D8 00FA 0003 0195 01B1 00E9 01A2 00E4 0020 01D9 01DA 009C 00DE 008E 0093 0099 00FD 0086 015A 009C 00E0 00A1 0008 0000
M036.ETC	0	91	086F0	0195 01B1 00EA 0020 012E 012F 00E6 00F6 008F 00E3 01B9 00F7 009E 00E0 00A5 00A5 00A5 0003 016F 00E9 00E4 009A 00FB 0020 01A2 00E6 0096 0096 00FC 00F9 009A 00E4 00EA 00E5 0092 0096 00DE 0003 01DB 00E6 00F3 00E4 00DE 009C 00E0 0098 00EA 00DE 0020 012A 01DC 0086 01DD 009E 0020 0006 00E4 00E5 0005 0000
M036.ETC	0	92	08727	009A 00E9 014C 00E9 0161 016B 0136 00E6 0020 009A 00E9 009A 00E4 0096 00DE 015E 00FA 00E0 00F7 0003 01DE 00E6 00CE 00CB 00DE 00AF 00C4 01DF 00E6 00EA 0020 015E 00F7 009E 00E3 00EA 00E5 00F7 00FD 0003 009F 00E9 01E0 00EA 0020 01E1 01E2 00E6 0195 01B1 00EA 013F 01E3 00F2 00E5 0092 00E4 00A1 0008 0000
M036.ETC	0	93	08760	00E0 00DE 0096 00F7 0020 00CE 00CB 00DE 00AF 00C4 00E9 01B4 01B5 00E6 00F3 0138 00FC 009D 00DE 00E6 0003 009A 0093 009C 00E3 00A5 00A5 00A5 0195 01B1 0086 0095 01D3 00F8 009D 00F9 00E9 00E0 00DE 0005 0000
M036.ETC	0	94	08785	00C0 00DE 00B0 00B8 00B4 00D9 00CC 00E9 00E8 00F7 0092 0096 00DE 0020 0180 01C7 00E5 00F7 0003 012A 01DC 00E3 00DE 0020 012D 01A6 00E9 0180 01C7 0096 00DE 013F 01E3 00F2 00E0 00F7 00A5 00A5 00A5 0003 009A 00E9 00B5 00C3 00DE 00B6 00DE 00DD 00EA 0020 01BE 00FC 00F8 00E0 00DE 0096 00F7 00A5 00A5 00A5 00A1 0008 0000
M036.ETC	0	95	087BD	00E0 00DE 0096 00DE 0195 01B1 00E6 00EA 0020 01E4 00E5 00F9 00C3 00A8 00B1 00D7 0096 00DE 0091 00F9 0003 0091 00E9 00C3 00A8 00B1 00D7 0086 0020 0143 00E6 00E2 0099 00E3 0092 00F9 01E5 00F8 0003 00F4 00E2 00F7 00F3 0020 00F1 00F4 00F0 00E6 00EA 0127 0086 015A 009E 00EF 0092 0005 0000
M036.ETC	0	96	087F6	00E0 00E0 00DE 009C 0020 00F3 009C 00F3 009B 00F7 00FC 00FA 00E3 009C 00EF 008F 00E0 00F7 0003 0195 013A 00E4 00E3 0020 00F3 0093 0020 00D4 00C2 00F7 00E6 01E6 01E7 00E3 00DE 0097 00EF 0092 0003 0034 00E2 00E9 00B5 00B0 00CC 00DE 0086 0020 01DD 009C 00E3 009C 00EF 0093 00E0 00DE 00FB 0093 00A1 0008 0000
M036.ETC	0	97	0882D	01E8 00E0 00E1 00E9 0131 013F 0096 00DE 0020 00E4 00DE 00FD 00E5 00E6 0177 01E9 0096 00FC 0096 008F 00E0 00E0 00DE 00FB 0093 0003 009F 00FA 00E3 00DE 00EA 0020 009C 008F 0096 00F8 00E0 00E9 00FD 00E0 00DE 009F 00DE 0021 0008 0000
M036.ETC	0	98	08855	00E5 00FD 00E0 00DE 0096 00A5 00A5 00A5 0097 00F8 0096 00DE 015A 00E3 0097 00E0 0003 0140 0152 0096 00DE 01AE 0098 00E3 0020 00B2 00D4 00E0 00DE 00E5 0091 0005 0000
M036.ETC	0	99	08872	009B 0091 0020 009F 00FA 009C 00DE 008C 0020 0099 0092 00EB 00DE 0086 00EA 009C 00DE 00F2 00F6 0093 0003 000A 0096 00F7 0020 0129 01EA 008F 00E3 0097 00E3 00F6 00A1 0008 0000
M036.ETC	0	100	08892	009F 00FA 009C 00DE 008C 0091 0020 000A 0096 00F7 0003 00B8 00DE 00D9 00AF 00E4 0020 0129 01EA 008F 00E3 0097 00E3 00F6 00A1 0008 0000
M036.ETC	0	101	088AB	0195 013A 00EA 0020 00F3 0093 0095 0193 00F0 00E6 00E5 008F 00E0 00E9 00E3 00DE 0003 0198 00E5 00F7 0020 01EB 0139 00E9 017B 015A 0160 009C 00E3 0098 00F9 00E9 00E0 00DE 00A1 0008 0000
M036.ETC	0	102	088CD	016F 01CB 00EA 0020 01A8 009C 0020 00EA 00E0 00DE 009B 00DE 00F1 0092 00E5 0003 009A 0093 0092 0093 00E4 0097 00EA 0020 01EC 00E6 01E5 00F9 0096 00DE 0003 01BB 01BC 014D 00E0 00DE 009C 0020 01ED 00F2 00E3 0095 0098 0096 00A5 00A5 00A5 00A1 0008 0000
M036.ETC	0	103	088FA	0095 0159 00A5 00A5 00A5 00CD 00DE 00AF 00C4 00DE 00E3 00DE 00BB 00CE 00DE 00D9 0140 00E0 00DE 00E5 003F 0003 01AE 0092 009A 00E4 00EA 0020 0092 00FC 00E5 0092 0096 00F7 00D4 00D2 00E4 0099 0021 0003 00CA 00DE 00DA 00E0 00F7 0020 0164 00E3 00DE 0148 0096 00E4 0092 00FC 00FA 00F9 009F 00DE 00A1 0008 0000
M036.ETC	0	104	08930	000A 00E9 0135 00E1 011B 00EA 0020 01EE 018A 00E0 00DE 00FB 0021 0003 0092 0098 00F7 0020 016A 01EF 00B5 00DD 00C1 00E4 0092 008F 00E0 008F 00E3 0003 01E5 01D4 008F 00E3 00F3 00E9 0096 00DE 0020 0091 00F9 00E0 00DE 00FB 0093 0096 00DE 003F 0008 0000
M036.ETC	0	105	0895E	0093 00B0 008F 0020 009B 00EB 00DE 0088 00B0 008F 0020 00EC 00DE 00F9 00EC 00DE 00F9 00A5 00A5 00A5 0003 00B5 00DA 00EA 0020 009B 00F1 0092 00E9 0096 00DE 00E6 0096 00DE 00E3 00E0 00DE 0096 00F7 008F 00E3 0003 0091 00FA 00EE 00E4 00DE 018D 008F 00E0 00E9 00E6 0020 01CB 01CC 00E0 00DE 00F3 00FD 00E5 00A1 0008 0000
M036.ETC	0	106	08995	009C 008F 0096 00F8 0020 0099 0092 00EB 00DE 009C 00FB 008F 00E3 0092 008F 00E3 00F3 0003 01F0 0139 0020 01BC 01BF 0096 00DE 019B 009A 00F9 00FC 0099 00E3 00DE 00F3 00E5 0092 009C 0003 01F1 01BD 00E6 0020 0092 009A 0093 00F6 0020 01F1 01BD 00E6 00E8 00A1 0008 0000
M036.ETC	0	107	089C5	00B5 00C3 00DE 00B6 00DE 00DD 018E 0086 0020 009B 00FC 0096 00DE 009C 00E3 00F9 00E9 00EA 0003 00C0 00DE 00B0 00B8 00B4 00D9 00CC 00E9 0020 012E 01F2 01F3 00F7 009C 0092 0096 00DE 0003 0148 00E0 00DE 008F 00E3 0020 009A 00FD 00E5 009A 00E4 009D 00F9 00E9 0096 00E5 003F 0008 0000
M036.ETC	0	108	089F6	009F 00FB 009F 00FB 0020 0092 0092 00E3 00DE 009D 0096 00E8 003F 0008 0000
M036.ETC	0	109	08A05	009F 00FB 009F 00FB 0020 01F4 01F5 0096 00DE 0003 01F6 0092 00E3 0092 00F9 00EA 009D 00DE 00E3 00DE 009D 0096 00DE 00A5 00A5 00A5 003F 0008 0000
M036.ETC	0	110	08A1F	00F4 00EA 00F8 00A5 00A5 00A5 0020 0095 0096 009C 0092 003F 0003 009F 00FD 00E5 00EA 009D 00DE 00EA 0020 00E5 0092 00E9 00E3 00DE 009D 0096 00DE 00A5 00A5 00A5 003F 0008 0000
M036.ETC	0	111	08A3D	00EE 00B0 00F7 0020 00F4 008F 00EA 00DF 00F8 0003 00E1 008C 00FD 00E4 01B9 008F 00E3 00EF 009D 00F6 00E8 0094 00A1 0008 0000
M036.ETC	0	112	08A56	00E3 00DE 00F3 0020 00B7 00D0 00EA 00A5 00A5 00A5 0003 019B 0097 00E3 0092 00F9 00FD 00E3 00DE 009D 00F6 00E8 003F 0008 0000
M036.ETC	0	113	08A6D	0095 00F4 00A5 00A5 00A5 0020 009F 00FA 00EA 0148 00E3 00DE 009D 0096 003F 0008 0000
M036.ETC	0	114	08A7D	00CA 00DE 00DD 00CE 00DE 00EA 000A 0086 01F7 00ED 00DE 00E0 0008 0000
M036.ETC	0	115	08A8C	0002 00CA 00DE 00DD 00CE 00DE 00EA 0020 013F 01E3 00F2 00E9 0130 0020 0086 0129 00E2 0099 00E0 0008 0000
M036.ETC	0	116	08AA2	009F 0093 00E3 00DE 009D 0096 0021 0020 009A 00FA 00E0 00DE 008F 00E0 00FD 00E3 00DE 009D 00E8 003F 0003 009A 00FA 0086 0135 008F 00E3 0092 00F9 00E9 00EA 0020 00B4 00D9 00CC 00E0 00DE 0099 00E0 00DE 0096 00F7 0003 009A 00E9 01BF 00E6 0020 00B4 00D9 00CC 0096 00DE 0096 00F7 00FD 00E0 00DE 00E9 00E3 00DE 009D 00E8 003F 0008 0000
M036.ETC	0	117	08ADA	00A5 00A5 00A5 009A 00FA 00EA 0092 00E0 00E0 00DE 0098 00E4 009C 00E3 0003 00B7 00D0 0086 0020 00E4 00DE 0093 009C 00EF 009C 008E 0093 0096 00E8 0005 0000
M036.ETC	0	118	08AF6	0129 00E0 00E4 009A 00FB 00E3 00DE 00EA 0020 01F8 0099 009F 0093 00F3 00E5 0092 009C 0003 00E4 00DE 0093 009E 0148 00F3 0020 00E3 00DE 0097 008F 009A 00E5 0092 00E3 00DE 009C 008E 0093 003F 0003 0006 00EF 0091 0020 00F5 00F9 009D 009A 00E4 00E6 0020 009C 00EF 009C 008E 0093 0021 0008 0000
M036.ETC	0	119	08B2A	009B 0091 0020 009F 00FA 009C 00DE 008C 00BB 00C3 00D7 0195 01B1 00E6 0003 01F9 0175 009C 00E3 0092 00E0 00E0 00DE 0097 00EF 009D 00F6 0021 0008 0000
M036.ETC	0	120	08B46	00CC 00DF 00D8 00DD 00BE 00BD 00A5 00BB 00C3 00D7 0020 00B6 00D3 00B0 00DD 0021 0008 0000
M036.ETC	0	121	08B5B	00EA 00B0 0092 0020 00CC 00DF 00D8 00DD 00BE 00BD 00A5 00BB 00C3 00D7 0021 0003 009A 00DE 0097 0099 00DE 00FD 00EA 0020 0092 0096 0096 00DE 003F 0008 0000
M036.ETC	0	122	08B78	009F 00FA 00EA 0020 0099 008F 009A 0093 0021 0003 009D 0092 00F0 00FD 00EA 0020 01B1 0145 00E6 00E4 008F 00E3 0177 01BC 00E8 00A1 0003 00EB 00DE 00F6 0093 00E4 0020 0099 00FD 009A 0093 00E6 00F3 01FA 01FB 00E3 00DE 009D 0096 00F7 00A1 0008 0000
M036.ETC	0	123	08BA5	00CC 00DF 00D8 00DD 00BE 00BD 0020 00EF 0092 00F8 00EF 009C 008E 0093 0096 003F 0008 0000
M036.ETC	0	124	08BB8	0195 01AC 00E9 01AD 00E6 01FC 0097 00DE 00E5 009B 0092 0021 0003 01FD 0177 00E5 00F9 0020 00C0 00DE 00B0 00B8 00B4 00D9 00CC 00E6 009C 00E3 012E 01FE 01F3 0003 00CA 00DF 00BF 00DE 00B0 00C4 013A 0096 00DE 0020 0095 01FF 00E1 00E6 00E5 008F 00E3 0092 00EF 009D 00A1 0008 0000
M036.ETC	0	125	08BEB	00CC 00DF 00D8 00DD 00BE 00BD 00A5 00BB 00C3 00D7 0003 00DA 00AF 00C2 00A5 00A5 00A5 00BA 00DE 00B0 00AF 0021 0008 0000
M036.ETC	0	126	08C05	0095 00F4 00A5 00A5 00A5 0020 00B7 00D0 00EA 016F 0003 01F8 0097 00EF 009C 00E0 00F6 00E8 003F 0008 0000
M036.ETC	0	127	08C1A	00B7 00D0 00E6 00EA 0020 0200 0097 00EF 009C 00E0 00F6 0003 00B4 00D9 00CC 00E9 0020 0185 0099 00E0 00DE 0099 009C 00DE 008C 00E5 0098 0003 01C7 0201 00F0 0136 00FA 00E0 0202 0203 0204 00A5 00A5 00A5 00E3 00DE 009D 00E8 0094 00A1 0008 0000
M036.ETC	0	128	08C47	00CE 00DE 00B8 00E0 00E1 00EA 0020 00B7 00D0 00F0 00E0 0092 00E5 01C7 0086 0003 01FA 01FB 0205 00FA 00E3 0020 0092 00F9 00FD 00E3 00DE 009D 00F6 00A1 0008 0000
M036.ETC	0	129	08C65	00E3 00DE 00F3 00A5 00A5 00A5 00CE 00DE 00B8 00E4 009C 00E3 00EA 0003 00B7 00D0 00E9 0206 018C 00F8 00E6 0020 0207 01FF 009C 00E0 0092 00E3 00DE 009D 00E8 0003 0095 0095 0092 00E6 0020 0208 009C 00EF 009E 00E3 0098 00E0 00DE 009B 0092 00A1 0008 0000
M036.ETC	0	130	08C91	00EF 00E0 0020 0091 0092 00EF 009C 008E 0093 0021 0008 0000
M036.ETC	0	131	08C9D	0015 0209 00FD 00E0 00DE 00F6 0093 00E6 0020 01B9 008F 00E3 0092 00F9 00A5 00A5 00A5 00A1 0008 0000
M036.ETC	0	132	08CAF	01BC 01BF 0096 00DE 01C8 020A 009C 00E3 0020 0099 0092 00EB 00DE 00E9 01BB 01BC 00F3 0003 0208 00E6 00E5 00F9 00E4 0020 00F6 00FB 009A 00FD 00E3 00DE 00E0 00FD 00E0 00DE 0003 00E3 00DE 00F3 0020 01BD 0144 0020 016F 00E9 00EF 00FD 00EF 00E0 00DE 008F 00E3 009B 00A1 0008 0000
M036.ETC	0	133	08CDF	012E 01F2 01F3 00E9 0020 00CA 00DF 00BF 00DE 00B0 00C4 00E6 00E8 00F7 00FC 00FA 00E0 00F7 0003 00B5 00C3 00DE 00B6 00DE 00DD 00E5 00FD 00E3 0020 00B1 00AF 00E4 0092 0093 0192 00A5 00A5 00A5 0003 00E4 015D 008F 00E0 00F7 0020 020B 0136 00E0 00DE 0092 009C 00DE 008E 0093 00EC 00DE 00E5 00FD 00E0 00DE 00A1 0008 0000
M036.ETC	0	134	08D18	009A 00E9 00E4 009A 00FB 0020 009C 00FD 009A 0098 00E5 01D5 0096 00DE 0191 0098 00E3 0003 018E 014D 0096 00DE 0020 009C 009D 00DE 00FD 00E3 00DE 00E0 017A 009C 00DE 00E0 00DE 008F 00E0 0099 00E4 00DE 0003 009A 00FA 00E3 00DE 0020 01DB 00E9 01EB 00F9 0092 018E 00E6 0137 00F9 00E0 00DE 00FB 0093 00A1 0008 0000
M036.ETC	0	135	08D4D	01AB 00E9 019A 0092 00E9 020C 00EA 0020 010A 015D 020D 00E5 00E4 009A 00FB 00E3 00DE 0003 020E 00E9 0202 00E9 0020 00C4 00DA 00DD 00C4 00E4 0096 00F3 0092 00F9 00FD 00E0 00DE 0003 020F 0210 00E9 0211 0086 0020 015C 0098 0212 0204 0096 00DE 0091 00FA 00EA 00DE 00E5 0091 00A1 0008 0000
M036.ETC	0	136	08D80	0195 013A 0096 00DE 0020 00CA 00DF 00BF 00DE 00B0 00C4 00E6 0095 00E4 00DE 009B 00FA 00E3 00E0 00E9 00EA 0003 014C 00E9 0161 00E6 00F3 0020 009C 00F7 009E 00E3 00E5 0096 008F 00E0 00E9 00E6 0003 00F0 00FD 00E5 0020 0095 0096 009C 0092 00E4 015D 008F 00E3 0092 00E0 00F6 00E5 00A1 0008 0000
M036.ETC	0	137	08DB3	00F3 009C 0020 01AB 01EE 00E9 00B8 00DE 00C4 00DE 00B0 00E9 0213 00E4 0096 0175 0098 00E5 00F7 0003 0170 0142 00E9 0214 0125 00E3 00DE 00EA 0020 0215 0113 00E0 00DE 009F 0093 00E5 00A5 00A5 00A5 0003 0096 00E0 0092 00D3 00DD 00BD 00C0 00B0 0096 00DE 0020 0191 0092 00F7 009C 0092 009F 00DE 00A1 0008 0000
M036.ETC	0	138	08DE9	016D 0094 00E3 0129 00FA 00EA 00DE 0020 009A 00E9 01BC 01BF 00E9 0095 0096 0099 00DE 00E3 00DE 0003 00B5 00C3 00DE 00B6 00DE 00DD 00E9 0170 0142 00E9 0020 0155 0096 00DE 00EF 0094 00E5 00FD 0096 00F3 0003 0157 00FC 008F 00E3 0097 00E0 017A 009C 00DE 0096 00DE 009D 00F9 00F6 0020 00B3 00DD 0021 0008 0000
M036.ETC	0	139	08E1F	0195 01AC 00E9 01AD 00EA 0020 0205 00FB 009C 0092 0173 00E4 015D 008F 00E3 00E0 0096 00DE 0003 00C0 00DE 00B0 00B8 00B4 00D9 00CC 00E9 0020 00CA 00DF 00BF 00DE 00B0 00C4 00EF 00E3 00DE 0096 00DE 00E8 0003 00B3 00B0 00DD 0020 00F4 008F 00EA 00DF 00F8 00B6 00DD 0096 00DE 01BD 008F 00E3 00E0 0021 0008 0000
M036.ETC	0	140	08E57	0195 01B1 013A 00EA 0020 01F4 0092 00E6 0096 0096 008F 00E3 00E0 00E9 0096 003F 0003 009F 00FA 0086 00A5 00A5 00A5 00B5 00DA 0096 00DE 0185 0099 00F7 00FA 009D 00DE 00E6 0003 0095 0159 00E6 0020 0095 0092 009C 0092 00E4 009A 0086 0168 00F7 00FA 00E0 0021 0008 0000
M036.ETC	0	141	08E86	000A 0096 00DE 0020 0195 01B1 013A 0086 0185 0099 00E0 008F 00E3 003F 0003 00E3 00DE 00F3 0020 009F 009A 0096 00F7 0020 01FA 01C7 00E3 00DE 0172 00E0 00FD 00E0 00DE 009E 00DE 0003 0148 00E3 00DE 0095 0159 0096 00DE 0020 0092 008F 009C 008E 009C 00DE 008C 00E5 0096 008F 00E0 003F 0008 0000
M036.ETC	0	142	08EB7	00CF 00BC 00DE 00AF 00B8 00CA 00DD 00C4 00DE 00E4 0092 0093 0020 012A 0096 00DE 0091 00FA 00EA 00DE 0003 00BC 00DE 00DD 00E9 0204 0096 00DE 0216 008F 00E0 01E0 00E6 0020 0097 009E 0097 0096 00DE 019B 0097 0003 0217 00E9 0218 0096 00DE 01D8 00FA 00F9 00E4 0092 0093 0096 00DE 0020 00CE 00DD 00C4 0096 00E5 00A1 0008 0000
M036.ETC	0	143	08EF0	000A 0096 00DE 0020 009A 009A 0086 019E 00F8 00E0 0092 00E5 00F7 0003 00B5 00DA 00EA 0020 019E 009C 00E0 008F 00E3 0219 00FC 00E5 0092 00FD 00E0 00DE 0096 00DE 0003 0195 013A 00E9 01A2 01A3 00E9 016A 0096 00DE 0020 021A 021B 00E0 00DE 0096 00F7 00E5 00A1 0008 0000
M036.ETC	0	144	08F1E	0195 01B1 013A 00EA 0020 0106 01BD 00E6 0195 013A 015D 0092 00E9 016A 00E0 00DE 00F6 0003 01B8 00ED 00DE 00E0 00DE 008F 00E3 0020 0155 021C 00E0 00DE 00E4 0092 0093 0096 00F7 0003 021D 00EA 009A 008F 009F 00F8 0020 009A 009A 0096 00F7 0128 00FA 00E0 00FD 00E0 00DE 00A1 0008 0000
M036.ETC	0	145	08F4F	021E 01C9 00E9 0195 01B1 013A 00EA 0020 021F 00E2 0099 00E5 0092 00E9 0096 003F 0003 00F6 0098 0020 01CB 014D 00E6 0095 0129 0096 0099 009D 00F9 00F7 009C 0092 0096 00DE 0003 0148 0096 0020 0220 0092 00B8 00BD 00D8 00E3 00DE 00F3 00E5 0092 00F3 00E9 0096 00E5 00A1 0008 0000
M036.ETC	0	146	08F80	0195 01B1 013A 00EA 0020 0133 00EE 00E4 00DE 0096 00F7 014D 00E6 0092 00F9 00E9 00E6 0003 00EF 00E0 0221 0096 00F7 0020 0195 01B1 0096 00DE 00F4 008F 00E3 0097 00E0 00FD 00E0 00DE 0003 00CE 00DD 00C4 00E0 00DE 00F6 0020 009A 00E9 013F 00E3 00DE 0129 00E0 00FD 00E0 00DE 008F 00E3 0021 0008 0000
M036.ETC	0	147	08FB2	0222 00E9 0141 00E4 0223 00EA 00DE 00FA 00F9 0020 012D 01A6 00E9 0141 0096 00F7 00EA 0003 00BC 00DE 00DD 00E9 0204 0086 0020 0224 0198 009D 00F9 009A 00E4 00E6 00F6 008F 00E3 0003 0190 019D 00E9 0225 0096 00DE 0020 0098 00F8 015A 009E 00E0 00E4 015C 0092 00E0 009F 00DE 00A1 0008 0000
M036.ETC	0	148	08FE6	00E5 00FD 0096 00A5 00A5 00A5 0195 01AC 00E9 01AD 00E9 016A 0096 00F7 0003 0177 0097 00E5 014E 0097 014F 00E9 0020 0093 00E5 00F8 0211 0096 00DE 009D 00F9 00FD 00E0 00DE 0003 00E0 00DE 00FA 0096 0020 0157 00E5 00F3 00E9 0086 0096 008F 00E3 00E5 0092 0096 00E5 003F 0008 0000
M036.ETC	0	149	09014	0195 01B1 013A 00EA 0020 009A 009A 0096 00F7 015A 00E5 0096 008F 00E0 00E9 00E6 0003 0221 0096 00F7 0020 01C1 008F 00E3 0097 00E0 00F8 009D 00F9 00FD 00E0 00DE 00F6 0003 00E4 00DE 0093 00F4 008F 00E3 0020 0226 00E6 015A 00E0 00FD 00E0 00DE 00FB 0093 00A5 00A5 00A5 00A1 0008 0000
M036.ETC	0	150	09044	0195 01B1 013A 008F 00E3 0020 01FA 0129 0091 00E4 00DE 0099 00E5 0092 0099 00E4 00DE 0003 021D 00EA 0020 0099 008F 009A 0093 0020 0227 0228 0229 00E0 00DE 008F 00E0 00F8 009C 00E3 0021 0003 0091 00E9 00EF 00E5 009B 00DE 009C 00EA 0020 00B8 00DE 00AF 00E4 0097 00E1 008C 0093 00F6 00E5 00A1 0008 0000
M036.ETC	0	151	09078	00B5 00C3 00DE 00B6 00DE 00DD 00E9 012A 00E6 00EA 0020 01D2 019D 0091 00F9 00F7 009C 0098 00E3 0003 00CA 00DF 00DC 00B0 00B8 00DE 00D7 00CC 00DE 00E4 0020 0223 00EA 00DE 00FA 00F9 012A 00E4 0097 00E0 00F7 0003 00E4 00DE 00FD 00E5 014F 00F3 0020 0135 00E1 014B 0099 00DE 00F9 0204 0096 00DE 015A 00F9 00F7 009C 0092 00A1 0008 0000
M036.ETC	0	152	090B3	0195 01B1 013A 0096 00DE 0020 00C6 00BE 0161 00E0 00DE 008F 00E0 00FD 00E0 00DE 008F 00E3 0021 0003 0098 009F 008F 0020 01B8 00ED 00DE 0020 009A 009A 0086 019E 009C 00E0 01E0 00E6 0003 012A 012B 00E9 00B6 00B7 00DE 0086 0020 0135 008F 00E3 0092 008F 00E0 00FD 00E0 00DE 00A1 0008 0000
M036.ETC	0	153	090E6	0095 0159 00EA 0020 00CA 00DF 00BF 00DE 00B0 00C4 00E9 0127 017E 0086 022A 008F 00E3 0003 0195 01AC 00E9 01AD 00E6 0020 01EF 0096 008F 00E0 00EA 009D 00DE 00E5 00E9 00E6 003F 0003 00EF 009B 0096 0020 00B4 00D9 00CC 0096 00DE 022B 0099 00E3 00F9 00FD 009C 00DE 008C 00A1 0008 0000
M036.ETC	0	154	09119	0095 009F 0092 009C 00DE 008C 00E5 0092 0096 0020 000A 0021 0003 0183 0086 022A 008F 00E3 0092 008F 00E0 0020 00B6 00B2 00CA 00DF 013A 00E4 0177 01D6 0096 00DE 0003 0195 01AC 00E9 01AD 00E3 00DE 0020 0095 0159 0086 01FF 008F 00E3 00F9 00EA 009D 00DE 00E0 00DE 00A1 0008 0000
M036.ETC	0	155	09149	0095 009F 0092 009C 00DE 008C 00E5 0092 0096 0020 000A 0021 0003 0095 0159 0096 00DE 019A 008F 00E3 00F9 0096 00E4 0020 01FF 008F 00E3 00E0 00FD 00E0 00DE 0003 009A 009A 0086 0128 008F 00E3 0020 0195 01AC 00E9 01AD 00E6 022C 0099 00F9 00FD 00E0 00DE 00A1 0008 0000
M036.ETC	0	156	09177	022D 00E9 019A 022E 00EA 0020 0221 00E9 022D 022F 00E9 0230 00E6 0091 008F 00E3 0003 01D2 019D 00E5 00DC 00C5 0096 00DE 0020 01BB 0231 0099 00F7 00FA 00E3 00F9 00FD 00E0 00DE 0003 022D 0086 0232 00F2 00F9 012A 0096 00DE 0020 0096 0098 009B 00FA 00E3 00F9 00F7 009C 0092 00A1 0008 0000
M036.ETC	0	157	091AB	000A 00EA 0020 0195 01B1 013A 00E9 012E 012F 0086 00E4 0097 00E6 0003 0189 00E9 0162 016A 00E6 0020 0175 008F 00E0 009A 00E4 0096 00DE 0091 00F9 008F 00E3 003F 0003 00F6 0098 00EF 0091 0020 014E 0097 00E3 01C1 008F 00E3 009A 00FA 00E0 00F6 00E5 0091 00A1 0008 0000
M036.ETC	0	158	091DB	009A 00E9 018E 00E6 00EA 0020 012D 01A6 00E9 018F 0233 00E9 00E5 009A 00DE 00F8 00E3 00DE 0003 0092 00FB 00FD 00E5 012A 0096 00DE 0020 01B9 008F 00E3 0092 00F9 009F 0093 00E0 00DE 0096 00F7 0003 00E4 00DE 009A 0096 00E3 00DE 0129 00E2 0099 00E0 00F7 0020 0144 0099 00E3 0098 00FA 00F6 00E5 00A1 0008 0000
M036.ETC	0	159	09210	0221 00E9 0020 022D 022F 0096 00F7 01BA 0098 0234 0235 00E9 014B 00E6 00F3 0003 01FE 00E9 00F6 0093 00E5 00F3 00E9 0096 00DE 0020 0129 0094 00F9 00FD 00E0 00DE 0099 00E4 00DE 0003 0091 00FA 00EA 0020 00E4 00DE 009A 00E6 019E 009C 00DE 00E3 0092 00F9 00E9 0096 00E5 0091 00A1 0008 0000
M036.ETC	0	160	09242	0095 0159 0020 0195 01B1 013A 00E4 0236 0086 009C 00E3 00E0 00F7 009C 0092 0096 00DE 0003 0148 0096 0020 0157 00E5 009A 00E4 00EA 009C 00E5 0096 008F 00E0 00FB 0093 00E5 003F 0003 0148 00E0 00DE 00F6 0020 009F 00E9 0237 00EA 00A5 00A5 00A5 00EF 009B 0096 00A5 00A5 00A5 00A1 0008 0000
M036.ETC	0	161	09272	0159 00E6 0020 00B5 00DA 00E9 00BC 00DE 00B2 009B 00FD 0096 00DE 0092 008F 00E3 00E0 0099 00E4 00DE 0003 018F 008F 00E3 0020 018F 0238 0096 00DE 0093 00EF 0098 00E5 00F9 00E9 00EA 0225 0239 00E3 00DE 0003 018F 0092 00E3 00DE 0020 01D2 019D 0129 00E2 0099 00F9 009A 00E4 0096 00DE 023A 023B 00E0 00DE 008F 00E3 00A1 0008 0000
M036.ETC	0	162	092AB	00BC 00DE 00DD 00E9 019A 022E 00E6 0020 00EB 00E4 00F8 00E3 00DE 0175 0098 00E5 00FD 00E3 0003 00B5 00DA 00E6 00EA 0020 023C 00FB 009C 0098 00E3 00E3 00DE 0097 00E5 0092 00F6 0003 000A 00EA 0020 023D 0140 0096 00DE 0091 00F9 00F6 00E5 0091 00A1 0008 0000
M036.ETC	0	163	092D8	0217 00E9 019A 022E 00E4 0020 01AB 00E9 00B6 00DD 00CA 00DE 00DD 00E9 019A 022E 00EA 0003 00A5 00A5 00A5 0148 0096 0020 0096 00FD 0099 0092 0096 00DE 0091 00F9 009F 0093 00E0 00DE 0003 00E4 00DE 0093 00F3 0020 0096 0098 009B 00FA 00E0 012A 00E9 009A 00E4 00F7 009C 0092 00A1 0008 0000
M036.ETC	0	164	09309	00BC 00DE 00DD 00E9 019A 022E 00EA 0020 023E 0020 0217 0020 023F 00E9 0240 00E6 0003 0133 00E6 0175 0098 00EE 00E4 00DE 0020 00E2 00F7 0098 00E5 00F9 00F7 009C 0092 0096 00DE 0003 0098 00FC 009C 0092 0161 00EA 0020 00B5 00C3 00DE 00B6 00DE 00DD 00E6 00EA 0092 00E5 0092 00A1 0008 0000
M036.ETC	0	165	0933B	0180 01C7 00E9 0020 0241 00FD 00E0 00DE 0162 0242 00E9 0243 008F 00E3 00E9 00EA 0003 009A 00E9 00B5 00C3 00DE 00B6 00DE 00DD 014C 00E9 0020 0244 017E 00E6 0091 00F9 008F 00E3 0021 0003 009F 00FD 00E5 00B3 00DC 00BB 0086 0020 0097 0096 00E5 0096 008F 00E0 0096 0092 003F 0008 0000
M036.ETC	0	166	0936E	0195 01B1 013A 0096 00F7 0020 0211 0086 0096 0099 00F7 00FA 00E1 00EF 008F 00E0 0021 0003 009A 00FD 00E5 01E0 00E0 00DE 0096 00F7 0020 0245 009C 0098 00E5 00FA 00E0 00FD 00E0 00DE 009C 0003 0246 0092 00F3 0020 00E0 00EF 00E6 00EA 0092 0092 0096 00F3 009C 00FD 00E5 0092 00E5 00A1 0008 0000
M036.ETC	0	167	0939F	00B5 00DA 00EA 0020 0189 00E9 0118 0096 00F7 00BC 00DE 00DD 0096 00DE 00F4 008F 00E3 0097 00E3 0003 00EE 009A 00F7 00E9 014D 00E6 0020 0103 0094 00F9 00E9 0086 0129 00E0 00FD 00E0 00DE 0021 0003 009F 00FA 00EA 0020 0180 0177 00E5 00D6 00DB 00B2 00E9 0247 0142 00E0 00DE 008F 00E0 009E 00DE 00A1 0008 0000
M036.ETC	0	168	093D7	0091 0091 0020 00B2 00D4 00E0 00DE 00A5 00A5 00A5 00B2 00D4 00E0 00DE 00A5 00A5 00A5 0003 00B5 00C3 00DE 00B6 00DE 00DD 018E 0096 00DE 0020 0248 0249 009D 00F9 00E4 00FC 0096 008F 00E3 0003 00EF 009C 00DE 00F2 00E6 0020 01BB 01BC 009D 00F9 0140 00E6 00E5 00F9 0096 0092 003F 0008 0000
M036.ETC	0	169	09409	00CE 00CB 00DE 00AF 00C4 00E9 01B4 01B5 00E9 0020 024A 024B 00E0 00DE 008F 00E3 0003 00B4 00D9 00CC 0086 0020 0140 0135 00E1 00F6 0098 024C 0099 0128 00FA 00F9 0096 003F 0003 01DB 00EA 00A5 00A5 00A5 00E4 0092 0094 00EA 00DE 00C0 00DE 00B0 00B8 00B4 00D9 00CC 00E0 00DE 009E 00DE 00A1 0008 0000
M036.ETC	0	170	09440	00BC 00DE 00DD 00E3 0092 0093 00E9 00EA 0020 009F 00F8 008C 0091 0177 0097 0092 00FD 00E0 00DE 0003 00A5 00A5 00A5 00E4 0092 0093 009A 00E4 00EA 00A5 00A5 00A5 00E0 00DE 00F6 0003 0162 017E 00E9 0180 01C7 00EA 0020 00E4 00DE 00FA 00E0 00DE 0099 0177 0097 0092 00FD 00E0 00DE 003F 0008 0000
M036.ETC	0	171	09472	0195 01B1 013A 00E9 0020 01C9 0098 00E6 0092 00F7 00FA 00F9 01AF 009E 00EA 0003 009F 0093 01B4 0098 00EA 0020 01BA 0097 009F 0093 00F3 00E5 0092 00E5 00A5 00A5 00A5 0003 00B5 00DA 00E9 01AF 009E 00F6 0020 01E1 024D 00E5 00FA 0021 0008 0000
M037.ETC	0	0	05FF3	00B9 00DE 00B0 00D1 0086 0020 00E1 008D 0093 00E0 00DE 00FD 009C 00EF 009D 0003 00F6 00FB 009C 0092 00E3 00DE 009D 0096 003F 0000
M037.ETC	0	1	0600A	0015 0002 00C3 00DE 00B0 00C0 0086 0100 00FD 00E3 00DE 0098 00E0 00DE 009B 0092 0000
M037.ETC	0	2	0601B	0015 0002 0101 0102 0086 0100 00FD 00E3 00DE 0098 00E0 00DE 009B 0092 0000
M037.ETC	0	3	0602B	0015 0002 00CA 00DE 00AF 00B8 00B1 00AF 00CC 00DF 0052 0041 004D 0086 0100 00FD 00E3 00DE 0098 00E0 00DE 009B 0092 0000
M037.ETC	0	4	06044	0015 0002 009A 00E9 00C3 00DE 00B0 00C0 0086 0020 0103 009C 00E3 00F6 00FB 009C 0092 00E3 00DE 009D 0096 003F 0000
M037.ETC	0	5	06059	0015 0002 009A 00E9 00C3 00DE 00B0 00C0 0086 0020 0104 0105 009C 00EF 009D 0096 003F 0000
M037.ETC	0	6	0606B	0015 0002 0106 0107 0052 0041 004D 00E9 0108 0109 0096 00DE 0020 010A 010B 009C 00E3 0092 00EF 009D 0008 0000
M037.ETC	0	7	06081	0015 0002 00B6 00B0 00C4 00D8 00AF 00BC 00DE 0052 0041 004D 00E9 0108 0109 0096 00DE 0020 010A 010B 009C 00E3 0092 00EF 009D 0008 0000
M037.ETC	0	8	0609B	0015 0002 0108 0109 010A 010B 00E9 00E0 00F2 0020 00BA 00CB 00DF 00B0 00E3 00DE 0097 00EF 009E 00FD 0008 0000
M037.ETC	0	9	060B1	0015 0002 0108 0109 010A 010B 00E9 00E0 00F2 0020 0105 010C 00E9 00BE 00B0 00CC 00DE 00EA 00E3 00DE 0097 00EF 009E 00FD 0008 0000
M037.ETC	0	10	060CA	0015 0002 00B6 00B0 00C4 00D8 00AF 00BC 00DE 0052 0041 004D 0096 00DE 0020 0091 00F8 00EF 009E 00FD 0008 0000
M037.ETC	0	11	060E0	0015 0002 00B6 00B0 00C4 00D8 00AF 00BC 00DE 0052 0041 004D 00E6 00EA 0020 010D 0097 010E 00F0 00E3 00DE 0097 00EF 009E 00FD 0008 0000
M037.ETC	0	12	060FB	0015 0002 010F 0097 00FB 0098 00E9 009C 008E 0110 0086 0020 00EB 00E4 00E2 0111 008F 00E3 0003 009A 009A 00EF 00E3 00DE 00E9 0112 0113 0086 0020 0114 0115 009D 00F9 009A 00E4 0096 00DE 00E3 00DE 0097 00EF 009D 00A1 0003 0114 0115 009C 00EF 009D 0096 003F 0000
M037.ETC	0	13	06128	0015 0009 0007 0114 0115 0086 0116 0117 009D 00F9 00E0 00F2 00E6 0031 0037 00E9 0118 0097 0108 0109 0096 00DE 0119 011A 00E3 00DE 009D 00A1 0003 009A 00E9 00EF 00EF 00B9 00DE 00B0 00D1 0086 00BD 00C0 00B0 00C4 009B 009E 00E0 011B 011C 0003 0114 0115 0086 0116 0117 009D 00F9 009A 00E4 0096 00DE 00E3 00DE 0097 00EF 009E 00FD 0005 0003 0112 0113 00E9 0114 0115 0086 0116 0117 009C 00E0 0092 011B 011C 00EA 0003 0116 0117 00C3 00DE 00B0 00C0 011D 0102 011E 011F 00E3 00DE 00C3 00DE 00B0 00C0 0086 0120 0102 009C 00E3 0003 00B9 00DE 00B0 00D1 0086 0121 00BD 00C0 00B0 00C4 009C 00E3 0098 00E0 00DE 009B 0092 00A1 0008 0000
M037.ETC	0	14	06196	0015 0002 0009 0007 010D 0097 010E 00F0 00E6 0122 0123 009C 00EF 009C 00E0 0008 0000
M037.ETC	0	15	061A8	0015 0002 00CA 00DE 00AF 00B8 00B1 00AF 00CC 00DF 00C3 00DE 00B0 00C0 00EA 0091 00F8 00EF 009E 00FD 0000
M037.ETC	0	16	061BE	0015 0009 0007 0106 0107 0052 0041 004D 00E9 0124 0125 0096 00DE 0020 00E3 00DE 0097 00E3 0092 00EF 009E 00FD 00A1 0003 0116 0117 00C3 00DE 00B0 00C0 011D 0102 011E 011F 00E3 00DE 0020 0126 00E3 00E9 0114 0115 0086 0103 009C 0003 00B9 00DE 00B0 00D1 0086 0020 0121 00BD 00C0 00B0 00C4 009C 00E3 0098 00E0 00DE 009B 0092 00A1 0000
M037.ETC	0	17	061F9	0015 0009 0007 00B6 00B0 00C4 00D8 00AF 00BC 00DE 0052 0041 004D 00E9 0124 0125 0096 00DE 0020 00E3 00DE 0097 00E3 0092 00EF 009E 00FD 00A1 0003 0116 0117 00C3 00DE 00B0 00C0 011D 0102 011E 011F 00E3 00DE 0020 0126 00E3 00E9 0114 0115 0086 0103 009C 0003 00B9 00DE 00B0 00D1 0086 0020 0121 00BD 00C0 00B0 00C4 009C 00E3 0098 00E0 00DE 009B 0092 00A1 0000
M037.ETC	0	18	06238	0015 000E 0086 0127 00E6 0128 00FA 00E0 0004 0000
M037.ETC	0	19	06244	0015 000A 00EA 0020 00CA 00DE 00C4 00D9 00BF 00B0 00C4 00DE 0086 0129 00E2 0099 00E3 0003 00BC 00AE 00B0 00C4 00BF 00B0 00C4 00DE 0086 0020 012A 012B 00E6 0095 0092 00E0 00A1 0008 0000
M037.ETC	0	20	06268	0015 012C 0096 00DE 0096 0096 008F 00E3 0092 00F9 0004 0000
M037.ETC	0	21	06274	009F 00FA 00EA 0020 00B4 00D9 00CC 00E6 012D 00FC 00F9 012E 012F 0130 00A5 00A5 00A5 0003 0097 008F 00E4 0020 000A 00E6 0131 0132 00E2 00EA 009D 00DE 00E0 00DE 0005 0000
M037.ETC	0	22	06295	009A 00E9 0133 00EA 0020 00B7 00D0 00E6 00EA 00EF 00E0 00DE 0134 0102 00E0 00DE 0003 009F 00FA 0086 0135 008F 00E3 0020 0136 00E6 0137 00F8 00E5 009B 0092 0003 0092 009D 00DE 00FA 0138 0093 0139 00EF 00E3 00DE 00A5 00A5 00A5 009B 00F7 00EA 00DE 00E0 00DE 00A1 0008 0000
M037.ETC	0	23	062C3	00EF 0091 0020 000A 013A 008F 00E0 00F7 00A5 00A5 00A5 0003 013B 013C 0086 0020 0095 013D 00E6 009B 00FA 00F9 00E5 00FD 00E3 0003 013E 013F 008F 0140 0096 00DE 0020 0095 0091 00F8 00E5 00FD 00E3 00DE 009D 009A 00E4 0021 0008 0000
M037.ETC	0	24	062E9	0093 00EC 00EC 00A5 00A5 00A5 000A 013A 00EA 0003 0141 0142 00E9 0143 0144 00E6 0020 0095 00E5 00F8 00E6 00E5 008F 00E3 00F3 0003 0096 009B 00DE 00F8 0140 00E9 00E5 0092 0020 0145 0146 00E3 00DE 009D 00E9 00E8 003F 0008 0000
M037.ETC	0	25	06311	000A 013A 00E9 0020 0095 0147 00FA 00E9 013B 013C 00EA 0003 00E4 00DE 00E1 00F7 00E3 00DE 0020 0129 00E2 0099 00F7 00FA 00E0 00E9 00E3 00DE 009D 003F 0003 0148 00E0 00DE 0096 0020 00E4 008F 00E3 00F3 0140 0149 0096 00DE 0091 00F8 00EF 009D 00FC 00A1 0008 0000
M037.ETC	0	26	0633C	00BA 00CE 00DD 00A5 00A5 00A5 014A 009C 014B 0099 00DE 00E3 0095 0097 00EF 009D 0096 00DE 0003 014C 014D 00E6 0020 014E 0097 014F 0086 0135 00E1 010E 00F1 009A 00E4 00EA 0003 0096 00E0 0098 0150 009C 00DE 00F7 00FA 00E3 0095 00F8 00EF 009D 0020 00CA 00B2 00A1 0008 0000
M037.ETC	0	27	0636C	0095 00F4 0020 000A 0151 00E9 0095 013D 00EA 00A5 00A5 00A5 0003 00F3 009C 00F4 0020 013B 013C 00E3 00DE 00EA 0091 00F8 00EF 009E 00E7 0096 00E5 0003 00ED 0094 0094 0020 009F 0093 0092 0093 0020 009C 008D 0152 00E3 00DE 009D 0096 003F 0008 0000
M037.ETC	0	28	06397	0091 00FA 00EF 0091 0020 013B 013C 0086 0153 0094 00E3 00E9 0154 014C 00E4 00EA 0003 0092 008F 00E0 0092 0020 00E4 00DE 00E9 00F6 0093 00E5 0155 0156 00E3 00DE 009D 0096 00E5 003F 0003 009A 00FA 00EF 00E0 0020 0157 00FC 008F 00E0 0095 013D 00E0 00DE 009A 00E4 00A5 00A5 00A5 00A1 0008 0000
M037.ETC	0	29	063C7	0148 00E3 00DE 009D 0096 00A5 00A5 00A5 000A 0151 003F 0003 00F4 00F4 0020 00F3 009C 00F4 0020 009F 00E9 013B 013C 0086 0003 0158 0102 009C 00E3 0098 00FA 00E4 0020 0092 00FC 00FA 00EF 009D 0096 003F 0008 0000
M037.ETC	0	30	063EA	0095 0159 00EA 0020 0141 0142 00E6 015A 015B 009C 00E0 009A 00E4 00E3 00DE 0003 00E4 00DE 009A 0096 0020 0095 0096 009C 0098 00E5 008F 00E0 00E9 0096 003F 0003 00E0 00DE 008F 00E3 0020 009F 00FA 0020 013B 013C 00E0 00DE 00F6 00E5 0091 00A1 0008 0000
M037.ETC	0	31	06412	000A 0096 00DE 0020 0112 0113 00E6 015A 00E3 00F9 00E4 015C 0092 00E3 0003 00E4 00DE 00FD 00E5 009A 00E4 0086 0020 00F4 008F 00E3 0098 00F9 0096 00E4 015D 008F 00E0 00F7 0003 00A5 00A5 00A5 013B 013C 0086 0020 009B 0096 00DE 009C 00E3 0098 00F9 009A 00E4 00E4 00EA 0021 0008 0000
M037.ETC	0	32	06440	0095 00FA 00EA 0020 000A 00E9 015A 015B 00E9 015E 00F7 009E 0086 0003 015F 0160 00E6 0020 00F6 00FB 009A 00FD 00E3 00DE 0092 00E0 00FD 00E0 00DE 0099 00E4 00DE 00A5 00A5 00A5 0003 013B 013C 0086 0153 0094 00F9 0020 0095 0159 0086 0129 00F9 00E4 0020 00B6 00DE 00AF 00B6 00D8 00E0 00DE 00A1 0008 0000
M037.ETC	0	33	06474	000A 0151 00EA 0020 0141 0142 00E6 00E5 00F7 00FA 00E3 0003 00EF 009D 00EF 009D 0020 00E0 0098 00EF 009C 0098 00E5 008F 00E0 00A5 00A5 00A5 0096 00DE 0003 00CC 00DF 00CC 00DF 00AF 0020 0095 013D 00E6 013B 013C 00E4 00EA 0020 00B9 00AF 00BB 00B8 00E0 00DE 0021 0008 0000
M037.ETC	0	34	064A2	0021 0020 000A 013A 00EA 0020 00EA 009D 00DE 0096 009C 0098 00E5 0092 00E9 0096 003F 0003 0141 0142 00E0 00F9 0161 0096 00DE 0020 013B 013C 0086 0153 0094 00F9 00E4 00EA 00A5 00A5 00A5 0003 00B5 00C3 00DE 00B6 00DE 00DD 00E9 0141 0142 00F3 0020 0162 00E6 0163 00E1 00E0 00E5 0091 00A1 0008 0000
M037.ETC	0	35	064D4	000A 013A 00E9 0020 0164 00FB 00E6 0092 00F9 00E9 00EA 0003 013B 013C 00E3 00DE 009D 0099 00E4 00DE 00A5 00A5 00A5 00EA 00EA 0091 00A5 00A5 00A5 0003 0141 0142 00E9 0112 0113 00E4 0020 0165 0166 0096 00DE 0091 00F9 00FD 00E3 00DE 009C 008E 003F 0008 0000
M037.ETC	0	36	064FE	000A 013A 00EA 0020 013B 013C 0086 0167 00FC 00FA 00E0 00E9 003F 0003 00E3 00DE 00F3 0020 00E5 00FD 00E3 0097 00FA 0092 00E5 013B 013C 00E5 00FD 00E3 00DE 009C 008E 0021 0003 009F 00FA 00E6 0020 0140 0149 00E6 0091 00EC 00FA 00E3 0092 00F9 00FC 00F6 00A1 0008 0000
M037.ETC	0	37	0652A	000A 013A 00E4 0020 013B 013C 00E9 0168 00F8 011C 00FC 009E 003F 0003 00F0 00FD 00E5 00EA 0020 0095 0096 009C 0098 015D 0093 00E3 00DE 009C 008E 0093 0099 00E4 00DE 0003 0169 00EA 00A5 00A5 00A5 009D 009A 00DE 0098 00BD 00C3 00B7 00E0 00DE 00E4 015D 0093 00A1 0008 0000
M037.ETC	0	38	06559	0141 0142 00E6 00E5 00F7 00FA 00E0 0020 000A 013A 00E3 00DE 009D 00E8 003F 0003 009F 00FD 00E5 0143 0144 00E9 016A 0096 00DE 0020 0091 00F7 0020 0092 00F4 00E0 00DE 00FC 0091 0003 013B 013C 0096 00DE 0020 0164 0086 00E2 0099 00E3 0097 00E3 0092 00EF 009D 00FC 00F6 00A1 0008 0000
M037.ETC	0	39	06587	00ED 008A 008A 0020 00CE 00DD 00C4 00E6 016B 0136 00E0 00DE 00E5 0091 00A5 00A5 00A5 0003 000A 0096 00DE 0020 013B 013C 0086 0153 0094 00E3 016C 0098 00E5 00FD 00E3 0003 0092 00EF 00EF 00E3 00DE 00E9 00B7 00D0 0096 00F7 00EA 0020 016D 0094 00F7 00FA 00E5 0092 00F6 00A1 0008 0000
M037.ETC	0	40	065B7	0093 0020 0093 00FD 003F 0020 00E5 00FD 00E0 00DE 00BB 00D9 009C 00DE 008C 00E5 0092 0096 0021 0003 015A 015B 00E9 00C1 00AC 00DD 00BD 0086 0020 00E9 0096 00DE 009C 00E0 00CE 00DE 00B8 0086 0003 00E5 0098 00DE 009B 00F2 00E6 0020 0097 00E3 0098 00FA 00E0 00FD 00E0 00DE 00E8 0020 0098 00DE 00B0 00A1 0008 0000
M037.ETC	0	41	065EC	00EF 0091 0020 0096 00FC 0092 0092 0020 0095 00BB 00D9 009B 00FD 0003 0097 008F 00E4 0020 0095 016E 00E3 00DE 00F3 009D 0092 00E0 00FD 00E3 00DE 009C 008E 003F 0003 00E3 00DE 00F3 016F 0020 00CA 00DE 00C5 00C5 00EA 0135 008F 00E3 0092 00E5 0092 00E9 00A1 0008 0000
M037.ETC	0	42	0661A	0091 00F7 00B2 00D4 00E0 00DE 00FC 0020 00BB 00D9 009C 00DE 008C 00E5 0092 00E9 00F6 0003 00BB 00D9 00EA 0020 009D 0098 00DE 00B2 00C0 00BD 00DE 00D7 009D 00F9 0096 00F7 0003 00B7 00D7 00B2 00E5 00E9 00F6 00E8 008A 0020 00BC 00AF 00BC 0020 00BC 00AF 00BC 00A1 0008 0000
M037.ETC	0	43	0664C	0095 014C 00E6 0020 0095 00BB 00D9 009B 00FD 0096 00DE 0098 00F9 00E5 00FD 00E3 0003 0097 008F 00E4 0020 00EA 009C 00DE 00F2 00E3 00E9 009A 00E4 009C 00DE 008C 00E5 0092 003F 0003 0099 0092 00EB 00DE 0170 00EA 0020 0148 009C 00E3 00F9 00E9 0096 009C 00F7 0021 0008 0000
M037.ETC	0	44	0667A	00BA 00CE 00DD 00A5 00A5 00A5 014A 009C 014B 0099 00DE 00E3 0095 0097 00EF 009D 0096 00DE 0003 00B5 00C3 00DE 00B6 00DE 00DD 014C 00E3 00DE 00EA 0020 014E 0097 014F 00E9 0128 014C 00EA 0003 0096 00E0 0098 0020 0095 0171 00F8 014A 009C 014B 0099 00DE 00E3 0095 00F8 00EF 009D 009F 00DE 00A1 0008 0000
M037.ETC	0	45	066AE	0095 0092 0020 00BB 00D9 0021 0020 00E4 00DE 009A 0096 00F7 0172 00E0 00FD 00E0 00DE 0003 009F 00FD 00E5 0173 00E3 00DE 0020 00C0 00DE 00DD 00BD 0086 009C 00E3 00E5 0092 00E3 00DE 0003 0174 00F1 0096 00F7 0020 014C 0096 00F7 015A 00E3 0175 008F 00E3 0098 00FA 0021 0008 0000
M037.ETC	0	46	066DC	00EE 00EE 0093 0020 009A 00FA 0096 00DE 00D3 00DD 00B7 00B0 00C0 00DE 00DD 00BD 0021 0003 00E1 00EF 00E0 00E9 0020 0176 0161 00E0 00E1 00E9 0091 0092 00E0 00DE 00E3 00DE 00EA 0003 0177 0178 0175 00E9 0020 0095 00E4 00DE 00F8 00E4 015C 0097 00EF 009C 00E0 00A1 0008 0000
M037.ETC	0	47	0670D	0091 00F8 008C 0020 009A 00F8 008C 00EF 00E0 00A5 00A5 00A5 00A5 0003 00E3 00DE 008F 0096 0092 00BB 00D9 0096 00DE 0020 00F4 008F 00E3 0097 00E0 009F 00DE 0003 00E4 00DE 0093 00F4 008F 00E3 0020 0158 0102 009D 00F9 00E9 0096 00E5 0091 003F 0008 0000
M037.ETC	0	48	06736	009A 0092 00E2 0020 00B5 00DA 00E9 0159 00E3 00DE 00C0 00DE 00DD 00BD 00E4 00EA 0021 0003 0127 0179 0086 0132 00E3 00E5 0092 0020 00B5 00DA 00E9 009A 00E4 0086 0003 00CA 00DE 00B6 00E6 009C 00E3 00F9 00F0 00E0 0092 00E3 00DE 0020 0098 00F4 009C 0092 009E 00DE 00A1 0008 0000
M037.ETC	0	49	06767	00C0 00DE 00DD 00BC 00DD 00B8 00DE 0020 00C0 00DE 00DD 00BC 00DD 00B8 00DE 0021 0003 009A 00F8 008C 00EF 00E0 0020 009D 0099 00DE 008A 00D8 00BD 00DE 00D1 017A 00E0 00DE 00E5 0003 00B5 00DA 00F3 0020 00D1 00BD 00DE 00D1 00BD 00DE 009C 00E3 0097 00E0 009E 00DE 0021 0008 0000
M037.ETC	0	50	06799	0091 0091 0020 00F4 00F2 00FB 008F 0020 00F4 00F2 00E3 0098 00FA 008F 0003 016F 0139 00EA 0020 017B 0096 00F7 017C 0096 00DE 017D 0092 008F 00E3 00E9 00E6 0003 009F 00FD 00E5 00E4 009A 00E3 00DE 0020 00C0 00DE 00DD 00BD 009B 00FA 00E3 00E0 00EF 00F9 0096 0021 0008 0000
M037.ETC	0	51	067C7	014C 017E 017F 00E6 0020 0180 0177 00E5 00BB 00D9 0096 00DE 0172 00F9 00E5 00FD 00E3 0003 0148 0096 00E9 0020 0159 0181 00FA 00E6 00E1 0096 00DE 0092 00E5 0092 00E3 00DE 009D 0003 00A5 00A5 00A5 00E6 009C 00E3 00F3 0020 00C9 00D8 00E9 0092 0092 00BB 00D9 00E0 00DE 0021 0008 0000
M037.ETC	0	52	067F7	0091 00F8 008C 00F8 008C 0020 0092 0097 00E5 00F8 00C0 00DE 00DD 00BD 00E4 00EA 0003 0177 0182 00E6 009C 00E3 0020 010A 0183 00E5 00BB 00D9 00E3 00DE 009D 00E8 008A 0003 0092 00E2 00EF 00E3 00DE 0095 00E4 00DE 00F9 0096 0020 0129 00E3 00F6 008F 00E4 0021 0008 0000
M037.ETC	0	53	06826	009A 00FA 00EA 0020 00BB 00D9 00E0 00DE 00F6 00E5 0091 00A5 00A5 00A5 0003 0184 00EF 00E3 00DE 0020 00F4 008F 00E3 00F9 008F 00E3 009A 00E4 00EA 0003 00BB 00B0 00B6 00BD 0096 00F7 0020 00E6 0099 00DE 00E0 00E9 0096 00F3 0021 0008 0000
M037.ETC	0	54	0684E	00EF 0091 0020 0096 00FC 0092 0092 0020 0095 00BB 00D9 009B 00FD 00E0 00DE 00FC 0003 00E3 00DE 00F3 00A5 00A5 00A5 0096 00FC 0092 0092 008F 00E3 0092 0093 00E6 00EA 0003 00E1 008E 008F 00E4 0020 0177 0097 009D 0097 00DE 00F9 0140 00F3 009D 00F9 00FC 00A1 0008 0000
M037.ETC	0	55	0687B	0097 008C 00B0 008F 0020 00E0 00DE 00FA 0096 00B0 008F 0020 0185 0099 00E3 00B0 008F 0003 00A5 00A5 00A5 008F 00E3 0020 0095 00E4 00DE 00FB 0092 00E3 00F0 00E0 0099 00E4 00DE 0003 00EB 00E0 009D 00F7 0020 0095 00E4 00DE 008F 00E3 0092 00F9 00E0 00DE 0099 00E0 00DE 00FC 00A1 0008 0000
M037.ETC	0	56	068AA	0186 0187 00E9 0157 00FC 00F8 013F 00EA 0020 00E4 00DE 00FD 00E5 014E 0097 014F 00F3 0003 00E0 009C 0096 00E6 0020 0188 0096 00FA 00F9 00F3 00E9 00E0 00DE 0099 00E4 00DE 0003 009A 00FA 00EA 0020 00E1 008E 008F 00E4 0020 0188 0096 00FA 009D 0097 00DE 00F6 00A1 0008 0000
M037.ETC	0	57	068DA	009A 00E9 0189 018A 00E9 014D 018B 00E6 00EA 0020 00EE 009A 00F7 0096 00DE 0091 008F 00E3 0003 009F 00FA 0086 0020 0129 018C 008F 00E3 0092 00F9 00F6 0093 00E6 018D 00FC 00FA 00E0 0005 0000
M037.ETC	0	58	068FD	00E3 00DE 00F3 0020 0091 009F 009A 00EA 0020 00B6 00B7 00DE 0096 00DE 0096 0096 008F 00E3 00F9 009C 0003 0129 018C 00F9 0119 011A 00E5 00FD 0096 0020 00E5 0092 00E4 015D 0093 00FD 00E0 00DE 00F6 00A1 0008 0000
M037.ETC	0	59	06920	00EC 00FC 0091 0091 0020 0095 0096 009C 0092 00E5 0091 00A5 00A5 00A5 0003 016F 0139 00EA 0020 00E4 008F 00E3 00F3 018E 0092 009F 00DE 0021 0003 000A 0020 00B7 00D0 00EA 00E4 00DE 0093 00E0 00DE 0092 003F 0000
M037.ETC	0	60	06944	0002 009F 0093 0096 0091 0020 000A 00EA 018F 0092 00FD 00E0 00DE 00E5 0091 0003 0095 0190 009B 00FD 00EA 0020 00C4 00DE 00D7 00BA 00DE 00DD 0191 009C 00E9 0192 0193 00E0 00DE 009C 0003 00CE 00DE 00B8 00E4 00EA 0020 0148 0096 00F7 0148 00EF 00E3 00DE 0177 0194 0092 00E0 00DE 00A1 0008 0000
M037.ETC	0	61	06977	0002 00ED 0094 0094 0020 000A 00E3 00DE 00F3 009F 0093 00E5 00E9 0096 0091 0003 00F4 008F 00EA 00DF 00F8 0020 00CE 00DE 00B8 00E0 00DE 0099 009C 00DE 008C 00E5 0092 00FD 00E0 00DE 00A1 0008 0000
M037.ETC	0	62	06999	00E5 0091 0020 000A 00A5 00A5 00A5 0003 00CE 00DE 00B8 00EA 0020 009D 009A 00DE 0098 0195 00FA 00E3 00F9 00F7 009C 0092 0003 0196 0097 00E3 00F7 00FA 009F 0093 00F3 0020 00E5 0092 0098 00F7 0092 00E6 00E8 0005 0000
M037.ETC	0	63	069BF	009F 009A 00E3 00DE 0020 0197 0198 00E5 00FD 00E0 00DE 0099 00E4 00DE 00A5 00A5 00A5 0006 0003 0199 009C 00E0 00DE 0099 0020 019A 018E 00F8 009C 00E1 008C 00E0 00DE 00F2 0096 00E5 003F 0000
M037.ETC	0	64	069E0	0002 009F 0093 0096 0020 009F 0093 00E0 00DE 00F6 00E5 0091 00A5 00A5 00A5 00A1 0008 0000
M037.ETC	0	65	069F0	019B 019C 014D 00E6 0020 019A 018E 00F8 00E5 00FD 00E3 00A5 00A5 00A5 0003 019D 0092 009A 00E4 00E0 00DE 00E4 00EA 0020 00FC 0096 008F 00E3 00F9 0099 00E4 00DE 0003 0020 00E4 00DE 0006 0020 009C 00E3 00F3 00A5 0006 00A5 00A5 00E8 0020 00F1 0020 0092 00FD 00E0 00DE 00A1 0008 0000
M037.ETC	0	66	06A20	019D 0092 0099 00E4 00DE 00A5 00A5 00A5 00E1 008E 008F 00E4 00E0 00DE 0099 0003 00E1 008E 008F 00E4 00E9 019E 0020 0095 00F4 009D 0006 0020 00F0 00A5 00A5 00A5 00A1 0008 0000
M037.ETC	0	67	06A40	0002 0094 008F 0020 00CE 00DD 00C4 00E6 0092 0092 00FD 00E0 00DE 00E8 0003 000A 008F 00E3 0020 0092 0092 00F4 00E2 00E0 00DE 00F6 00E5 0091 00A1 0008 0000
M037.ETC	0	68	06A5B	009C 00DE 008C 0091 0020 019D 0092 0099 00E4 00DE 0020 018E 00F7 009C 00E3 00F3 00F7 0093 00F6 0003 0095 00F4 0020 0006 009D 00A5 00A5 00F0 00A5 00A5 00A5 00BD 00B0 00BD 00B0 00A1 0008 0000
M037.ETC	0	69	06A7C	0021 0021 0008 0000
M037.ETC	0	70	06A81	0093 00B0 00FD 00A5 00A5 00A5 00F3 0093 0199 009C 0003 00F3 0093 0199 009C 0020 019F 0096 009E 00E3 0095 0098 00FA 00F6 00A1 0008 0000
M037.ETC	0	71	06A99	009A 009A 00EF 00E3 00DE 0086 0020 00BE 00B0 00CC 00DE 009C 00E3 0095 0097 00EF 009D 0096 003F 0000
M037.ETC	0	72	06AAB	0091 00B0 0091 0020 00F6 0098 018E 008F 00E0 00A1 0008 0000
M037.ETC	0	73	06AB6	000A 0020 0140 0135 00E1 00E9 0092 0092 017B 00E0 00DE 00E8 0003 01A0 00ED 00DE 00EA 0020 0148 00F3 0196 009A 00F7 00E5 0098 00E3 01A1 0096 008F 00E0 00A1 0008 0000
M037.ETC	0	74	06AD3	0095 0092 0020 00B1 00D9 00CC 00DA 00AF 00C4 00DE 0021 0003 01A0 00ED 00DE 00EA 0020 0148 00F3 00E5 0096 008F 00E0 00E0 00DE 00FB 0093 00E5 003F 0008 0000
M037.ETC	0	75	06AEF	00EA 0020 00EA 0092 0020 0148 00F3 0091 00F8 00EF 009E 00FD 00E3 00DE 009C 00E0 00A1 0008 0000
M037.ETC	0	76	06AFF	00E5 0020 0148 00E0 00DE 00E4 003F 0020 0106 01A2 0096 0021 0003 0148 00F3 0020 0196 009A 00F7 00E5 0096 008F 00E0 00E4 0092 0093 00E9 0096 003F 0008 0000
M037.ETC	0	77	06B19	00EA 0020 00EA 0092 00A5 00A5 00A5 0106 01A2 00E3 00DE 009D 00E4 00F3 0021 0003 01A0 00ED 00DE 00EA 0020 0148 00F3 0091 00F8 00EF 009E 00FD 00E3 00DE 009C 00E0 0003 000A 0020 009F 0093 00E0 00DE 00F6 00E5 003F 0000
M037.ETC	0	78	06B3D	0002 009F 0020 009F 00FD 00E5 0091 00A5 00A5 00A5 0003 009B 008F 0097 0020 0148 00F3 00E5 0096 008F 00E0 008F 00E3 00A5 00A5 00A5 0003 00E5 0091 0020 00B3 00BF 00E0 00DE 00F6 00E5 0020 0148 00F3 00E5 0096 008F 00E0 00FB 003F 0000
M037.ETC	0	79	06B64	0002 00ED 00ED 00ED 008F 0020 00E4 00DE 0093 00E3 00DE 009D 003F 0003 00F4 008F 00EA 00DF 00F8 0020 0148 00F3 00E5 0096 008F 00E0 00E3 00DE 009C 008E 0021 0008 0000
M037.ETC	0	80	06B81	009A 00FA 00EA 0020 01A3 013A 00E0 00E1 0096 00DE 00F6 00FB 009A 00EC 00DE 009F 00DE 0021 0003 0092 00EF 009D 0098 00DE 0020 0092 008F 009C 008E 00E6 0172 00E3 0098 00FA 0003 009F 009C 00E3 0020 016F 00E9 009A 00E4 0086 01A3 013A 00E6 01A4 009D 00E9 00E0 00DE 00A1 0008 0000
M037.ETC	0	81	06BAF	0094 008F 0020 01A3 013A 0096 00DE 00F6 00FB 009A 00EC 00DE 008F 00E3 00A5 00A5 00A5 0003 0092 008F 00E0 0092 0020 00E4 00DE 0093 0092 0093 009A 00E4 00E3 00DE 009D 0096 003F 0008 0000
M037.ETC	0	82	06BCE	00EF 0091 0020 00E2 0092 00E3 0098 00FA 00EA 00DE 00FC 0096 00F9 009B 0021 0008 0000
M037.ETC	0	83	06BDD	000A 00F6 0020 01A5 00F3 00E0 00DE 0003 01A3 013A 00E9 0173 00E6 0020 0097 00E3 0098 00FA 00F6 00E5 0021 0008 0000
M037.ETC	0	84	06BF2	000A 00A5 00A5 00A5 00E4 00DE 0093 009C 00F6 0093 00A5 00A5 00A5 0006 0003 00E4 00E6 0096 0098 00CE 00DE 00B8 00EA 0020 0133 00E6 0175 008F 00E3 00F9 0096 00F7 0003 01A5 00F3 0020 009E 00DE 008F 00E0 0092 00E6 0172 00E3 0098 00FA 00F6 00E5 0021 0008 0000
M037.ETC	0	85	06C1E	00E4 00DE 0093 009C 00E0 00FD 00E0 00DE 0020 000A 00A5 00A5 00A5 0003 00EA 00EA 0091 0020 009B 00E3 00EA 0020 01A6 00F2 00E3 00E9 01A7 019B 00E3 00DE 0003 018E 0098 00E3 0020 01A8 00FA 014F 00E3 00DE 00F3 009C 00E0 00FD 00E0 00DE 00E5 003F 0008 0000
M037.ETC	0	86	06C48	01A9 01AA 0096 00DE 01AB 01AC 009C 00E3 0020 0099 0092 00EB 00DE 00E9 01AD 01A9 00F3 0003 01AE 00E6 00E5 00F9 00E4 0020 00F6 00FB 009A 00FD 00E3 00DE 00E0 00FD 00E0 00DE 0003 00E3 00DE 00F3 0020 01A2 0144 0020 016F 00E9 00EF 00FD 00EF 00E0 00DE 008F 00E3 009B 00A1 0008 0000
M037.ETC	0	87	06C78	00CF 00BC 00DE 00AF 00B8 00CA 00DD 00C4 00DE 00E4 0092 0093 0020 012A 0096 00DE 0091 00FA 00EA 00DE 0003 00BC 00DE 00DD 00E9 01AF 0096 00DE 01B0 008F 00E0 01B1 00E6 0020 0097 009E 0097 0096 00DE 0196 0097 0003 01B2 00E9 01B3 0096 00DE 01B4 00FA 00F9 00E4 0092 0093 0096 00DE 0020 00CE 00DD 00C4 0096 00E5 00A1 0008 0000
M037.ETC	0	88	06CB1	0148 009C 00E3 00F9 00FD 00E0 00DE 0020 000A 003F 0003 0095 0159 00EA 0020 01B5 00E9 01B6 01B7 00E6 0175 0098 00FD 00E0 00DE 00FB 0003 01B8 0098 0020 00F4 00E2 00F7 0086 0191 009C 00E3 0097 00E3 0098 00FA 00F6 00A1 0008 0000
M037.ETC	0	89	06CD9	00E0 00EF 00E6 0196 009A 00F9 00D5 00DA 00EA 0020 00E5 00FA 00E0 0099 00E4 00DE 0003 01A7 00E6 00EE 009A 00F7 0096 00F7 0020 015C 009A 0094 00E3 0098 00F9 01B9 00EA 0003 0148 00E0 00DE 00FB 0093 0096 00A5 00A5 00A5 0093 00E5 00F8 01BA 0096 00E5 003F 0008 0000
M037.ETC	0	90	06D07	00B3 00DC 00AF 00E4 0021 0020 0095 00E4 00DE 0096 009D 00E5 00F6 00A5 00A5 00A5 0003 00EE 009A 00F7 00E4 0020 0162 01BB 00E9 01BC 00E9 0165 0166 0086 015E 008F 00E3 0096 00F7 0003 009A 009A 0086 01BD 00F9 00E9 0096 00DE 0020 01BE 00FB 009C 0092 00FD 00E0 00DE 0096 00F7 009B 0091 00A1 0008 0000
M037.ETC	0	91	06D3B	0095 0095 0020 00B6 00BD 00DE 00DD 0151 00E3 00DE 00EA 0091 00F8 00EF 009E 00FD 0096 0021 0008 0000
M037.ETC	0	92	06D4D	009B 008F 0097 0096 00F7 0020 0129 00E3 0092 00EF 009C 00E0 0096 00DE 0003 009D 00DE 0092 00EC 00DE 00FD 0020 01AF 0086 0163 00E4 009B 00FA 00E3 00A5 00A5 00A5 0003 00EF 009B 0096 0020 0180 01BF 0096 00DE 01C0 01C1 009C 00E0 00E9 00E3 00DE 00EA 003F 0008 0000
M037.ETC	0	93	06D78	0092 0092 00F4 0020 00BC 00DE 00DD 00EA 01C2 009C 00DE 00F7 00FA 00EF 009C 00E0 0003 009A 00FA 00E3 00DE 0020 0180 01BF 00F3 01C0 01C1 009C 00EF 009D 00EF 0092 00A1 0008 0000
M037.ETC	0	94	06D96	00E5 0020 00E5 00FD 00E3 00DE 009D 008F 00E3 00A5 00A5 00A5 0106 01A2 00E3 00DE 009D 0096 0021 0003 009F 00FA 00E3 00DE 00EA 00A5 00A5 00A5 00B5 00C3 00DE 00B6 00DE 00DD 00EA 00A5 00A5 00A5 0003 00B5 00C3 00DE 00B6 00DE 00DD 00E6 0020 01C3 01C4 0096 00DE 0137 008F 00E0 00E9 00E3 00DE 009D 00E8 0021 0008 0000
M037.ETC	0	95	06DCA	00B6 00BD 00DE 00DD 0151 0020 0091 00F8 0096 00DE 00E4 0093 009A 00DE 009B 00DE 0092 00EF 009D 0003 01B8 01C5 0020 00F0 00FD 00E5 00E6 015E 00F7 009E 00E3 00F4 00F7 00E5 0097 008C 0021 0008 0000
M037.ETC	0	96	06DEC	0091 0020 0092 00F4 00A5 00A5 00A5 00EE 0096 00E6 00F3 00A5 00A5 00A5 0007 0003 0098 008F 0020 00F3 0093 0020 0175 008F 00E3 009C 00EF 008F 00E0 0096 00A1 0008 0000
M038.ETC	0	0	06505	00B9 00DE 00B0 00D1 0086 0020 00E1 008D 0093 00E0 00DE 00FD 009C 00EF 009D 0003 00F6 00FB 009C 0092 00E3 00DE 009D 0096 003F 0000
M038.ETC	0	1	0651C	0015 0002 00C3 00DE 00B0 00C0 0086 0100 00FD 00E3 00DE 0098 00E0 00DE 009B 0092 0000
M038.ETC	0	2	0652C	0015 0002 0101 0102 0086 0100 00FD 00E3 00DE 0098 00E0 00DE 009B 0092 0000
M038.ETC	0	3	0653C	0015 0002 00CA 00DE 00AF 00B8 00B1 00AF 00CC 00DF 0052 0041 004D 0086 0100 00FD 00E3 00DE 0098 00E0 00DE 009B 0092 0000
M038.ETC	0	4	06555	0015 0002 009A 00E9 00C3 00DE 00B0 00C0 0086 0020 0103 009C 00E3 00F6 00FB 009C 0092 00E3 00DE 009D 0096 003F 0000
M038.ETC	0	5	06569	0015 0002 009A 00E9 00C3 00DE 00B0 00C0 0086 0020 0104 0105 009C 00EF 009D 0096 003F 0000
M038.ETC	0	6	0657A	0015 0002 0106 0107 0052 0041 004D 00E9 0108 0109 0096 00DE 0020 010A 010B 009C 00E3 0092 00EF 009D 0008 0000
M038.ETC	0	7	0658F	0015 0002 00B6 00B0 00C4 00D8 00AF 00BC 00DE 0052 0041 004D 00E9 0108 0109 0096 00DE 0020 010A 010B 009C 00E3 0092 00EF 009D 0008 0000
M038.ETC	0	8	065A8	0015 0002 0108 0109 010A 010B 00E9 00E0 00F2 0020 00BA 00CB 00DF 00B0 00E3 00DE 0097 00EF 009E 00FD 0008 0000
M038.ETC	0	9	065BE	0015 0002 0108 0109 010A 010B 00E9 00E0 00F2 0020 0105 010C 00E9 00BE 00B0 00CC 00DE 00EA 00E3 00DE 0097 00EF 009E 00FD 0008 0000
M038.ETC	0	10	065D7	0015 0002 00B6 00B0 00C4 00D8 00AF 00BC 00DE 0052 0041 004D 0096 00DE 0020 0091 00F8 00EF 009E 00FD 0008 0000
M038.ETC	0	11	065ED	0015 0002 00B6 00B0 00C4 00D8 00AF 00BC 00DE 0052 0041 004D 00E6 00EA 0020 010D 0097 010E 00F0 00E3 00DE 0097 00EF 009E 00FD 0008 0000
M038.ETC	0	12	06607	0015 0002 010F 0097 00FB 0098 00E9 009C 008E 0110 0086 0020 00EB 00E4 00E2 0111 008F 00E3 0003 009A 009A 00EF 00E3 00DE 00E9 0112 0113 0086 0020 0114 0115 009D 00F9 009A 00E4 0096 00DE 00E3 00DE 0097 00EF 009D 00A1 0003 0114 0115 009C 00EF 009D 0096 003F 0000
M038.ETC	0	13	06634	0015 0009 0007 0114 0115 0086 0116 0117 009D 00F9 00E0 00F2 00E6 0031 0037 00E9 0118 0097 0108 0109 0096 00DE 0119 011A 00E3 00DE 009D 00A1 0003 009A 00E9 00EF 00EF 00B9 00DE 00B0 00D1 0086 00BD 00C0 00B0 00C4 009B 009E 00E0 011B 011C 0003 0114 0115 0086 0116 0117 009D 00F9 009A 00E4 0096 00DE 00E3 00DE 0097 00EF 009E 00FD 0005 0003 0112 0113 00E9 0114 0115 0086 0116 0117 009C 00E0 0092 011B 011C 00EA 0003 0116 0117 00C3 00DE 00B0 00C0 011D 0102 011E 011F 00E3 00DE 00C3 00DE 00B0 00C0 0086 0120 0102 009C 00E3 0003 00B9 00DE 00B0 00D1 0086 0121 00BD 00C0 00B0 00C4 009C 00E3 0098 00E0 00DE 009B 0092 00A1 0008 0000
M038.ETC	0	14	066A0	0015 0002 0009 0007 010D 0097 010E 00F0 00E6 0122 0123 009C 00EF 009C 00E0 0008 0000
M038.ETC	0	15	066B2	0015 0002 00CA 00DE 00AF 00B8 00B1 00AF 00CC 00DF 00C3 00DE 00B0 00C0 00EA 0091 00F8 00EF 009E 00FD 0000
M038.ETC	0	16	066C8	0015 0009 0007 0106 0107 0052 0041 004D 00E9 0124 0125 0096 00DE 0020 00E3 00DE 0097 00E3 0092 00EF 009E 00FD 00A1 0003 0116 0117 00C3 00DE 00B0 00C0 011D 0102 011E 011F 00E3 00DE 0020 0126 00E3 00E9 0114 0115 0086 0103 009C 0003 00B9 00DE 00B0 00D1 0086 0020 0121 00BD 00C0 00B0 00C4 009C 00E3 0098 00E0 00DE 009B 0092 00A1 0000
M038.ETC	0	17	06702	0015 0009 0007 00B6 00B0 00C4 00D8 00AF 00BC 00DE 0052 0041 004D 00E9 0124 0125 0096 00DE 0020 00E3 00DE 0097 00E3 0092 00EF 009E 00FD 00A1 0003 0116 0117 00C3 00DE 00B0 00C0 011D 0102 011E 011F 00E3 00DE 0020 0126 00E3 00E9 0114 0115 0086 0103 009C 0003 00B9 00DE 00B0 00D1 0086 0020 0121 00BD 00C0 00B0 00C4 009C 00E3 0098 00E0 00DE 009B 0092 00A1 0000
M038.ETC	0	18	06740	0015 000E 0086 0127 00E6 0128 00FA 00E0 0004 0000
M038.ETC	0	19	0674C	0015 000A 00EA 0020 00CA 00DE 00C4 00D9 00BF 00B0 00C4 00DE 0086 0129 00E2 0099 00E3 0003 00BC 00AE 00B0 00C4 00BF 00B0 00C4 00DE 0086 0020 012A 012B 00E6 0095 0092 00E0 00A1 0008 0000
M038.ETC	0	20	0676F	0015 012C 0096 00DE 0096 0096 008F 00E3 0092 00F9 0007 0000
M038.ETC	0	21	0677A	009F 00FA 00EA 0020 0020 00B4 00D9 00CC 00E6 012D 00FC 00F9 012E 012F 0130 00A5 00A5 00A5 0003 0097 008F 00E4 0020 0020 000A 00E6 0131 0132 00E2 00EA 009D 00DE 00E0 00DE 0005 0000
M038.ETC	0	22	0679C	009A 00E9 0133 00EA 0020 0020 00B7 00D0 00E6 00EA 00EF 00E0 00DE 0134 0102 00E0 00DE 0003 009F 00FA 0086 0135 008F 00E3 0020 0020 0136 00E6 0137 00F8 00E5 009B 0092 0003 0092 009D 00DE 00FA 0138 0093 0139 00EF 00E3 00DE 00A5 00A5 00A5 009B 00F7 00EA 00DE 00E0 00DE 00A1 0008 0000
M038.ETC	0	23	067CC	00EF 0091 0020 000A 013A 008F 00E0 00F7 00A5 00A5 00A5 0003 013B 013C 0086 0020 0095 013D 00E6 009B 00FA 00F9 00E5 00FD 00E3 0003 013E 013F 008F 0140 0096 00DE 0020 0095 0091 00F8 00E5 00FD 00E3 00DE 009D 009A 00E4 0021 0008 0000
M038.ETC	0	24	067F3	0093 00EC 00EC 00A5 00A5 00A5 000A 013A 00EA 0003 0141 0142 00E9 0143 0144 00E6 0020 0095 00E5 00F8 00E6 00E5 008F 00E3 00F3 0003 0096 009B 00DE 00F8 0140 00E9 00E5 0092 0020 0145 0146 00E3 00DE 009D 00E9 00E8 003F 0008 0000
M038.ETC	0	25	0681B	000A 013A 00E9 0020 0095 0147 00FA 00E9 013B 013C 00EA 0003 00E4 00DE 00E1 00F7 00E3 00DE 0020 0129 00E2 0099 00F7 00FA 00E0 00E9 00E3 00DE 009D 003F 0003 0148 00E0 00DE 0096 0020 00E4 008F 00E3 00F3 0140 0149 0096 00DE 0091 00F8 00EF 009D 00FC 00A1 0008 0000
M038.ETC	0	26	06847	00BA 00CE 00DD 00A5 00A5 00A5 014A 009C 014B 0099 00DE 00E3 0095 0097 00EF 009D 0096 00DE 0003 014C 014D 00E6 0020 014E 0097 014F 0086 0135 00E1 010E 00F1 009A 00E4 00EA 0003 0096 00E0 0098 0150 009C 00DE 00F7 00FA 00E3 0095 00F8 00EF 009D 0020 00CA 00B2 00A1 0008 0000
M038.ETC	0	27	06877	0095 00F4 0020 000A 0151 00E9 0095 013D 00EA 00A5 00A5 00A5 0003 00F3 009C 00F4 0020 013B 013C 00E3 00DE 00EA 0091 00F8 00EF 009E 00E7 0096 00E5 0003 00ED 0094 0094 0020 009F 0093 0092 0093 0020 009C 008D 0152 00E3 00DE 009D 0096 003F 0008 0000
M038.ETC	0	28	068A2	0091 00FA 00EF 0091 0020 013B 013C 0086 0153 0094 00E3 00E9 0154 014C 00E4 00EA 0003 0092 008F 00E0 0092 0020 00E4 00DE 00E9 00F6 0093 00E5 0155 0156 00E3 00DE 009D 0096 00E5 003F 0003 009A 00FA 00EF 00E0 0020 0157 00FC 008F 00E0 0095 013D 00E0 00DE 009A 00E4 00A5 00A5 00A5 00A1 0008 0000
M038.ETC	0	29	068D3	0148 00E3 00DE 009D 0096 00A5 00A5 00A5 000A 0151 003F 0003 00F4 00F4 0020 00F3 009C 00F4 0020 009F 00E9 013B 013C 0086 0003 0158 0102 009C 00E3 0098 00FA 00E4 0020 0092 00FC 00FA 00EF 009D 0096 003F 0008 0000
M038.ETC	0	30	068F6	0095 0159 00EA 0020 0141 0142 00E6 015A 015B 009C 00E0 009A 00E4 00E3 00DE 0003 00E4 00DE 009A 0096 0020 0095 0096 009C 0098 00E5 008F 00E0 00E9 0096 003F 0003 00E0 00DE 008F 00E3 0020 009F 00FA 0020 013B 013C 00E0 00DE 00F6 00E5 0091 00A1 0008 0000
M038.ETC	0	31	0691F	000A 0096 00DE 0020 0112 0113 00E6 015A 00E3 00F9 00E4 015C 0092 00E3 0003 00E4 00DE 00FD 00E5 009A 00E4 0086 0020 00F4 008F 00E3 0098 00F9 0096 00E4 015D 008F 00E0 00F7 0003 00A5 00A5 00A5 013B 013C 0086 0020 009B 0096 00DE 009C 00E3 0098 00F9 009A 00E4 00E4 00EA 0021 0008 0000
M038.ETC	0	32	0694D	0095 00FA 00EA 0020 000A 00E9 015A 015B 00E9 015E 00F7 009E 0086 0003 015F 0160 00E6 0020 00F6 00FB 009A 00FD 00E3 00DE 0092 00E0 00FD 00E0 00DE 0099 00E4 00DE 00A5 00A5 00A5 0003 013B 013C 0086 0153 0094 00F9 0020 0095 0159 0129 00F9 00E4 0020 00B6 00DE 00AF 00B6 00D8 00E0 00DE 00A1 0008 0000
M038.ETC	0	33	0697F	000A 0151 00EA 0020 0141 0142 00E6 00E5 00F7 00FA 00E3 0003 00EF 009D 00EF 009D 0020 00E0 0098 00EF 009C 0098 00E5 008F 00E0 00A5 00A5 00A5 0096 00DE 0003 00CC 00DF 00CC 00DF 00AF 0020 0095 013D 00E6 013B 013C 00E4 00EA 0020 00B9 00AF 00BB 00B8 00E0 00DE 0021 0008 0000
M038.ETC	0	34	069AE	0021 0020 0020 000A 013A 00EA 0020 00EA 009D 00DE 0096 009C 0098 00E5 0092 00E9 0096 003F 0003 0141 0142 00E0 00F9 0161 0096 00DE 0020 013B 013C 0086 0153 0094 00F9 00E4 00EA 00A5 00A5 00A5 0003 00B5 00C3 00DE 00B6 00DE 00DD 00E9 0141 0142 00F3 0020 0162 00E6 0163 00E1 00E0 00E5 0091 00A1 0008 0000
M038.ETC	0	35	069E1	000A 013A 00E9 0020 0164 00FB 00E6 0092 00F9 00E9 00EA 0003 013B 013C 00E3 00DE 009D 0099 00E4 00DE 00A5 00A5 00A5 00EA 00EA 0091 00A5 00A5 00A5 0003 0141 0142 00E9 0112 0113 00E4 0020 0165 0166 0096 00DE 0091 00F9 00FD 00E3 00DE 009C 008E 003F 0008 0000
M038.ETC	0	36	06A0C	000A 013A 00EA 0020 013B 013C 0086 0167 00FC 00FA 00E0 00E9 003F 0003 00E3 00DE 00F3 0020 00E5 00FD 00E3 0097 00FA 0092 00E5 013B 013C 00E5 00FD 00E3 00DE 009C 008E 0021 0003 009F 00FA 00E6 0020 0140 0149 00E6 0091 00EC 00FA 00E3 0092 00F9 00FC 00F6 00A1 0008 0000
M038.ETC	0	37	06A39	000A 013A 00E4 0020 013B 013C 00E9 0168 00F8 011C 00FC 009E 003F 0003 00F0 00FD 00E5 00EA 0020 0095 0096 009C 0098 015D 0093 00E3 00DE 009C 008E 0093 0099 00E4 00DE 0003 0169 00EA 00A5 00A5 00A5 009D 009A 00DE 0098 00BD 00C3 00B7 00E0 00DE 00E4 015D 0093 00A1 0008 0000
M038.ETC	0	38	06A68	0141 0142 00E6 00E5 00F7 00FA 00E0 0020 000A 013A 00E3 00DE 009D 00E8 003F 0003 009F 00FD 00E5 0143 0144 00E9 016A 0096 00DE 0020 0091 00F7 0020 0092 00F4 00E0 00DE 00FC 0091 0003 013B 013C 0096 00DE 0020 0164 0086 00E2 0099 00E3 0097 00E3 0092 00EF 009D 00FC 00F6 00A1 0008 0000
M038.ETC	0	39	06A98	00ED 008A 008A 0020 00CE 00DD 00C4 00E6 016B 0136 00E0 00DE 00E5 0091 00A5 00A5 00A5 0003 000A 0096 00DE 0020 013B 013C 0086 0153 0094 00E3 016C 0098 00E5 00FD 00E3 0003 0092 00EF 00EF 00E3 00DE 00E9 00B7 00D0 0096 00F7 00EA 0020 016D 0094 00F7 00FA 00E5 0092 00F6 00A1 0008 0000
M038.ETC	0	40	06ACA	0093 0020 0093 00FD 003F 0020 00E5 00FD 00E0 00DE 00BB 00D9 009C 00DE 008C 00E5 0092 0096 0021 0003 015A 015B 00E9 00C1 00AC 00DD 00BD 0086 0020 00E9 0096 00DE 009C 00E0 00CE 00DE 00B8 0086 0003 00E5 0098 00DE 009B 00F2 00E6 0020 0097 00E3 0098 00FA 00E0 00FD 00E0 00DE 00E8 0020 0098 00DE 00B0 00A1 0008 0000
M038.ETC	0	41	06AFF	00EF 0091 0020 0096 00FC 0092 0092 0020 0095 00BB 00D9 009B 00FD 0003 0097 008F 00E4 0020 0095 016E 00E3 00DE 00F3 009D 0092 00E0 00FD 00E3 00DE 009C 008E 003F 0003 00E3 00DE 00F3 016F 0020 00CA 00DE 00C5 00C5 00EA 0135 008F 00E3 0092 00E5 0092 00E9 00A1 0008 0000
M038.ETC	0	42	06B2D	0091 00F7 00B2 00D4 00E0 00DE 00FC 0020 00BB 00D9 009C 00DE 008C 00E5 0092 00E9 00F6 0003 00BB 00D9 00EA 0020 009D 0098 00DE 00B2 00C0 00BD 00DE 00D7 009D 00F9 0096 00F7 0003 00B7 00D7 00B2 00E5 00E9 00F6 00E8 008A 0020 00BC 00AF 00BC 0020 00BC 00AF 00BC 00A1 0008 0000
M038.ETC	0	43	06B60	0095 014C 00E6 0020 0095 00BB 00D9 009B 00FD 0096 00DE 0098 00F9 00E5 00FD 00E3 0003 0097 008F 00E4 0020 00EA 009C 00DE 00F2 00E3 00E9 009A 00E4 009C 00DE 008C 00E5 0092 003F 0003 0099 0092 00EB 00DE 0170 00EA 0020 0148 009C 00E3 00F9 00E9 0096 009C 00F7 0021 0008 0000
M038.ETC	0	44	06B8E	00BA 00CE 00DD 00A5 00A5 00A5 014A 009C 014B 0099 00DE 00E3 0095 0097 00EF 009D 0096 00DE 0003 00B5 00C3 00DE 00B6 00DE 00DD 014C 00E3 00DE 00EA 0020 014E 0097 014F 00E9 0128 014C 00EA 0003 0096 00E0 0098 0020 0095 0171 00F8 014A 009C 014B 0099 00DE 00E3 0095 00F8 00EF 009D 009F 00DE 00A1 0008 0000
M038.ETC	0	45	06BC1	0095 0092 0020 00BB 00D9 0021 0020 00E4 00DE 009A 0096 00F7 0172 00E0 00FD 00E0 00DE 0003 009F 00FD 00E5 0173 00E3 00DE 0020 00C0 00DE 00DD 00BD 0086 009C 00E3 00E5 0092 00E3 00DE 0003 0174 00F1 0096 00F7 0020 014C 0096 00F7 015A 00E3 0175 008F 00E3 0098 00FA 0021 0008 0000
M038.ETC	0	46	06BEF	00EE 00EE 0093 0020 009A 00FA 0096 00DE 00D3 00DD 00B7 00B0 00C0 00DE 00DD 00BD 0021 0003 00E1 00EF 00E0 00E9 0020 0176 0161 00E0 00E1 00E9 0091 0092 00E0 00DE 00E3 00DE 00EA 0003 0177 0178 0175 00E9 0020 0095 00E4 00DE 00F8 00E4 015C 0097 00EF 009C 00E0 00A1 0008 0000
M038.ETC	0	47	06C1F	0091 00F8 008C 0020 009A 00F8 008C 00EF 00E0 00A5 00A5 00A5 00A5 0003 00E3 00DE 008F 0096 0092 00BB 00D9 0096 00DE 0020 00F4 008F 00E3 0097 00E0 009F 00DE 0003 00E4 00DE 0093 00F4 008F 00E3 0020 0158 0102 009D 00F9 00E9 0096 00E5 0091 003F 0008 0000
M038.ETC	0	48	06C49	009A 0092 00E2 0020 00B5 00DA 00E9 0159 00E3 00DE 00C0 00DE 00DD 00BD 00E4 00EA 0021 0003 0127 0179 0086 0132 00E3 00E5 0092 0020 00B5 00DA 00E9 009A 00E4 0086 0003 00CA 00DE 00B6 00E6 009C 00E3 00F9 00F0 00E0 0092 00E3 00DE 0020 0098 00F4 009C 0092 009E 00DE 00A1 0008 0000
M038.ETC	0	49	06C79	00C0 00DE 00DD 00BC 00DD 00B8 00DE 0020 00C0 00DE 00DD 00BC 00DD 00B8 00DE 0021 0003 009A 00F8 008C 00EF 00E0 0020 009D 0099 00DE 008A 00D8 00BD 00DE 00D1 017A 00E0 00DE 00E5 0003 00B5 00DA 00F3 0020 00D1 00BD 00DE 00D1 00BD 00DE 009C 00E3 0097 00E0 009E 00DE 0021 0008 0000
M038.ETC	0	50	06CAB	0091 0091 0020 00F4 00F2 00FB 008F 0020 00F4 00F2 00E3 0098 00FA 008F 0003 016F 0139 00EA 0020 017B 0096 00F7 017C 0096 00DE 017D 0092 008F 00E3 00E9 00E6 0003 009F 00FD 00E5 00E4 009A 00E3 00DE 0020 00C0 00DE 00DD 00BD 009B 00FA 00E3 00E0 00EF 00F9 0096 0021 0008 0000
M038.ETC	0	51	06CD9	014C 017E 017F 00E6 0020 0180 0177 00E5 00BB 00D9 0096 00DE 0172 00F9 00E5 00FD 00E3 0003 0148 0096 00E9 0020 0159 0181 00FA 00E6 00E1 0096 00DE 0092 00E5 0092 00E3 00DE 009D 0003 00A5 00A5 00A5 00E6 009C 00E3 00F3 0020 00C9 00D8 00E9 0092 0092 00BB 00D9 00E0 00DE 0021 0008 0000
M038.ETC	0	52	06D0A	0091 00F8 008C 00F8 008C 0020 0092 0097 00E5 00F8 00C0 00DE 00DD 00BD 00E4 00EA 0003 0177 0182 00E6 009C 00E3 0020 010A 0183 00E5 00BB 00D9 00E3 00DE 009D 00E8 008A 0003 0092 00E2 00EF 00E3 00DE 0095 00E4 00DE 00F9 0096 0020 0129 00E3 00F6 008F 00E4 0021 0008 0000
M038.ETC	0	53	06D39	009A 00FA 00EA 0020 00BB 00D9 00E0 00DE 00F6 00E5 0091 00A5 00A5 00A5 0003 0184 00EF 00E3 00DE 0020 00F4 008F 00E3 00F9 008F 00E3 009A 00E4 00EA 0003 00BB 00B0 00B6 00BD 0096 00F7 0020 00E6 0099 00DE 00E0 00E9 0096 00F3 0021 0008 0000
M038.ETC	0	54	06D61	00EF 0091 0020 0096 00FC 0092 0092 0020 0095 00BB 00D9 009B 00FD 00E0 00DE 00FC 0003 00E3 00DE 00F3 00A5 00A5 00A5 0096 00FC 0092 0092 008F 00E3 0092 0093 00E6 00EA 0003 00E1 008E 008F 00E4 0020 0177 0097 009D 0097 00DE 00F9 0140 00F3 009D 00F9 00FC 00A1 0008 0000
M038.ETC	0	55	06D8E	0097 008C 00B0 008F 0020 00E0 00DE 00FA 0096 00B0 008F 0020 0185 0099 00E3 00B0 008F 0003 00A5 00A5 00A5 008F 00E3 0020 0095 00E4 00DE 00FB 0092 00E3 00F0 00E0 0099 00E4 00DE 0003 00EB 00E0 009D 00F7 0020 0095 00E4 00DE 008F 00E3 0092 00F9 00E0 00DE 0099 00E0 00DE 00FC 00A1 0008 0000
M038.ETC	0	56	06DBE	0186 0187 00E9 0157 00FC 00F8 013F 00EA 0020 00E4 00DE 00FD 00E5 014E 0097 014F 00F3 0003 00E0 009C 0096 00E6 0020 0188 0096 00FA 00F9 00F3 00E9 00E0 00DE 0099 00E4 00DE 0003 009A 00FA 00EA 0020 00E1 008E 008F 00E4 0020 0188 0096 00FA 009D 0097 00DE 00F6 00A1 0008 0000
M038.ETC	0	57	06DEE	009A 009A 00EA 0020 00B5 00C3 00DE 00B6 00DE 00DD 0189 018A 018B 018C 00E9 018D 00E0 00DE 0003 014D 0086 0020 0091 00F7 009B 00FA 00F9 009A 00E4 00E9 00E5 0092 00F6 0093 00E6 0003 018E 018C 0096 00DE 0020 009C 008F 0096 00F8 018F 008F 00E3 0092 00F9 00E9 009B 00A1 0008 0000
M038.ETC	0	58	06E1F	00E5 0091 0020 009A 009A 008F 00E3 0140 0135 00E1 0190 0092 00F6 00E5 003F 0003 00EF 00FC 00F8 00EA 0020 0191 0192 00E6 0095 0095 00FC 00FA 00E3 00E3 0003 0193 00E5 00FD 0096 0020 0092 00F7 00FA 00E0 00F3 00FD 009C 00DE 008C 00E5 0092 00A1 0008 0000
M038.ETC	0	59	06E4C	0015 0194 00FD 00E0 00DE 00F6 0093 00E6 0020 0195 008F 00E3 0092 00F9 00A5 00A5 00A5 00A1 0008 0000
M038.ETC	0	60	06E5E	00D1 00B7 00DE 00AD 00B0 00A5 00A5 00A5 00A1 0008 0000
M038.ETC	0	61	06E6A	00B6 00B0 00D8 00B0 00EA 00A5 00A5 00A5 0127 0196 0092 009F 00DE 00A5 00A5 00A5 00A1 0008 0000
M038.ETC	0	62	06E7B	00B6 00B0 00D8 00B0 0086 0020 009F 009A 00EF 00E3 00DE 0197 0092 00E2 00F2 00E0 00F7 0003 0092 0097 00E5 00F8 0020 012E 014F 0086 0198 00EB 00DE 015A 009C 0095 008F 00E0 009F 00DE 0003 0170 0142 0096 00DE 00F4 00F7 00FA 00E0 016F 0020 000A 0096 00DE 0174 00F8 00E0 00DE 0005 0000
M038.ETC	0	63	06EAC	00A5 00A5 00A5 0020 0003 009F 0093 00E0 00DE 00A5 00A5 00A5 012E 014F 00E4 0199 0093 00E0 00F2 00E6 0003 009A 00FA 0086 00F4 00FB 0093 0020 0131 0132 00E3 00E3 0098 00FA 0021 0008 0000
M038.ETC	0	64	06ECC	000A 00EA 0020 019A 019B 0086 0127 00E6 0128 00FA 00E0 00A1 0008 0000
M038.ETC	0	65	06EDA	019C 019D 00E0 00DE 0096 00DE 0020 0169 016B 0136 00EA 019E 009B 00FA 00E0 00A5 00A5 00A5 0003 00F3 0093 0020 000A 00E0 00DE 0099 0096 00DE 0174 00F8 00E5 00E9 00E0 00DE 0003 0091 00E9 012E 014F 0086 019E 009C 0020 00B6 00B0 00D8 00B0 0086 0174 00F1 0021 0005 0000
M038.ETC	0	66	06F08	00A5 00A5 00A5 0020 0003 009F 0093 00E0 00DE 00A5 00A5 00A5 019A 019B 00EA 019F 0092 016A 0096 00DE 0092 0092 00E5 0003 009A 009A 00E6 0091 00F9 0020 0169 00E9 019A 019B 0086 00F4 00FB 0093 00A1 0008 0000
M038.ETC	0	67	06F2C	000A 00EA 0020 019A 019B 0086 0127 00E6 0128 00FA 00E0 00A1 0008 0000
M038.ETC	0	68	06F3A	000A 00F6 0020 00E3 00DE 0096 009C 00E0 0021 0008 0000
M038.ETC	0	69	06F44	009C 0096 009C 0020 00B6 00B0 00D8 00B0 00EA 00E4 00DE 009A 00E3 00DE 009D 0096 00E5 0003 00EF 009B 0096 00A5 00A5 00A5 0020 01A0 0099 00DE 00F7 00FA 00E0 00E9 00E3 00DE 00EA 0021 0008 0000
M038.ETC	0	70	06F63	00CE 00CE 00CE 0020 0169 00E9 01A1 01A2 0092 00CD 00DF 00AF 00C4 0086 0003 00F6 0098 009F 00DE 019E 009C 00E0 00FC 00E8 0020 000A 0021 0008 0000
M038.ETC	0	71	06F7F	00BC 00DE 00DD 00E9 012A 01A3 00EA 0020 01A4 0096 00E6 0092 00E0 00E0 00DE 0092 00E0 0021 0003 018E 018C 00EA 0020 009A 00FA 0096 00F7 00BC 00DE 00DD 0086 01A5 01A6 009C 00E6 0175 0098 00FC 0003 01A7 009C 00E3 00EE 009C 0099 00FA 00EA 00DE 0020 009F 00E9 01A8 01A9 00E6 0095 0092 00E3 00DE 0021 0008 0000
M038.ETC	0	72	06FB4	0169 00F3 0020 009F 00E9 01AA 00E6 00EA 00A5 00A5 00A5 0003 016F 01AB 00E9 01AC 00F8 0086 0020 01A7 009C 00E3 0091 0099 00DE 00F9 00FC 0003 009F 00E9 01AA 0086 01AD 009C 00F0 00E6 0020 00CE 00CE 00CE 00A5 00A5 00A5 00A1 0008 0000
M038.ETC	0	73	06FDE	01AE 00FC 00F8 00E0 00DE 00A5 00A5 00A5 009A 00E9 01AF 00E9 01AE 00FC 00F8 00E0 00DE 0003 012A 01A3 0086 0135 00E1 01B0 00F7 00FA 0020 01B1 01B2 0086 01A5 0096 00FA 0003 00BC 00DE 00DD 0096 00DE 01A5 01A6 009B 00FA 00E0 00F7 00A5 00A5 00A5 01AE 00FC 00F9 00E9 00E0 00DE 0021 0008 0000
M038.ETC	0	74	07011	0092 00F4 00A5 00A5 00A5 009C 0096 009C 00A5 00A5 00A5 0003 00EF 00E0 00DE 0020 01B3 00E6 011C 0093 0096 00F3 015E 00FA 00EF 009E 00FD 009F 00DE 00A1 0008 0000
M038.ETC	0	75	0702C	000A 00F6 0020 0174 00F1 0003 00B6 00B0 00D8 00B0 0086 0020 0197 008F 00E3 0098 00FA 0021 0008 0000
M038.ETC	0	76	0703F	018E 018C 00EA 0020 00B6 00B0 00D8 00B0 00E6 01A0 0099 00DE 00F7 00FA 00E0 009A 00E4 0086 0003 0189 013A 00E6 0020 015E 00F7 009E 00E6 0175 0098 0096 00DE 00A5 00A5 00A5 0003 01B4 01B5 00F3 01B6 0098 0020 00D4 00C2 0086 0197 008F 00E3 0098 00FA 0021 0008 0000
M038.ETC	0	77	0706F	009A 009A 00E6 00EA 0020 00E0 00DE 00FA 00F3 0172 00E5 0096 008F 00E0 00E5 00A5 00A5 00A5 0003 01B7 00B4 00D9 00CC 00E4 0096 0096 00DE 0020 00F4 008F 00E3 0172 00F9 00E4 00DE 009A 00FB 0096 0003 01B8 01B9 00E9 00D3 00DD 00BD 00C0 00B0 016B 0136 0020 01BA 0096 00E5 00F3 00FD 009B 0005 0000
M038.ETC	0	78	070A3	009F 00FA 00F6 00F8 0020 014C 00E9 016A 00E3 00DE 0148 0096 0091 008F 00E0 00E9 0096 003F 0003 0177 0097 00E5 01BB 014F 00E9 0020 0093 00E5 00F8 01BC 0096 00DE 015C 009A 0094 00E3 0003 0199 008F 00E3 0092 00F9 00F6 0093 00E5 0020 0140 01BD 0096 00DE 009C 00E3 00E0 009F 00DE 00A1 0008 0000
M038.ETC	0	79	070D4	00B5 00DA 00E0 00E1 00EA 0020 009D 00DE 008F 00E4 009A 009A 00E6 0092 00E0 0099 00E4 00DE 0003 0148 00E9 0157 00FC 00F8 00F3 0020 00E5 0096 008F 00E0 00F6 00A5 00A5 00A5 0005 0000
M038.ETC	0	80	070F4	00CA 00DF 00BF 00DE 00B0 00C4 00E9 0127 017E 0096 00DE 0020 0189 01B7 00E6 01BE 0099 00E3 00E3 0003 00BC 00DE 00DD 00E9 00B5 00B0 00CC 00DE 0086 0020 01BF 00FD 00E0 00DE 00E9 0096 00A5 00A5 00A5 0003 00B3 00B0 00DD 0020 009A 00FA 00EA 0177 0157 00E5 009A 00E4 00E6 00E5 008F 00E0 00A1 0008 0000
M039.ETC	0	0	083E0	00B9 00DE 00B0 00D1 0086 0020 00E1 008D 0093 00E0 00DE 00FD 009C 00EF 009D 0003 00F6 00FB 009C 0092 00E3 00DE 009D 0096 003F 0000
M039.ETC	0	1	083F9	0015 0002 00C3 00DE 00B0 00C0 0086 0100 00FD 00E3 00DE 0098 00E0 00DE 009B 0092 0000
M039.ETC	0	2	0840B	0015 0002 0101 0102 0086 0100 00FD 00E3 00DE 0098 00E0 00DE 009B 0092 0000
M039.ETC	0	3	0841D	0015 0002 00CA 00DE 00AF 00B8 00B1 00AF 00CC 00DF 0052 0041 004D 0086 0100 00FD 00E3 00DE 0098 00E0 00DE 009B 0092 0000
M039.ETC	0	4	08438	0015 0002 009A 00E9 00C3 00DE 00B0 00C0 0086 0020 0103 009C 00E3 00F6 00FB 009C 0092 00E3 00DE 009D 0096 003F 0000
M039.ETC	0	5	0844E	0015 0002 009A 00E9 00C3 00DE 00B0 00C0 0086 0020 0104 0105 009C 00EF 009D 0096 003F 0000
M039.ETC	0	6	08461	0015 0002 0106 0107 0052 0041 004D 00E9 0108 0109 0096 00DE 0020 010A 010B 009C 00E3 0092 00EF 009D 0008 0000
M039.ETC	0	7	08479	0015 0002 00B6 00B0 00C4 00D8 00AF 00BC 00DE 0052 0041 004D 00E9 0108 0109 0096 00DE 0020 010A 010B 009C 00E3 0092 00EF 009D 0008 0000
M039.ETC	0	8	08496	0015 0002 0108 0109 010A 010B 00E9 00E0 00F2 0020 00BA 00CB 00DF 00B0 00E3 00DE 0097 00EF 009E 00FD 0008 0000
M039.ETC	0	9	084AE	0015 0002 0108 0109 010A 010B 00E9 00E0 00F2 0020 0105 010C 00E9 00BE 00B0 00CC 00DE 00EA 00E3 00DE 0097 00EF 009E 00FD 0008 0000
M039.ETC	0	10	084C9	0015 0002 00B6 00B0 00C4 00D8 00AF 00BC 00DE 0052 0041 004D 0096 00DE 0020 0091 00F8 00EF 009E 00FD 0008 0000
M039.ETC	0	11	084E1	0015 0002 00B6 00B0 00C4 00D8 00AF 00BC 00DE 0052 0041 004D 00E6 00EA 0020 010D 0097 010E 00F0 00E3 00DE 0097 00EF 009E 00FD 0008 0000
M039.ETC	0	12	084FE	0015 0002 010F 0097 00FB 0098 00E9 009C 008E 0110 0086 0020 00EB 00E4 00E2 0111 008F 00E3 0003 009A 009A 00EF 00E3 00DE 00E9 0112 0113 0086 0020 0114 0115 009D 00F9 009A 00E4 0096 00DE 00E3 00DE 0097 00EF 009D 00A1 0003 0114 0115 009C 00EF 009D 0096 003F 0000
M039.ETC	0	13	0852F	0015 0009 0007 0114 0115 0086 0116 0117 009D 00F9 00E0 00F2 00E6 0031 0037 00E9 0118 0097 0108 0109 0096 00DE 0119 011A 00E3 00DE 009D 00A1 0003 009A 00E9 00EF 00EF 00B9 00DE 00B0 00D1 0086 00BD 00C0 00B0 00C4 009B 009E 00E0 011B 011C 0003 0114 0115 0086 0116 0117 009D 00F9 009A 00E4 0096 00DE 00E3 00DE 0097 00EF 009E 00FD 0005 0003 0112 0113 00E9 0114 0115 0086 0116 0117 009C 00E0 0092 011B 011C 00EA 0003 0116 0117 00C3 00DE 00B0 00C0 011D 0102 011E 011F 00E3 00DE 00C3 00DE 00B0 00C0 0086 0120 0102 009C 00E3 0003 00B9 00DE 00B0 00D1 0086 0121 00BD 00C0 00B0 00C4 009C 00E3 0098 00E0 00DE 009B 0092 00A1 0008 0000
M039.ETC	0	14	085AA	0015 0002 0009 0007 010D 0097 010E 00F0 00E6 0122 0123 009C 00EF 009C 00E0 0008 0000
M039.ETC	0	15	085BE	0015 0002 00CA 00DE 00AF 00B8 00B1 00AF 00CC 00DF 00C3 00DE 00B0 00C0 00EA 0091 00F8 00EF 009E 00FD 0000
M039.ETC	0	16	085D5	0015 0009 0007 0106 0107 0052 0041 004D 00E9 0124 0125 0096 00DE 0020 00E3 00DE 0097 00E3 0092 00EF 009E 00FD 00A1 0003 0116 0117 00C3 00DE 00B0 00C0 011D 0102 011E 011F 00E3 00DE 0020 0126 00E3 00E9 0114 0115 0086 0103 009C 0003 00B9 00DE 00B0 00D1 0086 0020 0121 00BD 00C0 00B0 00C4 009C 00E3 0098 00E0 00DE 009B 0092 00A1 0000
M039.ETC	0	17	08616	0015 0009 0007 00B6 00B0 00C4 00D8 00AF 00BC 00DE 0052 0041 004D 00E9 0124 0125 0096 00DE 0020 00E3 00DE 0097 00E3 0092 00EF 009E 00FD 00A1 0003 0116 0117 00C3 00DE 00B0 00C0 011D 0102 011E 011F 00E3 00DE 0020 0126 00E3 00E9 0114 0115 0086 0103 009C 0003 00B9 00DE 00B0 00D1 0086 0020 0121 00BD 00C0 00B0 00C4 009C 00E3 0098 00E0 00DE 009B 0092 00A1 0000
M039.ETC	0	18	0865C	0015 000E 0086 0127 00E6 0128 00FA 00E0 0004 0000
M039.ETC	0	19	08669	0015 000A 00EA 0020 00CA 00DE 00C4 00D9 00BF 00B0 00C4 00DE 0086 0129 00E2 0099 00E3 0003 00BC 00AE 00B0 00C4 00BF 00B0 00C4 00DE 0086 0020 012A 012B 00E6 0095 0092 00E0 00A1 0008 0000
M039.ETC	0	20	0868E	0015 012C 0096 00DE 0096 0096 008F 00E3 0092 00F9 0007 0000
M039.ETC	0	21	0869B	009F 00FA 00EA 0020 00B4 00D9 00CC 00E6 012D 00FC 00F9 012E 012F 0130 00A5 00A5 00A5 0003 0097 008F 00E4 0020 000A 00E6 0131 0132 00E2 00EA 009D 00DE 00E0 00DE 0005 0000
M039.ETC	0	22	086BC	009A 00E9 0133 00EA 0020 00B7 00D0 00E6 00EA 00EF 00E0 00DE 0134 0102 00E0 00DE 0003 009F 00FA 0086 0135 008F 00E3 0020 0136 00E6 0137 00F8 00E5 009B 0092 0003 0092 009D 00DE 00FA 0138 0093 0139 00EF 00E3 00DE 00A5 00A5 00A5 009B 00F7 00EA 00DE 00E0 00DE 00A1 0008 0000
M039.ETC	0	23	086ED	00EF 0091 0020 000A 013A 008F 00E0 00F7 00A5 00A5 00A5 0003 013B 013C 0086 0020 0095 013D 00E6 009B 00FA 00F9 00E5 00FD 00E3 0003 013E 013F 008F 0140 0096 00DE 0020 0095 0091 00F8 00E5 00FD 00E3 00DE 009D 009A 00E4 0021 0008 0000
M039.ETC	0	24	08715	0093 00EC 00EC 00A5 00A5 00A5 000A 013A 00EA 0003 0141 0142 00E9 0143 0144 00E6 0020 0095 00E5 00F8 00E6 00E5 008F 00E3 00F3 0003 0096 009B 00DE 00F8 0140 00E9 00E5 0092 0020 0145 0146 00E3 00DE 009D 00E9 00E8 003F 0008 0000
M039.ETC	0	25	0873E	000A 013A 00E9 0020 0095 0147 00FA 00E9 013B 013C 00EA 0003 00E4 00DE 00E1 00F7 00E3 00DE 0020 0129 00E2 0099 00F7 00FA 00E0 00E9 00E3 00DE 009D 003F 0003 0148 00E0 00DE 0096 0020 00E4 008F 00E3 00F3 0140 0149 0096 00DE 0091 00F8 00EF 009D 00FC 00A1 0008 0000
M039.ETC	0	26	0876B	00BA 00CE 00DD 00A5 00A5 00A5 014A 009C 014B 0099 00DE 00E3 0095 0097 00EF 009D 0096 00DE 0003 014C 014D 00E6 0020 014E 0097 014F 0086 0135 00E1 010E 00F1 009A 00E4 00EA 0003 0096 00E0 0098 0150 009C 00DE 00F7 00FA 00E3 0095 00F8 00EF 009D 0020 00CA 00B2 00A1 0008 0000
M039.ETC	0	27	0879E	0095 00F4 0020 000A 0151 00E9 0095 013D 00EA 00A5 00A5 00A5 0003 00F3 009C 00F4 0020 013B 013C 00E3 00DE 00EA 0091 00F8 00EF 009E 00E7 0096 00E5 0003 00ED 0094 0094 0020 009F 0093 0092 0093 0020 009C 008D 0152 00E3 00DE 009D 0096 003F 0008 0000
M039.ETC	0	28	087CB	0091 00FA 00EF 0091 0020 013B 013C 0086 0153 0094 00E3 00E9 0154 014C 00E4 00EA 0003 0092 008F 00E0 0092 0020 00E4 00DE 00E9 00F6 0093 00E5 0155 0156 00E3 00DE 009D 0096 00E5 003F 0003 009A 00FA 00EF 00E0 0020 0157 00FC 008F 00E0 0095 013D 00E0 00DE 009A 00E4 00A5 00A5 00A5 00A1 0008 0000
M039.ETC	0	29	087FE	0148 00E3 00DE 009D 0096 00A5 00A5 00A5 000A 0151 003F 0003 00F4 00F4 0020 00F3 009C 00F4 0020 009F 00E9 013B 013C 0086 0003 0158 0102 009C 00E3 0098 00FA 00E4 0020 0092 00FC 00FA 00EF 009D 0096 003F 0008 0000
M039.ETC	0	30	08824	0095 0159 00EA 0020 0141 0142 00E6 015A 015B 009C 00E0 009A 00E4 00E3 00DE 0003 00E4 00DE 009A 0096 0020 0095 0096 009C 0098 00E5 008F 00E0 00E9 0096 003F 0003 00E0 00DE 008F 00E3 0020 009F 00FA 0020 013B 013C 00E0 00DE 00F6 00E5 0091 00A1 0008 0000
M039.ETC	0	31	0884F	000A 0096 00DE 0020 0112 0113 00E6 015A 00E3 00F9 00E4 015C 0092 00E3 0003 00E4 00DE 00FD 00E5 009A 00E4 0086 0020 00F4 008F 00E3 0098 00F9 0096 00E4 015D 008F 00E0 00F7 0003 00A5 00A5 00A5 013B 013C 0086 0020 009B 0096 00DE 009C 00E3 0098 00F9 009A 00E4 00E4 00EA 0021 0008 0000
M039.ETC	0	32	0887F	0095 00FA 00EA 0020 000A 00E9 015A 015B 00E9 015E 00F7 009E 0086 0003 015F 0160 00E6 0020 00F6 00FB 009A 00FD 00E3 00DE 0092 00E0 00FD 00E0 00DE 0099 00E4 00DE 00A5 00A5 00A5 0003 013B 013C 0086 0153 0094 00F9 0020 0095 0159 0129 00F9 00E4 0020 00B6 00DE 00AF 00B6 00D8 00E0 00DE 00A1 0008 0000
M039.ETC	0	33	088B4	000A 0151 00EA 0020 0141 0142 00E6 00E5 00F7 00FA 00E3 0003 00EF 009D 00EF 009D 0020 00E0 0098 00EF 009C 0098 00E5 008F 00E0 00A5 00A5 00A5 0096 00DE 0003 00CC 00DF 00CC 00DF 00AF 0020 0095 013D 00E6 013B 013C 00E4 00EA 0020 00B9 00AF 00BB 00B8 00E0 00DE 0021 0008 0000
M039.ETC	0	34	088E4	0021 0020 000A 013A 00EA 0020 00EA 009D 00DE 0096 009C 0098 00E5 0092 00E9 0096 003F 0003 0141 0142 00E0 00F9 0161 0096 00DE 0020 013B 013C 0086 0153 0094 00F9 00E4 00EA 00A5 00A5 00A5 0003 00B5 00C3 00DE 00B6 00DE 00DD 00E9 0141 0142 00F3 0020 0162 00E6 0163 00E1 00E0 00E5 0091 00A1 0008 0000
M039.ETC	0	35	08917	000A 013A 00E9 0020 0164 00FB 00E6 0092 00F9 00E9 00EA 0003 013B 013C 00E3 00DE 009D 0099 00E4 00DE 00A5 00A5 00A5 00EA 00EA 0091 00A5 00A5 00A5 0003 0141 0142 00E9 0112 0113 00E4 0020 0165 0166 0096 00DE 0091 00F9 00FD 00E3 00DE 009C 008E 003F 0008 0000
M039.ETC	0	36	08943	000A 013A 00EA 0020 013B 013C 0086 0167 00FC 00FA 00E0 00E9 003F 0003 00E3 00DE 00F3 0020 00E5 00FD 00E3 0097 00FA 0092 00E5 013B 013C 00E5 00FD 00E3 00DE 009C 008E 0021 0003 009F 00FA 00E6 0020 0140 0149 00E6 0091 00EC 00FA 00E3 0092 00F9 00FC 00F6 00A1 0008 0000
M039.ETC	0	37	08972	000A 013A 00E4 0020 013B 013C 00E9 0168 00F8 011C 00FC 009E 003F 0003 00F0 00FD 00E5 00EA 0020 0095 0096 009C 0098 015D 0093 00E3 00DE 009C 008E 0093 0099 00E4 00DE 0003 0169 00EA 00A5 00A5 00A5 009D 009A 00DE 0098 00BD 00C3 00B7 00E0 00DE 00E4 015D 0093 00A1 0008 0000
M039.ETC	0	38	089A2	0141 0142 00E6 00E5 00F7 00FA 00E0 0020 000A 013A 00E3 00DE 009D 00E8 003F 0003 009F 00FD 00E5 0143 0144 00E9 016A 0096 00DE 0020 0091 00F7 0020 0092 00F4 00E0 00DE 00FC 0091 0003 013B 013C 0096 00DE 0020 0164 0086 00E2 0099 00E3 0097 00E3 0092 00EF 009D 00FC 00F6 00A1 0008 0000
M039.ETC	0	39	089D3	00ED 008A 008A 0020 00CE 00DD 00C4 00E6 016B 0136 00E0 00DE 00E5 0091 00A5 00A5 00A5 0003 000A 0096 00DE 0020 013B 013C 0086 0153 0094 00E3 016C 0098 00E5 00FD 00E3 0003 0092 00EF 00EF 00E3 00DE 00E9 00B7 00D0 0096 00F7 00EA 0020 016D 0094 00F7 00FA 00E5 0092 00F6 00A1 0008 0000
M039.ETC	0	40	08A07	0093 0020 0093 00FD 003F 0020 00E5 00FD 00E0 00DE 00BB 00D9 009C 00DE 008C 00E5 0092 0096 0021 0003 015A 015B 00E9 00C1 00AC 00DD 00BD 0086 0020 00E9 0096 00DE 009C 00E0 00CE 00DE 00B8 0086 0003 00E5 0098 00DE 009B 00F2 00E6 0020 0097 00E3 0098 00FA 00E0 00FD 00E0 00DE 00E8 0020 0098 00DE 00B0 00A1 0008 0000
M039.ETC	0	41	08A3E	00EF 0091 0020 0096 00FC 0092 0092 0020 0095 00BB 00D9 009B 00FD 0003 0097 008F 00E4 0020 0095 016E 00E3 00DE 00F3 009D 0092 00E0 00FD 00E3 00DE 009C 008E 003F 0003 00E3 00DE 00F3 016F 0020 00CA 00DE 00C5 00C5 00EA 0135 008F 00E3 0092 00E5 0092 00E9 00A1 0008 0000
M039.ETC	0	42	08A6E	0091 00F7 00B2 00D4 00E0 00DE 00FC 0020 00BB 00D9 009C 00DE 008C 00E5 0092 00E9 00F6 0003 00BB 00D9 00EA 0020 009D 0098 00DE 00B2 00C0 00BD 00DE 00D7 009D 00F9 0096 00F7 0003 00B7 00D7 00B2 00E5 00E9 00F6 00E8 008A 0020 00BC 00AF 00BC 0020 00BC 00AF 00BC 00A1 0008 0000
M039.ETC	0	43	08AA2	0095 014C 00E6 0020 0095 00BB 00D9 009B 00FD 0096 00DE 0098 00F9 00E5 00FD 00E3 0003 0097 008F 00E4 0020 00EA 009C 00DE 00F2 00E3 00E9 009A 00E4 009C 00DE 008C 00E5 0092 003F 0003 0099 0092 00EB 00DE 0170 00EA 0020 0148 009C 00E3 00F9 00E9 0096 009C 00F7 0021 0008 0000
M039.ETC	0	44	08AD2	00BA 00CE 00DD 00A5 00A5 00A5 014A 009C 014B 0099 00DE 00E3 0095 0097 00EF 009D 0096 00DE 0003 00B5 00C3 00DE 00B6 00DE 00DD 014C 00E3 00DE 00EA 0020 014E 0097 014F 00E9 0128 014C 00EA 0003 0096 00E0 0098 0020 0095 0171 00F8 014A 009C 014B 0099 00DE 00E3 0095 00F8 00EF 009D 009F 00DE 00A1 0008 0000
M039.ETC	0	45	08B09	0095 0092 0020 00BB 00D9 0021 0020 00E4 00DE 009A 0096 00F7 0172 00E0 00FD 00E0 00DE 0003 009F 00FD 00E5 0173 00E3 00DE 0020 00C0 00DE 00DD 00BD 0086 009C 00E3 00E5 0092 00E3 00DE 0003 0174 00F1 0096 00F7 0020 014C 0096 00F7 015A 00E3 0175 008F 00E3 0098 00FA 0021 0008 0000
M039.ETC	0	46	08B39	00EE 00EE 0093 0020 009A 00FA 0096 00DE 00D3 00DD 00B7 00B0 00C0 00DE 00DD 00BD 0021 0003 00E1 00EF 00E0 00E9 0020 0176 0161 00E0 00E1 00E9 0091 0092 00E0 00DE 00E3 00DE 00EA 0003 0177 0178 0175 00E9 0020 0095 00E4 00DE 00F8 00E4 015C 0097 00EF 009C 00E0 00A1 0008 0000
M039.ETC	0	47	08B6A	0091 00F8 008C 0020 009A 00F8 008C 00EF 00E0 00A5 00A5 00A5 00A5 0003 00E3 00DE 008F 0096 0092 00BB 00D9 0096 00DE 0020 00F4 008F 00E3 0097 00E0 009F 00DE 0003 00E4 00DE 0093 00F4 008F 00E3 0020 0158 0102 009D 00F9 00E9 0096 00E5 0091 003F 0008 0000
M039.ETC	0	48	08B95	009A 0092 00E2 0020 00B5 00DA 00E9 0159 00E3 00DE 00C0 00DE 00DD 00BD 00E4 00EA 0021 0003 0127 0179 0086 0132 00E3 00E5 0092 0020 00B5 00DA 00E9 009A 00E4 0086 0003 00CA 00DE 00B6 00E6 009C 00E3 00F9 00F0 00E0 0092 00E3 00DE 0020 0098 00F4 009C 0092 009E 00DE 00A1 0008 0000
M039.ETC	0	49	08BC7	00C0 00DE 00DD 00BC 00DD 00B8 00DE 0020 00C0 00DE 00DD 00BC 00DD 00B8 00DE 0021 0003 009A 00F8 008C 00EF 00E0 0020 009D 0099 00DE 008A 00D8 00BD 00DE 00D1 017A 00E0 00DE 00E5 0003 00B5 00DA 00F3 0020 00D1 00BD 00DE 00D1 00BD 00DE 009C 00E3 0097 00E0 009E 00DE 0021 0008 0000
M039.ETC	0	50	08BFB	0091 0091 0020 00F4 00F2 00FB 008F 0020 00F4 00F2 00E3 0098 00FA 008F 0003 016F 0139 00EA 0020 017B 0096 00F7 017C 0096 00DE 017D 0092 008F 00E3 00E9 00E6 0003 009F 00FD 00E5 00E4 009A 00E3 00DE 0020 00C0 00DE 00DD 00BD 009B 00FA 00E3 00E0 00EF 00F9 0096 0021 0008 0000
M039.ETC	0	51	08C2C	014C 017E 017F 00E6 0020 0180 0177 00E5 00BB 00D9 0096 00DE 0172 00F9 00E5 00FD 00E3 0003 0148 0096 00E9 0020 0159 0181 00FA 00E6 00E1 0096 00DE 0092 00E5 0092 00E3 00DE 009D 0003 00A5 00A5 00A5 00E6 009C 00E3 00F3 0020 00C9 00D8 00E9 0092 0092 00BB 00D9 00E0 00DE 0021 0008 0000
M039.ETC	0	52	08C5D	0091 00F8 008C 00F8 008C 0020 0092 0097 00E5 00F8 00C0 00DE 00DD 00BD 00E4 00EA 0003 0177 0182 00E6 009C 00E3 0020 010A 0183 00E5 00BB 00D9 00E3 00DE 009D 00E8 008A 0003 0092 00E2 00EF 00E3 00DE 0095 00E4 00DE 00F9 0096 0020 0129 00E3 00F6 008F 00E4 0021 0008 0000
M039.ETC	0	53	08C8E	009A 00FA 00EA 0020 00BB 00D9 00E0 00DE 00F6 00E5 0091 00A5 00A5 00A5 0003 0184 00EF 00E3 00DE 0020 00F4 008F 00E3 00F9 008F 00E3 009A 00E4 00EA 0003 00BB 00B0 00B6 00BD 0096 00F7 0020 00E6 0099 00DE 00E0 00E9 0096 00F3 0021 0008 0000
M039.ETC	0	54	08CB6	00EF 0091 0020 0096 00FC 0092 0092 0020 0095 00BB 00D9 009B 00FD 00E0 00DE 00FC 0003 00E3 00DE 00F3 00A5 00A5 00A5 0096 00FC 0092 0092 008F 00E3 0092 0093 00E6 00EA 0003 00E1 008E 008F 00E4 0020 0177 0097 009D 0097 00DE 00F9 0140 00F3 009D 00F9 00FC 00A1 0008 0000
M039.ETC	0	55	08CE4	0097 008C 00B0 008F 0020 00E0 00DE 00FA 0096 00B0 008F 0020 0185 0099 00E3 00B0 008F 0003 00A5 00A5 00A5 008F 00E3 0020 0095 00E4 00DE 00FB 0092 00E3 00F0 00E0 0099 00E4 00DE 0003 00EB 00E0 009D 00F7 0020 0095 00E4 00DE 008F 00E3 0092 00F9 00E0 00DE 0099 00E0 00DE 00FC 00A1 0008 0000
M039.ETC	0	56	08D15	0186 0187 00E9 0157 00FC 00F8 013F 00EA 0020 00E4 00DE 00FD 00E5 014E 0097 014F 00F3 0003 00E0 009C 0096 00E6 0020 0188 0096 00FA 00F9 00F3 00E9 00E0 00DE 0099 00E4 00DE 0003 009A 00FA 00EA 0020 00E1 008E 008F 00E4 0020 0188 0096 00FA 009D 0097 00DE 00F6 00A1 0008 0000
M039.ETC	0	57	08D47	009A 009A 00EA 0020 0189 018A 018B 00E9 00CD 00DE 00AF 00C4 00DE 00E3 00DE 0003 018A 00F9 009A 00E4 0096 00DE 0020 00E3 00DE 0097 00EF 009D 0003 018A 00F8 00EF 009D 0096 003F 0000
M039.ETC	0	58	08D68	00B1 00D9 00CC 00DA 00AF 00C4 00DE 00E5 00F7 0020 009F 009A 00E9 00CD 00DE 00AF 00C4 00DE 009B 0003 009E 008F 0096 0098 0020 00E2 0096 00FD 00E0 00DE 00C1 00AC 00DD 00BD 0086 014E 0096 009E 009D 00DE 0003 018C 0144 00E6 0020 0092 00F4 0140 0096 00DE 009B 009C 00E3 0092 00F9 008F 00E3 009A 00E4 00E0 00DE 00A1 0008 0000
M039.ETC	0	59	08DA3	00B8 00DE 00BA 00DE 00B0 00AF 00A5 00A5 00A5 00B8 00DE 00BA 00DE 00B0 00AF 00A5 00A5 00A5 0003 00BD 00D4 00BD 00D4 00A5 00A5 00A5 00BD 00D4 00BD 00D4 00A5 00A5 00A5 00A1 0008 0000
M039.ETC	0	60	08DC3	018D 018E 00EA 00A5 00A5 00A5 0092 0092 00F6 00E5 0091 00A5 00A5 00A5 0003 00B5 00DA 00EA 0020 018F 00ED 00DE 00F3 0162 011F 00E9 00CD 00DE 00AF 00C4 00DE 00E0 00DE 008F 00E0 0096 00F7 0003 0143 0107 0096 00DE 0020 0190 0094 00E1 00EF 008F 00E0 0020 00CD 00AF 00B8 00BC 00AE 00DD 0021 0008 0000
M039.ETC	0	61	08DFB	009A 009A 00E9 00E4 009A 00FB 00E9 0020 0191 0147 00E9 0192 0193 0194 00EA 0003 00C0 00DE 00B0 00B8 00B4 00D9 00CC 00E9 0020 009C 00FC 009B 00DE 00E0 00DE 008F 00E0 00E9 0096 0021 0003 009F 00FA 0086 0020 0095 0159 0096 00DE 0195 0196 009C 00E0 00FD 00E0 00DE 008F 00E3 00E5 003F 0008 0000
M039.ETC	0	62	08E31	016F 0197 00E9 0193 0194 0086 0020 00EF 0097 0095 009A 009C 00E0 00E9 00EA 0003 0091 00E9 012E 0198 0199 00E9 0020 00CA 00DF 00BF 00DE 00B0 00C4 00E0 00DE 008F 00E0 00E9 0096 003F 0003 009F 00FA 0086 0095 0159 0191 019A 00E3 00DE 003F 0020 009F 00FD 00E5 00EA 00DE 0096 00E5 00A1 0008 0000
M039.ETC	0	63	08E67	019B 019C 013A 0096 00DE 0020 019D 0086 0129 009E 00E5 0096 008F 00E0 00E9 00EA 0003 00CA 00DF 00BF 00DE 00B0 00C4 00E9 0020 019E 0092 00E9 009E 0092 00E0 00DE 008F 00E0 00E4 00EA 0021 0008 0000
M039.ETC	0	64	08E8A	00A5 00A5 00A5 00F4 0091 00A5 00A5 00A5 000A 0096 00A5 00A5 00A5 0003 00C0 00DE 00B0 00B8 00B4 00D9 00CC 0096 00F7 0020 019B 019C 0086 0185 0099 00E0 008F 00E3 003F 0003 00A5 00A5 00A5 0095 00F2 00E3 00DE 00E4 0093 0086 0020 0092 00FC 009E 00E3 00F3 00F7 0093 00F6 00A1 0008 0000
M039.ETC	0	65	08EBA	00E4 00DE 0093 00E0 00DE 00E5 0020 0141 0142 000A 00F6 0003 00B8 00DE 00C4 00DE 00B0 00E9 019F 0086 0020 01A0 00F9 01A1 00E6 0138 008F 00E3 0003 009B 009B 00F4 0097 00E9 01A2 0086 0127 00E6 0128 00FA 00E0 0096 003F 0008 0000
M039.ETC	0	66	08EE5	00E5 00FD 00E4 0021 0020 009F 00FA 00EA 0020 00E3 00DE 0096 009C 00E0 009F 00DE 0021 0003 009F 00FA 00E3 00DE 0020 00C4 00DA 00DD 00C4 00E0 00E1 00E4 00F3 01A3 009E 00F9 009F 00DE 0003 009A 00E9 009A 00E4 00EA 0020 019B 013A 00E6 0095 012D 0094 009C 00F6 0093 00A1 0008 0000
M039.ETC	0	67	08F15	009B 00E3 0020 01A4 00E9 0112 0113 00E0 00DE 0096 00DE 00A5 00A5 00A5 009F 0093 00E0 00DE 0021 0003 019B 013A 00E9 00E0 00F2 0020 01A5 01A6 01A7 00E6 0175 008F 00E3 00F3 00F7 0095 0093 0003 0177 01A8 0096 00F7 00FC 0098 0020 01A9 0086 0098 00FD 00E3 00DE 0097 00E3 0098 00FA 00A1 0008 0000
M039.ETC	0	68	08F48	0095 0159 0096 00DE 0020 01AA 01AB 00E9 0162 016A 00E9 01A5 01A6 01A7 0096 00F7 0003 0177 01A8 00E9 01A9 0086 0020 0135 008F 00E3 01AC 008F 00E3 0098 00FA 00E0 00F7 0003 01AD 011C 00E9 01AE 0092 019B 013A 00E6 0020 01AF 00FD 00E3 00DE 01B0 009A 0093 00A1 0008 0000
M039.ETC	0	69	08F7A	00EE 00EE 00EE 0020 00E4 00DE 0093 009C 00E0 00E9 003F 0003 0169 0096 00DE 0020 0148 0096 0095 0096 009C 0092 0096 009C 00F7 003F 0000
M039.ETC	0	70	08F92	009F 0093 00E3 00DE 009C 008E 0093 00E4 00F3 0020 0169 00EA 00BB 00C3 00D7 00F6 0003 00B5 00C3 00DE 00B6 00DE 00DD 01B1 00E9 0020 01B2 01B3 0164 01B4 0161 00E3 00DE 009D 00FC 00A1 0008 0000
M039.ETC	0	71	08FB6	0002 0169 0096 00DE 0020 00C6 00BE 0161 00E0 00DE 00E4 00E3 00DE 00F3 0092 0093 00E9 003F 0000
M039.ETC	0	72	08FC8	0002 00EE 00EE 00EE 0020 009F 0093 00E3 00DE 009C 008E 0093 00E4 00F3 0021 0003 0093 00E0 0096 00DE 0093 00E5 00FD 00E3 0020 00E4 00DE 0093 0096 009C 00E3 00F9 00FC 00F6 00A1 0008 0000
M039.ETC	0	73	08FE9	0002 0091 00F7 0020 009F 00FA 009C 00DE 008C 0020 01B5 00E0 00DE 00E4 0092 0093 00E9 0003 00CA 00DF 00BF 00DE 00B0 00C4 00E9 0127 017E 0096 00DE 0020 01B6 0099 00E3 00F9 00E4 00E3 00DE 00F3 003F 0005 0000
M039.ETC	0	74	0900F	0002 00EF 009B 0096 0020 01B7 00E3 00DE 00F3 0129 00E0 00FD 009C 00DE 008C 00E5 0092 00E9 0003 009F 00FA 00E4 00F3 0020 01B8 01B9 00E3 00DE 0097 00F9 0096 009C 00F7 00A5 00A5 00A5 0003 00F4 00FA 00F9 00F3 00E9 00E5 00F7 0020 00F4 008F 00E3 00F0 00F9 0096 00DE 0092 0092 00FC 00A1 0008 0000
M039.ETC	0	75	09042	00B7 00AC 00AF 0020 000A 009B 00EF 00E3 00DE 009D 00FC 00DD 00A5 00A5 00A5 0003 017F 00E3 00DE 00EA 0020 0091 00E5 00E0 0086 019B 01BA 013A 0091 00E2 0096 0092 00E3 00DE 009D 009C 0003 00B3 00DC 00BB 008F 00E3 0020 0177 0097 0098 00E5 00F8 00EF 009D 00FC 00E8 008A 00A1 0008 0000
M039.ETC	0	76	09075	00EF 0091 0020 000A 013A 0020 00CE 00DF 00B0 00AF 00A5 00A5 00A5 0003 00EE 00FD 00E9 00E1 008E 008F 00E4 0020 0129 00E5 0092 01BB 00E6 0003 00EF 009D 00EF 009D 0020 00E0 0098 00EF 009C 0098 00E5 00F7 00FA 00E3 0021 0008 0000
M039.ETC	0	77	0909D	0091 00E9 0193 0194 00E9 0139 0096 00F7 0020 019B 013A 00EA 00A5 00A5 00A5 0003 01BC 009C 00E2 00DE 00E2 0020 0095 00F4 00E2 00FA 00E6 00E5 00F7 00FA 00E3 0003 009F 009C 00E3 00E2 0092 00E6 0020 0095 01BD 00FA 00E6 00E5 008F 00E0 00E9 00E3 00DE 009D 00A1 0008 0000
M039.ETC	0	78	090CB	019B 019C 013A 00E9 0020 009A 00DE 013A 01BA 0096 00DE 0095 0096 009C 0092 009A 00E4 00EA 0003 00F0 00FD 00E5 0020 0140 00E2 00DE 0092 00E3 0092 00F9 00E4 015D 0092 00EF 009D 0005 0000
M039.ETC	0	79	090EB	019B 013A 0096 00DE 0020 0095 01BD 00FA 00E6 00E5 00F9 0159 00E9 0139 00E6 00EA 0003 012A 012B 00E9 00B6 00B7 00DE 0086 0020 009E 0096 00DE 00FD 00E3 00DE 0095 0092 00E3 00DE 00E3 00DE 009C 00E0 0003 0148 00E3 00DE 0020 012A 012B 00E9 00B6 00B7 00DE 00E5 00FD 0096 0086 00A5 00A5 00A5 003F 0008 0000
M039.ETC	0	80	0911E	019B 019C 013A 00E9 0175 01BE 0096 00DE 0020 0095 0096 009C 0092 009A 00E4 00EA 0003 0169 00F3 0020 01BF 015E 009C 00E3 0092 00F9 00E9 00E3 00DE 009D 00A5 00A5 00A5 0003 0091 00FD 00E5 009A 00E4 00E9 0020 0091 008F 00E0 0164 00E3 00DE 009D 0096 00F7 00E5 00A1 0008 0000
M039.ETC	0	81	0914C	0092 00F4 0091 0020 000A 0151 00E9 0095 0096 0099 00DE 00E3 00DE 0003 00B5 00C3 00DE 00B6 00DE 00DD 014C 00F3 0020 01C0 01C1 00E6 00E5 00F8 00EF 009C 00E0 0003 019B 013A 00F3 0020 0140 0096 00DE 00E7 0099 00E0 00E0 00DE 0099 00E3 00DE 009D 00E4 00F3 00A1 0008 0000
M039.ETC	0	82	0917B	019B 013A 0096 00DE 0020 0095 01BD 00FA 00E6 00E5 008F 00E0 01C2 01C3 00EA 0003 0092 00EF 0020 01C4 0161 00E0 00E1 0096 00DE 01C5 00ED 00DE 00E3 0095 00F8 00EF 009D 0096 00DE 0003 00B5 00C3 00DE 00B6 00DE 00DD 00E9 01C4 0161 00EA 0020 0091 00E3 00E6 00E5 00F8 00EF 009E 00FD 00A1 0008 0000
M039.ETC	0	83	091AF	000A 0151 00E9 0020 0141 0142 00E4 009C 00E3 00E9 0112 0113 0096 00DE 0003 0097 008F 00E4 0092 00E2 0096 0020 00B5 00C3 00DE 00B6 00DE 00DD 00E6 0131 0132 00E1 00EF 009D 0003 0169 00EA 0020 009F 00FA 0086 01C6 009C 00F0 00E6 009C 00E3 0095 00F8 00EF 009D 009F 00DE 00A1 0008 0000
M039.ETC	0	84	091E2	0095 0095 0020 0095 0159 008F 00E3 00F4 00E2 00EA 0020 009D 009A 00DE 0092 00E5 0021 0003 00C0 00DE 00B0 00B8 00B4 00D9 00CC 0086 0020 00E9 009C 00E1 00EF 008F 00E0 008F 00E3 003F 0003 016F 01C7 0020 009F 00E9 01C8 00E9 009A 00E4 0086 0020 015C 0096 009E 00E3 00F6 00A1 0008 0000
M039.ETC	0	85	09215	019B 019C 013A 00EA 00A5 00A5 00A5 0095 01AC 00F8 00E6 00E5 00F7 00FA 00E3 0096 00F7 0003 00EF 00F9 00E3 00DE 0020 019A 0096 00DE 0157 00FC 008F 00E0 00F6 0093 00E3 00DE 009D 00FC 0005 0000
M039.ETC	0	86	09236	009A 00FA 00EA 0020 0170 0142 00E9 016A 0096 00F7 015C 0092 00E0 00E9 00E3 00DE 009D 0096 00DE 0003 01C9 00E9 012A 014F 01CA 00E6 0020 0128 00FB 0093 00E4 009C 00E0 00E4 0096 00A5 00A5 00A5 00A1 0008 0000
M039.ETC	0	87	0925A	019B 013A 0096 00DE 0020 00E4 00E2 009E 00DE 00FD 0095 01BD 00FA 00E6 00E5 008F 00E0 00E9 00E0 00DE 0003 0091 00FA 016B 0172 0020 019B 019C 013A 00E9 013A 01BA 00F3 0095 0096 009C 0092 009C 0003 00A5 00A5 00A5 0091 0091 0020 0155 01CB 00E9 00C0 00C8 00EA 00E2 0097 00E5 0092 00A1 0008 0000
M039.ETC	0	88	0928D	00F4 00F4 0020 000A 0096 00DE 0135 008F 00E3 0092 00F9 00E9 00EA 0003 01A5 01A6 01A7 0096 00F7 00FC 0098 0020 0177 01A8 00E9 01A9 00E0 00DE 00E5 0021 0003 01CC 01CD 0020 009A 00E1 00F7 00E6 00F3 00F7 008F 00E3 0095 009A 0093 00A1 0008 0000
M039.ETC	0	89	092B9	000A 00EA 0020 0177 01A8 00E9 01A9 0086 01CE 009C 00E3 0003 0105 009C 0092 00BC 00D9 00CA 00DE 00B0 00CE 00DE 00C4 00D9 0086 0020 00F3 00F7 008F 00E0 00A1 0008 0000
M039.ETC	0	90	092D8	0095 0159 0096 00DE 0020 01CF 01D0 009C 00E3 0098 00FA 00E0 0095 0096 0099 00DE 00E3 00DE 0003 01D1 01D2 00E5 01A9 00EF 00E3 00DE 0020 0127 00E6 0128 00F9 00F6 0093 00E6 00E5 008F 00E0 0005 0000
M039.ETC	0	91	092FD	009F 0093 00E0 00DE 0020 01A9 0086 00E4 008F 00E3 0097 00E0 009A 00E4 00E9 0003 00EE 0093 00EB 00DE 0086 0020 00F4 00F7 00E8 00EA 00DE 00E5 00F7 00FD 00E5 003F 0008 0000
M039.ETC	0	92	0931C	00D0 00D7 00B8 00D9 00C0 00DE 00B2 00B1 00D8 0086 0127 00E6 0128 00FA 00E0 00A1 0008 0000
M039.ETC	0	93	09330	0095 0159 00E9 0112 0113 00E6 0020 009F 00FA 00EA 0097 008F 00E4 0131 0132 00E2 009F 00DE 0003 00A5 00A5 00A5 00E4 009A 00FB 00E3 00DE 0020 000A 00EA 0003 019B 013A 00E9 01D3 00E6 00E2 0092 00E3 0020 00E4 00DE 0093 015D 0093 0096 00E5 003F 0008 0000
M039.ETC	0	94	0935C	00EC 00F1 0089 0020 0095 0159 00E6 00F3 00FC 0096 00F7 00FD 0096 00A5 00A5 00A5 0003 0177 01D4 00EA 014C 00E9 0161 0086 0093 00E0 0096 00DE 008F 00E3 0092 00E3 0003 01D5 019A 0086 01D6 009D 00E4 0020 01D7 00EF 0092 00E3 0092 00F9 00E9 00E0 00DE 00A1 0008 0000
M039.ETC	0	95	0938B	019B 013A 0096 00DE 01BD 00FA 00E3 00EA 0020 01A4 00E9 0111 01D8 00F3 01CE 009E 00E5 0092 0003 00A5 00A5 00A5 019B 013A 00E9 01D3 00E9 01C2 01C3 0096 00DE 0020 01D9 00E4 0096 00E5 00F7 0003 0095 0159 00F3 0020 01D5 019A 0086 01D6 009C 00E3 0098 00FA 00E5 0092 0096 003F 0008 0000
M039.ETC	0	96	093BE	019B 013A 00E9 01D3 00EA 00A5 00A5 00A5 0169 0096 00DE 015D 0093 00E6 00A5 00A5 00A5 0003 0091 00E9 00CA 00DF 00BF 00DE 00B0 00C4 0096 00DE 0020 01DA 00FD 00E3 00DE 0092 00F9 00E9 00E3 00DE 00EA 0003 00E4 00A5 00A5 00A5 0093 00E0 0096 00DE 008F 00E3 0092 00F9 00E9 00E0 00DE 0005 0000
M039.ETC	0	97	093ED	0095 0159 00E9 01DB 00E3 00DE 0020 009F 00E9 01DC 00F8 00E9 00E4 009A 00FB 0086 0003 01C5 00ED 00DE 00E3 00F0 00E3 00EA 0020 0098 00FA 00E5 0092 0096 003F 0008 0000
M039.ETC	0	98	0940C	00EF 008F 00E0 0098 00A5 00A5 00A5 012A 012B 00E9 00B6 00B7 00DE 00EA 00A5 00A5 00A5 0003 00E4 00DE 009A 00E6 0020 0096 0098 009C 00E3 0092 00F9 00E9 0096 009C 00F7 003F 0005 0000
M039.ETC	0	99	0942B	019B 013A 00E9 01D3 0096 00DE 0020 0160 00F8 009F 0093 00F3 00E5 0092 0096 00F7 0003 00B6 00B7 00DE 0086 0020 01DD 0096 00F9 00E4 0092 008F 00E3 00F9 00E9 00E6 00A5 00A5 00A5 0003 009B 009D 0096 00DE 00E6 0020 01DE 0099 013F 00E9 00E5 0092 019B 013A 00E0 00DE 009A 00E4 00A1 0008 0000
M039.ETC	0	100	0945C	00CA 00CA 00CA 00AF 0020 000A 00F6 0003 0092 00E2 0096 00F7 0020 0095 0159 00EA 00CD 00DF 00AF 00C4 0086 0147 00FA 00E3 0003 0154 014C 009D 00F9 00F6 0093 00E6 0020 00E5 008F 00E0 00E9 00E0 00DE 003F 0005 0000
M039.ETC	0	101	09484	00A5 00A5 00A5 009F 00FA 00E6 009C 00E3 00F3 0020 009F 00E9 013B 013C 00EA 0003 00E5 00FD 00E3 0020 0102 015E 01DF 00E5 013F 0086 009C 00E3 00F9 00FD 00E0 00DE 0003 009C 0096 00F3 0020 01E0 0092 01E1 009C 00F0 0086 017A 009C 00DE 00F9 00A5 00A5 00A5 00A1 0008 0000
M039.ETC	0	102	094B3	000A 00EA 0020 0141 0142 00E6 015A 015B 009C 00E5 0096 00DE 00F7 0003 013B 013C 00E5 00FD 0096 0086 0020 013D 00E6 009C 00E3 00F9 00E4 00EA 00A5 00A5 00A5 0003 00EF 00E0 00DE 0020 01BA 013D 00E9 0140 0135 00E1 0096 00DE 01DE 0099 00E5 0092 00E9 0096 0021 0005 0000
M039.ETC	0	103	094E1	0095 00F4 00A5 00A5 00A5 00E4 00DE 0093 0092 0093 00FC 0099 00E0 00DE 00FB 0093 003F 0003 009F 00E9 013B 013C 00EA 0020 0169 00E9 009A 00E4 00EA 00DE 00E6 01E2 01E3 009C 00E0 0006 0003 00EF 0091 00F6 0092 0020 016B 0164 0020 0140 0086 00E2 0099 00F9 00E9 00E0 00DE 009F 00DE 00A1 0008 0000
M039.ETC	0	104	09515	00F4 00F4 00A5 00A5 00A5 0095 0159 00E6 0153 0093 013B 013C 00EA 00A5 00A5 00A5 0003 00EE 00DE 0093 00F4 00A5 00A5 00A5 00E5 0096 00E5 0096 00F4 00F9 00FC 00E8 0003 00EF 009B 0096 0020 0095 0159 0096 00DE 01E4 009C 015A 009D 00E4 00EA 01E5 0136 00E0 00DE 00FC 0005 0000
M039.ETC	0	105	09545	00FC 009B 00DE 00FC 009B 00DE 0020 0169 00E9 0159 00E6 0147 00FA 00E3 0097 00E0 00E9 00EA 0003 00BB 00C3 00D7 0086 0020 0129 00E2 0099 00E0 00E4 0092 0092 00E0 0092 00FC 0099 003F 0003 00E3 00DE 00F3 009F 00FA 0086 0020 00E0 00DE 00FA 0096 00DE 01E6 009C 00DE 00F9 0096 009C 00F7 0021 0008 0000
M039.ETC	0	106	09579	0095 00FC 008F 0020 00BB 0020 00BB 00D9 0096 00DE 015A 0095 008F 00E0 0096 0021 0003 0095 0159 00EA 0020 00E4 00DE 009A 00E9 01E7 0096 00F7 0172 00E0 00E9 00E0 00DE 00A5 00A5 00A5 0003 00E4 0096 015C 0092 00E3 00F3 0020 01E8 0094 00F9 00DC 00B9 00E5 0092 00F6 00E5 00A1 0008 0000
M039.ETC	0	107	095AB	00E0 00DE 0020 00E0 00DE 00FA 0096 00A5 00A5 00A5 0095 00F7 00FD 0096 0021 0003 0180 0177 00E5 00CE 00DE 00BD 00BB 00DE 00D9 0096 00DE 0020 00F4 008F 00E3 0097 00E0 0003 01CC 0098 00A5 00A5 00A5 0148 00E4 0096 009C 00E3 0098 00FA 0020 00E4 00EE 00EE 00A1 0008 0000
M039.ETC	0	108	095D8	00EE 00EE 00EE 0020 0092 0098 00F7 0020 00BB 00D9 00E6 0157 01B6 009C 00E3 00F3 0003 000A 0151 00E3 00DE 0091 00F9 00E9 00EA 0020 0096 0098 009E 00E5 0092 00FC 0005 0000
M039.ETC	0	109	095F8	009F 00FD 00E5 00E6 0020 00BB 00D9 0096 00DE 0140 00E6 0128 008F 00E3 0092 00F9 00E5 00F7 0003 00CE 00DD 00C4 00E9 00BB 00D9 00E6 0020 009C 00E3 014B 0099 00DE 00EF 009C 008E 0093 0096 003F 0008 0000
M039.ETC	0	110	0961D	00F6 0095 0020 000A 01E9 009C 00EC 00DE 00F8 0021 0003 00E0 00EF 00E6 00EA 0020 00B1 00D9 00CC 00DA 00AF 00C4 00DE 00E9 0173 00E6 00F3 0003 01EA 0086 015A 009C 00E3 00F4 00FA 00F6 0020 009C 008E 0099 00DE 00E3 00F9 009E 00DE 00A1 0008 0000
M039.ETC	0	111	0964A	00B8 00DE 00BA 00DE 00B0 00AF 00A5 00A5 00A5 00B8 00DE 00BA 00DE 00B0 00AF 00A5 00A5 00A5 0003 00BD 00D4 00BD 00D4 00A5 00A5 00A5 00BD 00D4 00BD 00D4 00A5 00A5 00A5 00A1 0008 0000
M039.ETC	0	112	0966A	000A 00E6 0020 01EB 0094 00E3 00F4 00F9 0099 00E4 00DE 0003 01C9 00E6 01AB 00E9 016A 01EC 00E3 00DE 0020 009D 009A 00DE 0092 01ED 0086 0129 00E0 00F6 0003 01AB 00E9 0162 016A 00E3 00DE 0020 0148 0096 0096 00DE 01EE 0097 00E0 00FD 00E0 00DE 00F6 0021 0008 0000
M039.ETC	0	113	09698	00E5 00FD 00E0 00DE 0092 00A5 00A5 00A5 00E4 00DE 0093 0096 009C 00E0 0096 003F 0003 0148 00E0 00DE 0096 0020 01EF 008F 00E3 0092 00F9 017A 009C 00DE 00E0 00DE 0099 00E4 00DE 0003 0148 0096 0091 008F 00E0 00E5 00F7 0020 01EB 0094 00E3 0098 00FA 00F6 0021 0008 0000
M039.ETC	0	114	096C4	00E8 0094 0020 000A 013A 0020 0129 00E3 017E 009B 0092 0021 0003 00BB 00C3 00D7 019B 019C 0096 00DE 0020 0032 019A 00E6 00E5 00F9 00E5 00FD 00E3 0003 0169 00E9 013F 0096 00DE 0020 0095 0096 009C 0092 00E9 00E3 00DE 009C 008E 0093 0096 003F 0008 0000
M039.ETC	0	115	096F0	00F3 0093 0020 00CB 00DE 00AF 00B8 00D8 009C 00E1 008C 0092 00EF 009C 00E0 0021 0003 019B 019C 013A 0096 00DE 0020 019B 013A 00E4 01A3 009C 00E3 00F7 009C 00E0 00F7 0003 00E4 00E2 009E 00DE 00FD 0020 019B 019C 013A 0096 00DE 0128 008F 00E3 0097 00E0 00E9 0021 0008 0000
M039.ETC	0	116	0971F	019B 019C 013A 00EA 0020 019B 013A 00E9 01B2 011F 00E6 0092 00E0 00E9 00E3 00DE 009D 0096 00DE 0003 0136 0096 00F7 0020 019B 019C 013A 0096 00DE 0128 008F 00E3 0097 00E0 00E9 00E3 00DE 00A5 00A5 00A5 0003 01F0 00A5 00A5 00A5 01F1 003F 0020 00E4 00DE 008F 00E1 00E0 00DE 008F 00E0 0096 009C 00F7 0021 0008 0000
M039.ETC	0	117	09752	0091 00FC 00FC 008F 0020 019B 019C 013A 0096 00DE 0032 019A 00E6 00E5 00F9 00E5 00FD 00E3 0003 009A 00FD 00E5 009A 00E4 008F 00E3 00A5 00A5 00A5 0091 008F 0020 009F 0093 00E0 00DE 0021 0003 019B 019C 013A 00EA 0020 0106 01B3 00EA 01F2 01BA 00E0 00DE 008F 00E0 00FD 00E0 00DE 00FC 00A1 0008 0000
M039.ETC	0	118	09784	00B5 00DB 00B5 00DB 00A5 00A5 00A5 00B5 00DB 00B5 00DB 00A5 00A5 00A5 0003 000A 0151 00E6 0020 0095 00E0 009D 00DE 00E8 009C 00EF 009D 0096 00DE 0003 019B 019C 013A 0096 00DE 0020 013B 013C 00E0 00DE 008F 00E0 00E4 00EA 0106 01B3 00E3 00DE 009D 0096 003F 0008 0000
M039.ETC	0	119	097B3	0091 008F 00E1 00E6 0020 019B 019C 013A 0096 00DE 0092 00F7 009C 00E0 00E9 00E6 0003 009F 008F 00E1 0096 00F7 0020 019B 019C 013A 0096 00DE 0128 008F 00E3 00F7 009C 00E3 0003 00B3 00B0 00DD 00A5 00A5 00A5 017C 0096 00DE 00BA 00DD 00D7 00DD 009C 00E3 00EF 009D 00A1 0008 0000
M039.ETC	0	120	097E3	0092 00F4 0091 00A5 00A5 00A5 01D0 01A6 014E 0097 00E3 0095 00F8 00EF 009D 0096 00DE 0003 009A 00FD 00E5 009A 00E4 00EA 0020 0091 00F8 00EF 009E 00FD 00E3 00DE 009C 00E0 00E5 0091 0003 00BB 00C3 00D7 019B 019C 0096 00DE 0020 0144 0143 009D 00F9 00E5 00FD 00E3 00A5 00A5 00A5 00A1 0008 0000
M039.ETC	0	121	09815	009F 0020 009F 00FD 00E5 0091 00A5 00A5 00A5 00E3 00DE 00F3 00E5 0091 00A5 00A5 00A5 0003 0095 01F3 01F4 00E3 00DE 0091 00F9 0020 019B 013A 00E3 00DE 00F3 00FC 0096 00F7 00E5 0092 00EE 00E4 00DE 0003 01F5 00E3 0092 00F9 019A 0096 00DE 0020 014E 00EF 00FA 00F9 00F3 00E9 00E3 00DE 009D 0096 00E5 003F 0008 0000
M039.ETC	0	122	09849	019B 013A 00EA 0020 016F 0139 00EA 01BC 009C 01F6 0140 00E4 00E9 009A 00E4 00E3 00DE 0003 01F7 01F8 00E9 016A 00E6 0020 015A 00E3 0092 00F7 009C 00E3 00F9 00FD 00E0 00DE 0003 00B3 00DD 00A5 00A5 00A5 019B 019C 013A 00F3 0020 0092 00F7 008F 009C 008C 00F9 00F6 00A1 0008 0000
M039.ETC	0	123	0987A	00E1 008E 008F 00E4 0020 014D 00E9 013A 01BA 0096 00DE 0157 00E0 00DE 00E5 0091 00A5 00A5 00A5 0003 00EF 0091 0020 01F9 0093 00F6 0093 00E5 0020 014F 01FA 00EA 009C 00E5 0092 009C 0003 01FB 00EA 00DE 00FA 00E0 00F7 0020 0175 0099 00EA 00DE 01FC 0092 00FD 00E0 00DE 00FB 0093 009B 00A1 0008 0000
M039.ETC	0	124	098AF	0091 00E9 00A5 00A5 00A5 000A 013A 00EA 017A 009C 00DE 00EF 009E 00FD 003F 0003 019B 019C 013A 00E9 0020 00B9 00D3 00C9 00E9 013A 00E5 0140 01CB 0086 00A5 00A5 00A5 0003 0169 00EA 0020 0148 00E0 00DE 0096 00A5 00A5 00A5 01FD 00FB 009C 0092 00E9 00E3 00DE 009D 00A1 0008 0000
M039.ETC	0	125	098DE	009A 0093 009C 00E3 0020 01FE 0139 00E9 0099 0092 00EB 00DE 0086 009C 00E3 00F9 00E4 0003 00E0 00EF 00E6 00EA 0020 0148 0096 0096 00DE 01EE 0097 00E5 0092 0096 00E4 015D 0093 00FD 00E0 00DE 0003 00E3 00DE 00F3 0020 009F 00FA 00EA 0092 0099 00E5 0092 009A 00E4 00E5 00FD 00E0 00DE 00F6 00E5 00A1 0008 0000
M039.ETC	0	126	09912	019B 019C 013A 0096 00DE 0020 0095 0032 019A 00E6 00E5 008F 00E3 009C 00EF 0093 00E4 00EA 0021 0003 00A5 00A5 00A5 019B 013A 0096 00DE 0020 0129 0144 0099 0096 00DE 00E2 0096 00E7 00E9 00E3 00DE 00EA 0003 0169 00E6 0020 00FC 0096 00F9 00FC 0099 0096 00DE 00E5 0092 00E3 00DE 0091 00FB 0093 00A5 00A5 00A5 00A1 0008 0000
M039.ETC	0	127	09947	0091 008F 0020 000A 013A 0020 00E4 00DE 0093 009C 00EF 009C 008E 0093 003F 0003 00C6 00BE 0161 0096 00DE 0020 009A 00FD 00E5 00E6 01F5 00E3 00F9 00E5 00FD 00E3 00A5 00A5 00A5 0003 0169 00E3 00DE 009B 0094 0020 01FF 00E6 0093 00E2 009C 00E3 0092 00F9 00F0 00E0 0092 00E3 00DE 009D 00A1 0008 0000
M039.ETC	0	128	0997A	000A 013A 00E6 00EA 0020 00FC 0096 00F8 00EF 009D 00FC 00E8 0021 0003 013B 013C 0096 00F7 0020 01F6 00E9 019D 00E6 00F3 00E4 00DE 009D 0200 0086 009C 00E3 0097 00E3 0003 00BB 00C3 00D7 0086 0020 0102 0195 009C 00E3 0098 00FA 00E0 00E4 01E6 009C 00DE 00E3 00EF 009D 00A1 0008 0000
M039.ETC	0	129	099AD	00F4 0020 00F4 0091 0020 000A 01F6 0140 0096 0092 003F 0003 00CE 00DE 00B8 00EA 0201 0157 00FC 00F7 009D 00DE 0020 0099 0092 00EB 00DE 00E5 00FD 00E0 00DE 0005 0000
M039.ETC	0	130	099CC	00EA 00EA 0020 01C9 00E6 0125 0094 00E5 0097 008C 0092 0099 00E5 0092 0096 00F7 0003 01AE 0092 0099 00E4 00DE 0020 018A 00F7 009C 00E3 00F3 00F7 0093 00F6 0020 00B8 00DE 00B0 00A1 0008 0000
M039.ETC	0	131	099EF	00B8 00DE 00B0 00B8 00DE 00B0 00A5 00A5 00A5 00BD 00B0 00BD 00B0 00A5 00A5 00A5 00A1 0008 0000
M039.ETC	0	132	09A00	0129 00E3 00E9 0202 00F8 00E0 00DE 0020 000A 00F6 0003 0203 016A 00E9 019B 019C 013A 00EA 0020 013B 013C 00E9 019D 00E0 00DE 008F 00E0 0173 0086 0003 0095 0159 00E6 0204 00FC 00FA 00E0 00E4 00A5 00A5 00A5 009F 0093 00E5 00E9 0096 003F 0000
M039.ETC	0	133	09A2B	009F 00FA 009C 00DE 008C 0091 00A5 00A5 00A5 0164 0096 00F7 0172 00E0 016A 0096 00DE 0003 00F4 00EA 00F8 0020 00C6 00BE 0161 00E3 00DE 0091 008F 00E0 00E9 0096 0021 0003 00E3 00DE 00F3 0020 0140 0132 00E3 00EA 01FC 009B 009F 0093 00E0 00DE 008F 00E0 009F 00DE 00A1 0008 0000
M039.ETC	0	134	09A5B	00B3 00B0 00D1 00A5 00A5 00A5 00F4 00EA 00F8 0020 009F 0093 00E0 00DE 008F 00E0 00E9 0096 0021 0003 009C 0096 009C 0020 009A 00FA 00EA 0205 008F 00E0 009F 00DE 00A5 00A5 00A5 0003 00E4 00DE 00E1 00F7 00E0 00DE 008F 00E0 0096 0020 00FC 0096 00F7 00E5 0098 00E5 008F 00E0 00A1 0008 0000
M039.ETC	0	135	09A8B	0092 008F 00E0 0092 0020 00E4 00DE 0093 00E5 008F 00E3 00F9 00FD 00E0 00DE 0021 0008 0000
M039.ETC	0	136	09A9B	019B 019C 013A 0096 00DE 0020 0032 019A 00E6 00E5 00F9 00E5 00E4 00DE 0003 0169 00E6 00F3 0020 0206 0096 00DE 0144 0096 00F8 00EF 009E 00FD 0021 0008 0000
M039.ETC	0	137	09AB7	019B 019C 013A 0096 00DE 0020 0032 019A 0092 00F9 00FC 0099 0096 00DE 0091 00F8 00EF 009E 00FD 0003 0097 008F 00E4 0020 00E4 00DE 00E1 00F7 0096 0096 00DE 00C6 00BE 0161 00E3 00DE 009D 009F 00DE 0021 0008 0000
M039.ETC	0	138	09ADC	0095 01F3 009B 00EF 0020 00F6 0098 009A 00DE 00F7 00FD 00E6 00E5 008F 00E3 003F 0003 0169 0096 00DE 0020 0106 014F 00E9 00BB 00C3 00D7 00E3 00DE 009D 00FC 0021 0008 0000
M039.ETC	0	139	09AFB	00FD 00EF 0091 0021 0020 00E5 00FD 00E3 00BD 00DE 00B3 00BD 00DE 00B3 009C 0092 0021 0008 0000
M039.ETC	0	140	09B0D	00E4 00FD 00E3 00DE 00F3 0091 00F8 00EF 009E 00FD 00FC 0020 0095 01F3 009B 00EF 0021 0003 00BB 00C3 00D7 00EA 0169 0020 00C0 00DE 00CF 009B 00FA 00E3 00EA 0092 0099 00EF 009E 00FD 00A1 0008 0000
M039.ETC	0	141	09B32	00EF 0091 0020 0091 00E5 00E0 0096 00DE 0020 00BB 00C3 00D7 019B 019C 003F 0003 009C 00DE 008C 0091 0020 0169 00EA 01B5 00E0 00DE 00E4 0207 0093 00E9 003F 0008 0000
M039.ETC	0	142	09B4F	00EF 0091 0020 0208 0097 0160 00F9 0140 00E8 0021 0003 00E5 00F7 00EA 00DE 0020 0207 008F 00E3 0091 0099 00DE 00F9 00FC 0003 0091 00E5 00E0 00EA 0020 00CA 00DF 00BF 00DE 00B0 00C4 00E9 0127 017E 00E0 00DE 00FC 0005 0000
M039.ETC	0	143	09B77	0209 0159 00EA 00A5 00A5 00A5 00E0 009C 0096 00A5 00A5 00A5 0003 009F 0093 0020 00B6 00B0 00A5 00A5 00A5 00B6 00B0 00D8 00B0 00F6 0021 0008 0000
M039.ETC	0	144	09B90	00F3 0093 0020 00F6 0092 0021 0008 0000
M039.ETC	0	145	09B98	01BC 009C 0020 016D 0094 009B 009E 00E3 0098 00FA 00A5 00A5 00A5 00A1 0008 0000
M039.ETC	0	146	09BA8	00F1 00F1 00A5 00A5 00A5 009F 0093 00E0 00DE 00A5 00A5 00A5 009F 00E9 0127 0096 00DE 0021 0008 0000
M039.ETC	0	147	09BBA	00B2 00D4 00A5 00A5 00A5 009F 00FA 00EA 00E3 00DE 0097 00E5 0092 0003 0092 0098 00F7 00C3 00A8 00B1 00D7 00E6 0020 01A0 00F7 00FA 00E3 0092 00E3 00F3 0003 018C 0144 00E9 020A 00E6 0020 0141 00EA 01EC 0099 00F7 00FA 00E7 00A5 00A5 00A5 00A1 0008 0000
M039.ETC	0	148	09BE9	009C 0096 009C 0020 0169 00EA 00B5 00C3 00DE 00B6 00DE 00DD 00E9 019B 00E0 00DE 0003 01B1 00E9 01C0 01C1 00E9 00E0 00F2 00E6 00EA 0020 00F4 00F7 00E8 00EA 00DE 00E5 00F7 00E7 0021 0005 0000
M039.ETC	0	149	09C0C	00B6 00B2 00CA 00DF 00F6 0020 0141 0086 01DE 0099 0021 0003 009F 009C 00E3 00A5 00A5 00A5 00E4 00DE 00E1 00F7 00E3 00DE 00F3 0096 00EF 00FC 00E7 0096 00F7 0003 019B 019C 00E6 0020 009F 00E9 0141 00E3 00DE 020B 00F8 00E2 0099 00F9 00E9 00E0 00DE 0021 0008 0000
M039.ETC	0	150	09C3A	019B 013A 00A5 00A5 00A5 0169 00E6 00EA 00E3 00DE 0097 00EF 009E 00FD 00A1 0008 0000
M039.ETC	0	151	09C49	00E5 00FD 00E4 0021 0020 00E5 009E 00DE 0020 00E3 00DE 0097 00E7 00E9 00E0 00DE 0021 0008 0000
M039.ETC	0	152	09C5A	019B 013A 0021 0020 00B6 00B2 00CA 00DF 00EA 009E 00F2 00F7 00FA 00EF 009E 00FD 0005 0000
M039.ETC	0	153	09C6C	0106 014F 00E9 00A5 00A5 00A5 0095 020C 009C 0092 00BB 00C3 00D7 019B 019C 00E6 0003 00F3 009C 00F3 00E9 009A 00E4 0096 00DE 0020 0091 008F 00E0 00F7 00E4 015D 0093 00E4 0003 00E3 00DE 0097 00F9 009A 00E4 00E3 00DE 00EA 0020 0091 00F8 00EF 009E 00FD 009F 00DE 00A1 0008 0000
M039.ETC	0	154	09C9C	00E7 00E7 00E7 00A5 00A5 00A5 0095 00EF 0094 00E0 00E1 00A5 00A5 00A5 0003 0169 0096 00DE 0020 020D 00FD 00E3 00DE 00F4 00F7 009E 00F9 00E4 015D 0093 00E9 0096 0021 0003 00A5 00A5 00A5 00F4 00FA 0020 00B5 00C3 00DE 00B6 00DE 00DD 00E9 01C0 01C1 00E9 00E0 00F2 00E6 00A1 0008 0000
M039.ETC	0	155	09CCD	009C 0020 009C 0096 009C 00A5 00A5 00A5 019B 013A 0021 0008 0000
M039.ETC	0	156	09CD8	00EF 0020 00EF 00E0 00DE 0020 00FC 0096 00F7 00FD 00E9 0096 0021 0008 0000
M039.ETC	0	157	09CE5	0095 00F4 003F 0020 000A 00E3 00DE 00EA 00E5 0092 0096 0021 0003 009F 0093 0096 0020 00F4 00EA 00F8 00F3 00E4 00DE 008F 00E3 0092 00E0 00E9 0096 003F 0005 0000
M039.ETC	0	158	09D01	009D 00F9 00E4 00A5 00A5 00A5 0203 016A 00E9 00BB 00C3 00D7 00E9 01A3 00EA 0003 00B3 00BF 00E3 00DE 00EA 0020 00E5 0096 008F 00E0 00F6 0093 00E0 00DE 00E5 0091 00A1 0008 0000
M039.ETC	0	159	09D21	00E0 00DE 0096 00F7 0020 0207 008F 00E0 00E3 00DE 00EA 0091 00F8 00EF 009E 00FD 0096 0021 0008 0000
M039.ETC	0	160	09D33	000A 013A 0096 00DE 0020 0092 00E5 0096 008F 00E0 00F7 0003 013B 013C 00E6 0157 0094 00F7 00FA 00E0 0020 00EF 00EF 00E3 00DE 009C 00E0 00FC 00A1 0008 0000
M039.ETC	0	161	09D4D	009A 00F8 008C 0091 0020 00EF 0092 008F 00E0 009F 00DE 0021 0003 0164 0096 00F7 0172 00E0 019B 019C 00EA 0020 00E4 00DE 008F 00E1 00E0 00DE 008F 00E0 0096 00E5 003F 0003 00FC 0096 00F7 00E5 0098 00E5 008F 00E3 009C 00EF 008F 00E0 00A5 00A5 00A5 00A1 0008 0000
M039.ETC	0	162	09D79	00EA 00E3 009B 00E3 00A5 00A5 00A5 00E4 00DE 00E1 00F7 00E3 00DE 009C 00E0 0096 00E5 0091 00A1 0008 0000
M039.ETC	0	163	09D8B	009F 00FA 00E5 00F7 0020 0169 00E3 00DE 009D 0021 0003 0095 020E 00FA 00E6 0020 00E5 00F7 00E5 0092 00E3 00DE 017E 009B 0092 00A1 0008 0000
M039.ETC	0	164	09DA4	00EF 0091 0020 00E5 00FD 00E3 009D 00DE 0093 009D 00DE 0093 009C 0092 0021 0003 000A 013A 00E4 0020 01AC 008F 00E3 0097 00E0 00E9 00EA 0169 00E3 00DE 009D 00FC 00A1 0008 0000
M039.ETC	0	165	09DC2	00F3 0093 0020 00F6 0092 0021 0020 0003 017C 0096 00DE 0020 0157 00E6 00E5 00F8 009F 0093 00E0 00DE 00A5 00A5 00A5 00A1 0008 0000
M039.ETC	0	166	09DD8	00F3 0093 0020 020F 0210 00E6 00EA 0206 0096 00DE 00FC 0096 00F7 00FD 00A5 00A5 00A5 0003 016F 00F4 0020 020B 00F8 00E2 0099 00F9 016B 0136 00E6 016A 012F 00F3 00E5 0092 0005 0000
M039.ETC	0	167	09DFA	009F 0093 00E0 00DE 0021 0020 000A 00E0 00DE 0003 000A 00E6 0020 0100 00FD 00E3 00DE 00F3 00F7 0095 0093 0021 0008 0000
M039.ETC	0	168	09E10	019B 013A 0020 009F 00FA 00EA 0091 00EF 00F8 00E6 00A5 00A5 00A5 00A1 0008 0000
M039.ETC	0	169	09E1E	00EF 0091 0020 015C 0099 00A5 00A5 00A5 0177 01D4 00F6 0003 00F3 009C 0020 0164 0096 00F7 0172 00E0 019B 019C 00E9 01A3 0096 00DE 0106 01B3 00E5 00F7 0003 020F 0210 00E6 00EA 0020 00C6 00BE 00E9 019B 019C 0096 00DE 0129 01DE 0099 00E5 0096 008F 00E0 0005 0000
M039.ETC	0	170	09E4C	009C 0096 009C 0020 000A 00EA 013B 013C 00E9 019B 019C 0086 0185 0099 0003 009A 0093 00F4 008F 00E3 0020 0147 00FA 00E3 01AC 008F 00E3 0172 00E3 0098 00FA 00E0 0003 000A 00E5 00F7 0020 0097 008F 00E4 0129 01DE 0092 00E3 0098 00FA 00F6 0093 0021 0008 0000
M039.ETC	0	171	09E7A	009B 0091 0020 000A 00F6 0003 0106 014F 00EA 0020 01F0 00E9 019B 019C 0096 003F 0000
M039.ETC	0	172	09E8B	00E5 00E6 003F 0020 009F 00FA 00E3 00DE 00EA 0020 01F0 00E9 019B 019C 0096 003F 0000
M039.ETC	0	173	09E9A	00E5 00E6 003F 0020 009F 00FA 00E3 00DE 00EA 0020 01F1 00E9 019B 019C 0096 003F 0000
M039.ETC	0	174	09EA9	009F 0093 0096 0021 0020 01F0 00E9 019B 019C 0096 00DE 0106 014F 0096 0021 0008 0000
M039.ETC	0	175	09EB9	00B6 00B2 00CA 00DF 00F6 0020 020B 00FA 0021 0003 01F1 0096 00DE 0020 00C6 00BE 00D3 00C9 00E0 00DE 0021 0008 0000
M039.ETC	0	176	09ED0	009F 0093 0096 0021 0020 01F1 00E9 019B 019C 0096 00DE 0106 014F 0096 0021 0008 0000
M039.ETC	0	177	09EE0	00B6 00B2 00CA 00DF 00F6 0020 020B 00FA 0021 0003 01F0 0096 00DE 0020 00C6 00BE 00D3 00C9 00E0 00DE 0021 0008 0000
M039.ETC	0	178	09EF7	00B6 00B2 00CA 00DF 00F6 0020 00F4 00F2 0092 0021 0003 009F 00FA 009A 009F 0020 00EF 009A 00E4 00E9 00BB 00C3 00D7 019B 019C 00E0 00DE 0021 0008 0000
M039.ETC	0	179	09F13	009F 0093 0096 00A5 00A5 00A5 0097 009B 00EF 0096 00DE 00C6 00BE 0161 0096 003F 0003 00F6 0098 00F3 0020 019B 019C 00E6 00CA 00DE 00B9 0095 008F 00E0 00E5 0021 0008 0000
M039.ETC	0	180	09F32	00CE 00CE 00CE 0020 00EA 00DE 00FA 00E3 009C 00EF 008F 00E0 00FC 00E8 0003 009F 0093 0020 0169 0096 00DE 012E 019C 0020 00B6 00B0 00D8 00B0 00F6 00A1 0008 0000
M039.ETC	0	181	09F4F	00E0 00DE 00EF 009C 0202 009E 00F9 0096 00E4 0020 015D 008F 00E3 0092 00E0 0099 00E4 00DE 0003 00E2 0092 00E6 0020 0129 01DE 0096 00FA 00E3 009C 00EF 008F 00E0 00FC 00E8 003F 0003 00E3 00DE 00F3 0020 0211 0212 00E5 0096 00DE 00F7 0020 0213 0096 008F 00E0 0005 0000
M039.ETC	0	182	09F7D	012A 012B 00E9 00B6 00B7 00DE 00EA 0020 018F 00ED 00DE 01B0 0092 00E3 0095 0092 00E0 00FC 0003 009F 00E9 00B6 00B7 00DE 00E3 00DE 0020 0214 018A 0215 00E6 0096 0096 008F 00E0 0170 0142 0096 00DE 0003 016F 0216 00EA 0020 00BC 00DE 00DD 00E9 00B5 00B0 00CC 00DE 0086 0217 00FD 00E3 00DE 0092 00F9 0021 0005 0000
M039.ETC	0	183	09FB6	009A 00FA 00E3 00DE 0020 00CA 00DF 00BF 00DE 00B0 00C4 013A 00E9 00D5 00D2 0096 00DE 0096 00E5 0092 0003 0218 0219 00E9 00BC 00DE 00DD 00E0 00E1 0086 0020 0208 021A 00E3 00DE 0097 00F9 00E9 00F6 00A1 0008 0000
M039.ETC	0	184	09FDC	009F 0020 009F 00FD 00E5 00CA 00DE 00B6 00E5 009A 00E4 0096 00DE 0021 0003 009A 009A 00E6 0020 009C 008F 0096 00F8 00E4 00A5 00A5 00A5 00A1 0008 0000
M039.ETC	0	185	09FF5	00E5 0020 00E5 0092 009F 00DE 0020 012A 012B 00E9 00B6 00B7 00DE 0096 00DE 0021 0008 0000
M039.ETC	0	186	0A005	00BC 00DE 00DD 0086 0208 021A 00A5 00A5 00A5 009D 00F9 003F 0003 00F4 00EA 00F8 0020 012D 021B 00E9 0180 019A 00BD 00D9 00C4 0086 00A5 00A5 00A5 0003 021C 021D 009B 009E 00F6 0093 00E4 0020 009C 00E3 0092 00F9 00E9 00E0 00DE 00E5 0021 0008 0000
M039.ETC	0	187	0A030	00BD 00D9 00C4 00E9 0180 019A 00E9 012D 021B 00EA 00A5 00A5 00A5 0003 021E 00F8 01A3 00E3 00DE 00EA 0020 00E5 0096 008F 00E0 00E9 0096 00A5 00A5 00A5 00A1 0008 0000
M039.ETC	0	188	0A04D	00BD 00D9 00C4 00EA 0020 021F 0092 00E9 0180 019A 00A5 00A5 00A5 0003 009F 00FD 00E5 00F3 00E9 0086 0020 00F6 00F0 0096 00DE 0094 00F7 009E 00E0 00F7 0003 009A 00E9 00B5 00C3 00DE 00B6 00DE 00DD 00E9 01B1 00EA 00A5 00A5 00A5 0220 00FC 00F8 00E0 00DE 00A1 0008 0000
M039.ETC	0	189	0A07B	009F 0093 00F6 0021 0020 00F3 0093 0020 0220 00FC 00F9 00E9 00F6 0021 0003 009A 00E9 01B1 00F3 0020 00C0 00B2 00B8 00C2 00E3 00DE 01C0 01C1 00E5 015B 0221 00F3 00E8 00A1 0008 0000
M039.ETC	0	190	0A09E	00E5 00F7 00FD 009F 00DE 00A5 00A5 00A5 009B 009E 00E3 00EA 00E5 00F7 00FD 0003 0222 00EF 0094 00FB 0020 012A 01F7 0086 0168 00F8 0137 009D 00E9 00E0 00DE 0021 0008 0000
M039.ETC	0	191	0A0BD	00CE 00CE 00CE 0020 0169 0096 00F7 0168 00F8 0137 009D 00E2 00F3 00F8 003F 0003 00E3 00DE 0097 00F9 00F3 00E9 00E0 00DE 008F 00E0 00F7 0020 00F4 008F 00E3 009A 00DE 00F7 00FD 0021 0008 0000
M039.ETC	0	192	0A0E0	0177 01D4 00F6 0020 00B6 00B0 00D8 00B0 0096 00DE 0223 0099 00DE 00E7 00F6 0093 00E6 0003 009D 00ED 00DE 00E3 00E9 0202 0224 0086 0020 0170 0142 00E3 00DE 00EC 009B 0097 00DE 0003 0225 0092 00E2 00F2 00F9 00E9 00E0 00DE 0020 009B 0091 0020 0175 0099 0021 0008 0000
M039.ETC	0	193	0A112	000A 00F6 0020 0095 0159 00F3 0175 0099 0021 0003 00E5 00FD 00E4 009C 00E3 00F3 0020 00B6 00B0 00D8 00B0 0096 00F7 0003 00BC 00DE 00DD 00E9 012A 01F7 0086 0020 0168 00F8 0137 009D 00E9 00E0 00DE 0021 0008 0000
M039.ETC	0	194	0A139	000A 00F6 0020 0095 0159 00F3 0175 0099 0021 0003 00E5 00FD 00E4 009C 00E3 00F3 0020 00B6 00B0 00D8 00B0 0096 00F7 0003 00BC 00DE 00DD 00E9 012A 01F7 0086 0020 0168 00F8 0137 009D 00E9 00E0 00DE 0021 0008 0000
M039.ETC	0	195	0A160	00CA 00DF 00BF 00DE 00B0 00C4 00E0 00E1 00E9 0020 00E0 0098 00F7 00F0 00E6 00EA 0003 01FD 00FB 009C 0092 0020 013F 01DF 0096 00DE 0091 008F 00E0 00E9 00E3 00DE 009D 00E8 0003 009F 00FA 00E6 0020 0169 0086 0226 018B 009D 00F9 00E5 00FD 00E3 00A5 00A5 00A5 0005 0000
M039.ETC	0	196	0A190	000A 013A 0020 00E4 00DE 0093 0096 0095 0227 0092 00E3 00DE 009D 0003 00F4 00E2 00F7 00E9 0228 0229 0086 0020 0098 0092 022A 00F2 00E3 017E 009B 0092 00A1 0008 0000
M039.ETC	0	197	0A1AE	0091 0020 0091 00E9 00B6 00B0 00D8 00B0 00E4 0096 0092 0093 019A 0096 00DE 0003 013F 00E9 0159 0086 0202 008F 00E0 01C8 00EA 0020 00CB 00DE 00AF 00B8 00D8 0021 0003 009F 00E9 022B 022C 0086 00A5 00A5 00A5 022D 00F8 00E3 0092 0097 00EF 009C 00E0 00A1 0008 0000
M039.ETC	0	198	0A1DD	000A 013A 0096 00DE 0020 0185 0099 00E0 019A 008F 00E3 0003 00EA 00A5 00A5 00A5 00C6 00BE 0161 00E0 00DE 008F 00E0 00FD 00E3 00DE 009D 00E8 0003 019D 0096 00DE 0157 00FC 008F 00E0 01C8 00E6 00EA 0020 01FD 00FB 009C 0096 008F 00E0 00FC 00A1 0008 0000
M039.ETC	0	199	0A209	00B6 00B2 00CA 00DF 013A 0096 00DE 0020 019B 019C 013A 0086 022E 008F 00E0 00E4 0097 00EA 0003 013F 0086 01EC 0099 00E3 0020 0092 00F7 00FA 00EF 009E 00FD 00E3 00DE 009C 00E0 0003 00E3 00DE 00F3 0020 0095 016D 0094 0096 00DE 0091 008F 00E0 00E9 00E3 00DE 009D 00E8 00A1 0008 0000
M039.ETC	0	200	0A23A	019B 019C 0096 00DE 0020 022F 0113 00E6 009B 00F7 009B 00FA 00E3 00EF 00E3 00DE 00F3 0003 01B1 00E9 00E0 00F2 0086 0020 015D 008F 00E3 00F7 008F 009C 008C 00F9 00E5 00FD 00E3 0003 019B 013A 0086 00A5 00A5 00A5 0129 0160 009C 00EF 009C 00E0 00FC 00A5 00A5 00A5 00A1 0008 0000
M039.ETC	0	201	0A269	0169 00EA 0020 019B 013A 0086 01E6 009C 00DE 00E3 0095 00F8 00EF 009C 00E0 00A5 00A5 00A5 0003 00E6 009C 00E3 00F3 0020 00B6 00B2 00CA 00DF 013A 00E6 0141 0086 01DE 0096 009E 00E3 0003 019B 019C 013A 0086 0020 022E 00F8 00E2 0099 009B 009E 00EF 009D 00E4 00EA 0021 0008 0000
M039.ETC	0	202	0A29A	0177 01D4 0096 00DE 0020 009D 0098 00DE 00E6 01D8 0230 009C 00E0 009A 00E4 00E3 00DE 0003 014C 0231 00E9 0202 0224 00EA 0020 009E 0097 00E4 00F2 00F7 00FA 00EF 009C 00E0 0003 0232 0155 009C 00E3 0020 00B6 00B0 00D8 00B0 0086 0225 008F 00E3 017E 009B 0092 00A1 0008 0000
M039.ETC	0	203	0A2CC	00CA 00DF 00BF 00DE 00B0 00C4 00EA 0020 00B5 00C3 00DE 00B6 00DE 00DD 0086 0091 0097 00F7 00F2 00E0 00E4 0003 0169 00EA 0020 009F 0093 01E6 009C 00DE 00E3 0095 008F 00E0 00E9 00E3 00DE 009D 00A5 00A5 00A5 0003 00C0 00DE 00B0 00B8 00B4 00D9 00CC 00EA 0020 009C 008D 0093 00E8 00FD 01E0 0092 0021 0008 0000
M039.ETC	0	204	0A304	000A 0151 00EA 0020 009A 00FD 00E5 009A 00E4 0086 00F4 008F 00E3 0003 00CB 00CF 0086 00E2 00EC 00DE 009C 00E3 00F9 0020 011B 011C 00E3 00DE 00EA 0091 00F8 00EF 009E 00FD 0003 0183 00EA 0020 0191 022B 00E9 016A 00E6 0197 008F 00E0 00F6 0093 00E3 00DE 009D 009F 00DE 0021 0008 0000
M039.ETC	0	205	0A338	0183 00EA 0020 00E0 00DE 00FA 00E3 00DE 00F3 00BF 00AF 00B8 00D8 00E6 01B6 0099 00F9 0096 00F7 0003 00E0 00DE 00FA 00F3 0020 0202 009D 00E5 00E4 01D8 0230 0086 0233 0099 00E3 00F9 00FD 00E0 00DE 0003 00E0 00E4 0094 000A 00E3 00DE 00F3 0020 0202 009E 00E5 0092 009F 00DE 0021 0008 0000
M039.ETC	0	206	0A36B	0183 00EA 0020 00B6 00B0 00D8 00B0 00E4 0092 0093 019C 00B4 00D9 00CC 00E0 00DE 008F 00E3 003F 0003 00E4 00DE 0093 00F3 0020 019B 0234 00E9 0235 00E9 016A 00E6 0175 008F 00E0 00F7 009C 0092 0003 0095 0159 00F3 01CC 0098 0020 009F 008F 00E1 00E6 01EC 0096 0093 00FD 00E0 00DE 0021 0008 0000
M039.ETC	0	207	0A3A0	00E5 00FD 00E0 00DE 0096 015E 00F7 00E5 0092 0096 00DE 0020 0177 01D4 00E9 01D8 0230 00E3 00DE 0003 00B1 00D8 00E9 01BA 0031 0236 00E0 00F8 00E4 00F3 0020 0202 009D 00E5 00E4 009B 0003 00E0 00DE 0096 00F7 01AE 0092 0096 00DE 0020 009A 009A 00EA 0202 009E 00E5 0092 00FD 00E0 00DE 00F6 00A1 0008 0000
M039.ETC	0	208	0A3D5	0092 0097 00E5 00F8 0020 0095 01FB 00EB 00DE 0096 00DE 0096 0096 008F 00E0 00F7 0003 0148 0096 00DE 0091 00FB 0093 00E4 0020 01A0 00F8 01DE 0099 00E0 00DE 00E5 00FD 00E3 0003 0102 0237 0098 00DE 00F7 0092 0020 01EB 0094 00E3 00EE 009C 0092 00F6 00E5 0091 00A1 0008 0000
M039.ETC	0	209	0A406	0091 00FA 003F 0020 00E0 009C 0096 000A 00EA 0003 019B 0234 00E9 0235 00E9 016A 00E6 0020 01EC 0096 0093 00FD 009C 00DE 008C 003F 0003 01CC 0098 009C 00E5 0092 00E4 0020 0177 01D4 00E6 009C 0096 00F7 00FA 00F9 009E 00DE 00A1 0008 0000
M039.ETC	0	210	0A430	019B 0234 00E9 0235 016A 011F 00E6 0020 01EC 0096 0093 00E9 00E0 00DE 008F 00E0 00F7 0003 009F 00E9 022B 022C 0086 0020 017E 00F8 00F9 00E9 0096 00DE 0238 0239 00E0 00DE 009E 00DE 0003 014D 023A 0096 00F7 0020 00B7 00AF 00C1 00DD 0086 01DE 0099 00FA 00EA 00DE 0092 0092 00A1 0008 0000
M039.ETC	0	211	0A464	0095 0095 0020 000A 00F6 0020 00E4 00DE 0093 00E0 00DE 008F 00E0 0021 0003 00B6 00B0 00D8 00B0 00EA 0020 0129 00E2 0096 008F 00E0 00E9 0096 003F 0008 0000
M039.ETC	0	212	0A480	009F 00E9 0144 00E3 00DE 00EA 00A5 00A5 00A5 00C0 00DE 00D2 00E0 00DE 008F 00E0 00F6 0093 00E0 00DE 00E5 00A1 0008 0000
M039.ETC	0	213	0A495	00F4 00E2 00F7 00EA 0020 0091 00E9 012A 01F7 0086 0111 008F 00E3 0003 00BC 00DE 00DD 0086 0208 021A 009C 00E6 0020 0175 0098 009A 00E4 00E3 00DE 009C 008E 0093 00E5 003F 0008 0000
M039.ETC	0	214	0A4B7	009A 00DE 0098 00FB 0093 00E0 00DE 0096 00DE 0020 009A 00FA 0096 00F7 009D 0098 00DE 00E6 0003 023B 00E6 0091 00F9 0020 023C 00E9 0218 0219 00E6 0175 008F 00E3 0098 00FA 0021 0008 0000
M039.ETC	0	215	0A4D7	00E5 00FD 00E4 009C 00E3 00F3 0020 00F4 00E2 00F7 00E9 0228 0229 0086 0003 023C 00E9 0218 0219 00E3 00DE 0020 0098 0092 022A 00F2 00F9 00E9 00E0 00DE 0021 0005 0000
M039.ETC	0	216	0A4F4	0091 009F 009A 00E3 00DE 00C0 00DE 00D2 00E0 00DE 00E4 0020 00F4 008F 0096 0092 00E5 00E9 00E0 00DE 0003 00A5 00A5 00A5 01AB 00E9 0162 016A 00E4 0092 0093 0129 015E 00F7 00E7 0162 00E3 00DE 0003 00BC 00DE 00DD 00E9 0218 0219 0086 0020 01E4 009B 00E8 00EA 00DE 00E5 00F7 00E5 0098 00E5 00F9 00A1 0008 0000
M039.ETC	0	217	0A529	009F 00FD 00E5 009A 00E4 00E6 0020 00E5 008F 00E0 00E5 00F7 00EA 00DE 00A5 00A5 00A5 0003 00EF 009D 00EF 009D 00A5 00A5 00A5 00B2 00D4 0020 0092 0096 00FD 0092 0096 00FD 0003 000A 0086 0020 01E6 009C 00DE 00E3 023D 008F 00E3 0092 00F6 0093 00A1 0008 0000
M039.ETC	0	218	0A554	000A 00F6 0020 0141 0086 0129 009E 00E3 00F0 00F6 00A1 0008 0000
M039.ETC	0	219	0A561	0095 0159 00E9 0020 009A 00FA 0096 00F7 00E9 009A 00E4 0086 015D 0093 00E4 0003 00BC 00AE 00B0 00C4 00BF 00B0 00C4 00DE 00E3 00DE 00EA 0020 0155 023E 0092 00E0 00DE 00FB 0093 003F 0005 0000
M039.ETC	0	220	0A585	009A 00FA 0096 00F7 00E9 0112 0113 00E6 0020 0129 011C 0093 0141 0086 00E4 0003 0095 00F4 009B 009C 0092 019B 013A 0096 00F7 00E9 0020 023F 00F8 014F 00E0 00DE 0003 0091 00F8 0096 00DE 00E0 0098 0020 0233 0099 0168 00F9 0096 00DE 00F6 0092 009F 00DE 0005 0000
M039.ETC	0	221	0A5B3	009F 0093 00E0 00DE 0021 0020 0105 009C 0092 0141 0086 0233 0099 0168 00F9 00E4 0003 0240 0092 0141 00EA 0020 00BC 00DE 00AC 00CF 00E6 00E5 00F9 00E0 00DE 00FB 0093 003F 0003 012A 012B 00E9 014D 00E6 0020 0241 0092 00E3 0092 0098 0096 00DE 0092 0092 00A1 0008 0000
M039.ETC	0	222	0A5E3	0095 0159 0096 00DE 0020 023C 00E9 0218 0219 00E6 0175 0098 00E6 0091 00E0 008F 00E3 0003 012A 014F 01CA 00E9 012A 0086 0020 0242 0094 00F9 009A 00E4 00E6 009C 00E0 0021 0005 0000
M039.ETC	0	223	0A604	012A 012B 00E9 00B6 00B7 00DE 00EA 0020 0208 0099 00E3 0095 0092 00E0 0096 00F7 0003 0094 00FD 00F8 008E 00E5 0098 0020 0135 008F 00E3 0175 0098 0096 00DE 0092 0092 009F 00DE 00A1 0008 0000
M039.ETC	0	224	0A627	0095 0159 00E9 01DB 00E0 00DE 0099 0096 00DE 0020 020F 0210 00E9 0174 00F8 00E5 00E9 00E0 00DE 0003 00E0 00E9 00F1 009F 00DE 000A 0020 00E5 00FD 00E4 009C 00E3 00E3 00DE 00F3 0003 00D4 00C2 00F7 00E9 0243 00F0 0086 0020 0098 0092 022A 00F2 00E3 0098 00FA 0021 0008 0000
M039.ETC	0	225	0A658	012A 01F7 0086 0217 00EF 00FA 00F9 00E4 00EA 0020 0093 0096 00E2 00E0 00DE 008F 00E0 0021 0003 00F3 009C 00F3 0020 0180 019A 0096 00DE 021C 021D 009C 00E3 009C 00EF 008F 00E0 00F7 0003 0091 00E9 012A 01F7 00E0 00DE 0099 0096 00DE 0020 0244 0164 00E9 0229 00F0 00E5 00E9 00E0 00DE 0005 0000
M039.ETC	0	226	0A68B	012E 0245 00E9 0246 0177 00E5 01DB 00E6 0020 0247 00E1 0248 00E2 00E4 0092 00FC 00FA 00F9 0003 00BC 00AC 00B2 00C6 00DD 00B8 00DE 00BF 00B0 00C4 00DE 00E9 0020 0218 0219 00E9 00E4 00EB 00DE 00F7 00EA 0003 012A 01F7 00E0 00DE 0099 0096 00DE 0020 0208 0099 00F7 00FA 00F9 00E4 0092 0093 00E9 00E6 00A1 0008 0000
M039.ETC	0	227	0A6C5	01AB 00E9 0162 016A 00E9 0020 00BC 00DE 00DD 00E9 0218 0219 00E9 016A 00E6 00EA 0003 009D 00E3 00DE 00E6 0020 0249 00E9 0161 0086 024A 008F 00E3 0095 0092 00E0 0096 00DE 0003 00CA 00DF 00BF 00DE 00B0 00C4 00E0 00E1 00E6 00EA 0020 024B 0096 00DE 0132 00E2 00EF 0092 0005 0000
M039.ETC	0	228	0A6F7	00F3 009C 00F3 0020 024C 00E9 00BC 00DE 00DD 0096 00DE 0195 021A 009B 00FA 00E0 00E5 00F7 0003 0095 0159 00F3 0020 01AB 00E9 0162 016A 00E6 01EC 0096 008F 00E3 0098 00FA 0003 0211 008F 00E0 0218 0219 00E3 00DE 0020 0098 0092 022A 00F2 00F9 009C 0096 00E5 0092 00A1 0008 0000
M039.ETC	0	229	0A728	0091 00FD 00E5 00E6 0020 01C0 01C1 00E0 00DE 008F 00E0 00B5 00C3 00DE 00B6 00DE 00DD 0096 00DE 0003 009A 00FD 00E5 009A 00E4 00E3 00DE 0020 0220 00FC 008F 00E3 009C 00EF 0093 00E9 0096 003F 0003 009F 00F8 008C 0091 0020 0091 00FD 00EF 00F8 00E0 00DE 0091 0020 00C4 00CE 00CE 00A1 0008 0000
M039.ETC	0	230	0A75B	000A 013A 0020 009A 00DE 0134 0193 00E3 00DE 009C 00E0 00E9 00E8 0021 0003 01FD 00FB 009C 0092 0192 014F 00E4 0020 024D 00FC 00FA 00E0 00E4 015C 0092 00E3 0003 00A5 00A5 00A5 0155 01CB 009C 00E3 0095 00F8 00EF 009C 00E0 0020 00CE 00DF 00AF 00A1 0008 0000
M039.ETC	0	231	0A789	024E 008F 024F 01BB 00E6 0020 0183 0096 00DE 0095 009F 008F 00E3 0098 00F9 00E5 00FD 00E3 0003 00EF 008F 00E0 0098 0020 00E0 00DE 0092 00E0 00FD 010A 0183 00E5 00F4 00E2 00F7 00E0 00DE 0003 009C 0096 00F3 0020 012A 01F7 0086 0168 00F7 00FA 00E1 00EF 0093 00E4 00EA 00E5 0091 00A1 0008 0000
M039.ETC	0	232	0A7BD	0091 00E9 01C8 0020 000A 0096 00DE 0185 0099 00E0 019B 019C 013A 00EA 0003 00B6 00B0 00D8 00B0 00E4 0092 0093 0020 0183 00E9 012E 019C 00E0 00DE 008F 00E0 00E9 0096 0021 0003 00E3 00DE 00F3 0020 0141 0142 00E9 0143 0144 00E9 00EF 00EF 00E0 00DE 00E5 00FD 00E3 00A5 00A5 00A5 00A1 0008 0000
M039.ETC	0	233	0A7EE	00B8 00DE 00BA 00DE 00B0 00AF 00A5 00A5 00A5 00B8 00DE 00BA 00DE 00B0 00AF 00A5 00A5 00A5 0003 00BD 00D4 00BD 00D4 00A5 00A5 00A5 00BD 00D4 00BD 00D4 00A5 00A5 00A5 00A1 0008 0000
M039.ETC	0	234	0A80E	000A 00E6 0020 01EB 0094 00E3 00F4 00F9 0099 00E4 00DE 0003 01C9 00E6 01AB 00E9 016A 01EC 00E3 00DE 0020 009D 009A 00DE 0092 01ED 0086 0129 00E0 00F6 0003 01AB 00E9 0162 016A 00E3 00DE 0020 0148 0096 0096 00DE 01EE 0097 00E0 00FD 00E0 00DE 00F6 00A1 0008 0000
M039.ETC	0	235	0A83C	009B 008F 0097 0020 0250 0092 00E3 00DE 0092 00F9 0095 0159 0086 0129 0096 0099 00E0 0096 00DE 0003 019B 019C 013A 0096 00DE 0020 00C6 00BE 0161 00E4 0157 0094 00F7 00FA 00E3 00E0 00E5 00FD 00E3 0003 00A5 00A5 00A5 00E4 00DE 0095 00F8 00E3 00DE 0020 01EF 008F 00E3 00E0 00FC 0099 00E0 00DE 00F6 00E5 00A1 0008 0000
M039.ETC	0	236	0A872	0091 0091 00A5 00A5 00A5 00B6 00B0 00D8 00B0 00E4 0092 0093 012E 019C 00E6 0003 012A 01F7 0086 0020 0135 00E1 0251 00F7 00FA 00F9 00E5 00FD 00E3 00A5 00A5 00A5 0003 00B5 00C3 00DE 00B6 00DE 00DD 014C 00E9 0151 016A 00EA 0020 0174 00F8 00E5 0092 00FC 0091 00A1 0008 0000
M039.ETC	0	237	0A8A3	0169 0020 0252 0253 00EA 0020 00F6 0098 00FC 0096 00F7 00E5 0092 0099 00FA 00E4 00DE 0003 0091 00E9 012A 01F7 00E6 00F6 008F 00E3 0020 00F6 00F0 0096 00DE 0094 00F9 0180 019A 00EA 0003 00B5 00C3 00DE 00B6 00DE 00DD 00E6 0020 010A 0254 0086 00F3 00E0 00F7 009D 00E9 00E3 00DE 009C 008E 003F 0008 0000
M039.ETC	0	238	0A8D9	000A 013A 0020 00E4 00DE 0093 0096 0095 0227 0092 00F6 0003 023C 00E9 0218 0219 00E3 00DE 0020 00F4 00E2 00F7 00E9 01AE 0255 00F0 0086 0003 00E4 00DE 0093 0096 0020 0098 0092 022A 00F2 00E3 017E 009B 0092 00A1 0008 0000
M039.ETC	0	239	0A901	0133 00EE 00E4 00DE 00E9 0020 009A 00DE 00F8 008F 00EA 00DF 00E5 00EC 00F9 00EF 0092 00F3 0003 00E4 00DE 009A 00E4 00E5 0098 0020 0140 0163 00E1 009B 00FA 00E0 0173 00F3 0003 019B 013A 00A5 00A5 00A5 0256 019C 0155 0086 0098 009D 0098 00DE 00F9 00FC 00A1 0008 0000
M039.ETC	0	240	0A932	019B 019C 013A 0096 00DE 0020 00CA 00DF 00BF 00DE 00B0 00C4 00E6 0147 00FA 0251 00F7 00FA 00E0 0139 0003 0091 00E5 00E0 0096 00DE 0020 019B 019C 013A 0086 0095 0185 0099 017E 009B 008F 00E0 00E4 0003 01E6 009C 00DE 00E3 0095 00F8 00EF 009C 00E0 00E9 00E6 00A5 00A5 00A5 00A1 0008 0000
M039.ETC	0	241	0A964	000A 0151 00E4 00F3 0020 0091 00FB 0093 0095 016A 0096 00DE 0003 00EF 00FD 00EF 00E4 0020 019B 019C 00E6 009D 00F8 0257 00FC 008F 00E0 012E 019C 0086 0003 00CA 00DF 00BF 00DE 00B0 00C4 0096 00F7 0020 0185 0099 015A 009C 00E3 0098 00F9 00E4 00EA 0021 0005 0000
M039.ETC	0	242	0A994	0091 00FA 0096 00DE 0020 012A 01F7 00E9 0217 00EF 00FA 00F9 01C2 01C3 00E3 00DE 009D 0096 00F7 0003 0148 00E4 009C 00E3 00F3 0020 012A 01F7 0086 0168 00F8 0137 009C 00E3 017E 009B 0092 00A1 0008 0000
M039.ETC	0	243	0A9B8	0091 00E9 012A 01F7 00E3 00DE 0020 0180 019A 0096 00DE 00F6 00F0 0096 00DE 0094 00FA 00EA 00DE 0003 00B5 00C3 00DE 00B6 00DE 00DD 00EA 0020 0177 0157 00E5 009A 00E4 00E3 00DE 009D 0096 00DE 00A5 00A5 00A5 0005 0000
M039.ETC	0	244	0A9DD	009F 00FD 00E5 0258 00E6 0020 0162 017E 00E6 0259 00FD 00E0 00DE 0180 019A 0096 00DE 0003 00F6 00F0 0096 00DE 0094 008F 00E3 0020 0098 00F9 00F3 00E9 00E3 00DE 009D 0096 00E5 003F 0008 0000
M039.ETC	0	245	0A9FF	0091 00E9 012E 019C 00EA 0020 00B6 00B0 00D8 00B0 00E3 00DE 009C 00E0 0096 003F 0003 012A 01F7 0086 0217 00FD 00E0 00DE 0020 00E6 0098 0092 0183 00E3 00DE 009D 0096 00DE 0003 00E5 0096 00E5 0096 0020 00F0 00F8 008E 0098 01DF 00E3 00DE 009C 00E0 00E5 0021 0008 0000
M039.ETC	0	246	0AA2D	000A 0096 00DE 0020 00F3 00E4 00DE 008F 00E3 0098 00F9 0159 00E6 0003 00B5 00C3 00DE 00B6 00DE 00DD 025A 0096 00DE 0020 01AB 00E9 0162 016A 00ED 015A 025B 009C 00E0 0003 00BC 00DE 00DD 00E9 0218 0219 00E6 0020 01EC 0096 008F 00E0 00FD 00E0 00DE 00F6 00A1 0008 0000
M039.ETC	0	247	0AA5C	009B 008F 0097 015A 025B 009C 00E0 0020 00B5 00C3 00DE 00B6 00DE 00DD 025A 00EA 0003 00EF 009D 00DE 0020 00CE 00CB 00DE 00AF 00C4 00E9 025C 00E6 00F6 008F 00E3 0003 025D 00F7 00E9 01DB 0086 0020 025E 00F8 00F9 00E2 00F3 00F8 00E5 00E9 009B 00A1 0008 0000
M039.ETC	0	248	0AA8C	015C 0092 00E3 017E 009B 0092 0020 019B 019C 013A 008F 00E0 00F7 00A5 00A5 00A5 0003 009B 008F 0097 0096 00F7 0020 000A 013A 00E9 01A3 00EA 00DE 0096 00F8 00E3 00DE 0003 00F3 0093 0020 025F 00E6 0020 00C0 00BA 0096 00DE 00E3 00DE 0097 009F 0093 00E3 00DE 009D 00FC 0021 0008 0000
M039.ETC	0	249	0AABD	009A 00E9 00CC 00DB 00B1 00B0 00EA 0020 009F 0093 00E3 00DE 00F3 00E5 0092 0096 00DE 0003 00BC 00DE 00DD 00E9 0218 0219 00E6 0020 0260 025A 009C 00E0 0095 0096 0099 00DE 00E3 00DE 0003 00B5 00C3 00DE 00B6 00DE 00DD 014C 00F3 0020 009B 00F0 009C 0098 00E5 008F 00E0 009E 00DE 00A1 0008 0000
M041.ETC	0	0	05892	00B9 00DE 00B0 00D1 0086 0020 00E1 008D 0093 00E0 00DE 00FD 009C 00EF 009D 0003 00F6 00FB 009C 0092 00E3 00DE 009D 0096 003F 0000
M041.ETC	0	1	058A9	0015 0002 00C3 00DE 00B0 00C0 0086 0100 00FD 00E3 00DE 0098 00E0 00DE 009B 0092 0000
M041.ETC	0	2	058B9	0015 0002 0101 0102 0086 0100 00FD 00E3 00DE 0098 00E0 00DE 009B 0092 0000
M041.ETC	0	3	058C9	0015 0002 00CA 00DE 00AF 00B8 00B1 00AF 00CC 00DF 0052 0041 004D 0086 0100 00FD 00E3 00DE 0098 00E0 00DE 009B 0092 0000
M041.ETC	0	4	058E2	0015 0002 009A 00E9 00C3 00DE 00B0 00C0 0086 0020 0103 009C 00E3 00F6 00FB 009C 0092 00E3 00DE 009D 0096 003F 0000
M041.ETC	0	5	058F7	0015 0002 009A 00E9 00C3 00DE 00B0 00C0 0086 0020 0104 0105 009C 00EF 009D 0096 003F 0000
M041.ETC	0	6	05908	0015 0002 0106 0107 0052 0041 004D 00E9 0108 0109 0096 00DE 0020 010A 010B 009C 00E3 0092 00EF 009D 0008 0000
M041.ETC	0	7	0591D	0015 0002 00B6 00B0 00C4 00D8 00AF 00BC 00DE 0052 0041 004D 00E9 0108 0109 0096 00DE 0020 010A 010B 009C 00E3 0092 00EF 009D 0008 0000
M041.ETC	0	8	05937	0015 0002 0108 0109 010A 010B 00E9 00E0 00F2 0020 00BA 00CB 00DF 00B0 00E3 00DE 0097 00EF 009E 00FD 0008 0000
M041.ETC	0	9	0594C	0015 0002 0108 0109 010A 010B 00E9 00E0 00F2 0020 0105 010C 00E9 00BE 00B0 00CC 00DE 00EA 00E3 00DE 0097 00EF 009E 00FD 0008 0000
M041.ETC	0	10	05964	0015 0002 00B6 00B0 00C4 00D8 00AF 00BC 00DE 0052 0041 004D 0096 00DE 0020 0091 00F8 00EF 009E 00FD 0008 0000
M041.ETC	0	11	0597A	0015 0002 00B6 00B0 00C4 00D8 00AF 00BC 00DE 0052 0041 004D 00E6 00EA 0020 010D 0097 010E 00F0 00E3 00DE 0097 00EF 009E 00FD 0008 0000
M041.ETC	0	12	05995	0015 0002 010F 0097 00FB 0098 00E9 009C 008E 0110 0086 0020 00EB 00E4 00E2 0111 008F 00E3 0003 009A 009A 00EF 00E3 00DE 00E9 0112 0113 0086 0020 0114 0115 009D 00F9 009A 00E4 0096 00DE 00E3 00DE 0097 00EF 009D 00A1 0003 0114 0115 009C 00EF 009D 0096 003F 0000
M041.ETC	0	13	059C2	0015 0009 0007 0114 0115 0086 0116 0117 009D 00F9 00E0 00F2 00E6 0031 0037 00E9 0118 0097 0108 0109 0096 00DE 0119 011A 00E3 00DE 009D 00A1 0003 009A 00E9 00EF 00EF 00B9 00DE 00B0 00D1 0086 00BD 00C0 00B0 00C4 009B 009E 00E0 011B 011C 0003 0114 0115 0086 0116 0117 009D 00F9 009A 00E4 0096 00DE 00E3 00DE 0097 00EF 009E 00FD 0005 0003 0112 0113 00E9 0114 0115 0086 0116 0117 009C 00E0 0092 011B 011C 00EA 0003 0116 0117 00C3 00DE 00B0 00C0 011D 0102 011E 011F 00E3 00DE 00C3 00DE 00B0 00C0 0086 0120 0102 009C 00E3 0003 00B9 00DE 00B0 00D1 0086 0121 00BD 00C0 00B0 00C4 009C 00E3 0098 00E0 00DE 009B 0092 00A1 0008 0000
M041.ETC	0	14	05A2F	0015 0002 0009 0007 010D 0097 010E 00F0 00E6 0122 0123 009C 00EF 009C 00E0 0008 0000
M041.ETC	0	15	05A41	0015 0002 00CA 00DE 00AF 00B8 00B1 00AF 00CC 00DF 00C3 00DE 00B0 00C0 00EA 0091 00F8 00EF 009E 00FD 0000
M041.ETC	0	16	05A57	0015 0009 0007 0106 0107 0052 0041 004D 00E9 0124 0125 0096 00DE 0020 00E3 00DE 0097 00E3 0092 00EF 009E 00FD 00A1 0003 0116 0117 00C3 00DE 00B0 00C0 011D 0102 011E 011F 00E3 00DE 0020 0126 00E3 00E9 0114 0115 0086 0103 009C 0003 00B9 00DE 00B0 00D1 0086 0020 0121 00BD 00C0 00B0 00C4 009C 00E3 0098 00E0 00DE 009B 0092 00A1 0000
M041.ETC	0	17	05A91	0015 0009 0007 00B6 00B0 00C4 00D8 00AF 00BC 00DE 0052 0041 004D 00E9 0124 0125 0096 00DE 0020 00E3 00DE 0097 00E3 0092 00EF 009E 00FD 00A1 0003 0116 0117 00C3 00DE 00B0 00C0 011D 0102 011E 011F 00E3 00DE 0020 0126 00E3 00E9 0114 0115 0086 0103 009C 0003 00B9 00DE 00B0 00D1 0086 0020 0121 00BD 00C0 00B0 00C4 009C 00E3 0098 00E0 00DE 009B 0092 00A1 0000
M041.ETC	0	18	05AD0	0015 000E 0086 0127 00E6 0128 00FA 00E0 0004 0000
M041.ETC	0	19	05ADC	0015 000A 00EA 0020 00CA 00DE 00C4 00D9 00BF 00B0 00C4 00DE 0086 0129 00E2 0099 00E3 0003 00BC 00AE 00B0 00C4 00BF 00B0 00C4 00DE 0086 0020 012A 012B 00E6 0095 0092 00E0 00A1 0008 0000
M041.ETC	0	20	05B00	0015 012C 0096 00DE 0096 0096 008F 00E3 0092 00F9 0007 0000
M041.ETC	0	21	05B0B	009F 00FA 00EA 0020 00B4 00D9 00CC 00E6 012D 00FC 00F9 012E 012F 0130 00A5 00A5 00A5 0003 0097 008F 00E4 0020 000A 00E6 0131 0132 00E2 00EA 009D 00DE 00E0 00DE 0005 0000
M041.ETC	0	22	05B2C	009A 00E9 0133 00EA 0020 00B7 00D0 00E6 00EA 00EF 00E0 00DE 0134 0102 00E0 00DE 0003 009F 00FA 0086 0135 008F 00E3 0020 0136 00E6 0137 00F8 00E5 009B 0092 0003 0092 009D 00DE 00FA 0138 0093 0139 00EF 00E3 00DE 00A5 00A5 00A5 009B 00F7 00EA 00DE 00E0 00DE 00A1 0008 0000
M041.ETC	0	23	05B5B	00EF 0091 0020 000A 013A 008F 00E0 00F7 00A5 00A5 00A5 0003 013B 013C 0086 0020 0095 013D 00E6 009B 00FA 00F9 00E5 00FD 00E3 0003 013E 013F 008F 0140 0096 00DE 0020 0095 0091 00F8 00E5 00FD 00E3 00DE 009D 009A 00E4 0021 0008 0000
M041.ETC	0	24	05B82	0093 00EC 00EC 00A5 00A5 00A5 000A 013A 00EA 0003 0141 0142 00E9 0143 0144 00E6 0020 0095 00E5 00F8 00E6 00E5 008F 00E3 00F3 0003 0096 009B 00DE 00F8 0140 00E9 00E5 0092 0020 0145 0146 00E3 00DE 009D 00E9 00E8 003F 0008 0000
M041.ETC	0	25	05BAA	000A 013A 00E9 0020 0095 0147 00FA 00E9 013B 013C 00EA 0003 00E4 00DE 00E1 00F7 00E3 00DE 0020 0129 00E2 0099 00F7 00FA 00E0 00E9 00E3 00DE 009D 003F 0003 0148 00E0 00DE 0096 0020 00E4 008F 00E3 00F3 0140 0149 0096 00DE 0091 00F8 00EF 009D 00FC 00A1 0008 0000
M041.ETC	0	26	05BD6	00BA 00CE 00DD 00A5 00A5 00A5 014A 009C 014B 0099 00DE 00E3 0095 0097 00EF 009D 0096 00DE 0003 014C 014D 00E6 0020 014E 0097 014F 0086 0135 00E1 010E 00F1 009A 00E4 00EA 0003 0096 00E0 0098 0150 009C 00DE 00F7 00FA 00E3 0095 00F8 00EF 009D 0020 00CA 00B2 00A1 0008 0000
M041.ETC	0	27	05C06	0095 00F4 0020 000A 0151 00E9 0095 013D 00EA 00A5 00A5 00A5 0003 00F3 009C 00F4 0020 013B 013C 00E3 00DE 00EA 0091 00F8 00EF 009E 00E7 0096 00E5 0003 00ED 0094 0094 0020 009F 0093 0092 0093 0020 009C 008D 0152 00E3 00DE 009D 0096 003F 0008 0000
M041.ETC	0	28	05C31	0091 00FA 00EF 0091 0020 013B 013C 0086 0153 0094 00E3 00E9 0154 014C 00E4 00EA 0003 0092 008F 00E0 0092 0020 00E4 00DE 00E9 00F6 0093 00E5 0155 0156 00E3 00DE 009D 0096 00E5 003F 0003 009A 00FA 00EF 00E0 0020 0157 00FC 008F 00E0 0095 013D 00E0 00DE 009A 00E4 00A5 00A5 00A5 00A1 0008 0000
M041.ETC	0	29	05C62	0148 00E3 00DE 009D 0096 00A5 00A5 00A5 000A 0151 003F 0003 00F4 00F4 0020 00F3 009C 00F4 0020 009F 00E9 013B 013C 0086 0003 0158 0102 009C 00E3 0098 00FA 00E4 0020 0092 00FC 00FA 00EF 009D 0096 003F 0008 0000
M041.ETC	0	30	05C86	0095 0159 00EA 0020 0141 0142 00E6 015A 015B 009C 00E0 009A 00E4 00E3 00DE 0003 00E4 00DE 009A 0096 0020 0095 0096 009C 0098 00E5 008F 00E0 00E9 0096 003F 0003 00E0 00DE 008F 00E3 0020 009F 00FA 0020 013B 013C 00E0 00DE 00F6 00E5 0091 00A1 0008 0000
M041.ETC	0	31	05CAF	000A 0096 00DE 0020 0112 0113 00E6 015A 00E3 00F9 00E4 015C 0092 00E3 0003 00E4 00DE 00FD 00E5 009A 00E4 0086 0020 00F4 008F 00E3 0098 00F9 0096 00E4 015D 008F 00E0 00F7 0003 00A5 00A5 00A5 013B 013C 0086 0020 009B 0096 00DE 009C 00E3 0098 00F9 009A 00E4 00E4 00EA 0021 0008 0000
M041.ETC	0	32	05CDD	0095 00FA 00EA 0020 000A 00E9 015A 015B 00E9 015E 00F7 009E 0086 0003 015F 0160 00E6 0020 00F6 00FB 009A 00FD 00E3 00DE 0092 00E0 00FD 00E0 00DE 0099 00E4 00DE 00A5 00A5 00A5 0003 013B 013C 0086 0153 0094 00F9 0020 0095 0159 0129 00F9 00E4 0020 00B6 00DE 00AF 00B6 00D8 00E0 00DE 00A1 0008 0000
M041.ETC	0	33	05D10	000A 0151 00EA 0020 0141 0142 00E6 00E5 00F7 00FA 00E3 0003 00EF 009D 00EF 009D 0020 00E0 0098 00EF 009C 0098 00E5 008F 00E0 00A5 00A5 00A5 0096 00DE 0003 00CC 00DF 00CC 00DF 00AF 0020 0095 013D 00E6 013B 013C 00E4 00EA 0020 00B9 00AF 00BB 00B8 00E0 00DE 0021 0008 0000
M041.ETC	0	34	05D3F	0021 0020 000A 013A 00EA 0020 00EA 009D 00DE 0096 009C 0098 00E5 0092 00E9 0096 003F 0003 0141 0142 00E0 00F9 0161 0096 00DE 0020 013B 013C 0086 0153 0094 00F9 00E4 00EA 00A5 00A5 00A5 0003 00B5 00C3 00DE 00B6 00DE 00DD 00E9 0141 0142 00F3 0020 0162 00E6 0163 00E1 00E0 00E5 0091 00A1 0008 0000
M041.ETC	0	35	05D71	000A 013A 00E9 0020 0164 00FB 00E6 0092 00F9 00E9 00EA 0003 013B 013C 00E3 00DE 009D 0099 00E4 00DE 00A5 00A5 00A5 00EA 00EA 0091 00A5 00A5 00A5 0003 0141 0142 00E9 0112 0113 00E4 0020 0165 0166 0096 00DE 0091 00F9 00FD 00E3 00DE 009C 008E 003F 0008 0000
M041.ETC	0	36	05D9C	000A 013A 00EA 0020 013B 013C 0086 0167 00FC 00FA 00E0 00E9 003F 0003 00E3 00DE 00F3 0020 00E5 00FD 00E3 0097 00FA 0092 00E5 013B 013C 00E5 00FD 00E3 00DE 009C 008E 0021 0003 009F 00FA 00E6 0020 0140 0149 00E6 0091 00EC 00FA 00E3 0092 00F9 00FC 00F6 00A1 0008 0000
M041.ETC	0	37	05DC9	000A 013A 00E4 0020 013B 013C 00E9 0168 00F8 011C 00FC 009E 003F 0003 00F0 00FD 00E5 00EA 0020 0095 0096 009C 0098 015D 0093 00E3 00DE 009C 008E 0093 0099 00E4 00DE 0003 0169 00EA 00A5 00A5 00A5 009D 009A 00DE 0098 00BD 00C3 00B7 00E0 00DE 00E4 015D 0093 00A1 0008 0000
M041.ETC	0	38	05DF8	0141 0142 00E6 00E5 00F7 00FA 00E0 0020 000A 013A 00E3 00DE 009D 00E8 003F 0003 009F 00FD 00E5 0143 0144 00E9 016A 0096 00DE 0020 0091 00F7 0020 0092 00F4 00E0 00DE 00FC 0091 0003 013B 013C 0096 00DE 0020 0164 0086 00E2 0099 00E3 0097 00E3 0092 00EF 009D 00FC 00F6 00A1 0008 0000
M041.ETC	0	39	05E28	00ED 008A 008A 0020 00CE 00DD 00C4 00E6 016B 0136 00E0 00DE 00E5 0091 00A5 00A5 00A5 0003 000A 0096 00DE 0020 013B 013C 0086 0153 0094 00E3 016C 0098 00E5 00FD 00E3 0003 0092 00EF 00EF 00E3 00DE 00E9 00B7 00D0 0096 00F7 00EA 0020 016D 0094 00F7 00FA 00E5 0092 00F6 00A1 0008 0000
M041.ETC	0	40	05E5A	0093 0020 0093 00FD 003F 0020 00E5 00FD 00E0 00DE 00BB 00D9 009C 00DE 008C 00E5 0092 0096 0021 0003 015A 015B 00E9 00C1 00AC 00DD 00BD 0086 0020 00E9 0096 00DE 009C 00E0 00CE 00DE 00B8 0086 0003 00E5 0098 00DE 009B 00F2 00E6 0020 0097 00E3 0098 00FA 00E0 00FD 00E0 00DE 00E8 0020 0098 00DE 00B0 00A1 0008 0000
M041.ETC	0	41	05E8F	00EF 0091 0020 0096 00FC 0092 0092 0020 0095 00BB 00D9 009B 00FD 0003 0097 008F 00E4 0020 0095 016E 00E3 00DE 00F3 009D 0092 00E0 00FD 00E3 00DE 009C 008E 003F 0003 00E3 00DE 00F3 016F 0020 00CA 00DE 00C5 00C5 00EA 0135 008F 00E3 0092 00E5 0092 00E9 00A1 0008 0000
M041.ETC	0	42	05EBC	0091 00F7 00B2 00D4 00E0 00DE 00FC 0020 00BB 00D9 009C 00DE 008C 00E5 0092 00E9 00F6 0003 00BB 00D9 00EA 0020 009D 0098 00DE 00B2 00C0 00BD 00DE 00D7 009D 00F9 0096 00F7 0003 00B7 00D7 00B2 00E5 00E9 00F6 00E8 008A 0020 00BC 00AF 00BC 0020 00BC 00AF 00BC 00A1 0008 0000
M041.ETC	0	43	05EEF	0095 014C 00E6 0020 0095 00BB 00D9 009B 00FD 0096 00DE 0098 00F9 00E5 00FD 00E3 0003 0097 008F 00E4 0020 00EA 009C 00DE 00F2 00E3 00E9 009A 00E4 009C 00DE 008C 00E5 0092 003F 0003 0099 0092 00EB 00DE 0170 00EA 0020 0148 009C 00E3 00F9 00E9 0096 009C 00F7 0021 0008 0000
M041.ETC	0	44	05F1D	00BA 00CE 00DD 00A5 00A5 00A5 014A 009C 014B 0099 00DE 00E3 0095 0097 00EF 009D 0096 00DE 0003 00B5 00C3 00DE 00B6 00DE 00DD 014C 00E3 00DE 00EA 0020 014E 0097 014F 00E9 0128 014C 00EA 0003 0096 00E0 0098 0020 0095 0171 00F8 014A 009C 014B 0099 00DE 00E3 0095 00F8 00EF 009D 009F 00DE 00A1 0008 0000
M041.ETC	0	45	05F51	0095 0092 0020 00BB 00D9 0021 0020 00E4 00DE 009A 0096 00F7 0172 00E0 00FD 00E0 00DE 0003 009F 00FD 00E5 0173 00E3 00DE 0020 00C0 00DE 00DD 00BD 0086 009C 00E3 00E5 0092 00E3 00DE 0003 0174 00F1 0096 00F7 0020 014C 0096 00F7 015A 00E3 0175 008F 00E3 0098 00FA 0021 0008 0000
M041.ETC	0	46	05F7F	00EE 00EE 0093 0020 009A 00FA 0096 00DE 00D3 00DD 00B7 00B0 00C0 00DE 00DD 00BD 0021 0003 00E1 00EF 00E0 00E9 0020 0176 0161 00E0 00E1 00E9 0091 0092 00E0 00DE 00E3 00DE 00EA 0003 0177 0178 0175 00E9 0020 0095 00E4 00DE 00F8 00E4 015C 0097 00EF 009C 00E0 00A1 0008 0000
M041.ETC	0	47	05FAF	0091 00F8 008C 0020 009A 00F8 008C 00EF 00E0 00A5 00A5 00A5 00A5 0003 00E3 00DE 008F 0096 0092 00BB 00D9 0096 00DE 0020 00F4 008F 00E3 0097 00E0 009F 00DE 0003 00E4 00DE 0093 00F4 008F 00E3 0020 0158 0102 009D 00F9 00E9 0096 00E5 0091 003F 0008 0000
M041.ETC	0	48	05FD9	009A 0092 00E2 0020 00B5 00DA 00E9 0159 00E3 00DE 00C0 00DE 00DD 00BD 00E4 00EA 0021 0003 0127 0179 0086 0132 00E3 00E5 0092 0020 00B5 00DA 00E9 009A 00E4 0086 0003 00CA 00DE 00B6 00E6 009C 00E3 00F9 00F0 00E0 0092 00E3 00DE 0020 0098 00F4 009C 0092 009E 00DE 00A1 0008 0000
M041.ETC	0	49	0600A	00C0 00DE 00DD 00BC 00DD 00B8 00DE 0020 00C0 00DE 00DD 00BC 00DD 00B8 00DE 0021 0003 009A 00F8 008C 00EF 00E0 0020 009D 0099 00DE 008A 00D8 00BD 00DE 00D1 017A 00E0 00DE 00E5 0003 00B5 00DA 00F3 0020 00D1 00BD 00DE 00D1 00BD 00DE 009C 00E3 0097 00E0 009E 00DE 0021 0008 0000
M041.ETC	0	50	0603C	0091 0091 0020 00F4 00F2 00FB 008F 0020 00F4 00F2 00E3 0098 00FA 008F 0003 016F 0139 00EA 0020 017B 0096 00F7 017C 0096 00DE 017D 0092 008F 00E3 00E9 00E6 0003 009F 00FD 00E5 00E4 009A 00E3 00DE 0020 00C0 00DE 00DD 00BD 009B 00FA 00E3 00E0 00EF 00F9 0096 0021 0008 0000
M041.ETC	0	51	0606B	014C 017E 017F 00E6 0020 0180 0177 00E5 00BB 00D9 0096 00DE 0172 00F9 00E5 00FD 00E3 0003 0148 0096 00E9 0020 0159 0181 00FA 00E6 00E1 0096 00DE 0092 00E5 0092 00E3 00DE 009D 0003 00A5 00A5 00A5 00E6 009C 00E3 00F3 0020 00C9 00D8 00E9 0092 0092 00BB 00D9 00E0 00DE 0021 0008 0000
M041.ETC	0	52	0609C	0091 00F8 008C 00F8 008C 0020 0092 0097 00E5 00F8 00C0 00DE 00DD 00BD 00E4 00EA 0003 0177 0182 00E6 009C 00E3 0020 010A 0183 00E5 00BB 00D9 00E3 00DE 009D 00E8 008A 0003 0092 00E2 00EF 00E3 00DE 0095 00E4 00DE 00F9 0096 0020 0129 00E3 00F6 008F 00E4 0021 0008 0000
M041.ETC	0	53	060CA	009A 00FA 00EA 0020 00BB 00D9 00E0 00DE 00F6 00E5 0091 00A5 00A5 00A5 0003 0184 00EF 00E3 00DE 0020 00F4 008F 00E3 00F9 008F 00E3 009A 00E4 00EA 0003 00BB 00B0 00B6 00BD 0096 00F7 0020 00E6 0099 00DE 00E0 00E9 0096 00F3 0021 0008 0000
M041.ETC	0	54	060F2	00EF 0091 0020 0096 00FC 0092 0092 0020 0095 00BB 00D9 009B 00FD 00E0 00DE 00FC 0003 00E3 00DE 00F3 00A5 00A5 00A5 0096 00FC 0092 0092 008F 00E3 0092 0093 00E6 00EA 0003 00E1 008E 008F 00E4 0020 0177 0097 009D 0097 00DE 00F9 0140 00F3 009D 00F9 00FC 00A1 0008 0000
M041.ETC	0	55	0611F	0097 008C 00B0 008F 0020 00E0 00DE 00FA 0096 00B0 008F 0020 0185 0099 00E3 00B0 008F 0003 00A5 00A5 00A5 008F 00E3 0020 0095 00E4 00DE 00FB 0092 00E3 00F0 00E0 0099 00E4 00DE 0003 00EB 00E0 009D 00F7 0020 0095 00E4 00DE 008F 00E3 0092 00F9 00E0 00DE 0099 00E0 00DE 00FC 00A1 0008 0000
M041.ETC	0	56	0614F	0186 0187 00E9 0157 00FC 00F8 013F 00EA 0020 00E4 00DE 00FD 00E5 014E 0097 014F 00F3 0003 00E0 009C 0096 00E6 0020 0188 0096 00FA 00F9 00F3 00E9 00E0 00DE 0099 00E4 00DE 0003 009A 00FA 00EA 0020 00E1 008E 008F 00E4 0020 0188 0096 00FA 009D 0097 00DE 00F6 00A1 0008 0000
M041.ETC	0	57	0617F	0015 009A 00E9 0133 0020 00B5 00C3 00DE 00B6 00DE 00DD 0189 00E9 0162 016A 00ED 0003 018A 00E9 018B 018C 00E9 00E5 0092 0161 00EA 0020 0128 00F9 00ED 00DE 0096 00F7 009D 00DE 00A1 0008 0000
M041.ETC	0	58	061A2	0015 018D 00E9 018E 018F 00ED 0020 0190 00F8 0191 0099 00F7 00FA 00EF 009D 0003 0192 0193 0194 00E9 0195 00E9 0196 00F3 0020 009A 00E1 00F7 0021 0008 0000
M041.ETC	0	59	061C1	0015 00CE 00CB 00DE 00AF 00C4 00E9 0197 00E6 0020 00F6 0093 009A 009F 0003 009A 009A 00FB 00F6 00F8 0020 0096 00FD 0099 00DE 0092 0092 00E0 009C 00EF 009D 00A1 0008 0000
M041.ETC	0	60	061E0	0015 0198 0199 019A 016A 011F 00EA 0020 019B 019C 009A 0093 00E6 0021 0003 019C 009A 0093 019D 00E6 0020 019E 00F8 00E0 0092 016A 00EA 0003 00CA 00DF 00C8 00D9 00E6 0020 019F 00EB 00DE 010E 00F1 009A 00E4 0021 0008 0000
M041.ETC	0	61	06209	0015 00CE 00CB 00DE 00AF 00C4 0197 00A5 018D 00E9 018E 018F 00EA 019B 019C 009A 0093 00ED 0003 019C 009A 0093 019D 00E6 0020 019E 00F8 00E0 0092 016A 00EA 0003 00CA 00DF 00C8 00D9 00E6 0020 019F 00EB 00DE 010E 00F1 009A 00E4 0021 0008 0000
M041.ETC	0	62	06237	0015 009A 00E9 0133 0020 01A0 00E6 0198 0199 019A 0003 01A1 01A2 00E6 0020 009A 00DE 00F6 0093 00E9 016A 00EA 0020 01A3 014B 00EF 00E3 00DE 0008 0000
M041.ETC	0	63	06253	0015 009A 00E9 018E 018F 00EA 0020 01A4 01A5 0162 01A6 00ED 0003 00B5 00C3 00DE 00B6 00DE 00DD 0189 0162 016A 00E6 0020 01A7 01A8 00A1 0008 0000
M041.ETC	0	64	0626F	0015 01A9 01AA 0162 01A6 00EA 0020 00B6 00DE 00B9 019C 009A 0093 00E6 0021 0003 011A 00BC 00DE 00AC 00DD 00CC 00DF 01AB 0020 00B7 00B9 00DD 00A1 0008 0000
M041.ETC	0	65	0628E	0015 01AC 00E9 01AD 0125 0086 01AE 009D 00F9 0161 00EA 0020 01AF 019D 00E9 0196 00E9 0194 00E3 00DE 0003 01B0 0092 00B6 00CD 00DE 00E6 0107 0086 01B1 00E3 0020 009F 00E9 01B2 01B3 0086 01B4 009E 0021 0003 01B5 01B1 00E4 01B6 00F2 009C 01B7 0020 01AC 00E9 018E 018F 0096 00DE 01B8 00FA 00F6 0093 00A1 0008 0000
M041.ETC	0	66	062C7	00ED 0092 0020 0092 00F7 008F 009C 008C 0092 0006 0003 0091 0092 00E6 0098 0126 01B9 0149 01BA 00FA 00E3 00DE 00E8 00A5 00A5 00A5 0003 00EF 00E0 0172 00E3 0098 00E0 00DE 009B 0092 00F6 00A1 0008 0000
M041.ETC	0	67	062EB	0095 00F4 0020 0095 0097 008C 0098 009B 00FD 0096 0092 003F 0003 01BB 0092 0099 00E4 00DE 0020 00EF 00E0 00DE 0020 009C 00DE 008D 00FD 00EB 00DE 00E1 008D 0093 00E5 00FD 00E0 00DE 00F6 0003 00F3 0093 009D 009A 009C 009C 00E0 00F7 0020 00EF 00E0 0095 0092 00E3 00DE 0021 0000
M041.ETC	0	68	0631A	00ED 0092 0092 00F7 008F 009C 008C 0092 0021 0003 0092 0092 0149 014F 00EA 00DE 0096 00F8 00E0 00DE 00F6 0021 0003 00F5 008F 0098 00F8 0129 00E3 0092 008F 00E3 0098 00FA 00F6 0021 0008 0000
M041.ETC	0	69	0633C	000E 0020 00E0 00DE 00E8 0020 009F 0092 00E2 00EA 0003 01BC 01BD 0010 01BE 00E6 00E5 00F9 0099 00E4 00DE 0003 009F 00FA 00E3 00DE 0020 0092 0092 0096 0092 003F 0000
M041.ETC	0	70	0635A	0002 00EA 0092 00F6 0020 019E 009D 009E 00DE 0003 00E0 00DE 0092 009C 00DE 00E6 0111 008F 00E3 0098 00FA 00F6 00E5 0021 0003 0007 0002 00F3 0093 01BF 00E2 0092 00F9 0096 0092 003F 0000
M041.ETC	0	71	0637B	0002 009F 0092 00E2 00EA 009B 00DE 00FD 00E8 00FD 00E0 00DE 00E5 0091 0008 0000
M041.ETC	0	72	0638A	0091 00F8 0096 00DE 00E4 0093 0020 00EF 00E0 00F6 008F 00E3 0098 00FA 00F6 0021 0007 0008 0000
M041.ETC	0	73	0639C	0095 00F4 00A5 00A5 00A5 0095 01BC 0096 00DE 010B 00F8 00EF 009E 00FD 00F6 0008 0000
M041.ETC	0	74	063AC	0095 00F4 00A5 00A5 00A5 000E 00EA 00F3 0093 0135 00E3 00EF 009E 00FD 00F6 0008 0000
M042.ETC	0	0	05325	00B9 00DE 00B0 00D1 0086 0020 00E1 008D 0093 00E0 00DE 00FD 009C 00EF 009D 0003 00F6 00FB 009C 0092 00E3 00DE 009D 0096 003F 0000
M042.ETC	0	1	0533D	0015 0002 00C3 00DE 00B0 00C0 0086 0100 00FD 00E3 00DE 0098 00E0 00DE 009B 0092 0000
M042.ETC	0	2	0534D	0015 0002 0101 0102 0086 0100 00FD 00E3 00DE 0098 00E0 00DE 009B 0092 0000
M042.ETC	0	3	0535D	0015 0002 00CA 00DE 00AF 00B8 00B1 00AF 00CC 00DF 0052 0041 004D 0086 0100 00FD 00E3 00DE 0098 00E0 00DE 009B 0092 0000
M042.ETC	0	4	05376	0015 0002 009A 00E9 00C3 00DE 00B0 00C0 0086 0020 0103 009C 00E3 00F6 00FB 009C 0092 00E3 00DE 009D 0096 003F 0000
M042.ETC	0	5	0538B	0015 0002 009A 00E9 00C3 00DE 00B0 00C0 0086 0020 0104 0105 009C 00EF 009D 0096 003F 0000
M042.ETC	0	6	0539C	0015 0002 0106 0107 0052 0041 004D 00E9 0108 0109 0096 00DE 0020 010A 010B 009C 00E3 0092 00EF 009D 0008 0000
M042.ETC	0	7	053B1	0015 0002 00B6 00B0 00C4 00D8 00AF 00BC 00DE 0052 0041 004D 00E9 0108 0109 0096 00DE 0020 010A 010B 009C 00E3 0092 00EF 009D 0008 0000
M042.ETC	0	8	053CA	0015 0002 0108 0109 010A 010B 00E9 00E0 00F2 0020 00BA 00CB 00DF 00B0 00E3 00DE 0097 00EF 009E 00FD 0008 0000
M042.ETC	0	9	053DF	0015 0002 0108 0109 010A 010B 00E9 00E0 00F2 0020 0105 010C 00E9 00BE 00B0 00CC 00DE 00EA 00E3 00DE 0097 00EF 009E 00FD 0008 0000
M042.ETC	0	10	053F7	0015 0002 00B6 00B0 00C4 00D8 00AF 00BC 00DE 0052 0041 004D 0096 00DE 0020 0091 00F8 00EF 009E 00FD 0008 0000
M042.ETC	0	11	0540C	0015 0002 00B6 00B0 00C4 00D8 00AF 00BC 00DE 0052 0041 004D 00E6 00EA 0020 010D 0097 010E 00F0 00E3 00DE 0097 00EF 009E 00FD 0008 0000
M042.ETC	0	12	05426	0015 0002 010F 0097 00FB 0098 00E9 009C 008E 0110 0086 0020 00EB 00E4 00E2 0111 008F 00E3 0003 009A 009A 00EF 00E3 00DE 00E9 0112 0113 0086 0020 0114 0115 009D 00F9 009A 00E4 0096 00DE 00E3 00DE 0097 00EF 009D 00A1 0003 0114 0115 009C 00EF 009D 0096 003F 0000
M042.ETC	0	13	05454	0015 0009 0007 0114 0115 0086 0116 0117 009D 00F9 00E0 00F2 00E6 0031 0037 00E9 0118 0097 0108 0109 0096 00DE 0119 011A 00E3 00DE 009D 00A1 0003 009A 00E9 00EF 00EF 00B9 00DE 00B0 00D1 0086 00BD 00C0 00B0 00C4 009B 009E 00E0 011B 011C 0003 0114 0115 0086 0116 0117 009D 00F9 009A 00E4 0096 00DE 00E3 00DE 0097 00EF 009E 00FD 0005 0003 0112 0113 00E9 0114 0115 0086 0116 0117 009C 00E0 0092 011B 011C 00EA 0003 0116 0117 00C3 00DE 00B0 00C0 011D 0102 011E 011F 00E3 00DE 00C3 00DE 00B0 00C0 0086 0120 0102 009C 00E3 0003 00B9 00DE 00B0 00D1 0086 0121 00BD 00C0 00B0 00C4 009C 00E3 0098 00E0 00DE 009B 0092 00A1 0008 0000
M042.ETC	0	14	054BF	0015 0002 0009 0007 010D 0097 010E 00F0 00E6 0122 0123 009C 00EF 009C 00E0 0008 0000
M042.ETC	0	15	054D1	0015 0002 00CA 00DE 00AF 00B8 00B1 00AF 00CC 00DF 00C3 00DE 00B0 00C0 00EA 0091 00F8 00EF 009E 00FD 0000
M042.ETC	0	16	054E6	0015 0009 0007 0106 0107 0052 0041 004D 00E9 0124 0125 0096 00DE 0020 00E3 00DE 0097 00E3 0092 00EF 009E 00FD 00A1 0003 0116 0117 00C3 00DE 00B0 00C0 011D 0102 011E 011F 00E3 00DE 0020 0126 00E3 00E9 0114 0115 0086 0103 009C 0003 00B9 00DE 00B0 00D1 0086 0020 0121 00BD 00C0 00B0 00C4 009C 00E3 0098 00E0 00DE 009B 0092 00A1 0000
M042.ETC	0	17	05520	0015 0009 0007 00B6 00B0 00C4 00D8 00AF 00BC 00DE 0052 0041 004D 00E9 0124 0125 0096 00DE 0020 00E3 00DE 0097 00E3 0092 00EF 009E 00FD 00A1 0003 0116 0117 00C3 00DE 00B0 00C0 011D 0102 011E 011F 00E3 00DE 0020 0126 00E3 00E9 0114 0115 0086 0103 009C 0003 00B9 00DE 00B0 00D1 0086 0020 0121 00BD 00C0 00B0 00C4 009C 00E3 0098 00E0 00DE 009B 0092 00A1 0000
M042.ETC	0	18	0555E	0015 000E 0086 0127 00E6 0128 00FA 00E0 0004 0000
M042.ETC	0	19	0556A	0015 000A 00EA 0020 00CA 00DE 00C4 00D9 00BF 00B0 00C4 00DE 0086 0129 00E2 0099 00E3 0003 00BC 00AE 00B0 00C4 00BF 00B0 00C4 00DE 0086 0020 012A 012B 00E6 0095 0092 00E0 00A1 0008 0000
M042.ETC	0	20	0558C	0015 012C 0096 00DE 0096 0096 008F 00E3 0092 00F9 0008 0000
M042.ETC	0	21	05598	009F 00FA 00EA 0020 0020 00B4 00D9 00CC 00E6 012D 00FC 00F9 012E 012F 0130 00A5 00A5 00A5 0003 0097 008F 00E4 0020 0020 000A 00E6 0131 0132 00E2 00EA 009D 00DE 00E0 00DE 0005 0000
M042.ETC	0	22	055BA	009A 00E9 0133 00EA 0020 0020 00B7 00D0 00E6 00EA 00EF 00E0 00DE 0134 0102 00E0 00DE 0003 009F 00FA 0086 0135 008F 00E3 0020 0020 0136 00E6 0137 00F8 00E5 009B 0092 0003 0092 009D 00DE 00FA 0138 0093 0139 00EF 00E3 00DE 00A5 00A5 00A5 009B 00F7 00EA 00DE 00E0 00DE 00A1 0008 0000
M042.ETC	0	23	055EA	00EF 0091 0020 000A 013A 008F 00E0 00F7 00A5 00A5 00A5 0003 013B 013C 0086 0020 0095 013D 00E6 009B 00FA 00F9 00E5 00FD 00E3 0003 013E 013F 008F 0140 0096 00DE 0020 0095 0091 00F8 00E5 00FD 00E3 00DE 009D 009A 00E4 0021 0008 0000
M042.ETC	0	24	05611	0093 00EC 00EC 00A5 00A5 00A5 000A 013A 00EA 0003 0141 0142 00E9 0143 0144 00E6 0020 0095 00E5 00F8 00E6 00E5 008F 00E3 00F3 0003 0096 009B 00DE 00F8 0140 00E9 00E5 0092 0020 0145 0146 00E3 00DE 009D 00E9 00E8 003F 0008 0000
M042.ETC	0	25	05639	000A 013A 00E9 0020 0095 0147 00FA 00E9 013B 013C 00EA 0003 00E4 00DE 00E1 00F7 00E3 00DE 0020 0129 00E2 0099 00F7 00FA 00E0 00E9 00E3 00DE 009D 003F 0003 0148 00E0 00DE 0096 0020 00E4 008F 00E3 00F3 0140 0149 0096 00DE 0091 00F8 00EF 009D 00FC 00A1 0008 0000
M042.ETC	0	26	05665	00BA 00CE 00DD 00A5 00A5 00A5 014A 009C 014B 0099 00DE 00E3 0095 0097 00EF 009D 0096 00DE 0003 014C 014D 00E6 0020 014E 0097 014F 0086 0135 00E1 010E 00F1 009A 00E4 00EA 0003 0096 00E0 0098 0150 009C 00DE 00F7 00FA 00E3 0095 00F8 00EF 009D 0020 00CA 00B2 00A1 0008 0000
M042.ETC	0	27	05695	0095 00F4 0020 000A 0151 00E9 0095 013D 00EA 00A5 00A5 00A5 0003 00F3 009C 00F4 0020 013B 013C 00E3 00DE 00EA 0091 00F8 00EF 009E 00E7 0096 00E5 0003 00ED 0094 0094 0020 009F 0093 0092 0093 0020 009C 008D 0152 00E3 00DE 009D 0096 003F 0008 0000
M042.ETC	0	28	056C0	0091 00FA 00EF 0091 0020 013B 013C 0086 0153 0094 00E3 00E9 0154 014C 00E4 00EA 0003 0092 008F 00E0 0092 0020 00E4 00DE 00E9 00F6 0093 00E5 0155 0156 00E3 00DE 009D 0096 00E5 003F 0003 009A 00FA 00EF 00E0 0020 0157 00FC 008F 00E0 0095 013D 00E0 00DE 009A 00E4 00A5 00A5 00A5 00A1 0008 0000
M042.ETC	0	29	056F1	0148 00E3 00DE 009D 0096 00A5 00A5 00A5 000A 0151 003F 0003 00F4 00F4 0020 00F3 009C 00F4 0020 009F 00E9 013B 013C 0086 0003 0158 0102 009C 00E3 0098 00FA 00E4 0020 0092 00FC 00FA 00EF 009D 0096 003F 0008 0000
M042.ETC	0	30	05715	0095 0159 00EA 0020 0141 0142 00E6 015A 015B 009C 00E0 009A 00E4 00E3 00DE 0003 00E4 00DE 009A 0096 0020 0095 0096 009C 0098 00E5 008F 00E0 00E9 0096 003F 0003 00E0 00DE 008F 00E3 0020 009F 00FA 0020 013B 013C 00E0 00DE 00F6 00E5 0091 00A1 0008 0000
M042.ETC	0	31	0573E	000A 0096 00DE 0020 0112 0113 00E6 015A 00E3 00F9 00E4 015C 0092 00E3 0003 00E4 00DE 00FD 00E5 009A 00E4 0086 0020 00F4 008F 00E3 0098 00F9 0096 00E4 015D 008F 00E0 00F7 0003 00A5 00A5 00A5 013B 013C 0086 0020 009B 0096 00DE 009C 00E3 0098 00F9 009A 00E4 00E4 00EA 0021 0008 0000
M042.ETC	0	32	0576D	0095 00FA 00EA 0020 000A 00E9 015A 015B 00E9 015E 00F7 009E 0086 0003 015F 0160 00E6 0020 00F6 00FB 009A 00FD 00E3 00DE 0092 00E0 00FD 00E0 00DE 0099 00E4 00DE 00A5 00A5 00A5 0003 013B 013C 0086 0153 0094 00F9 0020 0095 0159 0129 00F9 00E4 0020 00B6 00DE 00AF 00B6 00D8 00E0 00DE 00A1 0008 0000
M042.ETC	0	33	0579F	000A 0151 00EA 0020 0141 0142 00E6 00E5 00F7 00FA 00E3 0003 00EF 009D 00EF 009D 0020 00E0 0098 00EF 009C 0098 00E5 008F 00E0 00A5 00A5 00A5 0096 00DE 0003 00CC 00DF 00CC 00DF 00AF 0020 0095 013D 00E6 013B 013C 00E4 00EA 0020 00B9 00AF 00BB 00B8 00E0 00DE 0021 0008 0000
M042.ETC	0	34	057CE	0021 0020 0020 000A 013A 00EA 0020 00EA 009D 00DE 0096 009C 0098 00E5 0092 00E9 0096 003F 0003 0141 0142 00E0 00F9 0161 0096 00DE 0020 013B 013C 0086 0153 0094 00F9 00E4 00EA 00A5 00A5 00A5 0003 00B5 00C3 00DE 00B6 00DE 00DD 00E9 0141 0142 00F3 0020 0162 00E6 0163 00E1 00E0 00E5 0091 00A1 0008 0000
M042.ETC	0	35	05800	000A 013A 00E9 0020 0164 00FB 00E6 0092 00F9 00E9 00EA 0003 013B 013C 00E3 00DE 009D 0099 00E4 00DE 00A5 00A5 00A5 00EA 00EA 0091 00A5 00A5 00A5 0003 0141 0142 00E9 0112 0113 00E4 0020 0165 0166 0096 00DE 0091 00F9 00FD 00E3 00DE 009C 008E 003F 0008 0000
M042.ETC	0	36	0582B	000A 013A 00EA 0020 013B 013C 0086 0167 00FC 00FA 00E0 00E9 003F 0003 00E3 00DE 00F3 0020 00E5 00FD 00E3 0097 00FA 0092 00E5 013B 013C 00E5 00FD 00E3 00DE 009C 008E 0021 0003 009F 00FA 00E6 0020 0140 0149 00E6 0091 00EC 00FA 00E3 0092 00F9 00FC 00F6 00A1 0008 0000
M042.ETC	0	37	05858	000A 013A 00E4 0020 013B 013C 00E9 0168 00F8 011C 00FC 009E 003F 0003 00F0 00FD 00E5 00EA 0020 0095 0096 009C 0098 015D 0093 00E3 00DE 009C 008E 0093 0099 00E4 00DE 0003 0169 00EA 00A5 00A5 00A5 009D 009A 00DE 0098 00BD 00C3 00B7 00E0 00DE 00E4 015D 0093 00A1 0008 0000
M042.ETC	0	38	05887	0141 0142 00E6 00E5 00F7 00FA 00E0 0020 000A 013A 00E3 00DE 009D 00E8 003F 0003 009F 00FD 00E5 0143 0144 00E9 016A 0096 00DE 0020 0091 00F7 0020 0092 00F4 00E0 00DE 00FC 0091 0003 013B 013C 0096 00DE 0020 0164 0086 00E2 0099 00E3 0097 00E3 0092 00EF 009D 00FC 00F6 00A1 0008 0000
M042.ETC	0	39	058B7	00ED 008A 008A 0020 00CE 00DD 00C4 00E6 016B 0136 00E0 00DE 00E5 0091 00A5 00A5 00A5 0003 000A 0096 00DE 0020 013B 013C 0086 0153 0094 00E3 016C 0098 00E5 00FD 00E3 0003 0092 00EF 00EF 00E3 00DE 00E9 00B7 00D0 0096 00F7 00EA 0020 016D 0094 00F7 00FA 00E5 0092 00F6 00A1 0008 0000
M042.ETC	0	40	058E9	0093 0020 0093 00FD 003F 0020 00E5 00FD 00E0 00DE 00BB 00D9 009C 00DE 008C 00E5 0092 0096 0021 0003 015A 015B 00E9 00C1 00AC 00DD 00BD 0086 0020 00E9 0096 00DE 009C 00E0 00CE 00DE 00B8 0086 0003 00E5 0098 00DE 009B 00F2 00E6 0020 0097 00E3 0098 00FA 00E0 00FD 00E0 00DE 00E8 0020 0098 00DE 00B0 00A1 0008 0000
M042.ETC	0	41	0591E	00EF 0091 0020 0096 00FC 0092 0092 0020 0095 00BB 00D9 009B 00FD 0003 0097 008F 00E4 0020 0095 016E 00E3 00DE 00F3 009D 0092 00E0 00FD 00E3 00DE 009C 008E 003F 0003 00E3 00DE 00F3 016F 0020 00CA 00DE 00C5 00C5 00EA 0135 008F 00E3 0092 00E5 0092 00E9 00A1 0008 0000
M042.ETC	0	42	0594C	0091 00F7 00B2 00D4 00E0 00DE 00FC 0020 00BB 00D9 009C 00DE 008C 00E5 0092 00E9 00F6 0003 00BB 00D9 00EA 0020 009D 0098 00DE 00B2 00C0 00BD 00DE 00D7 009D 00F9 0096 00F7 0003 00B7 00D7 00B2 00E5 00E9 00F6 00E8 008A 0020 00BC 00AF 00BC 0020 00BC 00AF 00BC 00A1 0008 0000
M042.ETC	0	43	0597E	0095 014C 00E6 0020 0095 00BB 00D9 009B 00FD 0096 00DE 0098 00F9 00E5 00FD 00E3 0003 0097 008F 00E4 0020 00EA 009C 00DE 00F2 00E3 00E9 009A 00E4 009C 00DE 008C 00E5 0092 003F 0003 0099 0092 00EB 00DE 0170 00EA 0020 0148 009C 00E3 00F9 00E9 0096 009C 00F7 0021 0008 0000
M042.ETC	0	44	059AC	00BA 00CE 00DD 00A5 00A5 00A5 014A 009C 014B 0099 00DE 00E3 0095 0097 00EF 009D 0096 00DE 0003 00B5 00C3 00DE 00B6 00DE 00DD 014C 00E3 00DE 00EA 0020 014E 0097 014F 00E9 0128 014C 00EA 0003 0096 00E0 0098 0020 0095 0171 00F8 014A 009C 014B 0099 00DE 00E3 0095 00F8 00EF 009D 009F 00DE 00A1 0008 0000
M042.ETC	0	45	059DF	0095 0092 0020 00BB 00D9 0021 0020 00E4 00DE 009A 0096 00F7 0172 00E0 00FD 00E0 00DE 0003 009F 00FD 00E5 0173 00E3 00DE 0020 00C0 00DE 00DD 00BD 0086 009C 00E3 00E5 0092 00E3 00DE 0003 0174 00F1 0096 00F7 0020 014C 0096 00F7 015A 00E3 0175 008F 00E3 0098 00FA 0021 0008 0000
M042.ETC	0	46	05A0E	00EE 00EE 0093 0020 009A 00FA 0096 00DE 00D3 00DD 00B7 00B0 00C0 00DE 00DD 00BD 0021 0003 00E1 00EF 00E0 00E9 0020 0176 0161 00E0 00E1 00E9 0091 0092 00E0 00DE 00E3 00DE 00EA 0003 0177 0178 0175 00E9 0020 0095 00E4 00DE 00F8 00E4 015C 0097 00EF 009C 00E0 00A1 0008 0000
M042.ETC	0	47	05A3E	0091 00F8 008C 0020 009A 00F8 008C 00EF 00E0 00A5 00A5 00A5 00A5 0003 00E3 00DE 008F 0096 0092 00BB 00D9 0096 00DE 0020 00F4 008F 00E3 0097 00E0 009F 00DE 0003 00E4 00DE 0093 00F4 008F 00E3 0020 0158 0102 009D 00F9 00E9 0096 00E5 0091 003F 0008 0000
M042.ETC	0	48	05A68	009A 0092 00E2 0020 00B5 00DA 00E9 0159 00E3 00DE 00C0 00DE 00DD 00BD 00E4 00EA 0021 0003 0127 0179 0086 0132 00E3 00E5 0092 0020 00B5 00DA 00E9 009A 00E4 0086 0003 00CA 00DE 00B6 00E6 009C 00E3 00F9 00F0 00E0 0092 00E3 00DE 0020 0098 00F4 009C 0092 009E 00DE 00A1 0008 0000
M042.ETC	0	49	05A98	00C0 00DE 00DD 00BC 00DD 00B8 00DE 0020 00C0 00DE 00DD 00BC 00DD 00B8 00DE 0021 0003 009A 00F8 008C 00EF 00E0 0020 009D 0099 00DE 008A 00D8 00BD 00DE 00D1 017A 00E0 00DE 00E5 0003 00B5 00DA 00F3 0020 00D1 00BD 00DE 00D1 00BD 00DE 009C 00E3 0097 00E0 009E 00DE 0021 0008 0000
M042.ETC	0	50	05AC9	0091 0091 0020 00F4 00F2 00FB 008F 0020 00F4 00F2 00E3 0098 00FA 008F 0003 016F 0139 00EA 0020 017B 0096 00F7 017C 0096 00DE 017D 0092 008F 00E3 00E9 00E6 0003 009F 00FD 00E5 00E4 009A 00E3 00DE 0020 00C0 00DE 00DD 00BD 009B 00FA 00E3 00E0 00EF 00F9 0096 0021 0008 0000
M042.ETC	0	51	05AF8	014C 017E 017F 00E6 0020 0180 0177 00E5 00BB 00D9 0096 00DE 0172 00F9 00E5 00FD 00E3 0003 0148 0096 00E9 0020 0159 0181 00FA 00E6 00E1 0096 00DE 0092 00E5 0092 00E3 00DE 009D 0003 00A5 00A5 00A5 00E6 009C 00E3 00F3 0020 00C9 00D8 00E9 0092 0092 00BB 00D9 00E0 00DE 0021 0008 0000
M042.ETC	0	52	05B29	0091 00F8 008C 00F8 008C 0020 0092 0097 00E5 00F8 00C0 00DE 00DD 00BD 00E4 00EA 0003 0177 0182 00E6 009C 00E3 0020 010A 0183 00E5 00BB 00D9 00E3 00DE 009D 00E8 008A 0003 0092 00E2 00EF 00E3 00DE 0095 00E4 00DE 00F9 0096 0020 0129 00E3 00F6 008F 00E4 0021 0008 0000
M042.ETC	0	53	05B58	009A 00FA 00EA 0020 00BB 00D9 00E0 00DE 00F6 00E5 0091 00A5 00A5 00A5 0003 0184 00EF 00E3 00DE 0020 00F4 008F 00E3 00F9 008F 00E3 009A 00E4 00EA 0003 00BB 00B0 00B6 00BD 0096 00F7 0020 00E6 0099 00DE 00E0 00E9 0096 00F3 0021 0008 0000
M042.ETC	0	54	05B80	00EF 0091 0020 0096 00FC 0092 0092 0020 0095 00BB 00D9 009B 00FD 00E0 00DE 00FC 0003 00E3 00DE 00F3 00A5 00A5 00A5 0096 00FC 0092 0092 008F 00E3 0092 0093 00E6 00EA 0003 00E1 008E 008F 00E4 0020 0177 0097 009D 0097 00DE 00F9 0140 00F3 009D 00F9 00FC 00A1 0008 0000
M042.ETC	0	55	05BAD	0097 008C 00B0 008F 0020 00E0 00DE 00FA 0096 00B0 008F 0020 0185 0099 00E3 00B0 008F 0003 00A5 00A5 00A5 008F 00E3 0020 0095 00E4 00DE 00FB 0092 00E3 00F0 00E0 0099 00E4 00DE 0003 00EB 00E0 009D 00F7 0020 0095 00E4 00DE 008F 00E3 0092 00F9 00E0 00DE 0099 00E0 00DE 00FC 00A1 0008 0000
M042.ETC	0	56	05BDD	0186 0187 00E9 0157 00FC 00F8 013F 00EA 0020 00E4 00DE 00FD 00E5 014E 0097 014F 00F3 0003 00E0 009C 0096 00E6 0020 0188 0096 00FA 00F9 00F3 00E9 00E0 00DE 0099 00E4 00DE 0003 009A 00FA 00EA 0020 00E1 008E 008F 00E4 0020 0188 0096 00FA 009D 0097 00DE 00F6 00A1 0008 0000
M042.ETC	0	57	05C0D	000A 013A 0020 00B5 00C3 00DE 00B6 00DE 00DD 00E3 00DE 009D 00E9 00E8 003F 0008 0000
M042.ETC	0	58	05C1C	0169 00E9 00C6 00BE 0161 0096 00DE 0020 0092 00F9 0096 00E4 015D 0093 00E4 00A5 00A5 00A5 0003 000A 013A 00A5 00A5 00A5 0169 0020 0133 00E6 00EF 0092 00F8 00EF 009D 0003 00C6 00BE 0161 00E9 0189 0107 0086 0020 0091 00EA 00DE 0096 00E5 0099 00FA 00EA 00DE 0021 0008 0000
M042.ETC	0	59	05C4C	0015 009A 00E9 018A 018B 00EA 00B7 00B9 00DD 0020 0128 00F9 00ED 00DE 0096 00F7 009D 00DE 0021 0003 00BC 00DE 00AC 00DD 00CC 00DF 018C 0086 018D 0094 00F9 0020 018A 018B 00E9 012A 0096 00DE 013F 018E 00E3 00E9 0003 00C4 00DA 00BC 00DE 00AC 00B0 00CA 00DD 00C0 00B0 00ED 0020 00B5 00C3 00DE 00B6 00DE 00DD 018F 00A1 0008 0000
M042.ETC	0	60	05C88	0015 009A 00E9 0133 0020 00B5 00C3 00DE 00B6 00DE 00DD 0190 00E9 0162 016A 00ED 0003 0191 00E9 0192 0193 00E9 00E5 0092 0161 00EA 0020 0128 00F9 00ED 00DE 0096 00F7 009D 00DE 00A1 0008 0000
M042.ETC	0	61	05CAA	0015 009A 00E9 0133 0020 018A 0092 00E9 0194 00ED 0003 00B7 00C9 00BA 0168 00F8 00E6 0128 00F9 0161 00EA 0003 0195 014E 0196 014F 00E6 0020 0197 0144 0198 0193 0021 0008 0000
M042.ETC	0	62	05CCC	0015 009A 009A 0096 00F7 0020 00B8 00DE 00C4 00DE 00B0 00E9 0199 0003 00E4 00DE 0093 00F3 0093 00E5 0020 0196 014F 019A 009C 0021 0008 0000
M042.ETC	0	63	05CE5	0015 00F6 0093 009A 009F 0020 00B5 00C3 00DE 00B6 00DE 00DD 014C 017E 017F 00ED 0003 00E4 00DE 0093 009F 00DE 0020 00EF 008F 009D 0098 00DE 0095 0128 00F8 017E 009B 0092 00A1 0008 0000
M042.ETC	0	64	05D05	0015 00B5 00C3 00DE 00B6 00DE 00DD 014C 00A5 014C 017E 017F 00EA 0020 009A 00E9 0133 0021 0003 019B 0086 019C 008F 00E3 0020 019D 008F 0160 0098 00DE 0095 019E 00F0 017E 009B 0092 00A1 0008 0000
M042.ETC	0	65	05D28	0015 009A 009A 0096 00F7 0020 0190 00E6 00B5 00C3 00DE 00B6 00DE 00DD 014C 0003 019F 00E6 00B8 00DE 00C4 00DE 00B0 00E9 0199 00A5 018A 0092 00E9 0194 0003 01A0 00E6 01A1 01A2 0162 01A3 00A5 01A1 00E9 018A 018B 00A1 0008 0000
M042.ETC	0	66	05D51	0015 00B5 00C3 00DE 00B6 00DE 00DD 014C 00EA 0020 0190 00E6 019E 00F2 0021 0003 000A 00E9 01A4 01A5 00F6 00F8 0008 0000
M042.ETC	0	67	05D68	00ED 0092 0020 0092 00F7 008F 009C 008C 0092 0006 0003 0091 0092 00E6 0098 0126 01A6 0149 01A7 00FA 00E3 00DE 00E8 00A5 00A5 00A5 0003 00EF 00E0 0172 00E3 0098 00E0 00DE 009B 0092 00F6 00A1 0008 0000
M042.ETC	0	68	05D8C	0095 00F4 0020 0095 0097 008C 0098 009B 00FD 0096 0092 003F 0003 01A8 0092 0099 00E4 00DE 0020 00EF 00E0 00DE 0020 009C 00DE 008D 00FD 00EB 00DE 00E1 008D 0093 00E5 00FD 00E0 00DE 00F6 0003 00F3 0093 009D 009A 009C 009C 00E0 00F7 0020 00EF 00E0 0095 0092 00E3 00DE 0021 0000
M042.ETC	0	69	05DBB	00ED 0092 0092 00F7 008F 009C 008C 0092 0021 0003 0092 0092 0149 014F 00EA 00DE 0096 00F8 00E0 00DE 00F6 0021 0003 00F5 008F 0098 00F8 0129 00E3 0092 008F 00E3 0098 00FA 00F6 0021 0008 0000
M042.ETC	0	70	05DDD	000E 0020 00E0 00DE 00E8 0020 009F 0092 00E2 00EA 0003 01A9 01AA 0010 01AB 00E6 00E5 00F9 0099 00E4 00DE 0003 009F 00FA 00E3 00DE 0020 0092 0092 0096 0092 003F 0000
M042.ETC	0	71	05DFB	0002 00EA 0092 00F6 0020 019C 009D 009E 00DE 0003 00E0 00DE 0092 009C 00DE 00E6 0111 008F 00E3 0098 00FA 00F6 00E5 0021 0003 0007 0002 00F3 0093 01AC 00E2 0092 00F9 0096 0092 003F 0000
M042.ETC	0	72	05E1C	0002 009F 0092 00E2 00EA 009B 00DE 00FD 00E8 00FD 00E0 00DE 00E5 0091 0008 0000
M042.ETC	0	73	05E2B	0091 00F8 0096 00DE 00E4 0093 0020 00EF 00E0 00F6 008F 00E3 0098 00FA 00F6 0021 0007 0008 0000
M042.ETC	0	74	05E3D	0095 00F4 00A5 00A5 00A5 0095 01A9 0096 00DE 010B 00F8 00EF 009E 00FD 00F6 0008 0000
M042.ETC	0	75	05E4D	0095 00F4 00A5 00A5 00A5 000E 00EA 00F3 0093 0135 00E3 00EF 009E 00FD 00F6 0008 0000
M043.ETC	0	0	047D5	00B9 00DE 00B0 00D1 0086 0020 00E1 008D 0093 00E0 00DE 00FD 009C 00EF 009D 0003 00F6 00FB 009C 0092 00E3 00DE 009D 0096 003F 0000
M043.ETC	0	1	047EC	0015 0002 00C3 00DE 00B0 00C0 0086 0100 00FD 00E3 00DE 0098 00E0 00DE 009B 0092 0000
M043.ETC	0	2	047FC	0015 0002 0101 0102 0086 0100 00FD 00E3 00DE 0098 00E0 00DE 009B 0092 0000
M043.ETC	0	3	0480B	0015 0002 00CA 00DE 00AF 00B8 00B1 00AF 00CC 00DF 0052 0041 004D 0086 0100 00FD 00E3 00DE 0098 00E0 00DE 009B 0092 0000
M043.ETC	0	4	04823	0015 0002 009A 00E9 00C3 00DE 00B0 00C0 0086 0020 0103 009C 00E3 00F6 00FB 009C 0092 00E3 00DE 009D 0096 003F 0000
M043.ETC	0	5	04837	0015 0002 009A 00E9 00C3 00DE 00B0 00C0 0086 0020 0104 0105 009C 00EF 009D 0096 003F 0000
M043.ETC	0	6	04848	0015 0002 0106 0107 0052 0041 004D 00E9 0108 0109 0096 00DE 0020 010A 010B 009C 00E3 0092 00EF 009D 0008 0000
M043.ETC	0	7	0485D	0015 0002 00B6 00B0 00C4 00D8 00AF 00BC 00DE 0052 0041 004D 00E9 0108 0109 0096 00DE 0020 010A 010B 009C 00E3 0092 00EF 009D 0008 0000
M043.ETC	0	8	04876	0015 0002 0108 0109 010A 010B 00E9 00E0 00F2 0020 00BA 00CB 00DF 00B0 00E3 00DE 0097 00EF 009E 00FD 0008 0000
M043.ETC	0	9	0488B	0015 0002 0108 0109 010A 010B 00E9 00E0 00F2 0020 0105 010C 00E9 00BE 00B0 00CC 00DE 00EA 00E3 00DE 0097 00EF 009E 00FD 0008 0000
M043.ETC	0	10	048A3	0015 0002 00B6 00B0 00C4 00D8 00AF 00BC 00DE 0052 0041 004D 0096 00DE 0020 0091 00F8 00EF 009E 00FD 0008 0000
M043.ETC	0	11	048B8	0015 0002 00B6 00B0 00C4 00D8 00AF 00BC 00DE 0052 0041 004D 00E6 00EA 0020 010D 0097 010E 00F0 00E3 00DE 0097 00EF 009E 00FD 0008 0000
M043.ETC	0	12	048D2	0015 0002 010F 0097 00FB 0098 00E9 009C 008E 0110 0086 0020 00EB 00E4 00E2 0111 008F 00E3 0003 009A 009A 00EF 00E3 00DE 00E9 0112 0113 0086 0020 0114 0115 009D 00F9 009A 00E4 0096 00DE 00E3 00DE 0097 00EF 009D 00A1 0003 0114 0115 009C 00EF 009D 0096 003F 0000
M043.ETC	0	13	048FE	0015 0009 0007 0114 0115 0086 0116 0117 009D 00F9 00E0 00F2 00E6 0031 0037 00E9 0118 0097 0108 0109 0096 00DE 0119 011A 00E3 00DE 009D 00A1 0003 009A 00E9 00EF 00EF 00B9 00DE 00B0 00D1 0086 00BD 00C0 00B0 00C4 009B 009E 00E0 011B 011C 0003 0114 0115 0086 0116 0117 009D 00F9 009A 00E4 0096 00DE 00E3 00DE 0097 00EF 009E 00FD 0005 0003 0112 0113 00E9 0114 0115 0086 0116 0117 009C 00E0 0092 011B 011C 00EA 0003 0116 0117 00C3 00DE 00B0 00C0 011D 0102 011E 011F 00E3 00DE 00C3 00DE 00B0 00C0 0086 0120 0102 009C 00E3 0003 00B9 00DE 00B0 00D1 0086 0121 00BD 00C0 00B0 00C4 009C 00E3 0098 00E0 00DE 009B 0092 00A1 0008 0000
M043.ETC	0	14	04968	0015 0002 0009 0007 010D 0097 010E 00F0 00E6 0122 0123 009C 00EF 009C 00E0 0008 0000
M043.ETC	0	15	0497A	0015 0002 00CA 00DE 00AF 00B8 00B1 00AF 00CC 00DF 00C3 00DE 00B0 00C0 00EA 0091 00F8 00EF 009E 00FD 0000
M043.ETC	0	16	0498F	0015 0009 0007 0106 0107 0052 0041 004D 00E9 0124 0125 0096 00DE 0020 00E3 00DE 0097 00E3 0092 00EF 009E 00FD 00A1 0003 0116 0117 00C3 00DE 00B0 00C0 011D 0102 011E 011F 00E3 00DE 0020 0126 00E3 00E9 0114 0115 0086 0103 009C 0003 00B9 00DE 00B0 00D1 0086 0020 0121 00BD 00C0 00B0 00C4 009C 00E3 0098 00E0 00DE 009B 0092 00A1 0000
M043.ETC	0	17	049C8	0015 0009 0007 00B6 00B0 00C4 00D8 00AF 00BC 00DE 0052 0041 004D 00E9 0124 0125 0096 00DE 0020 00E3 00DE 0097 00E3 0092 00EF 009E 00FD 00A1 0003 0116 0117 00C3 00DE 00B0 00C0 011D 0102 011E 011F 00E3 00DE 0020 0126 00E3 00E9 0114 0115 0086 0103 009C 0003 00B9 00DE 00B0 00D1 0086 0020 0121 00BD 00C0 00B0 00C4 009C 00E3 0098 00E0 00DE 009B 0092 00A1 0000
M043.ETC	0	18	04A05	0015 000E 0086 0127 00E6 0128 00FA 00E0 0004 0000
M043.ETC	0	19	04A11	0015 000A 00EA 0020 00CA 00DE 00C4 00D9 00BF 00B0 00C4 00DE 0086 0129 00E2 0099 00E3 0003 00BC 00AE 00B0 00C4 00BF 00B0 00C4 00DE 0086 0020 012A 012B 00E6 0095 0092 00E0 00A1 0008 0000
M043.ETC	0	20	04A34	0015 012C 0096 00DE 0096 0096 008F 00E3 0092 00F9 0008 0000
M043.ETC	0	21	04A3F	009F 00FA 00EA 0020 0020 00B4 00D9 00CC 00E6 012D 00FC 00F9 012E 012F 0130 00A5 00A5 00A5 0003 0097 008F 00E4 0020 0020 000A 00E6 0131 0132 00E2 00EA 009D 00DE 00E0 00DE 0005 0000
M043.ETC	0	22	04A60	009A 00E9 0133 00EA 0020 0020 00B7 00D0 00E6 00EA 00EF 00E0 00DE 0134 0102 00E0 00DE 0003 009F 00FA 0086 0135 008F 00E3 0020 0020 0136 00E6 0137 00F8 00E5 009B 0092 0003 0092 009D 00DE 00FA 0138 0093 0139 00EF 00E3 00DE 00A5 00A5 00A5 009B 00F7 00EA 00DE 00E0 00DE 00A1 0008 0000
M043.ETC	0	23	04A8F	00EF 0091 0020 000A 013A 008F 00E0 00F7 00A5 00A5 00A5 0003 013B 013C 0086 0020 0095 013D 00E6 009B 00FA 00F9 00E5 00FD 00E3 0003 013E 013F 008F 0140 0096 00DE 0020 0095 0091 00F8 00E5 00FD 00E3 00DE 009D 009A 00E4 0021 0008 0000
M043.ETC	0	24	04AB5	0093 00EC 00EC 00A5 00A5 00A5 000A 013A 00EA 0003 0141 0142 00E9 0143 0144 00E6 0020 0095 00E5 00F8 00E6 00E5 008F 00E3 00F3 0003 0096 009B 00DE 00F8 0140 00E9 00E5 0092 0020 0145 0146 00E3 00DE 009D 00E9 00E8 003F 0008 0000
M043.ETC	0	25	04ADC	000A 013A 00E9 0020 0095 0147 00FA 00E9 013B 013C 00EA 0003 00E4 00DE 00E1 00F7 00E3 00DE 0020 0129 00E2 0099 00F7 00FA 00E0 00E9 00E3 00DE 009D 003F 0003 0148 00E0 00DE 0096 0020 00E4 008F 00E3 00F3 0140 0149 0096 00DE 0091 00F8 00EF 009D 00FC 00A1 0008 0000
M043.ETC	0	26	04B07	00BA 00CE 00DD 00A5 00A5 00A5 014A 009C 014B 0099 00DE 00E3 0095 0097 00EF 009D 0096 00DE 0003 014C 014D 00E6 0020 014E 0097 014F 0086 0135 00E1 010E 00F1 009A 00E4 00EA 0003 0096 00E0 0098 0150 009C 00DE 00F7 00FA 00E3 0095 00F8 00EF 009D 0020 00CA 00B2 00A1 0008 0000
M043.ETC	0	27	04B37	0095 00F4 0020 000A 0151 00E9 0095 013D 00EA 00A5 00A5 00A5 0003 00F3 009C 00F4 0020 013B 013C 00E3 00DE 00EA 0091 00F8 00EF 009E 00E7 0096 00E5 0003 00ED 0094 0094 0020 009F 0093 0092 0093 0020 009C 008D 0152 00E3 00DE 009D 0096 003F 0008 0000
M043.ETC	0	28	04B62	0091 00FA 00EF 0091 0020 013B 013C 0086 0153 0094 00E3 00E9 0154 014C 00E4 00EA 0003 0092 008F 00E0 0092 0020 00E4 00DE 00E9 00F6 0093 00E5 0155 0156 00E3 00DE 009D 0096 00E5 003F 0003 009A 00FA 00EF 00E0 0020 0157 00FC 008F 00E0 0095 013D 00E0 00DE 009A 00E4 00A5 00A5 00A5 00A1 0008 0000
M043.ETC	0	29	04B92	0148 00E3 00DE 009D 0096 00A5 00A5 00A5 000A 0151 003F 0003 00F4 00F4 0020 00F3 009C 00F4 0020 009F 00E9 013B 013C 0086 0003 0158 0102 009C 00E3 0098 00FA 00E4 0020 0092 00FC 00FA 00EF 009D 0096 003F 0008 0000
M043.ETC	0	30	04BB6	0095 0159 00EA 0020 0141 0142 00E6 015A 015B 009C 00E0 009A 00E4 00E3 00DE 0003 00E4 00DE 009A 0096 0020 0095 0096 009C 0098 00E5 008F 00E0 00E9 0096 003F 0003 00E0 00DE 008F 00E3 0020 009F 00FA 0020 013B 013C 00E0 00DE 00F6 00E5 0091 00A1 0008 0000
M043.ETC	0	31	04BDF	000A 0096 00DE 0020 0112 0113 00E6 015A 00E3 00F9 00E4 015C 0092 00E3 0003 00E4 00DE 00FD 00E5 009A 00E4 0086 0020 00F4 008F 00E3 0098 00F9 0096 00E4 015D 008F 00E0 00F7 0003 00A5 00A5 00A5 013B 013C 0086 0020 009B 0096 00DE 009C 00E3 0098 00F9 009A 00E4 00E4 00EA 0021 0008 0000
M043.ETC	0	32	04C0D	0095 00FA 00EA 0020 000A 00E9 015A 015B 00E9 015E 00F7 009E 0086 0003 015F 0160 00E6 0020 00F6 00FB 009A 00FD 00E3 00DE 0092 00E0 00FD 00E0 00DE 0099 00E4 00DE 00A5 00A5 00A5 0003 013B 013C 0086 0153 0094 00F9 0020 0095 0159 0129 00F9 00E4 0020 00B6 00DE 00AF 00B6 00D8 00E0 00DE 00A1 0008 0000
M043.ETC	0	33	04C3F	000A 0151 00EA 0020 0141 0142 00E6 00E5 00F7 00FA 00E3 0003 00EF 009D 00EF 009D 0020 00E0 0098 00EF 009C 0098 00E5 008F 00E0 00A5 00A5 00A5 0096 00DE 0003 00CC 00DF 00CC 00DF 00AF 0020 0095 013D 00E6 013B 013C 00E4 00EA 0020 00B9 00AF 00BB 00B8 00E0 00DE 0021 0008 0000
M043.ETC	0	34	04C6E	0021 0020 0020 000A 013A 00EA 0020 00EA 009D 00DE 0096 009C 0098 00E5 0092 00E9 0096 003F 0003 0141 0142 00E0 00F9 0161 0096 00DE 0020 013B 013C 0086 0153 0094 00F9 00E4 00EA 00A5 00A5 00A5 0003 00B5 00C3 00DE 00B6 00DE 00DD 00E9 0141 0142 00F3 0020 0162 00E6 0163 00E1 00E0 00E5 0091 00A1 0008 0000
M043.ETC	0	35	04CA0	000A 013A 00E9 0020 0164 00FB 00E6 0092 00F9 00E9 00EA 0003 013B 013C 00E3 00DE 009D 0099 00E4 00DE 00A5 00A5 00A5 00EA 00EA 0091 00A5 00A5 00A5 0003 0141 0142 00E9 0112 0113 00E4 0020 0165 0166 0096 00DE 0091 00F9 00FD 00E3 00DE 009C 008E 003F 0008 0000
M043.ETC	0	36	04CCA	000A 013A 00EA 0020 013B 013C 0086 0167 00FC 00FA 00E0 00E9 003F 0003 00E3 00DE 00F3 0020 00E5 00FD 00E3 0097 00FA 0092 00E5 013B 013C 00E5 00FD 00E3 00DE 009C 008E 0021 0003 009F 00FA 00E6 0020 0140 0149 00E6 0091 00EC 00FA 00E3 0092 00F9 00FC 00F6 00A1 0008 0000
M043.ETC	0	37	04CF7	000A 013A 00E4 0020 013B 013C 00E9 0168 00F8 011C 00FC 009E 003F 0003 00F0 00FD 00E5 00EA 0020 0095 0096 009C 0098 015D 0093 00E3 00DE 009C 008E 0093 0099 00E4 00DE 0003 0169 00EA 00A5 00A5 00A5 009D 009A 00DE 0098 00BD 00C3 00B7 00E0 00DE 00E4 015D 0093 00A1 0008 0000
M043.ETC	0	38	04D26	0141 0142 00E6 00E5 00F7 00FA 00E0 0020 000A 013A 00E3 00DE 009D 00E8 003F 0003 009F 00FD 00E5 0143 0144 00E9 016A 0096 00DE 0020 0091 00F7 0020 0092 00F4 00E0 00DE 00FC 0091 0003 013B 013C 0096 00DE 0020 0164 0086 00E2 0099 00E3 0097 00E3 0092 00EF 009D 00FC 00F6 00A1 0008 0000
M043.ETC	0	39	04D55	00ED 008A 008A 0020 00CE 00DD 00C4 00E6 016B 0136 00E0 00DE 00E5 0091 00A5 00A5 00A5 0003 000A 0096 00DE 0020 013B 013C 0086 0153 0094 00E3 016C 0098 00E5 00FD 00E3 0003 0092 00EF 00EF 00E3 00DE 00E9 00B7 00D0 0096 00F7 00EA 0020 016D 0094 00F7 00FA 00E5 0092 00F6 00A1 0008 0000
M043.ETC	0	40	04D86	0093 0020 0093 00FD 003F 0020 00E5 00FD 00E0 00DE 00BB 00D9 009C 00DE 008C 00E5 0092 0096 0021 0003 015A 015B 00E9 00C1 00AC 00DD 00BD 0086 0020 00E9 0096 00DE 009C 00E0 00CE 00DE 00B8 0086 0003 00E5 0098 00DE 009B 00F2 00E6 0020 0097 00E3 0098 00FA 00E0 00FD 00E0 00DE 00E8 0020 0098 00DE 00B0 00A1 0008 0000
M043.ETC	0	41	04DBB	00EF 0091 0020 0096 00FC 0092 0092 0020 0095 00BB 00D9 009B 00FD 0003 0097 008F 00E4 0020 0095 016E 00E3 00DE 00F3 009D 0092 00E0 00FD 00E3 00DE 009C 008E 003F 0003 00E3 00DE 00F3 016F 0020 00CA 00DE 00C5 00C5 00EA 0135 008F 00E3 0092 00E5 0092 00E9 00A1 0008 0000
M043.ETC	0	42	04DE8	0091 00F7 00B2 00D4 00E0 00DE 00FC 0020 00BB 00D9 009C 00DE 008C 00E5 0092 00E9 00F6 0003 00BB 00D9 00EA 0020 009D 0098 00DE 00B2 00C0 00BD 00DE 00D7 009D 00F9 0096 00F7 0003 00B7 00D7 00B2 00E5 00E9 00F6 00E8 008A 0020 00BC 00AF 00BC 0020 00BC 00AF 00BC 00A1 0008 0000
M043.ETC	0	43	04E1A	0095 014C 00E6 0020 0095 00BB 00D9 009B 00FD 0096 00DE 0098 00F9 00E5 00FD 00E3 0003 0097 008F 00E4 0020 00EA 009C 00DE 00F2 00E3 00E9 009A 00E4 009C 00DE 008C 00E5 0092 003F 0003 0099 0092 00EB 00DE 0170 00EA 0020 0148 009C 00E3 00F9 00E9 0096 009C 00F7 0021 0008 0000
M043.ETC	0	44	04E48	00BA 00CE 00DD 00A5 00A5 00A5 014A 009C 014B 0099 00DE 00E3 0095 0097 00EF 009D 0096 00DE 0003 00B5 00C3 00DE 00B6 00DE 00DD 014C 00E3 00DE 00EA 0020 014E 0097 014F 00E9 0128 014C 00EA 0003 0096 00E0 0098 0020 0095 0171 00F8 014A 009C 014B 0099 00DE 00E3 0095 00F8 00EF 009D 009F 00DE 00A1 0008 0000
M043.ETC	0	45	04E7B	0095 0092 0020 00BB 00D9 0021 0020 00E4 00DE 009A 0096 00F7 0172 00E0 00FD 00E0 00DE 0003 009F 00FD 00E5 0173 00E3 00DE 0020 00C0 00DE 00DD 00BD 0086 009C 00E3 00E5 0092 00E3 00DE 0003 0174 00F1 0096 00F7 0020 014C 0096 00F7 015A 00E3 0175 008F 00E3 0098 00FA 0021 0008 0000
M043.ETC	0	46	04EA9	00EE 00EE 0093 0020 009A 00FA 0096 00DE 00D3 00DD 00B7 00B0 00C0 00DE 00DD 00BD 0021 0003 00E1 00EF 00E0 00E9 0020 0176 0161 00E0 00E1 00E9 0091 0092 00E0 00DE 00E3 00DE 00EA 0003 0177 0178 0175 00E9 0020 0095 00E4 00DE 00F8 00E4 015C 0097 00EF 009C 00E0 00A1 0008 0000
M043.ETC	0	47	04ED9	0091 00F8 008C 0020 009A 00F8 008C 00EF 00E0 00A5 00A5 00A5 00A5 0003 00E3 00DE 008F 0096 0092 00BB 00D9 0096 00DE 0020 00F4 008F 00E3 0097 00E0 009F 00DE 0003 00E4 00DE 0093 00F4 008F 00E3 0020 0158 0102 009D 00F9 00E9 0096 00E5 0091 003F 0008 0000
M043.ETC	0	48	04F03	009A 0092 00E2 0020 00B5 00DA 00E9 0159 00E3 00DE 00C0 00DE 00DD 00BD 00E4 00EA 0021 0003 0127 0179 0086 0132 00E3 00E5 0092 0020 00B5 00DA 00E9 009A 00E4 0086 0003 00CA 00DE 00B6 00E6 009C 00E3 00F9 00F0 00E0 0092 00E3 00DE 0020 0098 00F4 009C 0092 009E 00DE 00A1 0008 0000
M043.ETC	0	49	04F33	00C0 00DE 00DD 00BC 00DD 00B8 00DE 0020 00C0 00DE 00DD 00BC 00DD 00B8 00DE 0021 0003 009A 00F8 008C 00EF 00E0 0020 009D 0099 00DE 008A 00D8 00BD 00DE 00D1 017A 00E0 00DE 00E5 0003 00B5 00DA 00F3 0020 00D1 00BD 00DE 00D1 00BD 00DE 009C 00E3 0097 00E0 009E 00DE 0021 0008 0000
M043.ETC	0	50	04F64	0091 0091 0020 00F4 00F2 00FB 008F 0020 00F4 00F2 00E3 0098 00FA 008F 0003 016F 0139 00EA 0020 017B 0096 00F7 017C 0096 00DE 017D 0092 008F 00E3 00E9 00E6 0003 009F 00FD 00E5 00E4 009A 00E3 00DE 0020 00C0 00DE 00DD 00BD 009B 00FA 00E3 00E0 00EF 00F9 0096 0021 0008 0000
M043.ETC	0	51	04F92	014C 017E 017F 00E6 0020 0180 0177 00E5 00BB 00D9 0096 00DE 0172 00F9 00E5 00FD 00E3 0003 0148 0096 00E9 0020 0159 0181 00FA 00E6 00E1 0096 00DE 0092 00E5 0092 00E3 00DE 009D 0003 00A5 00A5 00A5 00E6 009C 00E3 00F3 0020 00C9 00D8 00E9 0092 0092 00BB 00D9 00E0 00DE 0021 0008 0000
M043.ETC	0	52	04FC2	0091 00F8 008C 00F8 008C 0020 0092 0097 00E5 00F8 00C0 00DE 00DD 00BD 00E4 00EA 0003 0177 0182 00E6 009C 00E3 0020 010A 0183 00E5 00BB 00D9 00E3 00DE 009D 00E8 008A 0003 0092 00E2 00EF 00E3 00DE 0095 00E4 00DE 00F9 0096 0020 0129 00E3 00F6 008F 00E4 0021 0008 0000
M043.ETC	0	53	04FF0	009A 00FA 00EA 0020 00BB 00D9 00E0 00DE 00F6 00E5 0091 00A5 00A5 00A5 0003 0184 00EF 00E3 00DE 0020 00F4 008F 00E3 00F9 008F 00E3 009A 00E4 00EA 0003 00BB 00B0 00B6 00BD 0096 00F7 0020 00E6 0099 00DE 00E0 00E9 0096 00F3 0021 0008 0000
M043.ETC	0	54	05017	00EF 0091 0020 0096 00FC 0092 0092 0020 0095 00BB 00D9 009B 00FD 00E0 00DE 00FC 0003 00E3 00DE 00F3 00A5 00A5 00A5 0096 00FC 0092 0092 008F 00E3 0092 0093 00E6 00EA 0003 00E1 008E 008F 00E4 0020 0177 0097 009D 0097 00DE 00F9 0140 00F3 009D 00F9 00FC 00A1 0008 0000
M043.ETC	0	55	05044	0097 008C 00B0 008F 0020 00E0 00DE 00FA 0096 00B0 008F 0020 0185 0099 00E3 00B0 008F 0003 00A5 00A5 00A5 008F 00E3 0020 0095 00E4 00DE 00FB 0092 00E3 00F0 00E0 0099 00E4 00DE 0003 00EB 00E0 009D 00F7 0020 0095 00E4 00DE 008F 00E3 0092 00F9 00E0 00DE 0099 00E0 00DE 00FC 00A1 0008 0000
M043.ETC	0	56	05073	0186 0187 00E9 0157 00FC 00F8 013F 00EA 0020 00E4 00DE 00FD 00E5 014E 0097 014F 00F3 0003 00E0 009C 0096 00E6 0020 0188 0096 00FA 00F9 00F3 00E9 00E0 00DE 0099 00E4 00DE 0003 009A 00FA 00EA 0020 00E1 008E 008F 00E4 0020 0188 0096 00FA 009D 0097 00DE 00F6 00A1 0008 0000
M043.ETC	0	57	050A2	00ED 0092 0020 0092 00F7 008F 009C 008C 0092 0006 0003 0091 0092 00E6 0098 0126 0189 0149 018A 00FA 00E3 00DE 00E8 00A5 00A5 00A5 0003 00EF 00E0 0172 00E3 0098 00E0 00DE 009B 0092 00F6 00A1 0008 0000
M043.ETC	0	58	050C6	0095 00F4 0020 0095 0097 008C 0098 009B 00FD 0096 0092 003F 0003 018B 0092 0099 00E4 00DE 0020 00EF 00E0 00DE 0020 009C 00DE 008D 00FD 00EB 00DE 00E1 008D 0093 00E5 00FD 00E0 00DE 00F6 0003 00F3 0093 009D 009A 009C 009C 00E0 00F7 0020 00EF 00E0 0095 0092 00E3 00DE 0021 0000
M043.ETC	0	59	050F5	00ED 0092 0092 00F7 008F 009C 008C 0092 0021 0003 0092 0092 0149 014F 00EA 00DE 0096 00F8 00E0 00DE 00F6 0021 0003 00F5 008F 0098 00F8 0129 00E3 0092 008F 00E3 0098 00FA 00F6 0021 0008 0000
M043.ETC	0	60	05117	000E 0020 00E0 00DE 00E8 0020 009F 0092 00E2 00EA 0003 018C 018D 0010 018E 00E6 00E5 00F9 0099 00E4 00DE 0003 009F 00FA 00E3 00DE 0020 0092 0092 0096 0092 003F 0000
M043.ETC	0	61	05135	0002 00EA 0092 00F6 0020 018F 009D 009E 00DE 0003 00E0 00DE 0092 009C 00DE 00E6 0111 008F 00E3 0098 00FA 00F6 00E5 0021 0003 0007 0002 00F3 0093 0190 00E2 0092 00F9 0096 0092 003F 0000
M043.ETC	0	62	05156	0002 009F 0092 00E2 00EA 009B 00DE 00FD 00E8 00FD 00E0 00DE 00E5 0091 0008 0000
M043.ETC	0	63	05165	0091 00F8 0096 00DE 00E4 0093 0020 00EF 00E0 00F6 008F 00E3 0098 00FA 00F6 0021 0007 0008 0000
M043.ETC	0	64	05177	0095 00F4 00A5 00A5 00A5 0095 018C 0096 00DE 010B 00F8 00EF 009E 00FD 00F6 0008 0000
M043.ETC	0	65	05186	0095 00F4 00A5 00A5 00A5 000E 00EA 00F3 0093 0135 00E3 00EF 009E 00FD 00F6 0008 0000
M051.ETC	0	0	09123	00B9 00DE 00B0 00D1 0086 0020 00E1 008D 0093 00E0 00DE 00FD 009C 00EF 009D 0003 00F6 00FB 009C 0092 00E3 00DE 009D 0096 003F 0000
M051.ETC	0	1	0913C	0015 0002 00C3 00DE 00B0 00C0 0086 0100 00FD 00E3 00DE 0098 00E0 00DE 009B 0092 0000
M051.ETC	0	2	0914D	0015 0002 0101 0102 0086 0100 00FD 00E3 00DE 0098 00E0 00DE 009B 0092 0000
M051.ETC	0	3	0915F	0015 0002 00CA 00DE 00AF 00B8 00B1 00AF 00CC 00DF 0052 0041 004D 0086 0100 00FD 00E3 00DE 0098 00E0 00DE 009B 0092 0000
M051.ETC	0	4	0917A	0015 0002 009A 00E9 00C3 00DE 00B0 00C0 0086 0020 0103 009C 00E3 00F6 00FB 009C 0092 00E3 00DE 009D 0096 003F 0000
M051.ETC	0	5	09190	0015 0002 009A 00E9 00C3 00DE 00B0 00C0 0086 0020 0104 0105 009C 00EF 009D 0096 003F 0000
M051.ETC	0	6	091A3	0015 0002 0106 0107 0052 0041 004D 00E9 0108 0109 0096 00DE 0020 010A 010B 009C 00E3 0092 00EF 009D 0008 0000
M051.ETC	0	7	091BC	0015 0002 00B6 00B0 00C4 00D8 00AF 00BC 00DE 0052 0041 004D 00E9 0108 0109 0096 00DE 0020 010A 010B 009C 00E3 0092 00EF 009D 0008 0000
M051.ETC	0	8	091D9	0015 0002 0108 0109 010A 010B 00E9 00E0 00F2 0020 00BA 00CB 00DF 00B0 00E3 00DE 0097 00EF 009E 00FD 0008 0000
M051.ETC	0	9	091F0	0015 0002 0108 0109 010A 010B 00E9 00E0 00F2 0020 0105 010C 00E9 00BE 00B0 00CC 00DE 00EA 00E3 00DE 0097 00EF 009E 00FD 0008 0000
M051.ETC	0	10	0920C	0015 0002 00B6 00B0 00C4 00D8 00AF 00BC 00DE 0052 0041 004D 0096 00DE 0020 0091 00F8 00EF 009E 00FD 0008 0000
M051.ETC	0	11	09224	0015 0002 00B6 00B0 00C4 00D8 00AF 00BC 00DE 0052 0041 004D 00E6 00EA 0020 010D 0097 010E 00F0 00E3 00DE 0097 00EF 009E 00FD 0008 0000
M051.ETC	0	12	09241	0015 0002 010F 0097 00FB 0098 00E9 009C 008E 0110 0086 0020 00EB 00E4 00E2 0111 008F 00E3 0003 009A 009A 00EF 00E3 00DE 00E9 0112 0113 0086 0020 0114 0115 009D 00F9 009A 00E4 0096 00DE 00E3 00DE 0097 00EF 009D 00A1 0003 0114 0115 009C 00EF 009D 0096 003F 0000
M051.ETC	0	13	09272	0015 0009 0007 0114 0115 0086 0116 0117 009D 00F9 00E0 00F2 00E6 0031 0037 00E9 0118 0097 0108 0109 0096 00DE 0119 011A 00E3 00DE 009D 00A1 0003 009A 00E9 00EF 00EF 00B9 00DE 00B0 00D1 0086 00BD 00C0 00B0 00C4 009B 009E 00E0 011B 011C 0003 0114 0115 0086 0116 0117 009D 00F9 009A 00E4 0096 00DE 00E3 00DE 0097 00EF 009E 00FD 0005 0003 0112 0113 00E9 0114 0115 0086 0116 0117 009C 00E0 0092 011B 011C 00EA 0003 0116 0117 00C3 00DE 00B0 00C0 011D 0102 011E 011F 00E3 00DE 00C3 00DE 00B0 00C0 0086 0120 0102 009C 00E3 0003 00B9 00DE 00B0 00D1 0086 0121 00BD 00C0 00B0 00C4 009C 00E3 0098 00E0 00DE 009B 0092 00A1 0008 0000
M051.ETC	0	14	092EB	0015 0002 0009 0007 010D 0097 010E 00F0 00E6 0122 0123 009C 00EF 009C 00E0 0008 0000
M051.ETC	0	15	09300	0015 0002 00CA 00DE 00AF 00B8 00B1 00AF 00CC 00DF 00C3 00DE 00B0 00C0 00EA 0091 00F8 00EF 009E 00FD 0000
M051.ETC	0	16	09317	0015 0009 0007 0106 0107 0052 0041 004D 00E9 0124 0125 0096 00DE 0020 00E3 00DE 0097 00E3 0092 00EF 009E 00FD 00A1 0003 0116 0117 00C3 00DE 00B0 00C0 011D 0102 011E 011F 00E3 00DE 0020 0126 00E3 00E9 0114 0115 0086 0103 009C 0003 00B9 00DE 00B0 00D1 0086 0020 0121 00BD 00C0 00B0 00C4 009C 00E3 0098 00E0 00DE 009B 0092 00A1 0000
M051.ETC	0	17	09358	0015 0009 0007 00B6 00B0 00C4 00D8 00AF 00BC 00DE 0052 0041 004D 00E9 0124 0125 0096 00DE 0020 00E3 00DE 0097 00E3 0092 00EF 009E 00FD 00A1 0003 0116 0117 00C3 00DE 00B0 00C0 011D 0102 011E 011F 00E3 00DE 0020 0126 00E3 00E9 0114 0115 0086 0103 009C 0003 00B9 00DE 00B0 00D1 0086 0020 0121 00BD 00C0 00B0 00C4 009C 00E3 0098 00E0 00DE 009B 0092 00A1 0000
M051.ETC	0	18	0939D	0015 000E 0086 0127 00E6 0128 00FA 00E0 0004 0000
M051.ETC	0	19	093AA	0015 000A 00EA 0020 00CA 00DE 00C4 00D9 00BF 00B0 00C4 00DE 0086 0129 00E2 0099 00E3 0003 00BC 00AE 00B0 00C4 00BF 00B0 00C4 00DE 0086 0020 012A 012B 00E6 0095 0092 00E0 00A1 0008 0000
M051.ETC	0	20	093CF	0015 012C 0096 00DE 0096 0096 008F 00E3 0092 00F9 0004 0000
M051.ETC	0	21	093DC	009F 00FA 00EA 0020 00B4 00D9 00CC 00E6 012D 00FC 00F9 012E 012F 0130 00A5 00A5 00A5 0003 0097 008F 00E4 0020 000A 00E6 0131 0132 00E2 00EA 009D 00DE 00E0 00DE 0005 0000
M051.ETC	0	22	093FD	009A 00E9 0133 00EA 0020 00B7 00D0 00E6 00EA 00EF 00E0 00DE 0134 0102 00E0 00DE 0003 009F 00FA 0086 0135 008F 00E3 0020 0136 00E6 0137 00F8 00E5 009B 0092 0003 0092 009D 00DE 00FA 0138 0093 0139 00EF 00E3 00DE 00A5 00A5 00A5 009B 00F7 00EA 00DE 00E0 00DE 00A1 0008 0000
M051.ETC	0	23	0942E	00EF 0091 0020 000A 013A 008F 00E0 00F7 00A5 00A5 00A5 0003 013B 013C 0086 0020 0095 013D 00E6 009B 00FA 00F9 00E5 00FD 00E3 0003 013E 013F 008F 0140 0096 00DE 0020 0095 0091 00F8 00E5 00FD 00E3 00DE 009D 009A 00E4 0021 0008 0000
M051.ETC	0	24	09457	0093 00EC 00EC 00A5 00A5 00A5 000A 013A 00EA 0003 0141 0142 00E9 0143 0144 00E6 0020 0095 00E5 00F8 00E6 00E5 008F 00E3 00F3 0003 0096 009B 00DE 00F8 0140 00E9 00E5 0092 0020 0145 0146 00E3 00DE 009D 00E9 00E8 003F 0008 0000
M051.ETC	0	25	09481	000A 013A 00E9 0020 0095 0147 00FA 00E9 013B 013C 00EA 0003 00E4 00DE 00E1 00F7 00E3 00DE 0020 0129 00E2 0099 00F7 00FA 00E0 00E9 00E3 00DE 009D 003F 0003 0148 00E0 00DE 0096 0020 00E4 008F 00E3 00F3 0140 0149 0096 00DE 0091 00F8 00EF 009D 00FC 00A1 0008 0000
M051.ETC	0	26	094AF	00BA 00CE 00DD 00A5 00A5 00A5 014A 009C 014B 0099 00DE 00E3 0095 0097 00EF 009D 0096 00DE 0003 014C 014D 00E6 0020 014E 0097 014F 0086 0135 00E1 010E 00F1 009A 00E4 00EA 0003 0096 00E0 0098 0150 009C 00DE 00F7 00FA 00E3 0095 00F8 00EF 009D 0020 00CA 00B2 00A1 0008 0000
M051.ETC	0	27	094E2	0095 00F4 0020 000A 0151 00E9 0095 013D 00EA 00A5 00A5 00A5 0003 00F3 009C 00F4 0020 013B 013C 00E3 00DE 00EA 0091 00F8 00EF 009E 00E7 0096 00E5 0003 00ED 0094 0094 0020 009F 0093 0092 0093 0020 009C 008D 0152 00E3 00DE 009D 0096 003F 0008 0000
M051.ETC	0	28	09510	0091 00FA 00EF 0091 0020 013B 013C 0086 0153 0094 00E3 00E9 0154 014C 00E4 00EA 0003 0092 008F 00E0 0092 0020 00E4 00DE 00E9 00F6 0093 00E5 0155 0156 00E3 00DE 009D 0096 00E5 003F 0003 009A 00FA 00EF 00E0 0020 0157 00FC 008F 00E0 0095 013D 00E0 00DE 009A 00E4 00A5 00A5 00A5 00A1 0008 0000
M051.ETC	0	29	09543	0148 00E3 00DE 009D 0096 00A5 00A5 00A5 000A 0151 003F 0003 00F4 00F4 0020 00F3 009C 00F4 0020 009F 00E9 013B 013C 0086 0003 0158 0102 009C 00E3 0098 00FA 00E4 0020 0092 00FC 00FA 00EF 009D 0096 003F 0008 0000
M051.ETC	0	30	0956B	0095 0159 00EA 0020 0141 0142 00E6 015A 015B 009C 00E0 009A 00E4 00E3 00DE 0003 00E4 00DE 009A 0096 0020 0095 0096 009C 0098 00E5 008F 00E0 00E9 0096 003F 0003 00E0 00DE 008F 00E3 0020 009F 00FA 0020 013B 013C 00E0 00DE 00F6 00E5 0091 00A1 0008 0000
M051.ETC	0	31	09595	000A 0096 00DE 0020 0112 0113 00E6 015A 00E3 00F9 00E4 015C 0092 00E3 0003 00E4 00DE 00FD 00E5 009A 00E4 0086 0020 00F4 008F 00E3 0098 00F9 0096 00E4 015D 008F 00E0 00F7 0003 00A5 00A5 00A5 013B 013C 0086 0020 009B 0096 00DE 009C 00E3 0098 00F9 009A 00E4 00E4 00EA 0021 0008 0000
M051.ETC	0	32	095C6	0095 00FA 00EA 0020 000A 00E9 015A 015B 00E9 015E 00F7 009E 0086 0003 015F 0160 00E6 0020 00F6 00FB 009A 00FD 00E3 00DE 0092 00E0 00FD 00E0 00DE 0099 00E4 00DE 00A5 00A5 00A5 0003 013B 013C 0086 0153 0094 00F9 0020 0095 0159 0086 0129 00F9 00E4 0020 00B6 00DE 00AF 00B6 00D8 00E0 00DE 00A1 0008 0000
M051.ETC	0	33	095FD	000A 0151 00EA 0020 0141 0142 00E6 00E5 00F7 00FA 00E3 0003 00EF 009D 00EF 009D 0020 00E0 0098 00EF 009C 0098 00E5 008F 00E0 00A5 00A5 00A5 0096 00DE 0003 00CC 00DF 00CC 00DF 00AF 0020 0095 013D 00E6 013B 013C 00E4 00EA 0020 00B9 00AF 00BB 00B8 00E0 00DE 0021 0008 0000
M051.ETC	0	34	0962F	0021 0020 000A 013A 00EA 0020 00EA 009D 00DE 0096 009C 0098 00E5 0092 00E9 0096 003F 0003 0141 0142 00E0 00F9 0161 0096 00DE 0020 013B 013C 0086 0153 0094 00F9 00E4 00EA 00A5 00A5 00A5 0003 00B5 00C3 00DE 00B6 00DE 00DD 00E9 0141 0142 00F3 0020 0162 00E6 0163 00E1 00E0 00E5 0091 00A1 0008 0000
M051.ETC	0	35	09663	000A 013A 00E9 0020 0164 00FB 00E6 0092 00F9 00E9 00EA 0003 013B 013C 00E3 00DE 009D 0099 00E4 00DE 00A5 00A5 00A5 00EA 00EA 0091 00A5 00A5 00A5 0003 0141 0142 00E9 0112 0113 00E4 0020 0165 0166 0096 00DE 0091 00F9 00FD 00E3 00DE 009C 008E 003F 0008 0000
M051.ETC	0	36	09690	000A 013A 00EA 0020 013B 013C 0086 0167 00FC 00FA 00E0 00E9 003F 0003 00E3 00DE 00F3 0020 00E5 00FD 00E3 0097 00FA 0092 00E5 013B 013C 00E5 00FD 00E3 00DE 009C 008E 0021 0003 009F 00FA 00E6 0020 0140 0149 00E6 0091 00EC 00FA 00E3 0092 00F9 00FC 00F6 00A1 0008 0000
M051.ETC	0	37	096C0	000A 013A 00E4 0020 013B 013C 00E9 0168 00F8 011C 00FC 009E 003F 0003 00F0 00FD 00E5 00EA 0020 0095 0096 009C 0098 015D 0093 00E3 00DE 009C 008E 0093 0099 00E4 00DE 0003 0169 00EA 00A5 00A5 00A5 009D 009A 00DE 0098 00BD 00C3 00B7 00E0 00DE 00E4 015D 0093 00A1 0008 0000
M051.ETC	0	38	096F2	0141 0142 00E6 00E5 00F7 00FA 00E0 0020 000A 013A 00E3 00DE 009D 00E8 003F 0003 009F 00FD 00E5 0143 0144 00E9 016A 0096 00DE 0020 0091 00F7 0020 0092 00F4 00E0 00DE 00FC 0091 0003 013B 013C 0096 00DE 0020 0164 0086 00E2 0099 00E3 0097 00E3 0092 00EF 009D 00FC 00F6 00A1 0008 0000
M051.ETC	0	39	09723	00ED 008A 008A 0020 00CE 00DD 00C4 00E6 016B 0136 00E0 00DE 00E5 0091 00A5 00A5 00A5 0003 000A 0096 00DE 0020 013B 013C 0086 0153 0094 00E3 016C 0098 00E5 00FD 00E3 0003 0092 00EF 00EF 00E3 00DE 00E9 00B7 00D0 0096 00F7 00EA 0020 016D 0094 00F7 00FA 00E5 0092 00F6 00A1 0008 0000
M051.ETC	0	40	09757	0093 0020 0093 00FD 003F 0020 00E5 00FD 00E0 00DE 00BB 00D9 009C 00DE 008C 00E5 0092 0096 0021 0003 015A 015B 00E9 00C1 00AC 00DD 00BD 0086 0020 00E9 0096 00DE 009C 00E0 00CE 00DE 00B8 0086 0003 00E5 0098 00DE 009B 00F2 00E6 0020 0097 00E3 0098 00FA 00E0 00FD 00E0 00DE 00E8 0020 0098 00DE 00B0 00A1 0008 0000
M051.ETC	0	41	0978E	00EF 0091 0020 0096 00FC 0092 0092 0020 0095 00BB 00D9 009B 00FD 0003 0097 008F 00E4 0020 0095 016E 00E3 00DE 00F3 009D 0092 00E0 00FD 00E3 00DE 009C 008E 003F 0003 00E3 00DE 00F3 016F 0020 00CA 00DE 00C5 00C5 00EA 0135 008F 00E3 0092 00E5 0092 00E9 00A1 0008 0000
M051.ETC	0	42	097BE	0091 00F7 00B2 00D4 00E0 00DE 00FC 0020 00BB 00D9 009C 00DE 008C 00E5 0092 00E9 00F6 0003 00BB 00D9 00EA 0020 009D 0098 00DE 00B2 00C0 00BD 00DE 00D7 009D 00F9 0096 00F7 0003 00B7 00D7 00B2 00E5 00E9 00F6 00E8 008A 0020 00BC 00AF 00BC 0020 00BC 00AF 00BC 00A1 0008 0000
M051.ETC	0	43	097F2	0095 014C 00E6 0020 0095 00BB 00D9 009B 00FD 0096 00DE 0098 00F9 00E5 00FD 00E3 0003 0097 008F 00E4 0020 00EA 009C 00DE 00F2 00E3 00E9 009A 00E4 009C 00DE 008C 00E5 0092 003F 0003 0099 0092 00EB 00DE 0170 00EA 0020 0148 009C 00E3 00F9 00E9 0096 009C 00F7 0021 0008 0000
M051.ETC	0	44	09822	00BA 00CE 00DD 00A5 00A5 00A5 014A 009C 014B 0099 00DE 00E3 0095 0097 00EF 009D 0096 00DE 0003 00B5 00C3 00DE 00B6 00DE 00DD 014C 00E3 00DE 00EA 0020 014E 0097 014F 00E9 0128 014C 00EA 0003 0096 00E0 0098 0020 0095 0171 00F8 014A 009C 014B 0099 00DE 00E3 0095 00F8 00EF 009D 009F 00DE 00A1 0008 0000
M051.ETC	0	45	09858	0095 0092 0020 00BB 00D9 0021 0020 00E4 00DE 009A 0096 00F7 0172 00E0 00FD 00E0 00DE 0003 009F 00FD 00E5 0173 00E3 00DE 0020 00C0 00DE 00DD 00BD 0086 009C 00E3 00E5 0092 00E3 00DE 0003 0174 00F1 0096 00F7 0020 014C 0096 00F7 015A 00E3 0175 008F 00E3 0098 00FA 0021 0008 0000
M051.ETC	0	46	09888	00EE 00EE 0093 0020 009A 00FA 0096 00DE 00D3 00DD 00B7 00B0 00C0 00DE 00DD 00BD 0021 0003 00E1 00EF 00E0 00E9 0020 0176 0161 00E0 00E1 00E9 0091 0092 00E0 00DE 00E3 00DE 00EA 0003 0177 0178 0175 00E9 0020 0095 00E4 00DE 00F8 00E4 015C 0097 00EF 009C 00E0 00A1 0008 0000
M051.ETC	0	47	098B9	0091 00F8 008C 0020 009A 00F8 008C 00EF 00E0 00A5 00A5 00A5 00A5 0003 00E3 00DE 008F 0096 0092 00BB 00D9 0096 00DE 0020 00F4 008F 00E3 0097 00E0 009F 00DE 0003 00E4 00DE 0093 00F4 008F 00E3 0020 0158 0102 009D 00F9 00E9 0096 00E5 0091 003F 0008 0000
M051.ETC	0	48	098E5	009A 0092 00E2 0020 00B5 00DA 00E9 0159 00E3 00DE 00C0 00DE 00DD 00BD 00E4 00EA 0021 0003 0127 0179 0086 0132 00E3 00E5 0092 0020 00B5 00DA 00E9 009A 00E4 0086 0003 00CA 00DE 00B6 00E6 009C 00E3 00F9 00F0 00E0 0092 00E3 00DE 0020 0098 00F4 009C 0092 009E 00DE 00A1 0008 0000
M051.ETC	0	49	09917	00C0 00DE 00DD 00BC 00DD 00B8 00DE 0020 00C0 00DE 00DD 00BC 00DD 00B8 00DE 0021 0003 009A 00F8 008C 00EF 00E0 0020 009D 0099 00DE 008A 00D8 00BD 00DE 00D1 017A 00E0 00DE 00E5 0003 00B5 00DA 00F3 0020 00D1 00BD 00DE 00D1 00BD 00DE 009C 00E3 0097 00E0 009E 00DE 0021 0008 0000
M051.ETC	0	50	0994A	0091 0091 0020 00F4 00F2 00FB 008F 0020 00F4 00F2 00E3 0098 00FA 008F 0003 016F 0139 00EA 0020 017B 0096 00F7 017C 0096 00DE 017D 0092 008F 00E3 00E9 00E6 0003 009F 00FD 00E5 00E4 009A 00E3 00DE 0020 00C0 00DE 00DD 00BD 009B 00FA 00E3 00E0 00EF 00F9 0096 0021 0008 0000
M051.ETC	0	51	0997A	014C 017E 017F 00E6 0020 0180 0177 00E5 00BB 00D9 0096 00DE 0172 00F9 00E5 00FD 00E3 0003 0148 0096 00E9 0020 0159 0181 00FA 00E6 00E1 0096 00DE 0092 00E5 0092 00E3 00DE 009D 0003 00A5 00A5 00A5 00E6 009C 00E3 00F3 0020 00C9 00D8 00E9 0092 0092 00BB 00D9 00E0 00DE 0021 0008 0000
M051.ETC	0	52	099AD	0091 00F8 008C 00F8 008C 0020 0092 0097 00E5 00F8 00C0 00DE 00DD 00BD 00E4 00EA 0003 0177 0182 00E6 009C 00E3 0020 010A 0183 00E5 00BB 00D9 00E3 00DE 009D 00E8 008A 0003 0092 00E2 00EF 00E3 00DE 0095 00E4 00DE 00F9 0096 0020 0129 00E3 00F6 008F 00E4 0021 0008 0000
M051.ETC	0	53	099DE	009A 00FA 00EA 0020 00BB 00D9 00E0 00DE 00F6 00E5 0091 00A5 00A5 00A5 0003 0184 00EF 00E3 00DE 0020 00F4 008F 00E3 00F9 008F 00E3 009A 00E4 00EA 0003 00BB 00B0 00B6 00BD 0096 00F7 0020 00E6 0099 00DE 00E0 00E9 0096 00F3 0021 0008 0000
M051.ETC	0	54	09A07	00EF 0091 0020 0096 00FC 0092 0092 0020 0095 00BB 00D9 009B 00FD 00E0 00DE 00FC 0003 00E3 00DE 00F3 00A5 00A5 00A5 0096 00FC 0092 0092 008F 00E3 0092 0093 00E6 00EA 0003 00E1 008E 008F 00E4 0020 0177 0097 009D 0097 00DE 00F9 0140 00F3 009D 00F9 00FC 00A1 0008 0000
M051.ETC	0	55	09A36	0097 008C 00B0 008F 0020 00E0 00DE 00FA 0096 00B0 008F 0020 0185 0099 00E3 00B0 008F 0003 00A5 00A5 00A5 008F 00E3 0020 0095 00E4 00DE 00FB 0092 00E3 00F0 00E0 0099 00E4 00DE 0003 00EB 00E0 009D 00F7 0020 0095 00E4 00DE 008F 00E3 0092 00F9 00E0 00DE 0099 00E0 00DE 00FC 00A1 0008 0000
M051.ETC	0	56	09A66	0186 0187 00E9 0157 00FC 00F8 013F 00EA 0020 00E4 00DE 00FD 00E5 014E 0097 014F 00F3 0003 00E0 009C 0096 00E6 0020 0188 0096 00FA 00F9 00F3 00E9 00E0 00DE 0099 00E4 00DE 0003 009A 00FA 00EA 0020 00E1 008E 008F 00E4 0020 0188 0096 00FA 009D 0097 00DE 00F6 00A1 0008 0000
M051.ETC	0	57	09A98	009A 009A 00EA 0020 0189 018A 00E5 00F9 00B5 00C3 00DE 00B6 00DE 00DD 018B 0138 00E3 00DE 009D 0003 018C 0094 00F9 018D 018E 00F6 0020 00F6 0098 009F 00DE 00EF 0092 00F7 00FA 00EF 009C 00E0 0003 0112 0113 0086 0020 0114 0115 009C 00E3 018F 009E 00DE 00EF 009C 008E 0093 0096 003F 0000
M051.ETC	0	58	09ACD	00E5 00FD 00E4 003F 0020 0114 0115 0086 0171 00F8 00E5 009B 00FA 00EF 009D 0096 003F 0003 00EF 0091 0020 009F 00FA 00F3 00F6 00FB 009C 0092 00E3 00DE 009C 008E 0093 00A5 00A5 00A5 0003 00EF 00E0 0020 0190 0092 0086 0191 00F2 00E6 0020 0095 0092 00E3 00DE 00E5 009B 0092 00A1 0008 0000
M051.ETC	0	59	09B00	0093 00F1 0020 0114 0115 00EA 00E3 00DE 0097 00EF 009C 00E0 0003 0092 00E2 00E3 00DE 00F3 0020 0112 0113 0086 0121 0192 00E3 00DE 0097 00EF 009D 009F 00DE 0003 009B 00E3 0020 0112 0113 0086 0193 0099 00F7 00FA 00EF 009D 0096 00E5 003F 0000
M051.ETC	0	60	09B2C	00EC 00F1 00F1 0020 009B 00F7 00E6 0112 0113 009B 00FA 00EF 009D 0096 003F 0003 00EF 0091 0020 009F 00FA 00F3 00F6 00FB 009C 0092 00E3 00DE 009C 008E 0093 00A5 00A5 00A5 0003 0098 00FA 0098 00DE 00FA 00F3 0020 0134 0102 0086 00E5 009B 00FA 00E7 00F6 0093 00E6 00E5 00A1 0008 0000
M051.ETC	0	61	09B61	00EC 00F1 0020 0194 0195 00E9 0112 0113 00E6 009F 00E5 0094 0003 009C 00EA 00DE 009C 0196 0197 0086 00E4 00F9 00E9 0096 00DE 0020 00F6 00FB 009C 0096 00FB 0093 00A1 0008 0000
M051.ETC	0	62	09B83	0148 0086 009C 00E3 00F9 0096 0020 015E 00F8 00E0 0092 00E3 00DE 009D 0096 003F 0003 0198 0199 00E5 0096 00DE 00F7 0020 0169 00F3 00FC 0096 00F7 00E5 0092 00FD 00E3 00DE 009D 0003 019A 0096 00DE 0020 019B 00EF 008F 00E3 00E0 00F3 00E9 00E3 00DE 00A5 00A5 00A5 00A1 0008 0000
M051.ETC	0	63	09BB2	009A 009A 00EA 0020 00CA 00DF 00D9 00D2 00B7 00B1 0177 019C 00E9 019D 00E9 0177 019E 0003 00B5 00C3 00DE 00B6 00DE 00DD 019E 00E9 019F 01A0 0020 00B5 00C3 00DE 00B6 00DE 00DD 00E9 017F 00E0 00DE 00A1 0008 0000
M051.ETC	0	64	09BD9	00B5 00C3 00DE 00B6 00DE 00DD 0162 016A 00EA 0020 01A1 00E4 01A2 00E6 01A3 00F7 00FA 00E3 0003 01A4 00E9 019E 0096 00F7 0020 01A5 01A6 0086 01A7 0099 00E5 0092 00E9 00E3 00DE 0003 00E4 00E3 00F3 01A8 01A9 00E3 00DE 0020 01AA 009C 0092 00E4 009A 00FB 00E0 00DE 00FC 00A1 0008 0000
M051.ETC	0	65	09C0C	00FC 00B0 008F 0020 0095 01AB 00E1 008C 00FD 00E9 00D6 00DB 00B2 0105 0149 00E0 00DE 0003 009A 00FA 0096 00F7 0020 0095 014C 00E6 01AC 00F2 00E6 0175 0098 00FD 00E0 00DE 00E8 003F 0003 0092 0092 00E5 0091 0020 00CE 00DE 00B8 00F3 0170 0142 00E6 00E5 00F8 00E0 0092 00E5 00A1 0008 0000
M051.ETC	0	66	09C41	0095 01AB 00E1 008C 00FD 00A5 00A5 00A5 0129 00E5 0092 01AD 00E8 00A5 00A5 00A5 0003 00B7 00AE 00DB 00B7 00AE 00DB 009C 00E0 00F7 0020 00EA 009D 00DE 0096 009C 0092 00FC 00F6 0003 01A0 0138 0086 0129 00F9 00E9 0096 00DE 0020 01AE 009C 0092 00FD 00E3 00DE 009C 008E 003F 0008 0000
M051.ETC	0	67	09C75	0095 0159 009B 00FD 00EA 003F 0020 00E4 00DE 009A 0096 00F7 0172 00E5 009D 008F 00E0 003F 0003 0095 014C 00E6 0020 01AC 00F2 00E6 0172 00F7 00FA 00E0 00FD 009C 00DE 008C 00FB 0021 0003 00E5 0091 00E6 0020 00FC 009C 00EA 0148 00E0 00DE 008F 00E3 0095 0129 01AF 009C 009C 00DE 008C 00A1 0008 0000
M051.ETC	0	68	09CAA	0091 00E0 009C 008C 0020 009D 00DE 008F 00E4 009A 009A 00E6 01B0 00FD 00E3 00DE 00F9 0099 00E4 00DE 0003 0091 00E9 019A 00EA 0020 01B1 01B2 00F3 0129 00E0 009A 00E4 0096 00DE 00E5 0092 00E8 0094 0003 0091 00E9 00CA 00DE 00B1 009B 00FD 00A5 00A5 00A5 00F6 009F 0161 00E0 00DE 00F6 00A1 0008 0000
M051.ETC	0	69	09CDD	0169 00EA 0020 01B3 01B0 009C 00E3 0097 00E0 00EA 00DE 0096 00F8 00E5 00E9 00E3 00DE 0003 0129 00F9 00F3 00E9 0126 00E3 0096 00DE 0020 0105 009C 0092 00E9 00E3 00DE 009D 00A5 00A5 00A5 0006 0003 0095 00F4 003F 0020 0091 00E5 00E0 00F3 009F 0093 00E3 00DE 009C 00E0 0096 003F 0008 0000
M051.ETC	0	70	09D0F	0091 00E9 0020 00EC 00FD 009D 0092 00E9 0159 00E6 0092 00F9 00CA 00DE 00B1 009B 00FD 0096 00DE 0003 019B 00EF 00FA 008F 00E3 0092 0093 0096 00F7 0020 0172 00E0 00FD 00E0 00DE 0099 00E4 00DE 0003 0092 008F 00E0 0092 0148 0096 00DE 0020 01B4 00EF 00F9 00FD 00E0 00DE 00FB 0093 00E8 0094 003F 0008 0000
M051.ETC	0	71	09D43	0091 00FD 00E0 00F3 0020 00D4 00BC 00DE 01B5 00E5 00FD 00E0 00DE 00FB 003F 0006 0003 009F 009A 0096 00F7 009C 00DE 008C 0020 0129 00E6 0098 0092 00E0 00DE 00FB 0093 0096 00F7 0003 0129 00F4 009D 0092 00E4 009A 00FB 0086 0020 01B6 009D 0096 00DE 0092 0092 009B 00A1 0008 0000
M051.ETC	0	72	09D75	015C 0092 00E4 0098 00FA 00F6 00A5 00A5 00A5 0003 00EE 00FD 00E4 00E6 0020 009A 00E9 00EF 00FD 00EF 009C 00DE 008C 0021 0008 0000
M051.ETC	0	73	09D8D	00B5 00C3 00DE 00B6 00DE 00DD 00E9 0020 014C 00F3 017F 00F3 0006 0003 00F0 00FD 00E5 0020 01B7 00EB 00DE 00E1 00EF 0093 00FD 00E0 00DE 00A1 0008 0000
M051.ETC	0	74	09DA9	0091 00FD 00E0 0020 01B8 008F 00E3 00F9 00E8 0021 0008 0000
M051.ETC	0	75	09DB5	0091 00FD 00E0 00F3 0020 01B9 009C 00DE 00E3 00E5 0092 00E8 0021 0008 0000
M051.ETC	0	76	09DC3	0091 00FD 00E0 00F3 0021 0008 0000
M051.ETC	0	77	09DCB	00EA 0091 0091 00B0 0020 00E5 009B 0099 00E5 0092 00E8 008A 00A5 00A5 00A5 00A1 0008 0000
M051.ETC	0	78	09DDC	00E0 00DE 0099 00E4 00DE 0020 0106 01BA 00E9 009A 00E4 00E0 00DE 00F6 00A1 0008 0000
M051.ETC	0	79	09DEB	009A 00E9 01BB 01BC 00E6 0020 01BD 008F 00E0 00E9 009B 0006 0003 00E0 00DE 0096 00F7 0020 00E4 00DE 0093 009C 00E3 00F3 00A5 00A5 00A5 00A1 0008 0000
M051.ETC	0	80	09E06	00E1 008E 008F 0020 00E1 008E 008F 00E4 0003 00E4 00DE 009A 00E6 0020 0175 009A 0093 008F 00E3 00FD 00E0 00DE 00F6 00A1 0008 0000
M051.ETC	0	81	09E1E	011F 013B 0092 0129 009E 014F 00E3 00DE 00F3 0020 00F4 00F9 0096 00E4 015D 008F 00E0 00F7 0003 019E 0096 00DE 01BE 01B7 009D 00F9 00E0 00DE 00E4 0096 0020 009C 00DE 008C 00E5 0091 00A5 00A5 00A5 0003 00EF 008F 00E0 0098 0020 01BF 01C0 0086 0134 01C1 00E6 009C 00E1 00EF 008F 00E0 0021 0008 0000
M051.ETC	0	82	09E54	009F 00E9 014B 00E6 0020 01BB 01BC 00E0 00DE 0096 00F7 00E5 0091 0003 01C2 01C3 009C 00E3 0020 01C4 009C 00E0 009E 00DE 00A1 0008 0000
M051.ETC	0	83	09E6D	009F 00FD 00E5 009A 00E4 00A5 00A5 00A5 0091 00E0 009C 008C 0129 00E0 00FD 00E0 00DE 00F6 0003 00E0 00DE 0096 00F7 009F 00FA 0086 0020 00F0 00FD 00E5 00E9 01C5 00E3 00DE 009B 0091 00A5 00A5 00A5 00A1 0008 0000
M051.ETC	0	84	09E91	01BB 01BC 00E6 0020 01BD 008F 00E0 0096 00F7 008F 00E3 0003 00E5 00FD 00E0 00DE 008F 00E3 0092 0093 00E9 009B 00A5 00A5 00A5 003F 0008 0000
M051.ETC	0	85	09EAA	00F6 009C 00E3 0098 00FA 00F6 0020 00B4 00DD 00B7 00DE 00E3 00DE 00F3 00E5 0092 00A1 0008 0000
M051.ETC	0	86	09EBB	01C6 0092 00E5 0021 0020 01C7 009C 0092 00FD 00E0 00DE 00A1 0008 0000
M051.ETC	0	87	09EC9	00B2 00B6 00BB 00CF 00E0 00DE 008F 00E3 0020 0092 0093 00E9 0096 0092 0021 0008 0000
M051.ETC	0	88	09EDA	00A5 00A5 00A5 01C8 0099 00E5 0092 00E8 0094 00A5 00A5 00A5 00A5 00A5 00A5 00A1 0008 0000
M051.ETC	0	89	09EEB	0091 00FD 00E0 00E0 00E1 0021 0020 009A 00E9 019E 0096 00DE 00E4 00DE 0093 00E5 008F 00E3 00F3 0003 0091 00E0 009C 008C 0020 00F3 0093 015E 00F7 00E5 0092 0096 00F7 00E8 0021 0008 0000
M051.ETC	0	90	09F0C	0091 00FD 00E0 00EA 0020 0095 014C 00E9 0170 0142 00E0 00DE 00E8 0003 009B 008F 0097 00E9 01C9 0086 0020 015C 0092 00E3 00E0 00FD 00E0 00DE 00FB 0007 0003 00E4 00DE 0093 009E 0020 0091 00E0 009C 00E9 009A 00E4 0086 00A5 00A5 00A5 0003 00B2 00B6 00BB 00CF 01CA 0092 01CB 00E0 00DE 00E4 0020 015D 008F 00E3 00F9 00FD 00E0 00DE 00FB 003F 0000
M051.ETC	0	91	09F48	00CC 00DD 0020 009F 00FD 00E5 009A 00E4 00E0 00DE 00FB 0093 00E4 015D 008F 00E0 00F6 0003 0091 008F 00E1 00E6 0175 008F 00E3 0095 0098 00FA 0020 00BC 00AF 00BC 00A1 0008 0000
M051.ETC	0	92	09F68	00E5 00FD 00E0 00DE 00F6 0020 00EF 00E0 00DE 0020 0148 0096 01CC 0096 0092 003F 0003 00E4 00DE 0093 009E 00B2 00B6 00BB 00CF 00E0 00DE 00E4 0020 015D 008F 00E3 00F9 00FD 00E0 00DE 00FB 0021 0000
M051.ETC	0	93	09F8A	00EE 0093 0020 009F 00FA 009C 00DE 008C 0091 0020 00F3 008F 00E4 0003 01CD 009C 0098 0020 015C 0097 00E0 0092 008F 00E3 01CE 0093 00FD 00E0 00DE 00E8 003F 0006 0000
M051.ETC	0	94	09FA9	00CC 00B0 00DD 00A5 00A5 00A5 0006 0099 00E4 00DE 00A5 00A5 00A5 0006 009F 00FA 00E6 009C 00E1 008C 0091 0003 00E5 00FD 00E0 00DE 0096 0020 01CF 0144 0020 0174 00F8 00E5 0092 00E8 0094 00A1 0008 0000
M051.ETC	0	95	09FCE	0091 00E0 009C 0096 00DE 0020 00B5 00C3 00DE 00B6 00DE 00DD 014C 00E6 0172 00E0 00E9 00EA 0003 00C4 00DE 00D7 00BA 00DE 00DD 00E4 00F3 0020 01D0 01D1 00E6 01D2 0094 00F9 01D3 0161 00E6 0003 019E 00E9 01D4 0113 0086 0020 015E 00F7 009E 00F9 00E0 00F2 00E0 00DE 008F 00E0 00E9 009B 0005 0000
M051.ETC	0	96	0A004	0099 00FA 00E4 00DE 00A5 00A5 00A5 0006 0091 00E0 009C 00E9 0155 01D5 0096 00DE 01D6 014D 009C 00E0 0006 0003 00B5 00C3 00DE 00B6 00DE 00DD 019E 00E6 00EA 0020 00F3 0093 01D3 0161 00E5 00FD 0096 0092 00E5 0092 0006 0003 01D3 0161 00E5 00FD 00E3 0020 0092 00E5 0098 00E5 008F 00E1 00EF 008F 00E0 00E9 009B 0021 0008 0000
M051.ETC	0	97	0A03D	00BC 00DE 00AC 00B2 00D9 00BD 00DE 00E9 00F6 0093 00E5 0020 01D7 0097 00E9 0092 0092 00E9 00EA 0006 0003 00F3 0093 0020 01D8 00FA 00E5 0092 00E9 0096 00E4 015D 0093 00E4 00A5 00A5 00A5 0006 0003 00CE 00DD 00C4 00E6 0020 009B 00EB 00DE 009C 0092 00A5 00A5 00A5 00E8 0094 00A1 0008 0000
M051.ETC	0	98	0A071	0091 00FD 00E0 0021 0020 01D3 0161 00E6 00E5 00F8 00E0 0092 0096 0092 0021 0000
M051.ETC	0	99	0A080	0002 00EF 0091 0020 009F 00FD 00E5 009A 00E4 0092 008F 00E0 008F 00E3 0003 0091 00FD 00E0 00E9 0020 009F 00E9 0176 009B 009C 00DE 008C 00A5 00A5 00A5 0006 0003 009F 00F8 008C 0091 0020 00FC 0096 00FD 00E5 0092 00E0 00DE 00FB 0093 009B 00A1 0008 0000
M051.ETC	0	100	0A0AC	0002 0091 00FD 00E0 00EA 0020 00B5 00C3 00DE 00B6 00DE 00DD 00E9 0170 0142 00E9 014D 009C 00DE 008C 0003 0129 010E 00F0 0096 00DE 0091 00F8 009F 0093 00E0 00DE 0096 00F7 0020 01CE 008F 00E4 0098 0099 00E4 00DE 0005 0000
M051.ETC	0	101	0A0D4	0034 00E2 00E9 00BC 00DE 00DD 0096 00DE 0020 01D9 00FB 0093 00E4 009C 00E3 0092 00E3 0006 0003 00BC 00DE 00DD 00EA 0020 009B 00F7 00E5 00F9 01DA 01DB 0086 01DC 0098 00E9 009B 00A5 00A5 00A5 0006 0000
M051.ETC	0	102	0A0FB	00B5 00C3 00DE 00B6 00DE 00DD 01DD 01DE 00E6 00EA 0020 0140 0086 01DF 0099 00F9 009A 00E4 00E0 00DE 00F6 00A1 0008 0000
M051.ETC	0	103	0A112	00E1 008E 0092 00E4 0020 0095 00EF 00E1 00F6 0021 0008 0000
M051.ETC	0	104	0A11F	009A 009A 00EA 0020 00CA 00DF 00D9 00D2 00B7 00B1 0177 019C 00E9 019D 00E9 0177 019E 0003 00B5 00C3 00DE 00B6 00DE 00DD 019E 00E9 019F 01A0 0020 00B5 00C3 00DE 00B6 00DE 00DD 00E9 017F 00E0 00DE 00A1 0008 0000
M051.ETC	0	105	0A146	00B5 00C3 00DE 00B6 00DE 00DD 0162 016A 00EA 0020 01A1 00E4 01A2 00E6 01A3 00F7 00FA 00E3 0003 01A4 00E9 019E 0096 00F7 0020 01A5 01A6 0086 01A7 0099 00E5 0092 00E9 00F6 0003 00E0 00DE 0096 00F7 0020 01A8 01A9 00E3 00DE 01AA 009C 0092 00E4 009A 00FB 00E5 00E9 00A1 0008 0000
M051.ETC	0	106	0A178	0091 00FA 003F 0020 0095 0096 009C 0092 00E5 0091 00A5 00A5 00A5 0006 0003 00E0 009C 0096 016F 0020 009A 00E9 01E0 00E6 019A 0096 00DE 0092 00E0 00E9 00E6 0003 013F 0086 01E1 009C 00E0 009D 0097 00E6 0020 0103 0094 00E1 008C 008F 00E0 00A1 0008 0000
M051.ETC	0	107	0A1A6	01AB 00E1 008C 00FD 00A5 00A5 00A5 0129 00E5 0092 01AD 00E8 00A5 00A5 00A5 0006 0003 00B7 00AE 00DB 00B7 00AE 00DB 009C 00E0 00F7 0020 00EA 009D 00DE 0096 009C 0092 00FC 00F6 0003 01A0 0138 0086 0129 00F9 00E9 0096 00DE 0020 01AE 009C 0092 00FD 00E3 00DE 009C 008E 003F 0008 0000
M051.ETC	0	108	0A1DB	0091 00E9 00A5 00A5 00A5 01E2 01E3 00EC 00DE 008F 00E3 00E0 00CA 00DE 00B1 009B 00FD 00EA 0003 009A 00E9 017F 00E3 00DE 00EA 0020 01E4 00F2 00E3 0129 0096 0099 00F9 01AD 00E0 00DE 0005 0000
M051.ETC	0	109	0A1FE	00E5 00FD 00E3 00DE 00F3 0020 00B8 00DE 00C4 00DE 00B0 00E9 01E5 0096 00F7 0172 00E0 009F 0093 00E0 00DE 0096 00DE 0003 0091 00FD 00E5 0173 00E6 0020 019A 0096 00DE 01B0 00FD 00E3 00DE 00E0 0096 00E5 0091 003F 0003 0169 00EA 0020 015C 0092 00E0 009A 00E4 0096 00DE 00E5 0092 009F 00DE 00A5 00A5 00A5 00A1 0008 0000
M051.ETC	0	110	0A232	017F 00E9 01E6 01E7 00E9 01E8 00E6 0020 012E 012F 0111 0092 00E9 01E9 0096 00DE 0091 008F 00E3 0003 0093 009D 0140 0152 01C6 0092 019A 0096 00DE 0020 01EA 01A2 015A 0128 00F8 009C 00E3 00F9 00FC 0003 0148 00E3 00DE 0020 0091 00FD 00E5 0147 014D 0086 0020 00EE 008F 00E4 0098 00E9 0096 00E8 003F 0008 0000
M051.ETC	0	111	0A26A	0091 00E9 00CA 00DE 00B1 009B 00FD 00A5 00A5 00A5 00E0 00E1 0096 00DE 01C6 0092 009E 00DE 0021 0003 009A 00E9 019E 0096 00DE 0020 01B7 00EB 00DE 00F9 00E4 0096 01CE 008F 00E3 00E0 0099 00E4 00DE 0003 009A 00FD 00E5 01A8 01A9 00E5 019E 00E6 0020 0148 00F3 01EB 009A 00F9 00F3 00FD 0096 00A1 0008 0000
M051.ETC	0	112	0A29E	00F6 0095 0020 0091 00FD 00E0 0021 0020 000A 00E0 00DE 00FB 003F 0006 0003 016F 0139 0096 00F7 0020 014C 00E6 01AC 00F2 00F9 0105 01EC 0170 00E9 00E5 0021 0003 00B6 00B2 00CA 00DF 013A 0096 00DE 0020 014D 00E3 00DE 0095 01C3 00E1 00E6 00E5 008F 00E3 00F9 009E 00DE 00A1 0008 0000
M051.ETC	0	113	0A2D2	0169 00EA 0020 009A 00E9 019E 00E9 01A8 01A9 00E0 00DE 00E4 0092 0093 00B3 00DC 00BB 00E3 00DE 0003 01A2 01ED 0086 01EE 0094 00E3 0020 00F4 008F 00E3 0172 00E0 00FD 00E3 00DE 009D 0096 00DE 0003 00B5 00C3 00DE 00B6 00DE 00DD 00EA 0020 00C9 00DD 00CB 00DE 00D8 00E4 009C 00E0 0092 0092 019E 00E0 00DE 0005 0000
M051.ETC	0	114	0A30B	009F 00FA 0086 0020 00E5 00FD 00E3 00DE 009D 0096 0020 0091 00E9 00CA 00DE 00B1 009B 00FD 003F 0003 009A 00FD 00E5 0092 0092 019E 0096 00DE 0020 01B7 00EB 00DE 00F9 00E4 0096 01CE 008F 00E3 0021 0003 0097 008F 00E4 0020 01A8 01A9 0096 00DE 00E8 00E0 00EF 009C 0092 00FD 00E3 00DE 009D 00F6 00E8 00A1 0008 0000
M051.ETC	0	115	0A340	017F 00E6 00EA 0020 0128 00F8 01EF 00E9 00E5 0092 01F0 014F 0096 00DE 0091 00F9 0099 00E4 00DE 0003 01E6 01E7 00E9 01E8 00E9 01E9 00EA 0020 0096 0098 009C 01AF 01F1 0086 0129 00E2 0099 00E0 0006 0003 00E3 00DE 00F3 0020 009F 00E9 01F2 01F3 00E9 0128 01EF 00EA 00FC 0096 00FD 00E5 0092 00F6 003F 0008 0000
M051.ETC	0	116	0A37A	009A 009A 00EA 0020 00B5 00C3 00DE 00B6 00DE 00DD 00E9 014C 00E3 00DE 009D 0096 00DE 00A5 00A5 00A5 0006 0003 00B5 00C3 00DE 00B6 00DE 00DD 014C 00E6 0020 00E4 00DE 00FD 00E5 01CC 01F4 00E3 00DE 009D 0096 00E5 003F 0005 0000
M051.ETC	0	117	0A3A1	00E5 00E6 0092 0020 016F 0139 0096 00F7 01AC 00F2 00F9 0105 0128 00E0 00DE 00E4 00A5 00A5 00A5 0006 0003 01B1 01F5 0170 00EA 0020 01E7 00E9 0128 00F8 01EF 00E9 01F6 00F2 0173 00E6 0195 00FA 0021 0008 0000
M051.ETC	0	118	0A3C9	01A2 01ED 0086 01EE 0094 00E0 0020 00CA 00DF 00D9 00D2 00B7 00B1 00E9 01E7 00E9 016A 00E3 00DE 00EA 0003 01D2 01F7 01F8 0097 00DE 0096 00DE 0020 01F9 0094 00E5 0092 00F7 009C 0092 0099 00E4 00DE 00A5 00A5 00A5 0006 0003 00B5 00C3 00DE 00B6 00DE 00DD 00E6 01FA 00F2 010E 00F1 0020 01FB 01FC 00EA 00E5 0092 00F6 00E5 0005 0000
M051.ETC	0	119	0A408	00B5 00DA 0096 00DE 0020 00B5 00C3 00DE 00B6 00DE 00DD 00E9 0170 0142 00E6 00E5 008F 00E0 00E9 00EA 0003 01FD 0086 0096 0099 00E0 01D2 0092 00E6 0020 0091 009A 0096 00DE 00FA 00E0 0096 00F7 00E0 00DE 0003 0091 00B0 0091 0020 0170 0142 00E5 00FD 00E3 00E0 0092 0098 00E2 00E0 00DE 00A5 00A5 00A5 00A1 0008 0000
M051.ETC	0	120	0A43C	0091 00FD 00E0 0020 012E 012F 0111 0092 00E9 01E9 00E6 0128 00F8 00E0 0092 003F 0003 00E0 00DE 008F 00E0 00F7 0020 01E9 00E9 01FE 00F8 0086 01FF 00ED 00DE 00E3 009A 00DE 00F7 00FD 00F6 00A1 0008 0000
M051.ETC	0	121	0A460	0095 00F4 003F 0020 0095 0200 00EF 00F8 0096 0092 00A5 00A5 00A5 0006 0003 01C6 0092 00E5 0091 0020 016F 0139 00EA 0201 0202 0096 00DE 0092 008F 00EA 00DF 0092 00E0 00DE 0003 00EF 00E0 016F 01B2 0020 0200 00EF 008F 00E3 0098 00FA 00F6 00E5 00A1 0008 0000
M051.ETC	0	122	0A48F	016F 0139 00EA 0020 019D 01E7 00E9 00CE 00CB 00DE 00AF 00C4 00E9 0203 0096 00F7 0003 0203 0204 01B1 0175 0096 00DE 0020 0095 0200 00EF 00F8 00E6 00E5 00F9 00F7 009C 0092 0005 0000
M051.ETC	0	123	0A4B1	0091 00FD 00E0 0020 00CE 00CB 00DE 00AF 00C4 0086 0129 00E0 009A 00E4 0091 00F9 0096 0092 003F 0003 0148 00E0 00DE 008F 00E0 00F7 0020 0164 00E3 00DE 0129 00E6 0172 00F9 0096 00DE 0092 0092 00A1 0008 0000
M051.ETC	0	124	0A4D4	0091 00FD 00E0 003F 0020 00EF 00E0 00DE 0205 0206 0207 00E0 00DE 00FB 0021 0003 0208 01C0 0096 00F7 0020 0209 011B 00E5 00FD 0096 0093 00FB 00E2 0092 00E3 00F9 00E4 0003 010A 020A 00E6 00E5 00F9 00F6 0020 020B 008F 00E0 0020 020B 008F 00E0 0021 0008 0000
M051.ETC	0	125	0A503	0034 00E2 00E9 00BC 00DE 00DD 00EA 0020 009F 00E9 020C 00A5 00A5 00A5 0003 00BD 00D9 00C4 00E9 0180 019A 0086 020D 009C 00DE 010E 00F2 00E0 00E9 009C 00DE 008C 0005 0003 020E 00F7 00E9 0111 0093 0020 012E 012F 00E9 01C5 00E9 020F 0098 00EA 0003 009F 00E9 00BC 00DE 00DD 00E6 0020 0210 0094 00F7 00FA 00E3 0095 00F9 00E9 009C 00DE 008C 00A1 0008 0000
M051.ETC	0	126	0A543	0211 0086 00E2 0096 009B 00E4 00DE 00F9 0003 0212 00E9 00BC 00DE 00DD 00E9 0020 01C5 0086 0213 00F8 00FA 00EA 00DE 0003 009A 00FD 00E5 009A 00E4 00E5 00E4 00DE 017B 0214 0159 00E0 00DE 0020 00DC 00AF 00CA 00AF 00CA 00A1 0008 0000
M051.ETC	0	127	0A56D	0176 0097 01D2 0142 00F6 0020 018B 0094 00E3 00F4 00FB 0093 0021 0003 009A 00E9 0162 00EA 0020 0215 00FA 009C 0216 0162 009C 00DE 008C 0005 0003 0217 0094 00E9 0189 0218 00E4 0020 01C6 012E 00E9 0219 021A 021B 01D2 00E3 00DE 0003 012D 01E3 00E9 0092 00EF 00FC 009C 0097 0180 019A 0096 00DE 0020 021C 00FA 009C 0216 0162 009F 00DE 00A1 0008 0000
M051.ETC	0	128	0A5B0	0169 0020 0129 021D 0092 00E9 012E 012F 0111 0092 00E5 00FD 00E0 00DE 0099 00E4 00DE 0003 012E 012F 008F 00E3 0020 015D 008F 00E0 00F6 00F8 021E 021F 00F6 00E8 0003 00E0 00DE 008F 00E3 0020 009D 0098 00DE 00E6 00CF 00BD 00C0 00B0 009C 00E0 00F3 00E9 0021 0005 0000
M051.ETC	0	129	0A5E0	009A 00E9 019E 00EA 0020 012E 012F 00E9 0220 0221 00E9 01C5 00E9 00E0 00F2 00E6 0003 0222 00E4 0223 00E6 0020 012E 012F 0096 00DE 0224 0094 00F9 00FD 00E0 00DE 008F 00E3 0021 0003 00E3 00DE 00F3 0220 0221 008F 00E3 0020 00E4 00DE 009A 00E6 0092 00F9 00E9 0096 009C 00F7 003F 0008 0000
M051.ETC	0	130	0A612	012E 012F 00E9 0220 0221 00EA 0020 0180 019A 00E9 01C5 0086 0093 00EA 00DE 008F 00E0 0096 00DE 0003 009F 00E9 0225 0177 00E5 01C5 00E6 0020 0226 00F7 00FA 0096 0099 00E3 00A5 00A5 00A5 0003 009F 00FA 009F 00DE 00FA 00E9 018C 0227 00E6 0020 020D 009C 00DE 00F7 00FA 00E0 009F 0093 00E0 00DE 0005 0000
M051.ETC	0	131	0A647	0220 0221 0096 00DE 00EB 00E4 00E0 00EB 00DE 0020 0228 0229 009B 00FA 00E0 00E5 00F7 0003 0162 022A 00E9 022B 00E9 0020 0180 019A 00E9 022C 022D 00ED 022E 0096 0092 0003 00F4 00E2 0086 0020 00F6 00F0 0096 00DE 0094 00F7 009E 00F9 00E0 00DE 00FB 0093 00A5 00A5 00A5 00A1 0008 0000
M051.ETC	0	132	0A67C	00ED 0092 0020 0092 00F7 008F 009C 008C 0092 0006 0003 0091 0092 00E6 0098 0126 022F 0149 0230 00FA 00E3 00DE 00E8 00A5 00A5 00A5 0003 00EF 00E0 0172 00E3 0098 00E0 00DE 009B 0092 00F6 00A1 0008 0000
M051.ETC	0	133	0A6A0	0095 00F4 0020 0095 0097 008C 0098 009B 00FD 0096 0092 003F 0003 01C6 0092 0099 00E4 00DE 0020 00EF 00E0 00DE 0020 009C 00DE 008D 00FD 00EB 00DE 00E1 008D 0093 00E5 00FD 00E0 00DE 00F6 0003 00F3 0093 009D 009A 009C 009C 00E0 00F7 0020 00EF 00E0 0095 0092 00E3 00DE 0021 0000
M051.ETC	0	134	0A6D1	00ED 0092 0092 00F7 008F 009C 008C 0092 0021 0003 0092 0092 0149 014F 00EA 00DE 0096 00F8 00E0 00DE 00F6 0021 0003 00F5 008F 0098 00F8 0129 00E3 0092 008F 00E3 0098 00FA 00F6 0021 0008 0000
M051.ETC	0	135	0A6F5	000E 0020 00E0 00DE 00E8 0020 009F 0092 00E2 00EA 0003 0231 0232 0010 0233 00E6 00E5 00F9 0099 00E4 00DE 0003 009F 00FA 00E3 00DE 0020 0092 0092 0096 0092 003F 0000
M051.ETC	0	136	0A713	0002 00EA 0092 00F6 0020 0234 009D 009E 00DE 0003 00E0 00DE 0092 009C 00DE 00E6 0111 008F 00E3 0098 00FA 00F6 00E5 0021 0003 0007 0002 00F3 0093 01B1 00E2 0092 00F9 0096 0092 003F 0000
M051.ETC	0	137	0A736	0002 009F 0092 00E2 00EA 009B 00DE 00FD 00E8 00FD 00E0 00DE 00E5 0091 0008 0000
M051.ETC	0	138	0A746	0091 00F8 0096 00DE 00E4 0093 0020 00EF 00E0 00F6 008F 00E3 0098 00FA 00F6 0021 0007 0008 0000
M051.ETC	0	139	0A758	0095 00F4 00A5 00A5 00A5 0095 0231 0096 00DE 010B 00F8 00EF 009E 00FD 00F6 0008 0000
M051.ETC	0	140	0A769	0095 00F4 00A5 00A5 00A5 000E 00EA 00F3 0093 0135 00E3 00EF 009E 00FD 00F6 0008 0000
M051.ETC	0	141	0A77B	00CE 00CB 00DE 00AF 00C4 00E9 0204 0235 0096 00DE 0020 00F4 008F 00E3 0097 00E0 0099 00E4 00DE 0003 014C 00E9 0236 0237 00E3 00DE 0020 010B 0238 00F2 009B 00FA 00E3 00F9 00E9 00F6 0003 00E4 00DE 0093 009C 00E3 0020 014D 00E6 0128 00FA 00E5 0092 00E9 0096 00E8 0094 003F 0008 0000
M051.ETC	0	142	0A7AD	00CE 00CB 00DE 00AF 00C4 00E9 0204 0235 00E9 0020 0138 0129 00E9 014A 009C 0128 00FA 00EA 0003 0239 0139 0159 00E6 0020 0171 008F 00E0 00EA 009D 00DE 00E0 00DE 008F 00E0 00E9 00E6 00A5 00A5 00A5 0003 0236 0237 00E9 0173 00E3 00DE 0020 00E8 00EA 00DE 008F 00E3 0092 00F9 00F7 009C 0092 009F 00DE 00A1 0008 0000
M051.ETC	0	143	0A7E3	00CA 00DE 00B1 009B 00FD 00E9 0194 0096 00DE 0020 00CE 00CB 00DE 00AF 00C4 00E9 0204 0235 00E4 00EA 0003 016F 0139 00EA 0020 00CE 00DD 00C4 00E6 00E2 0092 00E3 00E5 0092 0139 00E0 00DE 0003 009A 00FA 016B 014B 0020 0148 00F3 01EB 009A 00F7 00E5 0092 00E0 00DE 00FB 0093 00E5 00A1 0008 0000
M051.ETC	0	144	0A817	016F 0139 00EA 00EF 00E0 0020 023A 0218 0091 00F9 0139 00E3 00DE 009D 00E5 0091 0003 0092 0096 0096 00DE 00FC 009C 0092 0020 00CA 00DE 00B1 009B 00FD 00E9 0194 00EA 0003 00CE 00CB 00DE 00AF 00C4 00E0 00E1 00E9 0020 009B 00FC 0097 00DE 00E3 00DE 009D 0096 003F 0008 0000
M051.ETC	0	145	0A847	0095 00FA 00EA 0020 01B1 014E 0099 00FD 00F2 0092 0238 00F2 00E0 00FD 00E0 00DE 0099 00E4 00DE 0003 00CE 00CB 00DE 00AF 00C4 00E9 0204 0235 00F3 0020 00B6 00DE 00DD 00BA 00E0 00DE 0096 00F7 00A5 00A5 00A5 0005 0000
M051.ETC	0	146	0A86E	01DD 013A 0096 00DE 0020 023B 00F7 00E6 0138 008F 00E3 0098 00FA 00E5 0092 00E4 0003 00CE 00CB 00DE 00AF 00C4 00E0 00E1 00EA 0020 020B 00F7 00E5 0092 00E0 00DE 00FB 0093 009B 00A1 0008 0000
M051.ETC	0	147	0A890	00CE 00CB 00DE 00AF 00C4 00E0 00E1 00E9 0020 0164 00FB 00E6 0092 00F9 00E9 00EA 0003 00E0 009C 0096 0020 00B4 00D9 00CC 023C 00E0 00DE 00E4 015D 0093 00FD 00E0 00DE 0099 00E4 00DE 0003 00E5 009E 00DE 00A5 00A5 00A5 00B4 00D9 00CC 023C 0096 00DE 01B1 023D 00E5 00E9 0096 00E5 003F 0008 0000
M051.ETC	0	148	0A8C3	0091 00F8 008C 00F8 008C 0020 00B4 00D9 00CC 0096 00DE 0092 00E5 0092 009F 00DE 0021 0003 009B 008F 0097 00EA 0020 023E 0096 00E6 0092 00E0 00FD 00E0 00DE 0099 00E4 00DE 0003 0092 00E2 00E9 01C0 00E6 0020 0092 00E5 0098 00E5 008F 00E0 00FD 00E0 00DE 003F 0008 0000
M051.ETC	0	149	0A8F1	0091 00FD 00E0 0020 00CE 00CB 00DE 00AF 00C4 00E9 023C 0204 0086 015E 008F 00E3 00F9 003F 0003 01B1 023F 0133 017C 00E9 0020 0240 00E9 019A 0096 00DE 023C 0204 00E5 00FD 00E0 00DE 0099 00E4 00DE 0003 0241 0161 00E4 0242 00EA 00DE 00FA 0020 009F 00FD 0099 0092 009B 00FA 00E3 00F9 00E9 00F6 00A1 0008 0000
M051.ETC	0	150	0A927	009A 00E9 0243 0096 00DE 0020 0092 008F 00EA 00DF 0092 00E6 00E5 00F9 00E5 00FD 00E3 0003 00CE 00DD 00C4 00E6 0020 009C 00EA 00DE 00F7 0098 00EC 00DE 00F8 00E9 009A 00E4 00E3 00DE 0003 009C 0096 00F3 0020 00CE 00CB 00DE 00AF 00C4 00E0 00E1 00E0 00DE 0096 00F7 0177 0157 00E0 00DE 0005 0000
M051.ETC	0	151	0A959	00E5 00FD 00E0 008F 00E3 0020 023B 00F7 00EA 0177 0209 0244 00F0 00E0 00DE 0096 00F7 0003 016F 0139 00EA 00E0 00DE 0092 00EC 00DE 0020 00F3 0093 0096 00F8 009F 0093 00E5 00E9 009B 0003 0245 0092 00E3 00DE 0020 0094 00FD 0138 00E9 01CC 0246 0086 009C 00E5 0098 00E1 008C 0021 0008 0000
M051.ETC	0	152	0A98D	00B4 00D9 00CC 00E9 009C 00DE 008E 0093 00EE 0093 0086 0020 015C 0096 009E 00F9 00E0 00F2 0003 023B 00F7 00E4 013D 00E6 0020 009A 009A 00EF 00E3 00DE 00F4 008F 00E3 0097 00E0 00E9 00E6 0003 00B5 00C3 00DE 00B6 00DE 00DD 01DD 00EA 0020 00DC 00BC 00E4 0138 0095 0093 00E4 009C 00E5 0092 0005 0000
M051.ETC	0	153	0A9C4	00DC 00BC 00E4 00B5 00C3 00DE 00B6 00DE 00DD 01DD 00E9 0247 00E0 00DE 00E4 0092 0093 00E9 00E6 0003 0092 008F 00E0 0092 0020 00E4 00DE 0093 00E5 008F 00E4 00F9 00FD 009C 00DE 008C 003F 0008 0000
M051.ETC	0	154	0A9E7	00EE 00DE 0098 00E0 00E1 00E4 0020 00F4 008F 00E3 0097 00E0 00B4 00D9 00CC 00E0 00E1 00EA 0003 00EA 00F9 00EA 00DE 00F9 0020 00CA 00DF 00D9 00D2 00B7 00B1 00E9 01E7 00E9 0162 016A 0096 00F7 0003 00C0 00DE 00B0 00B8 00B4 00D9 00CC 00E9 009A 00E4 0086 0020 015E 00F7 009E 00E6 0172 00E0 0005 0000
M051.ETC	0	155	0AA20	009A 00FD 00E5 0248 0177 00E5 01C9 0086 0020 012D 0094 00E6 0172 00E0 00E9 00E6 0003 00B5 00C3 00DE 00B6 00DE 00DD 01DD 0096 00DE 0020 015A 00E3 009A 00E5 0092 00E5 00FD 00E3 0021 0008 0000
M051.ETC	0	156	0AA42	00B5 00C3 00DE 00B6 00DE 00DD 01DD 0096 00DE 0020 0138 008F 00E3 0098 00FA 00E5 0092 00E5 00FD 00E3 0003 0092 008F 00E0 0092 0020 009F 00FD 00E5 009A 00E4 008F 00E3 0091 00F9 0096 0092 003F 0003 00CE 00CB 00DE 00AF 00C4 0096 00DE 0020 0097 00F7 0092 00E6 00E5 008F 00E0 00E9 0096 00E5 0091 00A1 0008 0000
M051.ETC	0	157	0AA75	00CE 00DE 00B8 00F7 00E9 0249 00EA 0020 009D 00DE 008F 00E4 01E7 00E6 0091 00F9 00FD 00E0 00DE 0003 024A 019A 00E9 01B0 00F1 0020 024B 0207 024C 00E9 0177 024D 00E9 022E 009A 0093 00E9 0003 01BB 01E0 0086 024E 00F1 0020 009F 00FA 00EA 01AA 009C 0092 01A0 009B 00A1 0008 0000
M051.ETC	0	158	0AAAA	00B5 00C3 00DE 00B6 00DE 00DD 00E9 014C 017E 017F 00EA 0020 01E4 00F2 00E3 00E0 00DE 0099 00E4 00DE 0003 009A 00FD 00E5 021E 021F 00E6 0020 017F 00E6 0128 00FA 00F9 00FD 00E0 00DE 00E8 0005 0000
M051.ETC	0	159	0AACD	00CE 00CB 00DE 00AF 00C4 00EA 0020 00E4 00E3 00F3 01CC 0155 024F 0092 00E9 009B 0003 00E0 00DE 0096 00F7 0020 00EE 00DE 0098 00F7 0096 00DE 0250 01C3 009C 00E5 0092 0161 00E0 00DE 00E4 0003 0203 00E6 00E0 00DE 008F 00E3 0020 00E0 00E4 00DE 00F8 0251 0099 00F4 009C 00E5 0092 00F6 00A1 0008 0000
M051.ETC	0	160	0AB00	00B3 00B0 00D1 0020 009A 00FA 00EA 0252 008F 00E0 009F 00DE 00A5 00A5 00A5 0003 00B5 00C3 00DE 00B6 00DE 00DD 01DD 00E9 0020 0253 01C5 0096 00DE 0254 00F7 00FA 00E5 0099 00FA 00EA 00DE 0003 00C0 00DE 00B0 00B8 00B4 00D9 00CC 00E9 0020 015D 0093 00E2 00EE 00DE 00E0 00DE 00A5 00A5 00A5 00A1 0008 0000
M051.ETC	0	161	0AB35	012E 01DC 01CB 00CA 00DF 00BF 00DE 00B0 00C4 0096 00DE 0020 0148 0096 0086 009D 00F9 0159 00E6 0003 0133 0127 0086 0255 00E0 00E5 0099 00FA 00EA 00DE 0020 0177 0157 00E5 00E9 00E0 00DE 0099 00E4 00DE 0006 0003 00A5 00A5 00A5 009F 00FA 00E4 00F3 00A5 00A5 00A5 00EF 009B 0096 00A5 00A5 00A5 00A1 0008 0000
M051.ETC	0	162	0AB6C	00CE 00CB 00DE 00AF 00C4 00E9 023C 0204 00E5 00F7 0020 0200 00EF 008F 00E3 00F9 00F6 0003 0032 0256 00E9 0257 0097 01BA 00E0 00F8 0020 01B1 023F 0258 00E9 022F 01F3 009B 0005 0000
M051.ETC	0	163	0AB90	00E3 00DE 00F3 0020 00E4 00DE 0093 009C 00E3 0243 00E6 0200 00EF 00F9 00FD 00E0 00DE 00FB 0093 003F 0003 0092 00E2 00F3 00EA 0020 014C 00E9 0259 019A 00E5 00E9 00E6 00A5 00A5 00A5 00A1 0008 0000
M051.ETC	0	164	0ABB3	00F4 0091 0020 0095 020B 00F8 00E5 009B 0092 0021 0003 00F3 0093 0020 0095 022F 01F3 00E9 0124 0125 00EA 0120 008F 00E3 00EF 009D 00F6 00A1 0008 0000
M051.ETC	0	165	0ABD0	00B5 00C3 00DE 00B6 00DE 00DD 01DD 0096 00DE 0020 0204 0235 00E6 0138 00FC 00FA 00E5 0092 00E9 00EA 0003 00CA 00DF 00BF 00DE 00B0 00C4 0096 00DE 0020 0165 0166 009C 00E3 0092 00F9 00E4 015D 0093 00E9 00E8 0003 00E0 00DE 00E4 009C 00E0 00F7 0020 009A 00FA 0096 00F7 00E4 00DE 0093 009C 00EF 009C 008E 0093 003F 0008 0000
M051.ETC	0	166	0AC08	00CA 00DF 00BF 00DE 00B0 00C4 00E9 00E8 00F7 0092 00EA 0020 00FC 0096 008F 00E3 0092 00F9 0021 0003 009C 0096 009C 0020 009F 00FA 0086 025A 01D8 009D 00F9 00E0 00F2 00E6 00EA 0003 00B5 00C3 00DE 00B6 00DE 00DD 00E9 012A 025B 0096 00DE 0020 0119 011A 00E5 00E9 00F3 00E8 0005 0000
M051.ETC	0	167	0AC3C	012A 025B 00EA 0020 009A 00E9 00B5 00C3 00DE 00B6 00DE 00DD 019E 00E9 012A 00E0 00DE 0096 00F7 0003 00B5 00C3 00DE 00B6 00DE 00DD 01DD 0096 00DE 0020 0234 009D 00E4 00EA 015D 00FC 00E5 0092 0099 00E4 00DE 0003 0199 00E9 00E0 00F2 016F 025C 0020 01FF 00ED 00DE 00E3 009A 00F6 0093 00E4 015D 0093 00A1 0008 0000
M051.ETC	0	168	0AC73	0094 008F 0020 009F 00FA 009C 00DE 008C 0020 00EF 009B 0096 0021 0003 016F 025C 0020 00B5 00C3 00DE 00B6 00DE 00DD 014C 00E6 00A5 00A5 00A5 00A1 0008 0000
M051.ETC	0	169	0AC8F	009C 008F 00A5 00A5 00A5 00A1 0008 0000
M051.ETC	0	170	0AC97	00E8 0094 0021 0020 00E4 00DE 0093 009C 00E0 00E9 003F 0008 0000
M051.ETC	0	171	0ACA4	0148 0096 0020 0091 008F 00E0 00E9 003F 0008 0000
M051.ETC	0	172	0ACAE	0092 00F4 00A5 00A5 00A5 00E5 00FD 00E3 00DE 00F3 00E5 0092 0003 0140 00E9 009E 0092 00E0 00DE 008F 00E0 00F7 009C 0092 00A1 0008 0000
M051.ETC	0	173	0ACC5	023B 00E8 003F 0008 0000
M051.ETC	0	174	0ACCC	0093 00F1 0020 023B 00E0 00DE 00A5 00A5 00A5 00EF 00E1 0096 00DE 0092 00E5 0092 0003 0091 00E4 00EA 0020 025A 0175 00E6 01B3 009D 00E0 00DE 0099 00E0 00DE 00A1 0008 0000
M051.ETC	0	175	0ACE9	009A 009A 00EA 0020 00CA 00DF 00D9 00D2 00B7 00B1 0177 019C 00E9 019D 00E9 0177 019E 0003 00B5 00C3 00DE 00B6 00DE 00DD 019E 00E9 019F 01A0 0020 00B5 00C3 00DE 00B6 00DE 00DD 00E9 017F 00E0 00DE 00A1 0008 0000
M051.ETC	0	176	0AD10	00B5 00C3 00DE 00B6 00DE 00DD 0162 016A 00EA 0020 01A1 00E4 01A2 00E6 025D 00EF 00FA 00E3 0003 01A4 00E9 019E 00F3 0020 021E 021F 00E6 00EA 025E 00E2 00DE 0099 00E5 0092 00E9 0003 00E0 00DE 0096 00F7 0020 00E4 008F 00E3 00F3 01A8 01A9 00E5 019E 00E5 00E9 00F6 00A1 0008 0000
M051.ETC	0	177	0AD41	00CE 00CB 00DE 00AF 00C4 0096 00DE 0020 017F 0086 015A 00F9 0159 00E6 0003 009A 00E9 0091 00E0 00F8 00E3 00DE 0020 0103 0094 00E0 00FD 00E0 00DE 0099 00E4 00DE 0003 0092 008F 00E0 0092 0020 00E4 00DE 009A 00E6 0175 008F 00E0 00E9 0096 00E5 003F 0008 0000
M051.ETC	0	178	0AD6C	00B8 00DE 00BD 00DD 0020 00CE 00CB 00DE 00AF 00C4 009B 00FD 0096 00DE 020B 008F 00E1 008C 008F 00E0 0003 01F2 009B 0098 00E3 0020 0096 00FC 0092 00F7 009C 0092 019A 00E0 00E1 00E0 00DE 0096 00F7 0003 00E4 008F 00E3 00F3 0020 025F 0097 00E0 00DE 008F 00E0 00E9 00E6 00A5 00A5 00A5 00A1 0008 0000
M051.ETC	0	179	0ADA0	017B 008F 00EA 00DF 00F7 0096 00F7 0020 020B 008F 00E3 0097 00E0 00E9 00EA 0003 00B4 00D9 00CC 023C 009C 00DE 008C 008F 00E0 0096 00DE 0020 0260 016C 0096 00E5 0091 003F 0003 009F 00FA 00E6 009C 00E1 008C 0020 0094 00F7 0098 0261 0096 008F 00E0 009F 00DE 00A1 0008 0000
M051.ETC	0	180	0ADD2	0091 00E0 009C 008C 0020 0262 00ED 00DE 0020 0129 00E0 00FD 00E0 00DE 00F6 00A5 00A5 00A5 0003 024F 025C 00E6 00B4 00D9 00CC 0096 00DE 0020 0136 015A 009C 00E0 00E9 0086 0021 0005 0000
M051.ETC	0	181	0ADF4	0099 009B 00E6 00E5 008F 00E0 00F7 0020 00B5 00C3 00DE 00B6 00DE 00DD 014C 00E3 00DE 00EA 0003 00B4 00D9 00CC 00E9 009A 00E4 00E3 00DE 0020 009B 00FC 0097 00DE 00E6 00E5 008F 00E3 00F9 009C 0003 00A5 00A5 00A5 0097 008F 00E4 0020 0091 0092 00E2 00E9 009A 00E4 00E0 00DE 00FC 00E8 00A1 0008 0000
M051.ETC	0	182	0AE27	00CE 00CB 00DE 00AF 00C4 0096 00DE 0020 020B 008F 00E3 0096 00F7 015E 008F 00E0 00FD 00E0 00DE 0096 00DE 0003 014C 00E3 00DE 00EA 0020 00B4 00D9 00CC 00E9 012E 012F 009B 00FC 0097 00DE 009C 00DE 008C 00E5 0092 003F 0003 00EA 00FD 00E6 00FD 00EA 0020 00EB 008E 008F 00E4 009C 00E0 00F7 00A5 00A5 00A5 00A1 0008 0000
M051.ETC	0	183	0AE5D	00B5 00C3 00DE 00B6 00DE 00DD 00EA 0020 01A8 01A9 00E5 00E4 009A 00FB 00E0 00DE 008F 00E0 00E9 00E6 0003 009A 009A 00E9 00E4 009A 00FB 0020 0095 0096 009C 00E5 009A 00E4 0096 00DE 0193 0098 00F6 0003 00EF 00E0 00DE 0020 0148 0096 01EB 009A 00F9 00FD 009C 00DE 008C 00E5 0092 00E0 00DE 00FB 0093 00E5 003F 0008 0000
M051.ETC	0	184	0AE93	0095 014C 00E3 00DE 0020 0095 0096 009C 00E5 01F4 0096 00DE 0193 0092 00E3 00F9 00E4 0003 017F 00E9 0093 00FC 009B 00E3 00DE 009D 0096 00DE 0020 0106 01BA 00E3 00DE 009D 0096 003F 0003 009A 009A 00EA 0020 01A8 01A9 00E0 00DE 00E4 015D 008F 00E3 00E0 00E9 00E6 00A5 00A5 00A5 00A1 0008 0000
M051.ETC	0	185	0AEC5	0091 00FD 00E0 0020 0091 00FD 00EF 00F8 0263 00FD 00E5 0092 00E3 00DE 0098 00FA 00F6 00E5 0003 0091 00FD 00E5 009D 009A 00DE 0092 00BD 00CB 00DF 00B0 00C4 00DE 00E3 00DE 0020 0263 00F7 00FA 00F9 00E4 0003 01D4 00E5 0098 00E3 009C 008E 0093 0096 00DE 00E5 0092 009E 00DE 0020 00EF 008F 00E0 0098 0021 0008 0000
M051.ETC	0	186	0AEFA	0097 00E9 0093 0020 00CE 00CB 00DE 00AF 00C4 00E9 0164 00FB 00E6 0092 00E0 00E9 00EA 0003 0264 00E9 0204 009B 0096 00F7 009C 00E3 0020 00B4 00D9 00CC 00E0 00DE 00F6 00E5 0091 0003 00B4 00D9 00CC 00EA 0020 009A 00E9 0162 016A 009C 00DE 008C 00F2 009D 00DE 00F7 009C 0092 00E5 00A1 0008 0000
M051.ETC	0	187	0AF2E	016F 0139 00F3 0020 00CE 00CB 00DE 00AF 00C4 0096 00DE 0172 00F9 0096 00E4 015D 008F 00E0 00F7 0003 0099 009B 0261 0098 00E6 0020 020B 008F 00E0 008F 00E3 01CE 0093 009C 00DE 008C 00E5 0092 0003 00E5 00FD 00E0 00DE 0096 0020 0140 0096 00DE 0265 0099 00E1 00EF 0093 00F6 00E5 0091 00A1 0008 0000
M051.ETC	0	188	0AF62	00CE 00CB 00DE 00AF 00C4 00E9 01B0 00F1 0020 00B5 00C3 00DE 00B6 00DE 00DD 01E7 00E9 0162 016A 00EA 0003 009A 009A 0092 00F7 00E4 00EA 0020 0266 00ED 00DE 00F3 00E9 00E6 00E5 00F7 00E5 0092 0267 0003 00B7 00B9 00DD 00E5 00FD 00E0 00DE 008F 00E3 00F6 0020 00BA 00DC 00B2 00E8 0094 0021 0008 0000
M051.ETC	0	189	0AF99	00CE 00CB 00DE 00AF 00C4 023C 00E9 0020 0204 0235 0268 00E5 00F7 0003 016F 017B 0261 0098 00E6 0020 009A 00E9 017F 0086 0269 008F 00E3 0003 023B 00F7 00E9 01A0 00E6 0020 0137 008F 00E3 0092 008F 00E0 009E 00DE 0005 0000
M051.ETC	0	190	0AFC1	009C 0096 009C 0020 0106 01BA 00E6 0096 00FC 0092 009F 0093 00E0 00DE 00E5 0003 0091 00FD 00E5 026A 0098 0096 00F7 0020 00F4 008F 00E3 0097 00E0 00E9 00E6 0003 026B 0092 026C 009B 00FA 00E1 00EF 008F 00E0 00FD 00E0 00DE 0096 00F7 00F6 00A1 0008 0000
M051.ETC	0	191	0AFED	0092 00F4 0091 0020 0262 00ED 00DE 00E9 0094 00FD 0138 00EA 00BD 00BA 00DE 0096 008F 00E0 0021 0003 0244 00F2 00F4 026D 0094 00E9 0020 0177 009B 00FC 0097 00DE 00E0 00DE 008F 00E0 00E9 009B 0003 00CB 00AF 00B8 0020 0092 0099 00E8 0020 00EF 00E0 00DE 0209 0096 00DE 0198 008F 00E3 00F7 0021 0008 0000
M051.ETC	0	192	0B023	00CE 00CB 00DE 00AF 00C4 00E9 0020 0244 00F0 008F 00EC 00DF 00F8 00EA 009D 009A 00DE 0096 008F 00E0 00FC 0003 00A5 00A5 00A5 00E3 00DE 00F3 0020 00E1 008E 008F 00E4 0140 00E6 00E5 008F 00E0 00E9 00EA 0003 00B4 00D9 00CC 0096 00DE 0020 01B1 019A 009C 0096 0092 00E5 0096 008F 00E0 009A 00E4 00F6 0005 0000
M051.ETC	0	193	0B05A	00E0 009C 0096 00A5 00A5 00A5 00B4 00D9 00CC 00EA 0020 01DE 0145 00E0 00DE 0099 00E3 00DE 0003 026E 00E9 016A 00EA 0020 0092 00E5 0096 008F 00E0 0140 0096 00DE 009D 00F9 00E9 009B 00A1 0008 0000
M051.ETC	0	194	0B07C	01DD 0096 00DE 0020 00CE 00CB 00DE 00AF 00C4 0086 026B 0092 026C 009C 00E0 009A 00E4 00EA 0003 0097 008F 00E4 0020 010A 026F 00E5 009A 00E4 00E9 0159 0181 00FA 009C 00DE 008C 0003 0095 0095 00A5 00A5 00A5 0095 009F 00FB 009C 0092 009A 00E4 0096 00DE 01EB 009A 00F9 009F 00DE 00A1 0008 0000
M051.ETC	0	195	0B0B1	0211 0086 0270 00F9 0020 0212 00E9 00BC 00DE 00DD 00E9 01C5 0086 0213 00F8 00FA 00EA 00DE 0003 009A 00FD 00E5 009A 00E4 00E5 00E4 00DE 0020 017B 0214 0159 00E5 00FD 00E0 00DE 0096 00DE 00A5 00A5 00A5 0003 016F 0139 00E9 00EA 0020 0271 0140 0096 00DE 020A 009D 0097 00DE 00F9 00F0 00E0 0092 00E0 00DE 00A1 0008 0000
M051.ETC	0	196	0B0E8	01D3 0161 00BC 00DE 00AC 00B2 00D9 00BD 00DE 00E9 0020 018D 013D 00E4 00EA 0095 0159 0096 003F 0003 0093 00F1 0020 020A 0092 011F 0096 00DE 00EF 0094 0086 009C 00E3 0092 00F9 00E5 0003 009F 00FA 00E5 00F7 0020 009A 00E9 019E 00F3 0272 0155 00E4 0092 0093 00F3 00E9 00E0 00DE 00A1 0008 0000
M051.ETC	0	197	0B11E	016F 0139 00E9 017B 0020 00CE 00CB 00DE 00AF 00C4 0096 00DE 00F4 008F 00E3 0097 00E3 0003 00B5 00CA 00DE 00CA 00DE 013A 00E4 0020 01C9 009C 00E3 00F7 009C 00E0 0099 00E4 00DE 0003 0148 00E9 0020 01C9 009C 0086 009C 00E3 0092 00E0 00E9 0096 009C 00F7 003F 0005 0000
M051.ETC	0	198	0B14D	00CE 00CB 00DE 00AF 00C4 0096 00DE 0020 020B 008F 00E3 0096 00F7 00A5 00A5 00A5 0003 00BA 00DC 00B2 01AD 0086 0020 009C 00E3 0092 00F9 00E9 00E0 00DE 0099 00E4 00DE 00A1 0008 0000
M051.ETC	0	199	0B16D	00CE 00CB 00DE 00AF 00C4 00E9 0204 0235 0151 00E9 0020 01C9 009C 00E6 00F6 00F9 00E4 0003 0180 019A 012D 01E3 0086 0020 025A 01D8 009C 00F6 0093 00E4 009D 00F9 0161 0096 00DE 0003 00B5 00C3 00DE 00B6 00DE 00DD 019E 00E6 0020 01D8 00FA 00E0 00E4 0092 0093 009A 00E4 00E0 00DE 0005 0000
M051.ETC	0	200	0B1A1	00F3 009C 00F3 0020 009F 00E9 01C9 009C 0096 00DE 0106 01BA 00E9 009A 00E4 00E5 00F7 0003 01DD 0273 00E9 012A 0096 00DE 0020 00E8 00F7 00FC 00FA 00E3 0092 00F9 00EA 009D 00DE 00A1 0008 0000
M051.ETC	0	201	0B1C3	00ED 0092 0020 0092 00F7 008F 009C 008C 0092 00EF 009E 0021 0003 0093 00E1 00E9 0274 0149 00EA 0020 0112 0113 00E9 0185 0099 00E6 00E5 00F9 009E 00DE 0003 009B 0091 0020 00E4 00DE 00FA 00E3 00DE 00F3 0275 008F 00E3 0092 008F 00E3 0098 00FA 00F6 00A1 0008 0000
M051.ETC	0	202	0B1F2	00F6 0095 0020 0105 01EC 00E9 000A 0151 0003 0091 00FD 00E0 0096 00DE 0020 0141 0142 00E9 0276 00E6 00E2 0098 008F 00E3 00CE 00DD 00C4 003F 0000
M051.ETC	0	203	0B20E	00F4 008F 00EA 00DF 00F8 00A5 00A5 00A5 009F 0093 00E0 00DE 008F 00E0 00FD 00E0 00DE 0091 0003 00E4 00DE 00FD 00E5 00E6 0020 00EF 009C 00DE 00F2 00E6 01AC 00F2 00E3 00E0 008F 00E3 0003 0127 0179 0086 014B 0099 00DE 00E5 0097 008C 0020 00C0 00DE 00D2 00E0 00DE 00F6 00E5 0091 00A1 0008 0000
M051.ETC	0	204	0B241	00EC 00B0 00FD 0020 00E5 00FD 00E0 00DE 0020 00E1 0096 00DE 008F 00E0 00E9 0096 00A5 00A5 00A5 0003 00F4 008F 00EA 00DF 00F8 0020 00B3 00DC 00BB 00EA 0091 00E3 00E6 00E5 00F7 00FD 00E5 00A1 0008 0000
M051.ETC	0	205	0B265	0091 00FD 00E0 00EA 0020 00B8 00DE 00C4 00DE 00B0 00E9 01E5 00E6 0175 0098 00E9 0096 0092 003F 0000
M051.ETC	0	206	0B277	00B8 00DE 00C4 00DE 00B0 00E9 01E5 00E3 00DE 0020 012A 0086 0031 00E2 00A5 00A5 00A5 0003 018C 0092 00E9 0277 00E3 00DE 00F3 0020 012A 0086 01B1 00E2 00A5 00A5 00A5 0003 009F 00FA 0086 0020 0278 00FA 009D 00DE 00E6 0129 00E2 0099 00E3 009A 00DE 00F7 00FD 00A1 0008 0000
M051.ETC	0	207	0B2A7	00E3 00DE 00F3 00A5 00A5 00A5 0175 0098 009A 00E4 00E6 00E5 00F9 00E0 00DE 00FB 0093 00F6 0003 009F 00E9 01BF 00EA 0020 00EF 00E0 0020 00E0 009D 00DE 00E8 00E3 0095 0092 00E3 00DE 00A1 0008 0000
M051.ETC	0	208	0B2C8	00B5 00C3 00DE 00B6 00DE 00DD 00E9 017F 00E9 0243 01F3 00E6 0020 00F6 0093 009A 009F 0003 0095 01B1 019A 013A 0020 0031 0030 00BA 00DE 00B0 00D9 00C4 00DE 00E3 00DE 009D 0096 00DE 0003 0095 0200 00EF 00F8 00E6 0020 00E5 00F8 00EF 009D 0096 003F 0000
M051.ETC	0	209	0B2F6	0095 00F4 00A5 00A5 00A5 0095 0231 0096 00DE 010B 00F8 00EF 009E 00FD 00F6 0003 0198 0199 00E3 00DE 009D 0096 00DE 0020 0095 0200 00F2 00E3 00DE 0097 00EF 009E 00FD 0003 00EF 00E0 0020 0095 0132 00E1 0279 00F8 017E 009B 0092 00A1 0008 0000
M051.ETC	0	210	0B323	0095 00F4 00F2 00E6 0020 00E5 00F9 00FD 00E3 00DE 009D 00E8 003F 0003 00EF 00E0 0020 0095 0132 00E1 0279 00F8 017E 009B 0092 00A1 0008 0000
M051.ETC	0	211	0B33E	009F 00FA 00E3 00DE 00EA 0020 009A 00DE 00F5 008F 0098 00F8 0003 0143 0107 0086 0020 0095 0196 00F2 017E 009B 0092 00A1 0008 0000
M051.ETC	0	212	0B358	00A5 00A5 00A5 0095 00EA 00F6 0093 009A 00DE 009B 00DE 0092 00EF 009D 0003 00F5 008F 0098 00F8 0020 0196 00F0 00E6 00E5 00FA 00EF 009C 00E0 0096 003F 0003 009F 00FA 00E3 00DE 00EA 0020 00EF 00E0 0095 0132 00E1 0279 00F8 017E 009B 0092 00A1 0008 0000
M051.ETC	0	213	0B386	009A 009A 00EA 0020 00CA 00DF 00D9 00D2 00B7 00B1 0177 019C 00E9 019D 00E9 0177 019E 0003 00B5 00C3 00DE 00B6 00DE 00DD 019E 00E9 019F 01A0 0020 00B5 00C3 00DE 00B6 00DE 00DD 00E9 017F 00E0 00DE 00A1 0008 0000
M051.ETC	0	214	0B3AD	01E6 00E9 027A 0086 0020 027B 027C 0092 00E6 019D 014B 009C 00E3 0092 0098 00E4 0003 027D 027E 00E6 0020 0099 00FC 009C 0092 00B8 00DE 00C4 00DE 00B0 00E9 01E5 0096 00DE 0003 01E7 027E 00E6 0020 018C 0092 00E9 0277 0096 00DE 0129 0094 00E3 0098 00F9 00FC 00A1 0008 0000
M051.ETC	0	215	0B3DF	00E8 0094 0020 00C0 00DE 00B0 00B8 00B4 00D9 00CC 00E9 012E 01DC 01CB 008F 00E3 0148 009B 0021 0003 0095 014C 0096 00DE 0020 0095 009F 00FC 00FA 00E0 008F 00E3 0020 00CE 00DD 00C4 00E5 00E9 003F 0003 018D 013D 0091 00E2 0096 0092 009C 00E5 0092 00E3 00DE 0020 027F 0094 00E3 008F 00E3 00EA 00DE 00A1 0008 0000
M051.ETC	0	216	0B417	01DD 01DE 013A 0096 00DE 0020 00B4 00D9 00CC 00E6 00F5 0093 0096 0092 009B 00FA 00E0 00E9 003F 0003 00E3 00DE 00F3 0020 00BD 00C3 00B7 00E5 01DD 018D 013A 0096 00DE 0185 0099 00E6 0097 00E3 0003 0032 019A 00EA 0020 0280 00E6 0163 00E1 00E0 00FD 00E3 00DE 009D 008F 00E3 00A5 00A5 00A5 00A1 0008 0000
M051.ETC	0	217	0B44F	027B 027C 0092 00E9 027A 0086 0020 00E4 00DE 009A 00EF 00E3 00DE 00F3 019D 014B 009D 00F9 00E4 0003 00E4 00DE 0093 0098 00E2 00E9 0128 00F8 01EF 0096 00DE 0020 0129 0094 00E3 0097 00EF 009D 0003 009F 009A 0086 00E7 0099 00E0 00E9 0096 00DE 0020 01E7 00E9 0162 016A 00E3 00DE 009D 00E4 00F3 00A1 0008 0000
M051.ETC	0	218	0B486	0095 0281 013A 0096 00DE 009B 00F7 00FC 00FA 00E3 0020 01DD 018D 013A 0096 00DE 01D8 00FA 00E3 0021 0003 01C6 0161 0086 021C 009C 00E3 0020 0280 00E6 0163 00E1 00F9 00E5 00FD 00E3 00A5 00A5 00A5 0003 018D 013D 00E9 00D5 00D2 00E4 00EA 0020 00E0 0091 0092 00E9 00E5 0092 00F3 00E9 00E3 00DE 009D 00A1 0008 0000
M051.ETC	0	219	0B4BE	00E0 00DE 00FA 0096 00DE 0020 009C 008C 00ED 00DE 008F 00E0 00E9 0096 015E 00F7 00FD 0096 00DE 0003 00F3 0093 01DD 01DE 00E9 009A 00E4 0086 0020 017F 00E9 0161 0096 00DE 015E 008F 00E3 00E3 0003 023A 0218 00E4 015C 0092 00E3 0098 00F9 00E9 00E3 00DE 0020 00E2 0096 00FA 00F9 00F6 00A1 0008 0000
M051.ETC	0	220	0B4F0	0095 014C 00E3 00DE 0020 00C0 00DE 00B0 00B8 00B4 00D9 00CC 00E4 01D2 0092 0096 00DE 0091 008F 00E0 00E4 0003 0170 0142 00E6 015C 0092 00E3 0020 00CB 00DE 00AF 00B8 00D8 009C 00EF 009C 00E0 00F6 0021 0003 00B2 00BB 00DE 00E4 00E5 00FA 00EA 00DE 0020 0170 0142 00F3 00F4 00F9 00F3 00FD 00E3 00DE 009D 00E5 00A1 0008 0000
M051.ETC	0	221	0B529	0091 00FD 00E0 0096 00DE 0020 00B3 00DC 00BB 00E9 000A 00E0 00DE 00FB 0021 0003 01DD 01DE 0086 0185 0099 00E0 008F 00E3 0020 009B 00FC 0096 00DE 00FA 00E3 00F9 0096 00DE 0003 00A5 00A5 00A5 01DD 01DE 013A 008F 00E3 0020 00B7 00DA 00B2 00E0 00DE 008F 00E0 003F 0008 0000
M051.ETC	0	222	0B55A	00CE 00CB 00DE 00AF 00C4 00E0 00E1 00EA 0020 01E7 00E9 0162 016A 00E6 020B 008F 00E3 0003 016F 009A 00DE 00FB 0020 01BB 01E0 00E9 0203 00E6 00E2 0092 00E3 00F9 00E0 00DE 00FB 0093 0003 0097 008F 00E4 0020 014C 00E9 009B 00FC 0097 00DE 00F3 015E 00F7 00E5 0092 00E3 00DE 009B 00A1 0008 0000
M051.ETC	0	223	0B58E	00CE 00CB 00DE 00AF 00C4 00E0 00E1 00E4 0020 0092 008F 009C 008E 00E6 0092 00E0 00E9 0096 00DE 0003 00C0 00DE 00B0 00B8 00B4 00D9 00CC 00A5 00A5 00A5 00E1 0096 00DE 0093 00F6 00E5 0091 0003 00E0 00DE 00E4 009C 00E0 00F7 0020 0091 00E9 00B4 00D9 00CC 00E0 00E1 008F 00E3 003F 0008 0000
M051.ETC	0	224	0B5C1	0095 014C 0096 00DE 0020 0095 009F 00FC 00FA 00E0 00FD 00E0 00DE 008F 00E3 00A5 00A5 00A5 0003 00B5 00C3 00DE 00B6 00DE 00DD 00E9 01E7 027E 00EA 0020 00EC 00DE 008F 009F 0093 00E0 00DE 0099 00E4 00DE 0003 009A 008F 00E1 027E 00F3 0020 00F5 00E0 00DE 00FD 00E3 00DE 0097 00E5 0092 00FD 00E0 00DE 00E8 008A 00A1 0008 0000
M051.ETC	0	225	0B5F8	00CE 00CB 00DE 00AF 00C4 00E0 00E1 0096 00DE 0020 020B 008F 00E1 00EF 008F 00E0 0096 00F7 0003 009A 00E9 0243 00F3 0020 009D 00DE 0092 00EC 00DE 00FD 0020 00CB 00CF 00E0 00DE 00E5 0091 0003 0091 0091 0020 0282 0107 009B 00FD 0096 00DE 0172 00E5 0092 0096 00E5 0091 00A5 00A5 00A5 00A1 0008 0000
M051.ETC	0	226	0B62B	009A 009A 0086 01E6 00E6 017E 00F9 00E4 0020 0283 0284 0096 00DE 0091 00F9 0099 00E4 00DE 0003 0091 009F 009A 00EA 0020 0175 0096 00E5 0092 016A 0096 00DE 0092 0092 00FC 00E8 0003 0283 00E9 018C 0227 00E4 0096 00F3 0020 0091 00F9 00F7 009C 0092 009C 009B 00A1 0008 0000
M051.ETC	0	227	0B65B	0283 00E9 018C 0227 00E9 0020 00CC 00D7 00B2 00CA 00DF 00DD 00BA 00DB 00BC 00B1 00D1 00E6 0003 0216 00E9 00BC 00DE 00DD 0096 00DE 0020 0285 008F 00E3 0092 00F9 00E4 015C 0098 0096 00DE 00A5 00A5 00A5 0003 0180 0177 00E5 012E 014F 0096 00DE 0020 009F 009A 0086 01A3 008F 00E3 0092 00F9 00F7 009C 0092 00A1 0008 0000
M051.ETC	0	228	0B696	016F 01B2 00E9 01F4 0286 0096 00DE 0020 00CA 00DF 00BF 00DE 00B0 00C4 00E9 009C 00FC 009B 00DE 00E5 00F7 0003 0157 0287 00E9 012E 012F 0086 0020 0111 008F 00E3 009A 00E5 0096 008F 00E0 0096 003F 0005 0000
M051.ETC	0	229	0B6BD	00D4 00C2 0086 0020 026B 0092 0288 008F 00E0 00E5 00F7 0155 01D5 00E5 0092 0096 00DE 0003 00F3 009C 0020 009F 00E9 012E 012F 00E6 0096 0099 00F7 00FA 00E0 00E5 00F7 00EA 00DE 0003 0177 024D 00E9 024A 019A 00E6 0020 0185 0099 00E3 00F3 00F7 00FC 00E8 00EA 00DE 00E5 00F7 00FD 00A1 0008 0000
M051.ETC	0	230	0B6F2	016F 0195 0020 00C0 00DE 00B0 00B8 00B4 00D9 00CC 00E9 00E8 00F7 008F 00E0 012A 00EA 0003 00BC 00DE 00DD 00E9 01C5 0086 020D 009C 00DE 00E0 0020 01BB 01BC 00E9 025B 00E5 00E9 0005 0000
M051.ETC	0	231	0B715	009F 00E9 00BC 00DE 00DD 00E9 00B5 00B0 00CC 00DE 00EA 0020 0289 0125 009D 00F9 0161 00E6 0003 012E 012F 00E9 01C5 0086 0020 0210 0094 00F9 00E4 015C 0092 00E0 00FC 00A5 00A5 00A5 00A1 0008 0000
M051.ETC	0	232	0B738	0216 00E9 00BC 00DE 00DD 00E9 0285 00F9 0020 0283 00E9 018C 0227 016B 0136 00EA 0003 009D 00ED 00DE 00E3 0020 01E7 00E9 0162 016A 00E6 0091 00F9 00E4 0092 0093 0096 00DE 0003 0128 00F9 00E9 009B 0094 00F3 0020 0223 00E3 00DE 00EA 00E5 0092 00E4 015C 0098 009F 00DE 00A1 0008 0000
M051.ETC	0	233	0B76B	0114 0115 00E9 010D 0086 0020 0111 0092 00EF 009D 0096 003F 0008 0000
M051.ETC	0	234	0B779	016F 00EF 00E3 00DE 00E9 0112 0113 00EA 0020 0114 0115 009C 00EF 009C 00E0 0003 00EF 00E0 00DE 0020 00B9 00DE 00B0 00D1 0086 00E2 00E2 00DE 0099 00EF 009D 0096 003F 0008 0000
M051.ETC	0	235	0B799	00CC 00D8 00B0 00BD 00DE 00E9 012E 012F 00E9 0020 028A 028B 01D7 01CC 00E4 00EA 003F 0003 01BB 00E9 00BC 00DE 00DD 0096 00F7 0020 0210 0094 00F7 00FA 00F9 012E 012F 00E9 01C5 00EA 0003 01BB 00F4 00CA 00DE 00B8 00C0 00DE 00DD 009B 0094 00F3 0020 028C 00F7 009E 00F9 00E9 00E0 00DE 00A1 0008 0000
M051.ETC	0	236	0B7D0	0216 00E9 00BC 00DE 00DD 0020 00BD 00CA 00DF 00B0 00B8 00E9 012E 012F 00E9 028B 028D 0021 0003 0162 028E 01C0 01B3 028F 00E9 0020 028F 01C5 0290 028F 0086 0291 009D 01A4 00E6 0003 00CC 00D7 00AF 00BC 00AD 00CE 00DE 00B0 00D9 0086 0020 01BB 00E9 0292 00E9 014D 00E6 0229 00FA 00A1 0008 0000
M051.ETC	0	237	0B80A	0228 0229 009B 00FA 00E0 00BC 00DE 00DD 0086 0020 00E4 00DE 0093 009D 00F9 00E9 0096 003F 0003 00BC 00DE 00DD 00E9 01FA 0293 01C5 0086 0020 0121 00EB 00DE 0093 00EA 00DE 0092 0168 00FA 00EA 00DE 0003 0294 00F7 018C 0227 00E6 0137 00F9 00E4 0020 01CE 0092 012D 0094 0096 00DE 0091 00F9 00A1 0008 0000
M051.ETC	0	238	0B841	012A 025B 00E9 0135 008F 00E3 0092 00F9 0020 012E 012F 01C5 00E9 0295 01CC 012F 0021 0003 0289 0125 009C 00E0 0161 00E9 0020 0140 00E9 01C5 0086 0111 008F 00E3 0003 020D 009C 00DE 00F7 00FA 00E0 0020 0225 01C5 00E5 012E 012F 0096 00DE 0111 0094 00F9 00A1 0008 0000
M051.ETC	0	239	0B871	00CC 00DE 00DA 00B2 00BD 00DE 00EA 0020 01FA 0293 00E9 00BD 00CD 00DF 00BC 00AC 00D9 012E 012F 00E0 00DE 0021 0003 0033 00E2 00EA 0020 018C 0227 00E9 0296 0228 0097 00E6 0297 01CC 009B 00FA 00F9 0096 00DE 0003 0212 00E9 012E 012F 00EA 0020 01FA 0293 0096 00DE 0298 01C5 00E6 00E5 008F 00E3 0092 00F9 009F 00DE 00A1 0008 0000
M051.ETC	0	240	0B8AF	0299 00E9 00BC 00DE 00DD 00E9 012E 012F 0020 00CC 00DE 00D7 00BD 00C4 00E9 01D7 01CC 012F 0021 0003 029A 0239 00E9 00CE 00DE 00C0 00DD 0086 0020 029B 01BF 00E6 029C 009D 009A 00E4 00E9 01A4 0003 029D 009B 0094 00F3 0020 0103 009C 0269 00F9 009A 00E4 0096 00DE 00E3 00DE 0097 00F9 012E 012F 00E0 00DE 00A1 0008 0000
M051.ETC	0	241	0B8EA	012E 012F 00E3 00DE 029E 00F7 00FA 00F9 0020 012E 012F 01C5 00E9 00B6 00CD 00DE 00E4 00EA 003F 0003 012E 012F 0086 0294 0144 00E9 0195 00F8 00E6 029F 00F9 009A 00E4 00E3 00DE 029E 00F7 00FA 0003 012E 012F 01C5 00E6 00F6 008F 00E3 00E9 00F0 0020 01BE 00F9 009A 00E4 0096 00DE 00E3 00DE 0097 00F9 00A1 0008 0000
M051.ETC	0	242	0B922	00B5 00C3 00DE 00B6 00DE 00DD 019E 00EA 0020 012A 00E9 0285 00F9 00B4 00D9 00C4 00DE 00D7 00C4 00DE 00E0 00DE 0021 0003 0091 00F7 00F5 00F9 012E 012F 0086 0020 0111 0092 009A 00E5 009E 00F9 0161 00E5 00F7 0003 009F 009A 00F7 014D 0096 00F7 0020 012A 0096 00DE 0129 00E2 0096 00F9 00E3 00DE 0091 00FB 0093 00A1 0008 0000
M051.ETC	0	243	0B95B	00CE 00CB 00DE 00AF 00C4 00E9 0204 0235 0096 00F7 00E9 012D 01CE 0021 0003 009A 00FA 0086 02A0 00FD 00E0 00DE 0020 01D3 0140 00E9 0091 00F9 0161 00E5 00F7 00EA 00DE 0003 0169 00E9 0203 00EF 00E3 00DE 0020 009D 0098 00DE 00E6 00F3 0172 00E3 0095 0098 00FA 0021 0008 0000
M052.ETC	0	0	068C6	00B9 00DE 00B0 00D1 0086 0020 00E1 008D 0093 00E0 00DE 00FD 009C 00EF 009D 0003 00F6 00FB 009C 0092 00E3 00DE 009D 0096 003F 0000
M052.ETC	0	1	068DF	0015 0002 00C3 00DE 00B0 00C0 0086 0100 00FD 00E3 00DE 0098 00E0 00DE 009B 0092 0000
M052.ETC	0	2	068F0	0015 0002 0101 0102 0086 0100 00FD 00E3 00DE 0098 00E0 00DE 009B 0092 0000
M052.ETC	0	3	06901	0015 0002 00CA 00DE 00AF 00B8 00B1 00AF 00CC 00DF 0052 0041 004D 0086 0100 00FD 00E3 00DE 0098 00E0 00DE 009B 0092 0000
M052.ETC	0	4	0691B	0015 0002 009A 00E9 00C3 00DE 00B0 00C0 0086 0020 0103 009C 00E3 00F6 00FB 009C 0092 00E3 00DE 009D 0096 003F 0000
M052.ETC	0	5	06931	0015 0002 009A 00E9 00C3 00DE 00B0 00C0 0086 0020 0104 0105 009C 00EF 009D 0096 003F 0000
M052.ETC	0	6	06944	0015 0002 0106 0107 0052 0041 004D 00E9 0108 0109 0096 00DE 0020 010A 010B 009C 00E3 0092 00EF 009D 0008 0000
M052.ETC	0	7	0695C	0015 0002 00B6 00B0 00C4 00D8 00AF 00BC 00DE 0052 0041 004D 00E9 0108 0109 0096 00DE 0020 010A 010B 009C 00E3 0092 00EF 009D 0008 0000
M052.ETC	0	8	06978	0015 0002 0108 0109 010A 010B 00E9 00E0 00F2 0020 00BA 00CB 00DF 00B0 00E3 00DE 0097 00EF 009E 00FD 0008 0000
M052.ETC	0	9	0698F	0015 0002 0108 0109 010A 010B 00E9 00E0 00F2 0020 0105 010C 00E9 00BE 00B0 00CC 00DE 00EA 00E3 00DE 0097 00EF 009E 00FD 0008 0000
M052.ETC	0	10	069AA	0015 0002 00B6 00B0 00C4 00D8 00AF 00BC 00DE 0052 0041 004D 0096 00DE 0020 0091 00F8 00EF 009E 00FD 0008 0000
M052.ETC	0	11	069C1	0015 0002 00B6 00B0 00C4 00D8 00AF 00BC 00DE 0052 0041 004D 00E6 00EA 0020 010D 0097 010E 00F0 00E3 00DE 0097 00EF 009E 00FD 0008 0000
M052.ETC	0	12	069DE	0015 0002 010F 0097 00FB 0098 00E9 009C 008E 0110 0086 0020 00EB 00E4 00E2 0111 008F 00E3 0003 009A 009A 00EF 00E3 00DE 00E9 0112 0113 0086 0020 0114 0115 009D 00F9 009A 00E4 0096 00DE 00E3 00DE 0097 00EF 009D 00A1 0003 0114 0115 009C 00EF 009D 0096 003F 0000
M052.ETC	0	13	06A0E	0015 0009 0007 0114 0115 0086 0116 0117 009D 00F9 00E0 00F2 00E6 0031 0037 00E9 0118 0097 0108 0109 0096 00DE 0119 011A 00E3 00DE 009D 00A1 0003 009A 00E9 00EF 00EF 00B9 00DE 00B0 00D1 0086 00BD 00C0 00B0 00C4 009B 009E 00E0 011B 011C 0003 0114 0115 0086 0116 0117 009D 00F9 009A 00E4 0096 00DE 00E3 00DE 0097 00EF 009E 00FD 0005 0003 0112 0113 00E9 0114 0115 0086 0116 0117 009C 00E0 0092 011B 011C 00EA 0003 0116 0117 00C3 00DE 00B0 00C0 011D 0102 011E 011F 00E3 00DE 00C3 00DE 00B0 00C0 0086 0120 0102 009C 00E3 0003 00B9 00DE 00B0 00D1 0086 0121 00BD 00C0 00B0 00C4 009C 00E3 0098 00E0 00DE 009B 0092 00A1 0008 0000
M052.ETC	0	14	06A84	0015 0002 0009 0007 010D 0097 010E 00F0 00E6 0122 0123 009C 00EF 009C 00E0 0008 0000
M052.ETC	0	15	06A98	0015 0002 00CA 00DE 00AF 00B8 00B1 00AF 00CC 00DF 00C3 00DE 00B0 00C0 00EA 0091 00F8 00EF 009E 00FD 0000
M052.ETC	0	16	06AAF	0015 0009 0007 0106 0107 0052 0041 004D 00E9 0124 0125 0096 00DE 0020 00E3 00DE 0097 00E3 0092 00EF 009E 00FD 00A1 0003 0116 0117 00C3 00DE 00B0 00C0 011D 0102 011E 011F 00E3 00DE 0020 0126 00E3 00E9 0114 0115 0086 0103 009C 0003 00B9 00DE 00B0 00D1 0086 0020 0121 00BD 00C0 00B0 00C4 009C 00E3 0098 00E0 00DE 009B 0092 00A1 0000
M052.ETC	0	17	06AEE	0015 0009 0007 00B6 00B0 00C4 00D8 00AF 00BC 00DE 0052 0041 004D 00E9 0124 0125 0096 00DE 0020 00E3 00DE 0097 00E3 0092 00EF 009E 00FD 00A1 0003 0116 0117 00C3 00DE 00B0 00C0 011D 0102 011E 011F 00E3 00DE 0020 0126 00E3 00E9 0114 0115 0086 0103 009C 0003 00B9 00DE 00B0 00D1 0086 0020 0121 00BD 00C0 00B0 00C4 009C 00E3 0098 00E0 00DE 009B 0092 00A1 0000
M052.ETC	0	18	06B31	0015 000E 0086 0127 00E6 0128 00FA 00E0 0004 0000
M052.ETC	0	19	06B3E	0015 000A 00EA 0020 00CA 00DE 00C4 00D9 00BF 00B0 00C4 00DE 0086 0129 00E2 0099 00E3 0003 00BC 00AE 00B0 00C4 00BF 00B0 00C4 00DE 0086 0020 012A 012B 00E6 0095 0092 00E0 00A1 0008 0000
M052.ETC	0	20	06B63	0015 012C 0096 00DE 0096 0096 008F 00E3 0092 00F9 0004 0000
M052.ETC	0	21	06B70	009F 00FA 00EA 0020 00B4 00D9 00CC 00E6 012D 00FC 00F9 012E 012F 0130 00A5 00A5 00A5 0003 0097 008F 00E4 0020 000A 00E6 0131 0132 00E2 00EA 009D 00DE 00E0 00DE 0005 0000
M052.ETC	0	22	06B91	009A 00E9 0133 00EA 0020 00B7 00D0 00E6 00EA 00EF 00E0 00DE 0134 0102 00E0 00DE 0003 009F 00FA 0086 0135 008F 00E3 0020 0136 00E6 0137 00F8 00E5 009B 0092 0003 0092 009D 00DE 00FA 0138 0093 0139 00EF 00E3 00DE 00A5 00A5 00A5 009B 00F7 00EA 00DE 00E0 00DE 00A1 0008 0000
M052.ETC	0	23	06BC1	00EF 0091 0020 000A 013A 008F 00E0 00F7 00A5 00A5 00A5 0003 013B 013C 0086 0020 0095 013D 00E6 009B 00FA 00F9 00E5 00FD 00E3 0003 013E 013F 008F 0140 0096 00DE 0020 0095 0091 00F8 00E5 00FD 00E3 00DE 009D 009A 00E4 0021 0008 0000
M052.ETC	0	24	06BEA	0093 00EC 00EC 00A5 00A5 00A5 000A 013A 00EA 0003 0141 0142 00E9 0143 0144 00E6 0020 0095 00E5 00F8 00E6 00E5 008F 00E3 00F3 0003 0096 009B 00DE 00F8 0140 00E9 00E5 0092 0020 0145 0146 00E3 00DE 009D 00E9 00E8 003F 0008 0000
M052.ETC	0	25	06C14	000A 013A 00E9 0020 0095 0147 00FA 00E9 013B 013C 00EA 0003 00E4 00DE 00E1 00F7 00E3 00DE 0020 0129 00E2 0099 00F7 00FA 00E0 00E9 00E3 00DE 009D 003F 0003 0148 00E0 00DE 0096 0020 00E4 008F 00E3 00F3 0140 0149 0096 00DE 0091 00F8 00EF 009D 00FC 00A1 0008 0000
M052.ETC	0	26	06C41	00BA 00CE 00DD 00A5 00A5 00A5 014A 009C 014B 0099 00DE 00E3 0095 0097 00EF 009D 0096 00DE 0003 014C 014D 00E6 0020 014E 0097 014F 0086 0135 00E1 010E 00F1 009A 00E4 00EA 0003 0096 00E0 0098 0150 009C 00DE 00F7 00FA 00E3 0095 00F8 00EF 009D 0020 00CA 00B2 00A1 0008 0000
M052.ETC	0	27	06C74	0095 00F4 0020 000A 0151 00E9 0095 013D 00EA 00A5 00A5 00A5 0003 00F3 009C 00F4 0020 013B 013C 00E3 00DE 00EA 0091 00F8 00EF 009E 00E7 0096 00E5 0003 00ED 0094 0094 0020 009F 0093 0092 0093 0020 009C 008D 0152 00E3 00DE 009D 0096 003F 0008 0000
M052.ETC	0	28	06CA2	0091 00FA 00EF 0091 0020 013B 013C 0086 0153 0094 00E3 00E9 0154 014C 00E4 00EA 0003 0092 008F 00E0 0092 0020 00E4 00DE 00E9 00F6 0093 00E5 0155 0156 00E3 00DE 009D 0096 00E5 003F 0003 009A 00FA 00EF 00E0 0020 0157 00FC 008F 00E0 0095 013D 00E0 00DE 009A 00E4 00A5 00A5 00A5 00A1 0008 0000
M052.ETC	0	29	06CD5	0148 00E3 00DE 009D 0096 00A5 00A5 00A5 000A 0151 003F 0003 00F4 00F4 0020 00F3 009C 00F4 0020 009F 00E9 013B 013C 0086 0003 0158 0102 009C 00E3 0098 00FA 00E4 0020 0092 00FC 00FA 00EF 009D 0096 003F 0008 0000
M052.ETC	0	30	06CFC	0095 0159 00EA 0020 0141 0142 00E6 015A 015B 009C 00E0 009A 00E4 00E3 00DE 0003 00E4 00DE 009A 0096 0020 0095 0096 009C 0098 00E5 008F 00E0 00E9 0096 003F 0003 00E0 00DE 008F 00E3 0020 009F 00FA 0020 013B 013C 00E0 00DE 00F6 00E5 0091 00A1 0008 0000
M052.ETC	0	31	06D26	000A 0096 00DE 0020 0112 0113 00E6 015A 00E3 00F9 00E4 015C 0092 00E3 0003 00E4 00DE 00FD 00E5 009A 00E4 0086 0020 00F4 008F 00E3 0098 00F9 0096 00E4 015D 008F 00E0 00F7 0003 00A5 00A5 00A5 013B 013C 0086 0020 009B 0096 00DE 009C 00E3 0098 00F9 009A 00E4 00E4 00EA 0021 0008 0000
M052.ETC	0	32	06D56	0095 00FA 00EA 0020 000A 00E9 015A 015B 00E9 015E 00F7 009E 0086 0003 015F 0160 00E6 0020 00F6 00FB 009A 00FD 00E3 00DE 0092 00E0 00FD 00E0 00DE 0099 00E4 00DE 00A5 00A5 00A5 0003 013B 013C 0086 0153 0094 00F9 0020 0095 0159 0086 0129 00F9 00E4 0020 00B6 00DE 00AF 00B6 00D8 00E0 00DE 00A1 0008 0000
M052.ETC	0	33	06D8C	000A 0151 00EA 0020 0141 0142 00E6 00E5 00F7 00FA 00E3 0003 00EF 009D 00EF 009D 0020 00E0 0098 00EF 009C 0098 00E5 008F 00E0 00A5 00A5 00A5 0096 00DE 0003 00CC 00DF 00CC 00DF 00AF 0020 0095 013D 00E6 013B 013C 00E4 00EA 0020 00B9 00AF 00BB 00B8 00E0 00DE 0021 0008 0000
M052.ETC	0	34	06DBD	0021 0020 000A 013A 00EA 0020 00EA 009D 00DE 0096 009C 0098 00E5 0092 00E9 0096 003F 0003 0141 0142 00E0 00F9 0161 0096 00DE 0020 013B 013C 0086 0153 0094 00F9 00E4 00EA 00A5 00A5 00A5 0003 00B5 00C3 00DE 00B6 00DE 00DD 00E9 0141 0142 00F3 0020 0162 00E6 0163 00E1 00E0 00E5 0091 00A1 0008 0000
M052.ETC	0	35	06DF2	000A 013A 00E9 0020 0164 00FB 00E6 0092 00F9 00E9 00EA 0003 013B 013C 00E3 00DE 009D 0099 00E4 00DE 00A5 00A5 00A5 00EA 00EA 0091 00A5 00A5 00A5 0003 0141 0142 00E9 0112 0113 00E4 0020 0165 0166 0096 00DE 0091 00F9 00FD 00E3 00DE 009C 008E 003F 0008 0000
M052.ETC	0	36	06E1F	000A 013A 00EA 0020 013B 013C 0086 0167 00FC 00FA 00E0 00E9 003F 0003 00E3 00DE 00F3 0020 00E5 00FD 00E3 0097 00FA 0092 00E5 013B 013C 00E5 00FD 00E3 00DE 009C 008E 0021 0003 009F 00FA 00E6 0020 0140 0149 00E6 0091 00EC 00FA 00E3 0092 00F9 00FC 00F6 00A1 0008 0000
M052.ETC	0	37	06E4F	000A 013A 00E4 0020 013B 013C 00E9 0168 00F8 011C 00FC 009E 003F 0003 00F0 00FD 00E5 00EA 0020 0095 0096 009C 0098 015D 0093 00E3 00DE 009C 008E 0093 0099 00E4 00DE 0003 0169 00EA 00A5 00A5 00A5 009D 009A 00DE 0098 00BD 00C3 00B7 00E0 00DE 00E4 015D 0093 00A1 0008 0000
M052.ETC	0	38	06E80	0141 0142 00E6 00E5 00F7 00FA 00E0 0020 000A 013A 00E3 00DE 009D 00E8 003F 0003 009F 00FD 00E5 0143 0144 00E9 016A 0096 00DE 0020 0091 00F7 0020 0092 00F4 00E0 00DE 00FC 0091 0003 013B 013C 0096 00DE 0020 0164 0086 00E2 0099 00E3 0097 00E3 0092 00EF 009D 00FC 00F6 00A1 0008 0000
M052.ETC	0	39	06EB1	00ED 008A 008A 0020 00CE 00DD 00C4 00E6 016B 0136 00E0 00DE 00E5 0091 00A5 00A5 00A5 0003 000A 0096 00DE 0020 013B 013C 0086 0153 0094 00E3 016C 0098 00E5 00FD 00E3 0003 0092 00EF 00EF 00E3 00DE 00E9 00B7 00D0 0096 00F7 00EA 0020 016D 0094 00F7 00FA 00E5 0092 00F6 00A1 0008 0000
M052.ETC	0	40	06EE5	0093 0020 0093 00FD 003F 0020 00E5 00FD 00E0 00DE 00BB 00D9 009C 00DE 008C 00E5 0092 0096 0021 0003 015A 015B 00E9 00C1 00AC 00DD 00BD 0086 0020 00E9 0096 00DE 009C 00E0 00CE 00DE 00B8 0086 0003 00E5 0098 00DE 009B 00F2 00E6 0020 0097 00E3 0098 00FA 00E0 00FD 00E0 00DE 00E8 0020 0098 00DE 00B0 00A1 0008 0000
M052.ETC	0	41	06F1C	00EF 0091 0020 0096 00FC 0092 0092 0020 0095 00BB 00D9 009B 00FD 0003 0097 008F 00E4 0020 0095 016E 00E3 00DE 00F3 009D 0092 00E0 00FD 00E3 00DE 009C 008E 003F 0003 00E3 00DE 00F3 016F 0020 00CA 00DE 00C5 00C5 00EA 0135 008F 00E3 0092 00E5 0092 00E9 00A1 0008 0000
M052.ETC	0	42	06F4B	0091 00F7 00B2 00D4 00E0 00DE 00FC 0020 00BB 00D9 009C 00DE 008C 00E5 0092 00E9 00F6 0003 00BB 00D9 00EA 0020 009D 0098 00DE 00B2 00C0 00BD 00DE 00D7 009D 00F9 0096 00F7 0003 00B7 00D7 00B2 00E5 00E9 00F6 00E8 008A 0020 00BC 00AF 00BC 0020 00BC 00AF 00BC 00A1 0008 0000
M052.ETC	0	43	06F7E	0095 014C 00E6 0020 0095 00BB 00D9 009B 00FD 0096 00DE 0098 00F9 00E5 00FD 00E3 0003 0097 008F 00E4 0020 00EA 009C 00DE 00F2 00E3 00E9 009A 00E4 009C 00DE 008C 00E5 0092 003F 0003 0099 0092 00EB 00DE 0170 00EA 0020 0148 009C 00E3 00F9 00E9 0096 009C 00F7 0021 0008 0000
M052.ETC	0	44	06FAE	00BA 00CE 00DD 00A5 00A5 00A5 014A 009C 014B 0099 00DE 00E3 0095 0097 00EF 009D 0096 00DE 0003 00B5 00C3 00DE 00B6 00DE 00DD 014C 00E3 00DE 00EA 0020 014E 0097 014F 00E9 0128 014C 00EA 0003 0096 00E0 0098 0020 0095 0171 00F8 014A 009C 014B 0099 00DE 00E3 0095 00F8 00EF 009D 009F 00DE 00A1 0008 0000
M052.ETC	0	45	06FE4	0095 0092 0020 00BB 00D9 0021 0020 00E4 00DE 009A 0096 00F7 0172 00E0 00FD 00E0 00DE 0003 009F 00FD 00E5 0173 00E3 00DE 0020 00C0 00DE 00DD 00BD 0086 009C 00E3 00E5 0092 00E3 00DE 0003 0174 00F1 0096 00F7 0020 014C 0096 00F7 015A 00E3 0175 008F 00E3 0098 00FA 0021 0008 0000
M052.ETC	0	46	07014	00EE 00EE 0093 0020 009A 00FA 0096 00DE 00D3 00DD 00B7 00B0 00C0 00DE 00DD 00BD 0021 0003 00E1 00EF 00E0 00E9 0020 0176 0161 00E0 00E1 00E9 0091 0092 00E0 00DE 00E3 00DE 00EA 0003 0177 0178 0175 00E9 0020 0095 00E4 00DE 00F8 00E4 015C 0097 00EF 009C 00E0 00A1 0008 0000
M052.ETC	0	47	07045	0091 00F8 008C 0020 009A 00F8 008C 00EF 00E0 00A5 00A5 00A5 00A5 0003 00E3 00DE 008F 0096 0092 00BB 00D9 0096 00DE 0020 00F4 008F 00E3 0097 00E0 009F 00DE 0003 00E4 00DE 0093 00F4 008F 00E3 0020 0158 0102 009D 00F9 00E9 0096 00E5 0091 003F 0008 0000
M052.ETC	0	48	07071	009A 0092 00E2 0020 00B5 00DA 00E9 0159 00E3 00DE 00C0 00DE 00DD 00BD 00E4 00EA 0021 0003 0127 0179 0086 0132 00E3 00E5 0092 0020 00B5 00DA 00E9 009A 00E4 0086 0003 00CA 00DE 00B6 00E6 009C 00E3 00F9 00F0 00E0 0092 00E3 00DE 0020 0098 00F4 009C 0092 009E 00DE 00A1 0008 0000
M052.ETC	0	49	070A3	00C0 00DE 00DD 00BC 00DD 00B8 00DE 0020 00C0 00DE 00DD 00BC 00DD 00B8 00DE 0021 0003 009A 00F8 008C 00EF 00E0 0020 009D 0099 00DE 008A 00D8 00BD 00DE 00D1 017A 00E0 00DE 00E5 0003 00B5 00DA 00F3 0020 00D1 00BD 00DE 00D1 00BD 00DE 009C 00E3 0097 00E0 009E 00DE 0021 0008 0000
M052.ETC	0	50	070D5	0091 0091 0020 00F4 00F2 00FB 008F 0020 00F4 00F2 00E3 0098 00FA 008F 0003 016F 0139 00EA 0020 017B 0096 00F7 017C 0096 00DE 017D 0092 008F 00E3 00E9 00E6 0003 009F 00FD 00E5 00E4 009A 00E3 00DE 0020 00C0 00DE 00DD 00BD 009B 00FA 00E3 00E0 00EF 00F9 0096 0021 0008 0000
M052.ETC	0	51	07106	014C 017E 017F 00E6 0020 0180 0177 00E5 00BB 00D9 0096 00DE 0172 00F9 00E5 00FD 00E3 0003 0148 0096 00E9 0020 0159 0181 00FA 00E6 00E1 0096 00DE 0092 00E5 0092 00E3 00DE 009D 0003 00A5 00A5 00A5 00E6 009C 00E3 00F3 0020 00C9 00D8 00E9 0092 0092 00BB 00D9 00E0 00DE 0021 0008 0000
M052.ETC	0	52	07138	0091 00F8 008C 00F8 008C 0020 0092 0097 00E5 00F8 00C0 00DE 00DD 00BD 00E4 00EA 0003 0177 0182 00E6 009C 00E3 0020 010A 0183 00E5 00BB 00D9 00E3 00DE 009D 00E8 008A 0003 0092 00E2 00EF 00E3 00DE 0095 00E4 00DE 00F9 0096 0020 0129 00E3 00F6 008F 00E4 0021 0008 0000
M052.ETC	0	53	07169	009A 00FA 00EA 0020 00BB 00D9 00E0 00DE 00F6 00E5 0091 00A5 00A5 00A5 0003 0184 00EF 00E3 00DE 0020 00F4 008F 00E3 00F9 008F 00E3 009A 00E4 00EA 0003 00BB 00B0 00B6 00BD 0096 00F7 0020 00E6 0099 00DE 00E0 00E9 0096 00F3 0021 0008 0000
M052.ETC	0	54	07192	00EF 0091 0020 0096 00FC 0092 0092 0020 0095 00BB 00D9 009B 00FD 00E0 00DE 00FC 0003 00E3 00DE 00F3 00A5 00A5 00A5 0096 00FC 0092 0092 008F 00E3 0092 0093 00E6 00EA 0003 00E1 008E 008F 00E4 0020 0177 0097 009D 0097 00DE 00F9 0140 00F3 009D 00F9 00FC 00A1 0008 0000
M052.ETC	0	55	071C0	0097 008C 00B0 008F 0020 00E0 00DE 00FA 0096 00B0 008F 0020 0185 0099 00E3 00B0 008F 0003 00A5 00A5 00A5 008F 00E3 0020 0095 00E4 00DE 00FB 0092 00E3 00F0 00E0 0099 00E4 00DE 0003 00EB 00E0 009D 00F7 0020 0095 00E4 00DE 008F 00E3 0092 00F9 00E0 00DE 0099 00E0 00DE 00FC 00A1 0008 0000
M052.ETC	0	56	071EF	0186 0187 00E9 0157 00FC 00F8 013F 00EA 0020 00E4 00DE 00FD 00E5 014E 0097 014F 00F3 0003 00E0 009C 0096 00E6 0020 0188 0096 00FA 00F9 00F3 00E9 00E0 00DE 0099 00E4 00DE 0003 009A 00FA 00EA 0020 00E1 008E 008F 00E4 0020 0188 0096 00FA 009D 0097 00DE 00F6 00A1 0008 0000
M052.ETC	0	57	07220	009A 009A 00EA 0020 0189 018A 00E5 00F9 00B5 00C3 00DE 00B6 00DE 00DD 018B 0138 00E3 00DE 009D 0003 018C 0094 00F9 018D 018E 00F6 0020 00F6 0098 009F 00DE 00EF 0092 00F7 00FA 00EF 009C 00E0 0003 0112 0113 0086 0020 0114 0115 009C 00E3 018F 009E 00DE 00EF 009C 008E 0093 0096 003F 0000
M052.ETC	0	58	07255	00E5 00FD 00E4 003F 0020 0114 0115 0086 0171 00F8 00E5 009B 00FA 00EF 009D 0096 003F 0003 00EF 0091 0020 009F 00FA 00F3 00F6 00FB 009C 0092 00E3 00DE 009C 008E 0093 00A5 00A5 00A5 0003 00EF 00E0 0020 0190 0092 0086 0191 00F2 00E6 0020 0095 0092 00E3 00DE 00E5 009B 0092 00A1 0008 0000
M052.ETC	0	59	07288	0093 00F1 0020 0114 0115 00EA 00E3 00DE 0097 00EF 009C 00E0 0003 0092 00E2 00E3 00DE 00F3 0020 0112 0113 0086 0121 0192 00E3 00DE 0097 00EF 009D 009F 00DE 0003 009B 00E3 0020 0112 0113 0086 0193 0099 00F7 00FA 00EF 009D 0096 00E5 003F 0000
M052.ETC	0	60	072B4	00EC 00F1 00F1 0020 009B 00F7 00E6 0112 0113 009B 00FA 00EF 009D 0096 003F 0003 00EF 0091 0020 009F 00FA 00F3 00F6 00FB 009C 0092 00E3 00DE 009C 008E 0093 00A5 00A5 00A5 0003 0098 00FA 0098 00DE 00FA 00F3 0020 0134 0102 0086 00E5 009B 00FA 00E7 00F6 0093 00E6 00E5 00A1 0008 0000
M052.ETC	0	61	072E8	00EC 00F1 0020 0194 0195 00E9 0112 0113 00E6 009F 00E5 0094 0003 009C 00EA 00DE 009C 0196 0197 0086 00E4 00F9 00E9 0096 00DE 0020 00F6 00FB 009C 0096 00FB 0093 00A1 0008 0000
M052.ETC	0	62	0730A	00ED 0092 0020 0092 00F7 008F 009C 008C 0092 0006 0003 0091 0092 00E6 0098 0126 0198 0149 0199 00FA 00E3 00DE 00E8 00A5 00A5 00A5 0003 00EF 00E0 0172 00E3 0098 00E0 00DE 009B 0092 00F6 00A1 0008 0000
M052.ETC	0	63	0732F	0095 00F4 0020 0095 0097 008C 0098 009B 00FD 0096 0092 003F 0003 019A 0092 0099 00E4 00DE 0020 00EF 00E0 00DE 0020 009C 00DE 008D 00FD 00EB 00DE 00E1 008D 0093 00E5 00FD 00E0 00DE 00F6 0003 00F3 0093 009D 009A 009C 009C 00E0 00F7 0020 00EF 00E0 0095 0092 00E3 00DE 0021 0008 0000
M052.ETC	0	64	07361	00ED 0092 0092 00F7 008F 009C 008C 0092 0021 0003 0092 0092 0149 014F 00EA 00DE 0096 00F8 00E0 00DE 00F6 0021 0003 00F5 008F 0098 00F8 0129 00E3 0092 008F 00E3 0098 00FA 00F6 0021 0008 0000
M052.ETC	0	65	07384	000E 0020 00E0 00DE 00E8 0020 009F 0092 00E2 00EA 0003 019B 019C 0010 019D 00E6 00E5 00F9 0099 00E4 00DE 0003 009F 00FA 00E3 00DE 0020 0092 0092 0096 0092 003F 0000
M052.ETC	0	66	073A3	0002 00EA 0092 00F6 0020 019E 009D 009E 00DE 0003 00E0 00DE 0092 009C 00DE 00E6 0111 008F 00E3 0098 00FA 00F6 00E5 0021 0003 0007 0002 00F3 0093 019F 00E2 0092 00F9 0096 0092 003F 0000
M052.ETC	0	67	073C6	0002 009F 0092 00E2 00EA 009B 00DE 00FD 00E8 00FD 00E0 00DE 00E5 0091 0008 0000
M052.ETC	0	68	073D6	0091 00F8 0096 00DE 00E4 0093 0020 00EF 00E0 00F6 008F 00E3 0098 00FA 00F6 0021 0007 0008 0000
M052.ETC	0	69	073E8	0095 00F4 00A5 00A5 00A5 0095 019B 0096 00DE 010B 00F8 00EF 009E 00FD 00F6 0008 0000
M052.ETC	0	70	073F9	0095 00F4 00A5 00A5 00A5 000E 00EA 00F3 0093 0135 00E3 00EF 009E 00FD 00F6 0008 0000
M052.ETC	0	71	0740A	00ED 0092 0020 0092 00F7 008F 009C 008C 0092 00EF 009E 0021 0003 0093 00E1 00E9 01A0 0149 00EA 0020 0112 0113 00E9 0185 0099 00E6 00E5 00F9 009E 00DE 0003 009B 0091 0020 00E4 00DE 00FA 00E3 00DE 00F3 01A1 008F 00E3 0092 008F 00E3 0098 00FA 00F6 00A1 0008 0000
M052.ETC	0	72	07439	00B5 00C3 00DE 00B6 00DE 00DD 00E9 017F 00E9 01A2 01A3 00E6 0020 00F6 0093 009A 009F 0003 0095 019F 01A4 013A 0020 0031 0030 00BA 00DE 00B0 00D9 00C4 00DE 00E3 00DE 009D 0096 00DE 0003 0095 01A5 00EF 00F8 00E6 0020 00E5 00F8 00EF 009D 0096 003F 0000
M052.ETC	0	73	07468	0095 00F4 00A5 00A5 00A5 0095 019B 0096 00DE 010B 00F8 00EF 009E 00FD 00F6 0003 01A6 01A7 00E3 00DE 009D 0096 00DE 0020 0095 01A5 00F2 00E3 00DE 0097 00EF 009E 00FD 0003 00EF 00E0 0020 0095 0132 00E1 01A8 00F8 017E 009B 0092 00A1 0008 0000
M052.ETC	0	74	07494	0095 00F4 00F2 00E6 0020 00E5 00F9 00FD 00E3 00DE 009D 00E8 003F 0003 00EF 00E0 0020 0095 0132 00E1 01A8 00F8 017E 009B 0092 00A1 0008 0000
M052.ETC	0	75	074AF	009F 00FA 00E3 00DE 00EA 0020 009A 00DE 00F5 008F 0098 00F8 0003 0143 0107 0086 0020 0095 0196 00F2 017E 009B 0092 00A1 0008 0000
M052.ETC	0	76	074C8	00A5 00A5 00A5 0095 00EA 00F6 0093 009A 00DE 009B 00DE 0092 00EF 009D 0003 00F5 008F 0098 00F8 0020 0196 00F0 00E6 00E5 00FA 00EF 009C 00E0 0096 003F 0003 009F 00FA 00E3 00DE 00EA 0020 00EF 00E0 0095 0132 00E1 01A8 00F8 017E 009B 0092 00A1 0008 0000
M052.ETC	0	77	074F5	0114 0115 00E9 010D 0086 0020 0111 0092 00EF 009D 0096 003F 0008 0000
M052.ETC	0	78	07504	016F 00EF 00E3 00DE 00E9 0112 0113 00EA 0020 0114 0115 009C 00EF 009C 00E0 0003 00EF 00E0 00DE 0020 00B9 00DE 00B0 00D1 0086 00E2 00E2 00DE 0099 00EF 009D 0096 003F 0008 0000
M052.ETC	0	79	07524	0092 00EF 0020 013F 00E9 0159 0086 01A9 008F 00E3 0092 008F 00E0 00E9 00EA 0003 00BB 00C3 00D7 01AA 01AB 00E6 0020 009E 00DE 008F 00E0 0092 01AC 01AD 0092 00E5 0092 0003 00E4 00DE 0093 009C 00E3 0020 01AE 0096 00F7 0128 008F 00E3 0097 00E0 00FD 00E0 00DE 003F 0008 0000
M052.ETC	0	80	07554	00E8 0094 00A5 00A5 00A5 0091 00E5 00E0 00F3 0129 00E0 00E3 00DE 009C 008E 003F 0003 0159 0086 01A9 008F 00E3 0020 014C 00E6 0128 008F 00E0 01A4 00A5 00A5 00A5 0003 0097 00FA 0092 00E3 00DE 0020 0095 01AF 013A 00F0 00E0 0092 00E0 00DE 008F 00E0 00FC 00A1 0008 0000
M052.ETC	0	81	07583	00FC 0091 00B0 008F 0020 0095 01B0 00E1 008C 00FD 00E0 00DE 0003 009A 00E9 01B1 0020 0129 00E5 0092 00E4 015D 008F 00E3 00E0 0099 00E4 00DE 0003 00E4 00DE 009A 0096 00ED 0020 0175 008F 00E3 00E0 00FD 00E3 00DE 009C 008E 003F 0008 0000
M052.ETC	0	82	075AC	0169 0096 00DE 0020 01B2 00E3 00DE 0129 00E0 01AA 01AB 013A 008F 00E3 0003 016F 01A9 008F 00E0 0020 0095 01B3 009B 00FD 00E9 013A 00E5 01A4 00F6 0003 0091 00FD 00E5 00BD 00C3 00B7 00E5 01A4 00E6 0020 00E5 00F8 00E0 0092 00E5 00A1 0008 0000
M052.ETC	0	83	075D8	0091 00FD 00E0 0020 00E1 008E 008F 00E4 0129 00E5 0092 01AC 00E6 0003 009D 00DE 0092 00EC 00DE 00FD 0020 00E0 0098 00EF 009C 0098 00E5 008F 00E0 00E9 0093 0003 0141 0142 00EA 0020 0155 01B4 0094 00F3 00E1 0096 00DE 0093 00FD 00E0 00DE 00E5 0091 00A1 0008 0000
M052.ETC	0	84	07606	0095 00E4 0097 00DE 01B5 00EA 0020 0095 00E4 0097 00DE 01B5 00E5 00E9 009B 0021 0003 0095 01AF 013A 0096 00DE 00A5 00A5 00A5 017F 00E9 0128 00F8 01B6 0096 00F7 0003 00BD 00C0 00BA 00D7 0020 01B7 008F 00E3 0172 00F9 00FD 009C 00DE 008C 00E8 008A 0005 0000
M052.ETC	0	85	07636	009A 00FA 0096 00DE 0020 009D 00E3 0097 00E5 0095 00E4 0097 00DE 01B5 00E5 00F7 0003 01AA 018D 013A 00E9 0020 013B 01B8 00E6 00EF 00E0 0096 00DE 008F 00E3 0003 009B 008F 009F 0093 00E4 0020 0128 008F 00E3 0098 00F9 00E0 00DE 00FB 0093 00E6 00A1 0008 0000
M052.ETC	0	86	07662	00C0 00DE 00B0 00B8 00B4 00D9 00CC 00E9 0020 0091 00E9 009B 00FC 0097 00DE 00E9 0164 00EA 0003 00B5 00C3 00DE 00B6 00DE 00DD 014C 00F3 0020 009C 009D 00DE 0096 00F3 00E9 00E0 00DE 00F6 0003 0148 00E9 01B9 01BA 00F3 0020 01BB 009A 00F7 00E5 0096 008F 00E0 00F3 00E9 00A1 0008 0000
M052.ETC	0	87	07694	0148 00E6 00F3 00A5 00A5 00A5 01B9 01BA 00EA 01BB 0097 00E3 00E5 0092 0099 00E4 00DE 0003 014C 00E9 014B 0086 0020 0099 0092 00EB 00DE 009C 00E0 00D4 00C2 00E9 01B5 00E3 00DE 00EA 0003 01BC 00E9 016A 00E3 00DE 0020 0148 0096 0096 00DE 00EA 0099 00DE 009C 0098 01BD 008F 00E0 00E4 009B 00A1 0008 0000
M052.ETC	0	88	076C9	01AA 01AB 013A 00EA 0020 0095 014C 00E6 0092 00F9 00EA 009D 00DE 00E3 00DE 009D 00F6 00E8 0021 0003 009D 00F9 00E4 00A5 00A5 00A5 009F 009A 0086 01A9 008F 00E3 0092 008F 00E0 00E9 00EA 0003 0092 008F 00E0 0092 0020 01BE 00E0 00DE 008F 00E0 00FD 00E3 00DE 009C 008E 0093 003F 0008 0000
M052.ETC	0	89	076FB	01BF 00E9 01C0 01C1 0162 01C2 00E6 0020 0175 008F 00E3 00F0 00E0 0096 0092 003F 0003 009F 0093 00E0 00DE 00F6 00E5 0091 0020 009A 00E9 01C3 00E9 0161 00E5 00F7 0003 0091 00FD 00E5 01C4 0113 00E5 0173 00E6 00EA 0020 0175 0096 00E5 0092 00F6 00E5 00A1 0008 0000
M052.ETC	0	90	0772A	0092 00EF 0020 01C5 0086 0192 0099 00E3 0128 008F 00E0 01AB 0145 00A5 00A5 00A5 0003 00E0 009C 0096 00E6 0020 00BB 00C3 00D7 00E4 01C6 01C7 008F 00E0 00FD 00E0 00DE 0099 00E4 00DE 0003 01AA 01AB 00E9 00EE 0096 00E6 0020 00BB 00C3 00D7 008F 00E3 0092 00E0 008F 0099 003F 0008 0000
M052.ETC	0	91	0775D	0091 00E9 00A5 00A5 00A5 000A 0151 00A5 00A5 00A5 0003 00E0 00E0 00DE 0092 00EF 0020 01AA 01AB 013A 0096 00DE 01AE 0096 00F7 00F4 008F 00E3 0097 00E3 0003 009A 009A 0086 01A9 008F 00E3 0020 014C 00E6 0137 00F7 00FA 00E0 00FD 00E0 00DE 00F6 0005 0000
M052.ETC	0	92	07789	01AA 01AB 013A 00EA 0020 0092 00E2 0020 01AE 00E6 0175 0096 00FA 00E0 00E9 0096 003F 0003 009F 00FA 00E4 00F3 0020 014C 00E6 0128 008F 00E0 00E9 00EA 01C8 00E5 00E9 0096 00E5 003F 0008 0000
M052.ETC	0	93	077AC	0094 008F 0020 01AA 01AB 013A 0096 00DE 0159 0086 01A9 008F 00E0 008F 00E3 00A5 00A5 00A5 0003 0148 0086 01B8 01C9 00E5 009A 00E4 0020 0092 008F 00E3 00F9 00FD 00E0 00DE 00FB 00E8 0021 0003 009F 00FD 00E5 009A 00E4 0020 0091 00F9 00FC 0099 00E5 0092 009C 00DE 008C 00E5 0092 003F 0008 0000
M052.ETC	0	94	077DF	009F 0093 0092 00F4 0020 00CE 00CB 00DE 00AF 00C4 00E0 00E1 0096 00DE 0092 008F 00E3 00E0 0096 00DE 0003 01CA 00F7 00E9 01CB 00E6 00EA 0020 01CC 01CD 00E6 0128 00FA 00E5 0092 008F 00E3 0021 0005 0000
M052.ETC	0	95	07805	01CA 00F7 00E9 01CB 00E9 011B 0173 00EA 0020 01CE 00E3 00DE 009B 0094 0097 00DE 00F7 00FA 00E3 00E3 0003 01CF 0140 00E9 01D0 0086 0020 01D1 00F8 00E5 0097 008C 0092 0099 00E5 0092 009F 0093 00E0 00DE 00A1 0008 0000
M052.ETC	0	96	0782E	0159 00E6 017F 00E3 00DE 0020 01C0 0086 00EE 008F 00E3 00F9 01A4 0096 00DE 0092 00E0 0096 00F7 0003 0148 009C 00E3 00F9 00FD 00E0 00DE 008F 00E3 0020 015C 0092 00E0 00E9 00F6 00A5 00A5 00A5 0003 012A 0086 01D2 009C 00E3 00F9 00FD 00E0 00DE 008F 00E3 0020 0092 008F 00E3 00E0 00FC 00A1 0008 0000
M052.ETC	0	97	07860	00D7 00D7 00D7 0020 01C0 00E9 018C 01D3 00E9 0020 0130 00E9 01D4 00EA 0003 00BD 00B2 00AF 00C1 0086 01D5 009C 00E0 00F7 0020 00E0 00E0 00DE 00E9 01C0 00F6 0003 00F3 019F 01D6 00BD 00B2 00AF 00C1 00E3 00DE 0020 01D7 00E9 011B 0173 0020 00D7 00D7 00D7 00A1 0008 0000
M052.ETC	0	98	07895	01C0 00E9 018C 01D3 00E9 0020 00CC 00D7 00B2 00CA 00DF 00DD 00BA 00DB 00BC 00B1 00D1 00E6 0003 01D8 00E9 00BC 00DE 00DD 0096 00DE 0020 01D9 008F 00E3 0092 00F9 00E4 015C 0098 0096 00DE 00A5 00A5 00A5 0003 0180 0177 00E5 012E 014F 0096 00DE 0020 009F 009A 0086 01DA 008F 00E3 0092 00F9 00F7 009C 0092 00A1 0008 0000
M052.ETC	0	99	078CF	01C0 00E9 018C 01D3 00E6 00EA 0020 0132 0107 01A9 01DB 0096 00DE 0091 008F 00E3 0003 01DC 01DD 00E5 011B 0173 00E6 0020 00E2 00E5 0096 00DE 008F 00E3 0092 00F9 0096 00DE 0003 01C0 0096 00DE 00D3 00DB 0098 0020 01DE 00FA 00F9 00F3 00E9 00F3 0091 00F9 00E4 0092 0093 00A1 0008 0000
M052.ETC	0	100	07902	016F 0195 0020 00C0 00DE 00B0 00B8 00B4 00D9 00CC 00E9 00E8 00F7 008F 00E0 012A 00EA 0003 00BC 00DE 00DD 00E9 01D0 0086 01DF 009C 00DE 00E0 0020 01E0 01E1 00E9 01E2 00E5 00E9 0005 0000
M052.ETC	0	101	07926	009F 00E9 00BC 00DE 00DD 00E9 00B5 00B0 00CC 00DE 00EA 0020 01E3 0125 009D 00F9 0161 00E6 0003 012E 012F 00E9 01D0 0086 0020 01E4 0094 00F9 00E4 015C 0092 00E0 00FC 00A5 00A5 00A5 00A1 0008 0000
M052.ETC	0	102	0794A	01C0 00E9 018C 01D3 00E9 0020 01E5 01E6 00E9 0091 00F9 01A9 01DB 00EA 0003 0192 0096 009D 00DE 00E9 01E7 0086 0192 0099 0020 01C0 0086 0178 009D 00E9 00E0 00DE 0021 0003 0096 0098 009B 00FA 00E0 00BD 00B2 00AF 00C1 0086 0020 01D2 009D 0096 00DE 0092 0092 00A1 0008 0000
M052.ETC	0	103	0797D	00B5 00C3 00DE 00B6 00DE 00DD 0096 00F7 0020 01E8 0096 00DE 015A 01E9 009C 00E3 0092 008F 00E0 00F6 0003 00CE 00DE 00B8 00EA 01EA 01EB 0020 009A 009A 00E6 01EC 00FD 00E3 00DE 00F9 0099 00E4 00DE 0003 009A 00FD 00E5 009A 00E4 00EA 0020 01ED 00F2 00E3 00E0 00DE 00F6 00A5 00A5 00A5 00A1 0008 0000
M052.ETC	0	104	079B1	01E8 01EE 00E9 0020 015A 01E9 00E9 009D 0096 00DE 008F 00E0 008F 00E3 0003 00B5 00C3 00DE 00B6 00DE 00DD 00E6 014E 00EF 00FA 00E3 0020 01ED 00F2 00E3 0129 00E0 00FC 0003 00F0 00FD 00E5 0020 009B 00F0 009C 009F 0093 00E0 00DE 008F 00E0 00A5 00A5 00A5 00A1 0008 0000
M052.ETC	0	105	079E0	00CE 00CB 00DE 00AF 00C4 009B 00FD 00E6 0020 015C 0092 00E0 00FD 00E0 00DE 0099 00E4 00DE 0003 00CE 00CB 00DE 00AF 00C4 01CB 00E6 0020 01EF 00EB 00DE 00E6 0092 0098 00E6 00EA 0003 0092 00E5 00E2 00DE 00EF 00E9 01D0 0096 00DE 0020 0119 011A 00E5 00FD 00E0 00DE 008F 00E3 00A1 0008 0000
M052.ETC	0	106	07A12	00CE 00CB 00DE 00AF 00C4 009B 00FD 00E3 0020 00E4 008F 00E3 00F3 01F0 01F1 00E3 00DE 0003 00B8 00C2 0086 0157 0094 00E3 0020 009D 00ED 00DE 008F 00E3 0129 009E 00E3 0098 00FA 00E0 00FC 0003 0091 00FA 0096 00DE 00E3 00DE 0097 00E0 00F7 0020 0138 0092 00E6 0175 0099 00F9 00F7 009C 0092 00E9 00A1 0008 0000
M052.ETC	0	107	07A48	00B5 00C3 00DE 00B6 00DE 00DD 0096 00DE 0020 01E8 0086 015A 01E9 009B 009E 00E0 00E9 00E6 00EA 0003 00E9 008F 00EB 00DF 0097 00E5 00F7 00E5 0092 0020 01F2 0096 00DE 0091 00F9 00EA 009D 00DE 009C 00DE 008C 0003 0092 008F 00E0 0092 0020 0148 0096 00DE 0091 008F 00E0 00E4 0092 0093 00E9 009C 00DE 008C 00FB 003F 0008 0000
M052.ETC	0	108	07A7F	00B5 00C3 00DE 00B6 00DE 00DD 00F3 0020 01E8 0086 015A 01E9 009B 009E 00E1 00EF 008F 00E0 00F7 0003 01AE 01C5 00E9 01DA 00F8 009B 0094 0020 019F 01A4 00E6 00E5 00F9 00F6 0093 009C 00DE 008C 0003 00D1 00C0 00DE 00E5 0170 008F 00E3 0020 0092 00E5 0096 008F 00E0 00FD 00E0 00DE 00E8 008A 00A1 0008 0000
M052.ETC	0	109	07AB6	01BC 00E9 0162 016A 00E6 0020 015A 01E9 009C 00E0 01F3 01AC 00F3 0177 0157 00E0 00DE 0096 00DE 0003 01C0 00E9 018C 01D3 00E6 0031 01A4 00E3 00DE 0175 0098 0020 0095 0159 00F3 0177 0157 00E0 00DE 0005 0000
M052.ETC	0	110	07ADC	01C0 00E9 018C 01D3 00EA 0020 00C5 00BF 00DE 0096 00DE 01F4 0092 00F7 009C 0092 0096 00F7 0003 012E 012F 0111 0092 00E6 0020 01DC 01DD 015C 0092 00E3 0092 0098 00E4 0092 0092 00A1 0008 0000
M052.ETC	0	111	07AFF	01F5 01F6 00E0 00DE 00E4 015C 0092 00E3 0020 00F4 008F 00E3 0097 00E0 00B5 00C3 00DE 00B6 00DE 00DD 00F3 0003 009F 00FA 00EE 00E4 00DE 009C 00DE 008C 0020 00E5 0096 008F 00E0 00F0 00E0 0092 00E3 00DE 009D 0003 01E8 01EE 0096 00DE 0020 015A 01E9 009D 00F9 00E9 0086 0129 00F9 00E4 00EA 00E8 008A 0005 0000
M052.ETC	0	112	07B36	01F7 01F8 0096 00DE 01F9 00EF 00F9 00E5 00F7 00A5 00A5 00A5 009F 00E9 0159 00E6 0003 00E4 00DE 009A 0096 0020 01FA 00E9 01C3 00E6 00E3 00DE 00F3 0175 0098 00E2 00F3 00F8 00E3 00DE 009D 00A1 0008 0000
M052.ETC	0	113	07B5B	00B5 00C3 00DE 00B6 00DE 00DD 01E8 0096 00DE 0020 01BC 00E9 0162 016A 00E6 015A 01E9 00E5 00FD 00E3 0003 00A5 00A5 00A5 00EF 00E0 0020 009D 00DE 0092 00EC 00DE 00FD 01FB 00E3 00DE 009C 00E0 00E8 008A 0003 0095 014C 00F3 0020 01FC 0096 00DE 0103 0094 00E0 00F6 0093 00E5 01FD 0099 009B 00E0 00DE 00A1 0008 0000
M052.ETC	0	114	07B91	0170 0142 01F3 01AC 0096 00DE 0020 015A 01E9 009D 00F9 009D 0096 00DE 00E0 00A5 00A5 00A5 0003 009F 00FA 00EA 0020 01FE 00EF 009C 0092 00F3 00E9 00E0 00DE 0099 00E4 00DE 009B 0091 0003 01A6 00F9 0161 00EA 0020 00F3 00E9 0096 00DE 00E5 009C 0092 00F3 00FD 00E0 00DE 009E 00DE 00A1 0008 0000
M052.ETC	0	115	07BC3	01AA 01AB 013A 00E9 009A 00E4 00E3 00DE 0020 009B 00FC 0097 00DE 0096 00DE 01BB 0097 00E0 008F 00E3 003F 0003 009F 00E9 009E 0092 00E3 00DE 0020 01E8 0096 00DE 015A 01E9 009C 00E0 00FD 00E0 00DE 00FB 00A5 00A5 00A5 0003 0092 008F 00E0 0092 0020 00E4 00DE 00FD 00E5 009B 00FC 0097 00DE 0096 00DE 01BB 0097 00E0 00E9 0096 00E8 008A 00A1 0008 0000
M052.ETC	0	116	07BFD	0091 00FD 00E0 00EA 0020 010A 01FF 00E5 009A 00E4 0086 0200 008F 00E3 00E0 0003 0091 00E9 0020 0095 00CA 00DE 00B1 009B 00FD 0086 0201 0094 00E3 00F9 0096 0092 003F 0000
M052.ETC	0	117	07C1D	00B8 00DE 00C4 00DE 00B0 00E9 0202 0096 00F7 0020 00F4 008F 00E3 0172 00E0 00E4 0092 008F 00E3 00E0 0003 0093 009B 00FD 0098 009B 0092 0020 0157 00E5 00CA 00DE 00B1 009B 00FD 00E0 00DE 008F 00E0 00FD 00E3 00DE 0003 00F0 00FD 00E5 00E3 00DE 0020 0203 0092 0204 009C 00E1 00EF 008F 00E0 00FD 00E0 00DE 00F6 00A1 0008 0000
M052.ETC	0	118	07C54	0091 00E9 0020 0095 00CA 00DE 00B1 009B 00FD 00E9 0092 008F 00E3 00E0 009A 00E4 0086 0003 00F3 0093 0205 009C 0020 00EF 009C 00DE 00F2 00E6 015C 0092 00E4 0098 00FD 00E0 00DE 008F 00E0 0003 00A5 00A5 00A5 0092 00EF 009B 00F7 0020 0095 009F 0092 0099 00E4 00DE 009B 00A5 00A5 00A5 00A1 0008 0000
M052.ETC	0	119	07C86	00E8 008A 0020 000A 0151 00EA 017A 009C 00DE 00E5 0092 003F 0003 0148 0096 0020 0162 011F 0096 00DE 00F5 00FA 00E3 0092 00F9 00F0 00E0 0092 00E0 00DE 0096 00F7 0003 017F 00E9 00F0 00FD 00E5 00F3 0020 0155 0206 009C 00E3 00F9 00FD 00E0 00DE 00F6 00A1 0008 0000
M052.ETC	0	120	07CB5	00B2 00D4 00E0 00DE 00FC 0091 0020 0162 011F 0096 00DE 00CC 00DE 00D9 00CC 00DE 00D9 009D 00F9 00E4 0003 00E4 00E3 00F3 0020 010A 0207 00E5 0140 0135 00E1 00E6 00E5 00F9 00E9 00A5 00A5 00A5 0003 009A 00E9 0162 011F 00E9 00F5 00FA 00EA 0020 00E5 00FD 00E5 00E9 0096 009C 00F7 003F 0008 0000
M052.ETC	0	121	07CE9	009A 009A 00E9 00E4 009A 00FB 0020 0157 00E5 0162 00E5 00F8 0096 00DE 009D 00F9 009C 0003 00B5 00C3 00DE 00B6 00DE 00DD 01E8 00EA 0020 01B7 008F 00E3 009A 00E5 0092 009C 00A5 00A5 00A5 0003 009A 0093 0092 0093 00E9 0086 0020 015B 0208 0209 00E4 0096 0092 0093 009F 0093 009C 00DE 008C 00A1 0008 0000
M052.ETC	0	122	07D1E	01C0 00E9 018C 01D3 0096 00F7 0020 0137 008F 00E3 009A 00FA 00E0 00E9 0096 003F 0003 00F5 0020 00F5 0093 00FA 0092 009C 00DE 008C 0020 00E5 0092 00F6 00E5 0091 00A5 00A5 00A5 0005 0000
M052.ETC	0	123	07D3F	01C0 00E9 018C 01D3 00E6 0175 008F 00E3 0020 00EC 00DE 009C 00DE 00E0 00DE 008F 00E0 00E5 00FD 00E3 0003 000A 008F 00E3 0020 0106 020A 00E6 009D 009A 00DE 0092 00E5 0091 0021 0008 0000
M052.ETC	0	124	07D60	0095 014C 00E3 00DE 00EA 0020 015A 01E9 009C 00E0 0102 020B 00F3 018B 0094 00E3 0098 00FA 009D 00DE 0003 009A 00E9 0157 00E5 00F5 00FA 00F3 0020 0096 0092 0099 00E2 00E3 00DE 0097 00E5 0092 00E9 009B 0005 0000
M052.ETC	0	125	07D87	009A 0093 0092 0093 020C 0020 00CE 00CB 00DE 00AF 00C4 00E9 01EA 020D 00E0 00E1 0096 00DE 0003 00F4 008F 00E3 0097 00E3 0020 0098 00FA 00E0 00F3 00E9 00E0 00DE 008F 00E0 00E9 00E6 0003 016F 0195 00EA 0020 00E4 00DE 0093 009C 00E0 008F 00E3 0092 0093 00E9 00E0 00DE 00FB 0093 003F 0008 0000
M052.ETC	0	126	07DBA	01BC 00E9 0162 016A 00E6 0175 008F 00E0 0020 00B5 00C3 00DE 00B6 00DE 00DD 01E8 0096 00F7 00EA 0003 0092 00EF 00E0 00DE 00E6 0020 0148 00E9 020E 009B 00E0 00F3 00E5 0092 00FD 00E0 00DE 00F6 0003 0091 0092 00E2 00F7 00EA 0020 00E0 00DE 0092 009C 00DE 008E 0093 00EC 00DE 00E5 00E9 0096 00E5 0091 00A1 0008 0000
M052.ETC	0	127	07DEF	0091 00E0 009C 008C 0020 009C 00FD 009A 0098 00E6 016D 0094 00E5 0092 016A 00E0 00DE 0096 00F7 0003 009A 00FD 00E5 00F5 00FA 0020 00E4 00DE 0093 008F 00E3 009A 00E4 00E5 0092 00E9 00F6 0003 00F5 009D 00F7 00FA 00E3 0020 0205 009C 00EA 00D4 00BE 00E5 0092 0096 00E8 008A 00A1 0008 0000
M052.ETC	0	128	07E23	020F 0096 00DE 0092 00E5 0092 0096 00F7 0020 017B 0096 00F7 0210 00FD 00E3 00DE 00F9 0099 00E4 00DE 0003 009A 00E9 00F5 00FA 00E9 0095 0096 0099 00DE 00E3 00DE 0020 00EF 00FC 00F9 00EF 00FC 00F9 0021 0003 00F3 0093 0020 019A 00F6 0092 009C 00E1 00EF 008F 00E0 0020 00B3 00A8 00AF 00A1 0008 0000
M052.ETC	0	129	07E57	0091 00E9 01A4 00EA 0020 013F 0086 00EA 00E5 009C 00E3 00F9 00BD 00B7 00E6 0003 009D 0098 00DE 00E6 0020 01A0 0211 014F 0086 0210 00FD 009C 00DE 00EF 0093 0096 00F7 0003 009A 0093 00F4 008F 00E3 0020 0129 00EA 008F 00E3 00E5 0092 00E4 00E8 00A1 0008 0000
M052.ETC	0	130	07E85	01D8 00E9 00BC 00DE 00DD 0096 00DE 0020 0212 0213 009B 00FA 00E0 0095 0096 0099 00DE 00E3 00DE 0003 012E 00E9 014E 0097 014F 0096 00DE 0020 0214 0215 0086 00EA 009C 00DE 00F2 00E0 00F6 0005 0000
M052.ETC	0	131	07EA7	00F3 009C 00F3 0020 012E 00E9 01E0 0216 00E6 0095 009F 00FC 00FA 00E0 00F7 0003 00BD 00CA 00DF 00B0 00B8 00E9 01D0 0086 0020 0217 0099 00DE 00E2 0099 00F9 00FD 00E0 00DE 00F6 0003 0097 008F 00E4 0020 0095 00E4 00E5 009C 0098 00E5 00F9 00EA 009D 00DE 00E0 00DE 0096 00F7 00A1 0008 0000
M052.ETC	0	132	07EDA	000A 0096 00DE 0020 0126 00E3 00E9 00BC 00DE 00DD 00E9 018C 01D3 00E3 00DE 0003 012A 01E2 00E9 00B5 00B0 00CC 00DE 0086 0020 0168 00F8 0204 009D 00E2 00F3 00F8 00E5 00F7 0003 00FC 00FA 00F7 00E9 01B5 0086 0020 0095 00EE 00DE 0094 00E3 0092 0098 0096 00DE 0092 0092 0005 0000
M052.ETC	0	133	07F0B	00CC 00D8 00B0 00BD 00DE 00B5 00B0 00CC 00DE 0086 0020 0168 00F8 0204 009C 00E0 00F7 0003 0218 00E9 0219 0092 01E0 00EA 0020 021A 00F7 009E 00F7 00FA 00F9 00E0 00DE 00FB 0093 0003 01E0 00E9 009C 008E 0093 0096 00DE 0092 00E6 0020 00EF 00E4 00DE 00FC 009B 00FA 00F9 00E5 00A1 0008 0000
M052.ETC	0	134	07F3E	00BC 00DE 00DD 00E9 012A 01E2 00EA 0020 012E 01D0 00E9 00B5 00B0 00CC 00DE 00E4 00F3 00F6 00EA 00DE 00FA 0003 01E3 0125 009C 00E0 0161 00E9 0020 019F 0155 00E5 00F9 0140 0096 00DE 012D 00FC 00F9 00E4 0003 012E 012F 00E4 00E5 008F 00E3 0020 0213 00E2 009A 00E4 0096 00DE 00E3 00DE 0097 00F9 00E9 00E0 00DE 0005 0000
M052.ETC	0	135	07F75	00EF 00E0 0020 009F 00FA 009F 00DE 00FA 00E9 00B5 00B0 00CC 00DE 00E9 012E 012F 00EA 0003 009F 00E9 020C 0020 0143 00E6 00E2 0099 00F7 00FA 00E0 01E3 0125 00E6 00F6 008F 00E3 0003 009B 00EF 009B 00DE 00EF 00E5 021B 021C 0086 0020 00EA 008F 0097 009D 00F9 00E0 00DE 00FB 0093 00A1 0008 0000
M052.ETC	0	136	07FA8	00BC 00DE 00DD 00E9 00B5 00B0 00CC 00DE 00E9 0020 0126 00E3 00E9 01D0 0086 021D 00F9 00E4 0003 01BC 00E9 0162 016A 00E9 0020 021E 018D 021F 00E4 0220 00EA 00DE 00FA 00F9 0221 00E6 0003 01BD 00E5 00F9 01D0 00E9 0222 0096 00DE 0020 0223 00FA 00F9 00F7 009C 0092 00FC 00A1 0008 0000
M052.ETC	0	137	07FDB	01BC 00E9 0162 016A 00E3 00DE 0020 018F 00F2 00E5 0098 00E5 008F 00E0 00F7 0003 0224 0162 016A 00E9 0020 0225 00E9 018C 01D3 00E6 0175 0098 00E9 00E0 00DE 0005 0000
M052.ETC	0	138	07FFA	009F 00FA 0096 00DE 0020 0105 00E0 00E5 0194 00E5 00F9 0226 0086 0003 000A 00E6 0020 00F3 00E0 00F7 009D 00E0 00DE 00FB 0093 00A1 0008 0000
M052.ETC	0	139	08014	00B4 00D9 00CC 0096 00DE 0020 00F4 008F 00E3 0097 00E0 00FD 00E0 00DE 00F6 0003 009A 00E9 0159 0020 00CE 00CB 00DE 00AF 00C4 00E9 01EA 020D 00E4 00F4 008F 00E3 0097 00E0 0003 0091 00E9 00B4 00D9 00CC 00E0 00E1 00E0 00DE 00E4 0020 015D 0093 00FD 00E0 00DE 0099 00E4 00DE 009B 00A1 0008 0000
M052.ETC	0	140	08048	00B4 00D9 00CC 009B 00FD 00E6 0020 015C 0092 00E0 00FD 00E0 00DE 0099 00E4 00DE 0003 00CA 00DF 00BF 00DE 00B0 00C4 00E6 0020 0227 00EF 008F 00E0 00CE 00CB 00DE 00AF 00C4 00E0 00E1 0086 0003 0091 00E5 00E0 0096 00DE 0185 0099 00E0 008F 00E3 0021 0020 00BD 00BA 00DE 00B2 00FC 00E8 008A 00A1 0008 0000
M052.ETC	0	141	0807F	0091 00E9 00E8 00A5 00A5 00A5 01BC 00E9 0118 0096 00F7 00E8 00A5 00A5 00A5 0003 0177 0097 00E5 01A4 0096 00DE 0020 0228 00FD 00E3 00DE 0097 00E0 00FD 00E0 00DE 00F6 0021 0003 009D 008F 009A 00DE 0092 0020 00BD 00CB 00DF 00B0 00C4 00DE 00E0 00DE 008F 00E0 00FD 00E0 00DE 00A1 0008 0000
M052.ETC	0	142	080AF	00CE 00CB 00DE 00AF 00C4 009B 00FD 00EA 0020 00B6 00DC 00B2 0096 008F 00E0 0099 00E4 00DE 0003 00B4 00D9 00CC 009B 00FD 00EA 0020 00BD 00C0 00B2 00D9 0096 00DE 0092 0092 0096 00F7 0003 0093 00B0 00FD 00A5 00A5 00A5 00E4 00DE 008F 00E1 00F3 00BD 00B7 00E0 00DE 00FC 00A1 0008 0000
M052.ETC	0	143	080E3	01BC 00E9 0118 0096 00F7 0020 0228 00FD 00E3 00DE 0097 00E0 00E9 00EA 00A5 00A5 00A5 0003 0229 00E9 00BC 00DE 00DD 00E6 0020 00EF 00E1 0096 00DE 0092 00E5 0092 00FC 0092 0021 0003 00E2 0092 00E6 0020 0229 00E9 00BC 00DE 00DD 00EF 00E3 00DE 0212 0213 009B 00FA 00E0 00A1 0008 0000
M052.ETC	0	144	08112	00BC 00DE 00DD 00EA 0020 0118 0086 0228 00ED 00DE 00F9 00FD 00E0 00DE 00F6 00A5 00A5 00A5 0003 009B 009D 0096 00DE 00EA 0020 022A 022B 00E9 022C 022D 00E0 00DE 0099 0091 00F9 00E8 008A 0003 0165 0155 00EA 00DE 0096 00F8 00EA 0020 009C 00E3 00F7 00FA 00E5 0092 0099 00E4 00DE 009B 00A1 0008 0000
M052.ETC	0	145	08146	01BC 00E9 0162 016A 00ED 0175 008F 00E0 0020 00B5 00C3 00DE 00B6 00DE 00DD 01E8 00EA 0003 0092 008F 00E0 0092 0020 00E4 00DE 0093 00E5 008F 00E1 00EF 008F 00E0 0096 00E5 0091 003F 0003 00E4 0093 00E4 0093 0020 01B7 008F 00E3 009A 00E5 0096 008F 00E0 00F6 00A5 00A5 00A5 00A1 0008 0000
M052.ETC	0	146	08177	0034 00E2 00E9 018C 01D3 00E9 0020 00C5 00BF 00DE 0086 0212 0097 022E 0096 009C 00E3 0003 0126 00E3 00E9 012A 01E2 0086 0020 0168 00F8 0204 009C 00E0 00FD 00E0 00DE 00E8 003F 0003 00B7 00D0 00EA 0020 00EE 00DE 0098 00E0 00E1 00E4 01AD 0093 00E4 015D 008F 00E3 00E0 00F6 00A1 0008 0000
M052.ETC	0	147	081AD	00F4 008F 00E4 01B7 008F 00E3 0097 00E0 00E5 0020 000A 0021 0003 01AA 013A 00F3 0020 0155 0206 009B 00FA 00E3 0092 00F9 00EA 009D 00DE 00E0 00DE 0096 00F7 0003 022F 0098 0020 0230 0086 0129 009E 00E6 0175 008F 00E3 00F4 00FA 00F6 0021 0008 0000
M052.ETC	0	148	081DA	0177 0097 00E5 00D6 00DB 00B2 0231 0142 0096 00DE 0020 0228 00EC 00DE 0232 0086 0129 00E0 020C 0003 009D 00DE 008F 00E4 0133 00E9 020C 0233 0086 0020 015D 0092 0188 0096 00ED 00DE 00E0 00F6 0005 0000
M052.ETC	0	149	08200	0234 0172 00E6 00EA 0020 0091 00FD 00E5 00E9 0096 00DE 0170 0142 00E4 009C 00E3 0003 0177 0118 0086 0228 00EB 00DE 0195 008F 00E3 0020 01F7 008F 00E0 00F8 009D 00F9 00E9 009B 0003 0091 0091 0020 00E5 00FD 00E3 00DB 00CF 00DD 00C1 00AF 00B8 00E5 00FD 00E0 00DE 00FB 0093 00A1 0008 0000
M052.ETC	0	150	08235	00B5 00C3 00DE 00B6 00DE 00DD 0096 00DE 0020 0235 00EB 00DE 00F9 0096 00F3 015E 00FA 00E5 0092 020C 00E6 0003 01A2 00F4 0236 011B 00E6 0020 020F 00E5 00FD 00E3 0172 00F4 009C 00E5 0092 009E 00DE 0003 00E3 00DE 00F3 0020 009A 008F 00E1 00EA 014E 0214 009C 00E5 0097 008C 00E5 00FD 00E5 0092 00A1 0008 0000
M052.ETC	0	151	0826B	00C0 00DE 00B0 00B8 00B4 00D9 00CC 00E9 0020 019A 0237 00F0 00E9 0095 0096 0099 00DE 00E3 00DE 0003 009A 009A 00FD 00E4 009A 0020 009D 00DE 008F 00E4 00CB 00CF 00E5 00FD 00E0 00DE 00F6 0003 00E4 00DE 0093 00E0 00DE 0092 0020 0205 009C 0210 00FD 00E3 00DE 008F 00E3 0095 0098 00FA 00F6 00A1 0008 0000
M052.ETC	0	152	0829F	0034 00E2 00E9 00BC 00DE 00DD 0096 00DE 0020 0212 0213 009B 00FA 00E0 0096 00F7 00E6 00EA 0003 01A6 009B 00FA 00E0 020C 01AC 00E3 00DE 0020 00BC 00DE 00DD 0086 01DF 009C 00DE 00E3 0095 0098 00FA 0021 0003 00BC 00AC 00B2 00C6 00DD 00B8 00DE 00BF 00B0 00C4 00DE 00EA 0020 0129 00E2 0099 00E0 00FB 0093 00E8 00A1 0008 0000
M052.ETC	0	153	082DB	00CA 00DF 00BF 00DE 00B0 00C4 00EA 0020 00DA 00B2 00DD 00CE 00DE 00B0 00CA 00DE 00D8 00B1 00E9 0238 00E3 00DE 0003 0092 008F 009B 0092 00E9 0239 023A 0086 0020 009B 0099 00E3 0098 00F9 00EA 009D 00DE 00E0 00DE 0005 0000
M052.ETC	0	154	08303	009F 00FA 00EA 0020 0091 00F7 00F5 00F9 0239 023A 0086 0134 01D0 00E6 009C 0003 023B 0092 012E 012F 0086 0020 023C 00E8 0204 009D 0238 00E3 00DE 00F3 0091 00F9 0003 00CA 00DE 00D8 00B1 00E9 01DC 00E4 0020 0111 0093 0239 023A 0086 016D 0094 00F9 00E9 00E0 00DE 00A1 0008 0000
M052.ETC	0	155	08335	00BC 00DE 00DD 0096 00F7 0020 01D0 0086 023D 0128 009B 00FA 00E3 0092 00F9 01AC 00EA 0003 00F0 00E0 00DE 00F8 00E6 0020 0180 01A4 00E6 023E 00E2 00DE 0096 00E7 016A 0096 00DE 0092 0092 0003 0180 01A4 00E9 01D0 0086 0020 0129 0098 00EB 00DE 008F 00E3 00EA 00E5 00F7 00FD 009F 00DE 00A1 0008 0000
M052.ETC	0	156	0836A	015B 023F 014D 00E6 0240 0241 0091 00F9 0020 00D7 00B2 00CC 00BD 00C4 00AF 00B8 00EA 0003 0242 0086 0243 00F2 00F9 009A 00E4 00E9 00E3 00DE 0097 00F9 0020 012E 01D0 00E9 01F0 00E3 00DE 009D 0003 0111 008F 00E0 0164 00EA 0020 01A2 00E6 01A5 00EF 008F 00E3 00CF 00DD 00C0 00DD 00F6 00A1 0008 0000
M052.ETC	0	157	083A4	00C4 00DE 00B8 00DE 00B3 01F7 0142 00E9 0111 0093 0020 0162 00CB 00CB 00DE 00B7 00E9 0238 00EA 0003 000A 00E9 0244 0245 0086 0020 0134 021B 00E6 009D 00F9 0021 0003 0244 0245 00EA 00DE 0096 00F8 0086 0020 0174 00F8 00E6 009D 00F9 00E4 0177 0157 00E0 00DE 009F 00DE 00A1 0008 0000
M052.ETC	0	158	083D9	00CC 00D8 00B0 00BD 00DE 00E9 012E 012F 00E9 0020 0246 021B 0214 01F1 00E4 00EA 003F 0003 01E0 00E9 00BC 00DE 00DD 0096 00F7 0020 01E4 0094 00F7 00FA 00F9 012E 012F 00E9 01D0 00EA 0003 01E0 00F4 00CA 00DE 00B8 00C0 00DE 00DD 009B 0094 00F3 0020 021A 00F7 009E 00F9 00E9 00E0 00DE 00A1 0008 0000
M052.ETC	0	159	0840F	01D8 00E9 00BC 00DE 00DD 0020 00BD 00CA 00DF 00B0 00B8 00E9 012E 012F 00E9 021B 0247 0021 0003 0162 0248 01AC 0249 0215 00E9 0020 0215 01D0 024A 0215 0086 024B 009D 024C 00E6 0003 00CC 00D7 00AF 00BC 00AD 00CE 00DE 00B0 00D9 0086 0020 01E0 00E9 024D 00E9 014D 00E6 0213 00FA 00A1 0008 0000
M052.ETC	0	160	08447	0212 0213 009B 00FA 00E0 00BC 00DE 00DD 0086 0020 00E4 00DE 0093 009D 00F9 00E9 0096 003F 0003 00BC 00DE 00DD 00E9 0239 023A 01D0 0086 0020 0121 00EB 00DE 0093 00EA 00DE 0092 0168 00FA 00EA 00DE 0003 024E 00F7 018C 01D3 00E6 0137 00F9 00E4 0020 0200 0092 012D 0094 0096 00DE 0091 00F9 00A1 0008 0000
M052.ETC	0	161	0847C	012A 01E2 00E9 0135 008F 00E3 0092 00F9 0020 012E 012F 01D0 00E9 024F 01F1 012F 0021 0003 01E3 0125 009C 00E0 0161 00E9 0020 0140 00E9 01D0 0086 0111 008F 00E3 0003 01DF 009C 00DE 00F7 00FA 00E0 0020 0250 01D0 00E5 012E 012F 0096 00DE 0111 0094 00F9 00A1 0008 0000
M052.ETC	0	162	084AC	00CC 00DE 00DA 00B2 00BD 00DE 00EA 0020 0239 023A 00E9 00BD 00CD 00DF 00BC 00AC 00D9 012E 012F 00E0 00DE 0021 0003 0033 00E2 00EA 0020 018C 01D3 00E9 0251 0212 0097 00E6 0252 01F1 009B 00FA 00F9 0096 00DE 0003 01FC 00E9 012E 012F 00EA 0020 0239 023A 0096 00DE 0253 01D0 00E6 00E5 008F 00E3 0092 00F9 009F 00DE 00A1 0008 0000
M052.ETC	0	163	084E8	0229 00E9 00BC 00DE 00DD 00E9 012E 012F 0020 00CC 00DE 00D7 00BD 00C4 00E9 0214 01F1 012F 0021 0003 0254 0255 00E9 00CE 00DE 00C0 00DD 0086 0020 0256 020C 00E6 01D5 009D 009A 00E4 00E9 024C 0003 0257 009B 0094 00F3 0020 0103 009C 0258 00F9 009A 00E4 0096 00DE 00E3 00DE 0097 00F9 012E 012F 00E0 00DE 00A1 0008 0000
M052.ETC	0	164	08522	012E 012F 00E3 00DE 0259 00F7 00FA 00F9 0020 012E 012F 01D0 00E9 00B6 00CD 00DE 00E4 00EA 003F 0003 012E 012F 0086 024E 0144 00E9 0195 00F8 00E6 025A 00F9 009A 00E4 00E3 00DE 0259 00F7 00FA 0003 012E 012F 01D0 00E6 00F6 008F 00E3 00E9 00F0 0020 025B 00F9 009A 00E4 0096 00DE 00E3 00DE 0097 00F9 00A1 0008 0000
M052.ETC	0	165	0855A	00B5 00C3 00DE 00B6 00DE 00DD 01C3 00EA 0020 012A 00E9 01D9 00F9 00B4 00D9 00C4 00DE 00D7 00C4 00DE 00E0 00DE 0021 0003 0091 00F7 00F5 00F9 012E 012F 0086 0020 0111 0092 009A 00E5 009E 00F9 0161 00E5 00F7 0003 009F 009A 00F7 014D 0096 00F7 0020 012A 0096 00DE 0129 00E2 0096 00F9 00E3 00DE 0091 00FB 0093 00A1 0008 0000
M052.ETC	0	166	08594	00CE 00CB 00DE 00AF 00C4 00E9 01EA 020D 0096 00F7 00E9 012D 0200 0021 0003 009A 00FA 0086 025C 00FD 00E0 00DE 0020 01FE 0140 00E9 0091 00F9 0161 00E5 00F7 00EA 00DE 0003 0169 00E9 01CB 00EF 00E3 00DE 0020 009D 0098 00DE 00E6 00F3 0172 00E3 0095 0098 00FA 0021 0008 0000
M061.ETC	0	0	0666D	00B9 00DE 00B0 00D1 0086 0020 00E1 008D 0093 00E0 00DE 00FD 009C 00EF 009D 0003 00F6 00FB 009C 0092 00E3 00DE 009D 0096 003F 0000
M061.ETC	0	1	06685	0015 0002 00C3 00DE 00B0 00C0 0086 0100 00FD 00E3 00DE 0098 00E0 00DE 009B 0092 0000
M061.ETC	0	2	06696	0015 0002 0101 0102 0086 0100 00FD 00E3 00DE 0098 00E0 00DE 009B 0092 0000
M061.ETC	0	3	066A6	0015 0002 00CA 00DE 00AF 00B8 00B1 00AF 00CC 00DF 0052 0041 004D 0086 0100 00FD 00E3 00DE 0098 00E0 00DE 009B 0092 0000
M061.ETC	0	4	066BF	0015 0002 009A 00E9 00C3 00DE 00B0 00C0 0086 0020 0103 009C 00E3 00F6 00FB 009C 0092 00E3 00DE 009D 0096 003F 0000
M061.ETC	0	5	066D4	0015 0002 009A 00E9 00C3 00DE 00B0 00C0 0086 0020 0104 0105 009C 00EF 009D 0096 003F 0000
M061.ETC	0	6	066E6	0015 0002 0106 0107 0052 0041 004D 00E9 0108 0109 0096 00DE 0020 010A 010B 009C 00E3 0092 00EF 009D 0008 0000
M061.ETC	0	7	066FB	0015 0002 00B6 00B0 00C4 00D8 00AF 00BC 00DE 0052 0041 004D 00E9 0108 0109 0096 00DE 0020 010A 010B 009C 00E3 0092 00EF 009D 0008 0000
M061.ETC	0	8	06715	0015 0002 0108 0109 010A 010B 00E9 00E0 00F2 0020 00BA 00CB 00DF 00B0 00E3 00DE 0097 00EF 009E 00FD 0008 0000
M061.ETC	0	9	0672B	0015 0002 0108 0109 010A 010B 00E9 00E0 00F2 0020 0105 010C 00E9 00BE 00B0 00CC 00DE 00EA 00E3 00DE 0097 00EF 009E 00FD 0008 0000
M061.ETC	0	10	06745	0015 0002 00B6 00B0 00C4 00D8 00AF 00BC 00DE 0052 0041 004D 0096 00DE 0020 0091 00F8 00EF 009E 00FD 0008 0000
M061.ETC	0	11	0675B	0015 0002 00B6 00B0 00C4 00D8 00AF 00BC 00DE 0052 0041 004D 00E6 00EA 0020 010D 0097 010E 00F0 00E3 00DE 0097 00EF 009E 00FD 0008 0000
M061.ETC	0	12	06776	0015 0002 010F 0097 00FB 0098 00E9 009C 008E 0110 0086 0020 00EB 00E4 00E2 0111 008F 00E3 0003 009A 009A 00EF 00E3 00DE 00E9 0112 0113 0086 0020 0114 0115 009D 00F9 009A 00E4 0096 00DE 00E3 00DE 0097 00EF 009D 00A1 0003 0114 0115 009C 00EF 009D 0096 003F 0000
M061.ETC	0	13	067A4	0015 0009 0007 0114 0115 0086 0116 0117 009D 00F9 00E0 00F2 00E6 0031 0037 00E9 0118 0097 0108 0109 0096 00DE 0119 011A 00E3 00DE 009D 00A1 0003 009A 00E9 00EF 00EF 00B9 00DE 00B0 00D1 0086 00BD 00C0 00B0 00C4 009B 009E 00E0 011B 011C 0003 0114 0115 0086 0116 0117 009D 00F9 009A 00E4 0096 00DE 00E3 00DE 0097 00EF 009E 00FD 0005 0003 0112 0113 00E9 0114 0115 0086 0116 0117 009C 00E0 0092 011B 011C 00EA 0003 0116 0117 00C3 00DE 00B0 00C0 011D 0102 011E 011F 00E3 00DE 00C3 00DE 00B0 00C0 0086 0120 0102 009C 00E3 0003 00B9 00DE 00B0 00D1 0086 0121 00BD 00C0 00B0 00C4 009C 00E3 0098 00E0 00DE 009B 0092 00A1 0008 0000
M061.ETC	0	14	06816	0015 0002 0009 0007 010D 0097 010E 00F0 00E6 0122 0123 009C 00EF 009C 00E0 0008 0000
M061.ETC	0	15	06828	0015 0002 00CA 00DE 00AF 00B8 00B1 00AF 00CC 00DF 00C3 00DE 00B0 00C0 00EA 0091 00F8 00EF 009E 00FD 0000
M061.ETC	0	16	0683F	0015 0009 0007 0106 0107 0052 0041 004D 00E9 0124 0125 0096 00DE 0020 00E3 00DE 0097 00E3 0092 00EF 009E 00FD 00A1 0003 0116 0117 00C3 00DE 00B0 00C0 011D 0102 011E 011F 00E3 00DE 0020 0126 00E3 00E9 0114 0115 0086 0103 009C 0003 00B9 00DE 00B0 00D1 0086 0020 0121 00BD 00C0 00B0 00C4 009C 00E3 0098 00E0 00DE 009B 0092 00A1 0000
M061.ETC	0	17	0687C	0015 0009 0007 00B6 00B0 00C4 00D8 00AF 00BC 00DE 0052 0041 004D 00E9 0124 0125 0096 00DE 0020 00E3 00DE 0097 00E3 0092 00EF 009E 00FD 00A1 0003 0116 0117 00C3 00DE 00B0 00C0 011D 0102 011E 011F 00E3 00DE 0020 0126 00E3 00E9 0114 0115 0086 0103 009C 0003 00B9 00DE 00B0 00D1 0086 0020 0121 00BD 00C0 00B0 00C4 009C 00E3 0098 00E0 00DE 009B 0092 00A1 0000
M061.ETC	0	18	068BD	0015 000E 0086 0127 00E6 0128 00FA 00E0 0004 0000
M061.ETC	0	19	068C9	0015 000A 00EA 0020 00CA 00DE 00C4 00D9 00BF 00B0 00C4 00DE 0086 0129 00E2 0099 00E3 0003 00BC 00AE 00B0 00C4 00BF 00B0 00C4 00DE 0086 0020 012A 012B 00E6 0095 0092 00E0 00A1 0008 0000
M061.ETC	0	20	068ED	0015 012C 0096 00DE 0096 0096 008F 00E3 0092 00F9 0004 0000
M061.ETC	0	21	068F9	009F 00FA 00EA 0020 00B4 00D9 00CC 00E6 012D 00FC 00F9 012E 012F 0130 00A5 00A5 00A5 0003 0097 008F 00E4 0020 000A 00E6 0131 0132 00E2 00EA 009D 00DE 00E0 00DE 0005 0000
M061.ETC	0	22	0691A	009A 00E9 0133 00EA 0020 00B7 00D0 00E6 00EA 00EF 00E0 00DE 0134 0102 00E0 00DE 0003 009F 00FA 0086 0135 008F 00E3 0020 0136 00E6 0137 00F8 00E5 009B 0092 0003 0092 009D 00DE 00FA 0138 0093 0139 00EF 00E3 00DE 00A5 00A5 00A5 009B 00F7 00EA 00DE 00E0 00DE 00A1 0008 0000
M061.ETC	0	23	06949	00EF 0091 0020 000A 013A 008F 00E0 00F7 00A5 00A5 00A5 0003 013B 013C 0086 0020 0095 013D 00E6 009B 00FA 00F9 00E5 00FD 00E3 0003 013E 013F 008F 0140 0096 00DE 0020 0095 0091 00F8 00E5 00FD 00E3 00DE 009D 009A 00E4 0021 0008 0000
M061.ETC	0	24	06970	0093 00EC 00EC 00A5 00A5 00A5 000A 013A 00EA 0003 0141 0142 00E9 0143 0144 00E6 0020 0095 00E5 00F8 00E6 00E5 008F 00E3 00F3 0003 0096 009B 00DE 00F8 0140 00E9 00E5 0092 0020 0145 0146 00E3 00DE 009D 00E9 00E8 003F 0008 0000
M061.ETC	0	25	06998	000A 013A 00E9 0020 0095 0147 00FA 00E9 013B 013C 00EA 0003 00E4 00DE 00E1 00F7 00E3 00DE 0020 0129 00E2 0099 00F7 00FA 00E0 00E9 00E3 00DE 009D 003F 0003 0148 00E0 00DE 0096 0020 00E4 008F 00E3 00F3 0140 0149 0096 00DE 0091 00F8 00EF 009D 00FC 00A1 0008 0000
M061.ETC	0	26	069C4	00BA 00CE 00DD 00A5 00A5 00A5 014A 009C 014B 0099 00DE 00E3 0095 0097 00EF 009D 0096 00DE 0003 014C 014D 00E6 0020 014E 0097 014F 0086 0135 00E1 010E 00F1 009A 00E4 00EA 0003 0096 00E0 0098 0150 009C 00DE 00F7 00FA 00E3 0095 00F8 00EF 009D 0020 00CA 00B2 00A1 0008 0000
M061.ETC	0	27	069F5	0095 00F4 0020 000A 0151 00E9 0095 013D 00EA 00A5 00A5 00A5 0003 00F3 009C 00F4 0020 013B 013C 00E3 00DE 00EA 0091 00F8 00EF 009E 00E7 0096 00E5 0003 00ED 0094 0094 0020 009F 0093 0092 0093 0020 009C 008D 0152 00E3 00DE 009D 0096 003F 0008 0000
M061.ETC	0	28	06A21	0091 00FA 00EF 0091 0020 013B 013C 0086 0153 0094 00E3 00E9 0154 014C 00E4 00EA 0003 0092 008F 00E0 0092 0020 00E4 00DE 00E9 00F6 0093 00E5 0155 0156 00E3 00DE 009D 0096 00E5 003F 0003 009A 00FA 00EF 00E0 0020 0157 00FC 008F 00E0 0095 013D 00E0 00DE 009A 00E4 00A5 00A5 00A5 00A1 0008 0000
M061.ETC	0	29	06A52	0148 00E3 00DE 009D 0096 00A5 00A5 00A5 000A 0151 003F 0003 00F4 00F4 0020 00F3 009C 00F4 0020 009F 00E9 013B 013C 0086 0003 0158 0102 009C 00E3 0098 00FA 00E4 0020 0092 00FC 00FA 00EF 009D 0096 003F 0008 0000
M061.ETC	0	30	06A76	0095 0159 00EA 0020 0141 0142 00E6 015A 015B 009C 00E0 009A 00E4 00E3 00DE 0003 00E4 00DE 009A 0096 0020 0095 0096 009C 0098 00E5 008F 00E0 00E9 0096 003F 0003 00E0 00DE 008F 00E3 0020 009F 00FA 0020 013B 013C 00E0 00DE 00F6 00E5 0091 00A1 0008 0000
M061.ETC	0	31	06A9F	000A 0096 00DE 0020 0112 0113 00E6 015A 00E3 00F9 00E4 015C 0092 00E3 0003 00E4 00DE 00FD 00E5 009A 00E4 0086 0020 00F4 008F 00E3 0098 00F9 0096 00E4 015D 008F 00E0 00F7 0003 00A5 00A5 00A5 013B 013C 0086 0020 009B 0096 00DE 009C 00E3 0098 00F9 009A 00E4 00E4 00EA 0021 0008 0000
M061.ETC	0	32	06ACE	0095 00FA 00EA 0020 000A 00E9 015A 015B 00E9 015E 00F7 009E 0086 0003 015F 0160 00E6 0020 00F6 00FB 009A 00FD 00E3 00DE 0092 00E0 00FD 00E0 00DE 0099 00E4 00DE 00A5 00A5 00A5 0003 013B 013C 0086 0153 0094 00F9 0020 0095 0159 0086 0129 00F9 00E4 0020 00B6 00DE 00AF 00B6 00D8 00E0 00DE 00A1 0008 0000
M061.ETC	0	33	06B02	000A 0151 00EA 0020 0141 0142 00E6 00E5 00F7 00FA 00E3 0003 00EF 009D 00EF 009D 0020 00E0 0098 00EF 009C 0098 00E5 008F 00E0 00A5 00A5 00A5 0096 00DE 0003 00CC 00DF 00CC 00DF 00AF 0020 0095 013D 00E6 013B 013C 00E4 00EA 0020 00B9 00AF 00BB 00B8 00E0 00DE 0021 0008 0000
M061.ETC	0	34	06B31	0021 0020 000A 013A 00EA 0020 00EA 009D 00DE 0096 009C 0098 00E5 0092 00E9 0096 003F 0003 0141 0142 00E0 00F9 0161 0096 00DE 0020 013B 013C 0086 0153 0094 00F9 00E4 00EA 00A5 00A5 00A5 0003 00B5 00C3 00DE 00B6 00DE 00DD 00E9 0141 0142 00F3 0020 0162 00E6 0163 00E1 00E0 00E5 0091 00A1 0008 0000
M061.ETC	0	35	06B64	000A 013A 00E9 0020 0164 00FB 00E6 0092 00F9 00E9 00EA 0003 013B 013C 00E3 00DE 009D 0099 00E4 00DE 00A5 00A5 00A5 00EA 00EA 0091 00A5 00A5 00A5 0003 0141 0142 00E9 0112 0113 00E4 0020 0165 0166 0096 00DE 0091 00F9 00FD 00E3 00DE 009C 008E 003F 0008 0000
M061.ETC	0	36	06B8F	000A 013A 00EA 0020 013B 013C 0086 0167 00FC 00FA 00E0 00E9 003F 0003 00E3 00DE 00F3 0020 00E5 00FD 00E3 0097 00FA 0092 00E5 013B 013C 00E5 00FD 00E3 00DE 009C 008E 0021 0003 009F 00FA 00E6 0020 0140 0149 00E6 0091 00EC 00FA 00E3 0092 00F9 00FC 00F6 00A1 0008 0000
M061.ETC	0	37	06BBD	000A 013A 00E4 0020 013B 013C 00E9 0168 00F8 011C 00FC 009E 003F 0003 00F0 00FD 00E5 00EA 0020 0095 0096 009C 0098 015D 0093 00E3 00DE 009C 008E 0093 0099 00E4 00DE 0003 0169 00EA 00A5 00A5 00A5 009D 009A 00DE 0098 00BD 00C3 00B7 00E0 00DE 00E4 015D 0093 00A1 0008 0000
M061.ETC	0	38	06BED	0141 0142 00E6 00E5 00F7 00FA 00E0 0020 000A 013A 00E3 00DE 009D 00E8 003F 0003 009F 00FD 00E5 0143 0144 00E9 016A 0096 00DE 0020 0091 00F7 0020 0092 00F4 00E0 00DE 00FC 0091 0003 013B 013C 0096 00DE 0020 0164 0086 00E2 0099 00E3 0097 00E3 0092 00EF 009D 00FC 00F6 00A1 0008 0000
M061.ETC	0	39	06C1D	00ED 008A 008A 0020 00CE 00DD 00C4 00E6 016B 0136 00E0 00DE 00E5 0091 00A5 00A5 00A5 0003 000A 0096 00DE 0020 013B 013C 0086 0153 0094 00E3 016C 0098 00E5 00FD 00E3 0003 0092 00EF 00EF 00E3 00DE 00E9 00B7 00D0 0096 00F7 00EA 0020 016D 0094 00F7 00FA 00E5 0092 00F6 00A1 0008 0000
M061.ETC	0	40	06C4F	0093 0020 0093 00FD 003F 0020 00E5 00FD 00E0 00DE 00BB 00D9 009C 00DE 008C 00E5 0092 0096 0021 0003 015A 015B 00E9 00C1 00AC 00DD 00BD 0086 0020 00E9 0096 00DE 009C 00E0 00CE 00DE 00B8 0086 0003 00E5 0098 00DE 009B 00F2 00E6 0020 0097 00E3 0098 00FA 00E0 00FD 00E0 00DE 00E8 0020 0098 00DE 00B0 00A1 0008 0000
M061.ETC	0	41	06C85	00EF 0091 0020 0096 00FC 0092 0092 0020 0095 00BB 00D9 009B 00FD 0003 0097 008F 00E4 0020 0095 016E 00E3 00DE 00F3 009D 0092 00E0 00FD 00E3 00DE 009C 008E 003F 0003 00E3 00DE 00F3 016F 0020 00CA 00DE 00C5 00C5 00EA 0135 008F 00E3 0092 00E5 0092 00E9 00A1 0008 0000
M061.ETC	0	42	06CB3	0091 00F7 00B2 00D4 00E0 00DE 00FC 0020 00BB 00D9 009C 00DE 008C 00E5 0092 00E9 00F6 0003 00BB 00D9 00EA 0020 009D 0098 00DE 00B2 00C0 00BD 00DE 00D7 009D 00F9 0096 00F7 0003 00B7 00D7 00B2 00E5 00E9 00F6 00E8 008A 0020 00BC 00AF 00BC 0020 00BC 00AF 00BC 00A1 0008 0000
M061.ETC	0	43	06CE6	0095 014C 00E6 0020 0095 00BB 00D9 009B 00FD 0096 00DE 0098 00F9 00E5 00FD 00E3 0003 0097 008F 00E4 0020 00EA 009C 00DE 00F2 00E3 00E9 009A 00E4 009C 00DE 008C 00E5 0092 003F 0003 0099 0092 00EB 00DE 0170 00EA 0020 0148 009C 00E3 00F9 00E9 0096 009C 00F7 0021 0008 0000
M061.ETC	0	44	06D14	00BA 00CE 00DD 00A5 00A5 00A5 014A 009C 014B 0099 00DE 00E3 0095 0097 00EF 009D 0096 00DE 0003 00B5 00C3 00DE 00B6 00DE 00DD 014C 00E3 00DE 00EA 0020 014E 0097 014F 00E9 0128 014C 00EA 0003 0096 00E0 0098 0020 0095 0171 00F8 014A 009C 014B 0099 00DE 00E3 0095 00F8 00EF 009D 009F 00DE 00A1 0008 0000
M061.ETC	0	45	06D48	0095 0092 0020 00BB 00D9 0021 0020 00E4 00DE 009A 0096 00F7 0172 00E0 00FD 00E0 00DE 0003 009F 00FD 00E5 0173 00E3 00DE 0020 00C0 00DE 00DD 00BD 0086 009C 00E3 00E5 0092 00E3 00DE 0003 0174 00F1 0096 00F7 0020 014C 0096 00F7 015A 00E3 0175 008F 00E3 0098 00FA 0021 0008 0000
M061.ETC	0	46	06D76	00EE 00EE 0093 0020 009A 00FA 0096 00DE 00D3 00DD 00B7 00B0 00C0 00DE 00DD 00BD 0021 0003 00E1 00EF 00E0 00E9 0020 0176 0161 00E0 00E1 00E9 0091 0092 00E0 00DE 00E3 00DE 00EA 0003 0177 0178 0175 00E9 0020 0095 00E4 00DE 00F8 00E4 015C 0097 00EF 009C 00E0 00A1 0008 0000
M061.ETC	0	47	06DA7	0091 00F8 008C 0020 009A 00F8 008C 00EF 00E0 00A5 00A5 00A5 00A5 0003 00E3 00DE 008F 0096 0092 00BB 00D9 0096 00DE 0020 00F4 008F 00E3 0097 00E0 009F 00DE 0003 00E4 00DE 0093 00F4 008F 00E3 0020 0158 0102 009D 00F9 00E9 0096 00E5 0091 003F 0008 0000
M061.ETC	0	48	06DD1	009A 0092 00E2 0020 00B5 00DA 00E9 0159 00E3 00DE 00C0 00DE 00DD 00BD 00E4 00EA 0021 0003 0127 0179 0086 0132 00E3 00E5 0092 0020 00B5 00DA 00E9 009A 00E4 0086 0003 00CA 00DE 00B6 00E6 009C 00E3 00F9 00F0 00E0 0092 00E3 00DE 0020 0098 00F4 009C 0092 009E 00DE 00A1 0008 0000
M061.ETC	0	49	06E02	00C0 00DE 00DD 00BC 00DD 00B8 00DE 0020 00C0 00DE 00DD 00BC 00DD 00B8 00DE 0021 0003 009A 00F8 008C 00EF 00E0 0020 009D 0099 00DE 008A 00D8 00BD 00DE 00D1 017A 00E0 00DE 00E5 0003 00B5 00DA 00F3 0020 00D1 00BD 00DE 00D1 00BD 00DE 009C 00E3 0097 00E0 009E 00DE 0021 0008 0000
M061.ETC	0	50	06E35	0091 0091 0020 00F4 00F2 00FB 008F 0020 00F4 00F2 00E3 0098 00FA 008F 0003 016F 0139 00EA 0020 017B 0096 00F7 017C 0096 00DE 017D 0092 008F 00E3 00E9 00E6 0003 009F 00FD 00E5 00E4 009A 00E3 00DE 0020 00C0 00DE 00DD 00BD 009B 00FA 00E3 00E0 00EF 00F9 0096 0021 0008 0000
M061.ETC	0	51	06E64	014C 017E 017F 00E6 0020 0180 0177 00E5 00BB 00D9 0096 00DE 0172 00F9 00E5 00FD 00E3 0003 0148 0096 00E9 0020 0159 0181 00FA 00E6 00E1 0096 00DE 0092 00E5 0092 00E3 00DE 009D 0003 00A5 00A5 00A5 00E6 009C 00E3 00F3 0020 00C9 00D8 00E9 0092 0092 00BB 00D9 00E0 00DE 0021 0008 0000
M061.ETC	0	52	06E95	0091 00F8 008C 00F8 008C 0020 0092 0097 00E5 00F8 00C0 00DE 00DD 00BD 00E4 00EA 0003 0177 0182 00E6 009C 00E3 0020 010A 0183 00E5 00BB 00D9 00E3 00DE 009D 00E8 008A 0003 0092 00E2 00EF 00E3 00DE 0095 00E4 00DE 00F9 0096 0020 0129 00E3 00F6 008F 00E4 0021 0008 0000
M061.ETC	0	53	06EC4	009A 00FA 00EA 0020 00BB 00D9 00E0 00DE 00F6 00E5 0091 00A5 00A5 00A5 0003 0184 00EF 00E3 00DE 0020 00F4 008F 00E3 00F9 008F 00E3 009A 00E4 00EA 0003 00BB 00B0 00B6 00BD 0096 00F7 0020 00E6 0099 00DE 00E0 00E9 0096 00F3 0021 0008 0000
M061.ETC	0	54	06EED	00EF 0091 0020 0096 00FC 0092 0092 0020 0095 00BB 00D9 009B 00FD 00E0 00DE 00FC 0003 00E3 00DE 00F3 00A5 00A5 00A5 0096 00FC 0092 0092 008F 00E3 0092 0093 00E6 00EA 0003 00E1 008E 008F 00E4 0020 0177 0097 009D 0097 00DE 00F9 0140 00F3 009D 00F9 00FC 00A1 0008 0000
M061.ETC	0	55	06F1A	0097 008C 00B0 008F 0020 00E0 00DE 00FA 0096 00B0 008F 0020 0185 0099 00E3 00B0 008F 0003 00A5 00A5 00A5 008F 00E3 0020 0095 00E4 00DE 00FB 0092 00E3 00F0 00E0 0099 00E4 00DE 0003 00EB 00E0 009D 00F7 0020 0095 00E4 00DE 008F 00E3 0092 00F9 00E0 00DE 0099 00E0 00DE 00FC 00A1 0008 0000
M061.ETC	0	56	06F4A	0186 0187 00E9 0157 00FC 00F8 013F 00EA 0020 00E4 00DE 00FD 00E5 014E 0097 014F 00F3 0003 00E0 009C 0096 00E6 0020 0188 0096 00FA 00F9 00F3 00E9 00E0 00DE 0099 00E4 00DE 0003 009A 00FA 00EA 0020 00E1 008E 008F 00E4 0020 0188 0096 00FA 009D 0097 00DE 00F6 00A1 0008 0000
M061.ETC	0	57	06F7A	00A5 00A5 00A5 000A 00F4 0020 000A 00A5 00A5 00A5 0003 00A5 00A5 00A5 0189 0098 018A 0097 00E5 009B 0092 00A5 00A5 00A5 00A1 0008 0000
M061.ETC	0	58	06F92	0002 0091 00F7 00A5 00A5 00A5 00EF 00E0 00DE 0020 018B 00EE 00DE 0099 00E3 00F9 00E9 00E8 003F 0003 0189 0098 018A 0097 00E3 0020 009C 00E0 0098 0086 009C 00E5 0092 00E4 0003 018C 00F2 00E3 00E9 0020 0095 018D 00F2 00E6 018E 00FA 00EF 009D 00F6 00A5 00A5 00A5 00A1 0008 0000
M061.ETC	0	59	06FC2	0002 0091 00E5 00E0 00F3 0020 016F 0139 0096 00F7 0095 014C 018D 00F2 0086 009C 00E3 0003 0091 00E9 018F 0190 00E5 00A5 00A5 00A5 0095 0191 009B 00FD 00E9 00F6 0093 00E6 0003 00F8 008F 00EA 00DF 00E5 0141 0142 00E6 0020 00E5 00F9 00E9 00E3 00DE 009D 00F6 0008 0000
M061.ETC	0	60	06FF1	0002 009F 00E9 00E0 00F2 00E6 00F3 0020 018C 00F2 0096 00DE 0192 0155 00E5 00E9 0003 016F 0193 00E0 00DE 0099 00EA 0020 0169 0096 00DE 0127 012D 008F 00E3 0091 0099 00DE 00F9 0096 00F7 0003 0194 0092 00E3 00DE 0020 0124 0125 0086 009C 00E3 00E1 008E 0093 00E0 00DE 0092 0021 0008 0000
M061.ETC	0	61	07023	0002 018E 0092 00E9 0093 00A5 00A5 00A5 000A 00EA 00A5 00A5 00A5 0003 00EA 00DE 0091 009B 00FD 00F3 0020 0148 0086 00F4 008F 00E3 00F9 00FD 009C 00DE 008C 0021 0006 0003 00EF 008F 00E0 0098 0020 0139 0096 00DE 0195 00FA 00E3 009C 00EF 0093 009F 00DE 00A1 0008 0000
M061.ETC	0	62	07050	018E 009D 0097 00DE 00F9 00A5 00A5 00A5 0096 00DE 0020 00F4 00F1 0086 0196 00EF 0092 0003 000A 00F3 0020 0197 0198 0086 0199 0098 009C 00E3 0096 00F7 0003 019A 019B 00E6 0020 019C 00E3 00F7 00FA 00E3 0020 0189 0031 0030 019D 00A5 00A5 00A5 0005 0000
M061.ETC	0	63	0707E	000A 00E9 015F 019E 00EA 0020 0191 009B 00FD 00F5 009D 00DE 00F8 00E3 00DE 0003 019F 01A0 0178 00E5 00E9 00EA 0020 01A1 01A2 0092 00E5 0092 00E9 009C 00DE 008C 0096 00DE 00A5 00A5 00A5 0008 0000
M061.ETC	0	64	070A1	01A3 00F4 0096 009C 00E3 0020 019C 00E3 00E0 0096 00F3 015E 00FA 00FD 00E9 0093 00A1 0008 0000
M061.ETC	0	65	070B3	0092 00FD 00F4 0020 0099 008F 009C 00E3 0020 009F 00FD 00E5 009A 00E4 00EA 00E5 0092 0021 0008 0000
M061.ETC	0	66	070C5	00FC 009C 00F7 00EA 0020 0091 00E9 01A4 00E9 0198 01A5 00FC 00F8 00E4 009C 00E3 0003 0097 00EB 00DE 009C 0098 0020 019C 00E3 00E3 0097 00E0 00EA 009D 00DE 009C 00DE 008C 00A5 00A5 00A5 00A1 0008 0000
M061.ETC	0	67	070E8	0091 00E9 01A4 00E6 00EA 0020 019A 0096 00DE 01A6 00E6 012D 00FC 00F9 01A7 0086 0003 01A8 0196 009B 009E 00E0 00E9 009C 00DE 008C 0096 00F7 0020 0155 01A9 00EA 0092 00F7 00FD 0003 00A5 00A5 00A5 009A 00E9 01A7 009B 0094 0091 00FA 00EA 00DE 0020 0148 00F3 00E5 0021 0008 0000
M061.ETC	0	68	07118	0002 0148 0086 009C 00E3 00F9 00FD 00E3 00DE 009D 0020 0095 009C 00DE 0092 009B 00FD 003F 0003 0176 0098 00E5 0092 00FD 00E0 00DE 0096 00F7 0020 0134 0102 009C 00E5 0092 00E3 00DE 017E 009B 0092 00A1 0008 0000
M061.ETC	0	69	0713B	0002 01AA 00FC 00FA 00E5 0098 00E3 00F3 0020 00FC 0096 008F 00E4 00F9 00FC 0092 00A5 00A5 00A5 0003 0095 0159 00E0 00E1 0096 00DE 0020 0091 00FD 00EF 00F8 018E 0092 00F3 00FD 00E0 00DE 0096 00F7 0003 00E2 0092 00A5 00A5 00A5 019D 0096 00DE 0092 00F3 00E5 0098 00A5 00A5 00A5 00A1 0008 0000
M061.ETC	0	70	0716C	0002 0095 01AB 00E0 009E 009C 00EF 009C 00E0 0020 0095 009C 00DE 0092 009B 00FD 0003 00EF 009A 00DE 00E9 01AC 00FA 00E9 01AD 00EA 0020 0092 0096 0096 00DE 00E3 00DE 009D 003F 0008 0000
M061.ETC	0	71	0718B	0002 0093 00F1 0021 0020 0132 01AE 00E6 00E5 008F 00E0 00E9 0093 00A5 00A5 00A5 0003 009A 00FA 00E5 00F7 01AF 0155 009C 00E3 0020 014C 00E6 015A 009E 00F9 00FC 0092 0005 0000
M061.ETC	0	72	071AC	009F 0093 009C 00DE 008C 0020 000A 00E6 0174 00F0 0096 00DE 0091 00F9 0021 0003 01B0 0164 00E6 0020 01B1 01B2 00E9 01A7 0086 0129 009E 00E3 008F 00E3 0095 0098 00FA 0021 0008 0000
M061.ETC	0	73	071CD	00EF 0091 0020 0095 009C 00DE 0092 009B 00FD 008F 00E0 00F7 0021 0008 0000
M061.ETC	0	74	071DB	0002 00FC 009C 00EA 0020 016F 0139 00EF 00E3 00DE 01B1 01B2 00E9 01A7 0086 0003 000A 00E6 0020 01B3 0094 00E3 0097 00E0 0096 00DE 00A5 00A5 00A5 0003 01B4 01B5 00E3 00DE 0111 0094 00F9 0096 0096 00DE 0020 0155 01A9 00E5 00FD 009C 00DE 008C 00F6 00A1 0005 0000
M061.ETC	0	75	07208	009B 0091 0020 000A 0020 0094 00FD 00F8 008E 00EA 0092 00F7 00FD 0003 0183 00E0 00DE 00E4 015D 008F 00E3 0020 00EC 00DE 00E2 0096 008F 00E3 0172 00F9 00FD 009C 00DE 008C 0006 0000
M061.ETC	0	76	07228	009F 009C 00E3 0020 00FC 009C 0086 01B6 00EA 00DE 009C 00E0 00F7 011C 0146 009C 00DE 008C 0021 0008 0000
M061.ETC	0	77	0723B	0002 009C 00F6 0093 00E9 00E5 0092 0020 0095 009C 00DE 0092 009B 00FD 00A5 00A5 00A5 0003 009C 0096 00E0 0096 00DE 00E5 0092 00FC 0020 00F4 008F 00E3 0095 0091 0099 00DE 00E5 009B 0092 0005 0000
M061.ETC	0	78	0725C	0095 009C 00DE 0092 009B 00FD 00EA 0020 0096 00DE 00FD 009C 00DE 008E 0093 00E0 00DE 0096 00F7 0003 015D 0092 01B7 00F8 00F4 008F 00E3 0020 00E0 00DE 0092 009C 00DE 008E 0093 00EC 00DE 00F6 00A1 0008 0000
M061.ETC	0	79	0727F	0002 0095 009C 00DE 0092 009B 00FD 00E9 009A 00E4 0086 0020 0155 01A9 00E0 00DE 0096 00F7 0003 01B8 008F 00E3 00F9 00E9 00A5 00A5 00A5 00F4 009B 009C 0092 01A4 00E8 0005 0000
M061.ETC	0	80	0729E	00E3 00DE 00F3 0020 0148 00E6 00F3 0155 01A9 00EA 0128 00F7 00E5 0092 0096 00F7 0003 015D 0092 008F 0097 00F8 0020 00EC 00DE 00E2 0096 008F 00E3 0091 0099 00DE 00E5 009B 0092 00A1 0008 0000
M061.ETC	0	81	072BF	0002 0148 009C 00DE 008C 00A5 00A5 00A5 00EA 00EA 0091 0020 01B9 009C 00DE 0140 00E2 00DE 0092 00E0 0096 003F 0003 009F 00FD 00E5 009A 00E4 00E3 00DE 00EA 0020 014C 018D 00F2 00EA 0097 00EB 00DE 009C 0092 009F 00DE 0003 015D 0092 01B7 008F 00E3 0020 00EC 00DE 00E2 0096 008F 00E3 0172 00F9 00FD 009C 00DE 008C 0021 0008 0000
M061.ETC	0	82	072F6	0002 009F 00F7 009F 00F7 0020 0148 0086 00F4 008F 00E3 00F9 00FD 009C 00DE 008C 0021 0003 009F 00FD 00E5 009A 00E4 00E3 00DE 00EA 0020 014C 018D 00F2 00EA 0097 00EB 00DE 009C 0092 009F 00DE 0003 015D 0092 01B7 008F 00E3 0020 00EC 00DE 00E2 0096 008F 00E3 0172 00F9 00FD 009C 00DE 008C 0021 0008 0000
M061.ETC	0	83	0732A	0002 0148 009C 00DE 008C 0020 0148 009C 00DE 008C 0020 009F 00E9 01BA 00E2 0097 00EA 0021 0003 009F 00FA 00E3 00DE 00D3 00DD 00BD 00C0 00B0 00E6 0020 00EC 00DE 00E2 0096 008F 00E0 00F7 0003 01BB 00E6 0020 00EA 00E8 00E4 00EA 00DE 009B 00FA 00E1 00EF 0093 00FC 0092 0021 0008 0000
M061.ETC	0	84	0735C	0002 00EC 00F1 0093 00A5 00A5 00A5 009A 00FA 00EA 0020 01BC 009C 0097 0092 00E0 009F 00DE 0006 0003 00E0 00DE 0096 00DE 0020 00EF 00E0 00DE 00EF 00E0 00DE 0020 01A3 0092 0020 01A3 0092 00FC 0092 0003 0127 01BD 0092 0183 00E6 00EA 0020 01BE 01BF 009C 00E5 0092 009F 00DE 0021 0008 0000
M061.ETC	0	85	0738D	0002 00F1 0097 00DE 008D 00B0 00A5 00A5 00A5 00F0 009A 00DE 00E4 00A5 00A5 00A5 00A1 0008 0000
M061.ETC	0	86	0739F	0095 009C 00DE 0092 009B 00FD 0021 0020 0095 009C 00DE 0092 009B 00FD 008F 00E0 00F7 0021 0008 0000
M061.ETC	0	87	073B0	0002 000A 00F6 0020 016F 00E9 01C0 01C1 009C 00DE 008C 009F 00DE 0021 0003 009F 00E9 00BA 00C2 009B 0094 0020 01C2 00FA 00E5 0099 00FA 00EA 00DE 0003 00E4 00DE 00FD 00E5 01BD 0183 00E3 00DE 0091 00FB 0093 00E4 0020 00E0 00DE 0092 009C 00DE 008E 0093 00EC 00DE 0021 0008 0000
M061.ETC	0	88	073E2	009F 00E9 01A7 00EA 0020 0141 0086 01C3 0125 0086 009C 00E3 0092 00E5 0092 01C4 0003 0183 00E6 0020 00C0 00DE 00D2 00B0 00BC 00DE 0086 01C5 0094 00F9 01C6 01A0 00E9 00FC 009B 00DE 0021 0003 0099 008F 009C 00E3 0020 01C2 00FA 00F9 00E3 00DE 00E5 0092 009F 00DE 0021 0008 0000
M061.ETC	0	89	07413	0002 0095 009C 00DE 0092 009B 00FD 00A5 00A5 00A5 00E4 00DE 009A 00E6 0175 0098 00FD 00E3 00DE 009D 003F 0008 0000
M061.ETC	0	90	07427	0002 0092 00F4 00A5 00A5 00A5 01C7 0086 00EB 00E8 008F 00E0 00F7 009C 0092 00A5 00A5 00A5 0003 00CD 00DE 00AF 00C4 00DE 00E3 00DE 00A5 00A5 00A5 01C8 00E6 00E5 00FB 0093 0096 00E9 00A5 00A5 00A5 00A1 0008 0000
M061.ETC	0	91	0744C	0002 009F 00E9 01A7 00E6 0020 012E 012F 00E9 00B5 00B0 00CC 00DE 0086 01B1 0094 00FA 00EA 00DE 0003 009B 00F7 00E6 0020 01C9 0098 00E9 01CA 01CB 012F 00F3 0091 00F9 00E4 015C 0098 0021 0006 0003 00F6 00F8 0020 00E0 00FD 00FA 00FD 00E6 01CC 0086 015A 009D 009A 00E4 009C 00DE 008C 00A1 0008 0000
M061.ETC	0	92	07483	0002 009A 009A 0086 01CD 00E6 0020 01CE 008F 0160 0098 00DE 01CF 0096 008F 00E3 0003 00B5 00C3 00DE 00B6 00DE 00DD 014C 00E9 0020 0170 0142 00E9 01D0 00F2 0173 00E6 01D1 0092 00E0 00F7 0003 0095 0191 009B 00FD 00E9 0198 01D2 00E9 0020 00B6 00B2 00CA 00DF 0151 0086 01D3 009D 00E9 00F6 0005 0000
M061.ETC	0	93	074BA	0091 00E9 01D4 00F3 0020 01D5 0098 00E5 008F 00E3 009C 00EF 008F 00E0 0099 00E4 00DE 0003 0095 0159 00E9 011F 01D6 0086 0020 0129 00E3 0098 00FA 00F9 00EA 009D 00DE 00E0 00DE 0096 00F7 00A1 0008 0000
M061.ETC	0	94	074DC	0002 009B 0091 0020 000A 00F4 0020 0175 008F 00E4 0092 00E3 00DE 0021 0006 0003 009F 009C 00E3 0020 01D7 01D8 00E0 00DE 008F 00E0 0191 009B 00FD 00E6 00EA 009C 00DE 00E5 0092 0003 00F8 008F 00EA 00DF 00E5 0141 0142 00E6 0020 00E5 008F 00E3 01D9 008F 00E3 0095 0092 00E3 00DE 00A1 0008 0000
M061.ETC	0	95	0750E	0002 0095 0159 00E9 0191 009B 00FD 00E9 0020 018F 0161 00BC 00DE 00AC 00B2 00D9 00BD 00DE 00EA 0003 00B5 00C3 00DE 00B6 00DE 00DD 01DA 0096 00DE 0020 00C4 00DE 00D7 00BA 00DE 00DD 00E6 0095 009F 00FC 00FA 00E0 01C4 0003 00E0 00E0 00DE 00EB 00E4 00F8 0020 018F 0096 00FD 00E6 0132 00E1 01CF 008F 00E0 0005 0000
M061.ETC	0	96	07546	009F 00FA 00EA 00A5 00A5 00A5 009D 009A 00DE 0092 01B5 0092 00E0 00DE 008F 00E0 00FD 009C 00DE 008C 0096 00DE 0003 01DB 00FA 01DC 0093 00C4 00DE 00D7 00BA 00DE 00DD 00E9 0020 0194 0173 00E6 00EB 00E4 01DD 0097 0003 00F4 008F 00E4 00E9 015D 0092 00E3 00DE 0020 01D6 009C 00E0 00E9 009C 00DE 008C 008F 00E0 0005 0000
M061.ETC	0	97	0757D	009F 00E9 01C4 00E9 00B7 00BD 00DE 0096 00DE 01DE 00E3 00DE 0020 0191 009B 00FD 00EA 00A5 00A5 00A5 0003 01DF 009B 00FD 00F3 0020 0164 0086 01E0 0093 00F6 0093 00E6 01E1 00E6 01D6 00FA 0003 00A5 00A5 00A5 0095 0159 00E0 00DE 0099 0096 00DE 0020 01E2 009B 00FA 00E0 00FD 009C 00DE 008C 00A1 0008 0000
M061.ETC	0	98	075B1	0002 000A 00E9 0020 00D6 00DB 00B2 009D 0096 00DE 00E0 0086 0129 00E3 0003 0095 009C 00DE 0092 009B 00FD 00EA 0020 0095 0159 00E9 0095 0191 009B 00FD 0086 0003 015D 0092 015A 009C 00E3 0020 009C 00EF 008F 00E0 00F7 009C 0092 00E9 0005 0000
M061.ETC	0	99	075DA	0091 00E5 00E0 0096 00DE 0020 0092 00E5 0098 00E5 00F9 00E4 009B 00EB 00DE 009C 0092 0099 00E4 00DE 0003 01E3 013A 00E6 0095 01E4 0099 009C 00E0 00E9 00E0 00DE 0096 00F7 00A5 00A5 00A5 0003 009A 00E9 01A6 00EA 0020 00E5 0092 00F3 00E9 00E4 015D 008F 00E3 0095 0098 00FA 00A1 0008 0000
M061.ETC	0	100	0760B	0133 01E5 01A5 019B 012D 00FC 00F9 0020 01B1 01B2 00E9 01A7 00E9 01E6 01E7 00E4 00EA 003F 0003 00CA 00DF 00D9 00D2 00B7 00B1 0177 01E8 00E3 00DE 00F3 0020 0111 0094 00F9 0161 00EA 01BC 00E5 0098 0003 01CA 01CB 00F4 01E9 01EA 00F4 00BC 00DE 00AC 00DD 00CC 00DF 00E4 0020 01EB 01EC 0092 01E6 01E7 00E0 00DE 00A1 0008 0000
M061.ETC	0	101	0764C	018F 0161 00BC 00DE 00AC 00B2 00D9 00BD 00DE 0020 00C4 00DE 00D7 00BA 00DE 00DD 00E4 00E9 01ED 01EE 0021 0003 00C4 00DE 00D7 00BA 00DE 00DD 00E9 00B6 00B7 00DE 01EF 00F4 0020 01F0 0096 00FA 00F9 01F1 00E9 014D 0003 00B7 00BD 00DE 00E2 0097 00E5 0096 00DE 00F7 0020 0132 01AE 00E6 01B5 008F 00E0 00E9 00E0 00DE 008F 00E0 00A1 0008 0000
M061.ETC	0	102	0768A	00BC 00DE 00AC 00B2 00D9 00BD 00DE 01F2 0020 01B5 01EE 00E9 01F3 01F4 00E9 010D 0021 0003 01B5 0092 00E3 00DE 0020 0183 00E6 01F5 014D 00F4 01C8 0086 0129 009E 00E3 00EA 00E5 00F7 00FD 0003 01F6 011F 00E6 01F7 00ED 00DE 0020 015D 0093 016B 014B 00E6 01F8 01F9 0096 00DE 0177 0097 0092 009F 00DE 00A1 0008 0000
M061.ETC	0	103	076C4	012D 01FA 00E9 00DA 00B0 00BB 00B0 0020 00E0 0099 0021 0020 009F 00E9 00DA 00BA 00B0 00C4 00DE 00EA 0003 0031 003A 0030 0033 002E 0039 0035 00A5 00A5 00A5 0020 00E4 0020 01FB 00EF 00FA 00E3 0092 00F9 00A1 0008 0000
M061.ETC	0	104	076F0	0002 00FD 003F 0020 0095 0159 0095 00F3 009C 00FB 0092 00F3 00E9 00E6 01FC 008F 00E3 0095 00F9 00E9 00A1 0003 00E4 00DE 0093 009C 00DE 008C 0020 00FC 009C 00E4 0092 008F 009C 008E 00E6 0003 00BB 00B0 00B7 00AF 00C4 00E9 0020 01FD 00E6 00E5 00F7 00FD 0096 003F 0000
M061.ETC	0	105	0771F	009F 0093 0096 0020 01E2 01FE 009C 00DE 008C 00FC 0092 00A5 00A5 00A5 00A1 0008 0000
M061.ETC	0	106	0772F	0095 0095 0020 009F 00FA 00E3 00DE 009A 009F 00FC 0096 00DE 01FF 009C 00DE 008C 0092 00A1 0003 0200 00E9 00DB 00CF 00DD 009C 00DE 008C 009F 00DE 0092 0021 0008 0000
M071.ETC	0	0	0644F	00B9 00DE 00B0 00D1 0086 0020 00E1 008D 0093 00E0 00DE 00FD 009C 00EF 009D 0003 00F6 00FB 009C 0092 00E3 00DE 009D 0096 003F 0000
M071.ETC	0	1	06466	0015 0002 00C3 00DE 00B0 00C0 0086 0100 00FD 00E3 00DE 0098 00E0 00DE 009B 0092 0000
M071.ETC	0	2	06476	0015 0002 0101 0102 0086 0100 00FD 00E3 00DE 0098 00E0 00DE 009B 0092 0000
M071.ETC	0	3	06486	0015 0002 00CA 00DE 00AF 00B8 00B1 00AF 00CC 00DF 0052 0041 004D 0086 0100 00FD 00E3 00DE 0098 00E0 00DE 009B 0092 0000
M071.ETC	0	4	0649E	0015 0002 009A 00E9 00C3 00DE 00B0 00C0 0086 0020 0103 009C 00E3 00F6 00FB 009C 0092 00E3 00DE 009D 0096 003F 0000
M071.ETC	0	5	064B2	0015 0002 009A 00E9 00C3 00DE 00B0 00C0 0086 0020 0104 0105 009C 00EF 009D 0096 003F 0000
M071.ETC	0	6	064C3	0015 0002 0106 0107 0052 0041 004D 00E9 0108 0109 0096 00DE 0020 010A 010B 009C 00E3 0092 00EF 009D 0008 0000
M071.ETC	0	7	064D8	0015 0002 00B6 00B0 00C4 00D8 00AF 00BC 00DE 0052 0041 004D 00E9 0108 0109 0096 00DE 0020 010A 010B 009C 00E3 0092 00EF 009D 0008 0000
M071.ETC	0	8	064F1	0015 0002 0108 0109 010A 010B 00E9 00E0 00F2 0020 00BA 00CB 00DF 00B0 00E3 00DE 0097 00EF 009E 00FD 0008 0000
M071.ETC	0	9	06506	0015 0002 0108 0109 010A 010B 00E9 00E0 00F2 0020 0105 010C 00E9 00BE 00B0 00CC 00DE 00EA 00E3 00DE 0097 00EF 009E 00FD 0008 0000
M071.ETC	0	10	0651E	0015 0002 00B6 00B0 00C4 00D8 00AF 00BC 00DE 0052 0041 004D 0096 00DE 0020 0091 00F8 00EF 009E 00FD 0008 0000
M071.ETC	0	11	06533	0015 0002 00B6 00B0 00C4 00D8 00AF 00BC 00DE 0052 0041 004D 00E6 00EA 0020 010D 0097 010E 00F0 00E3 00DE 0097 00EF 009E 00FD 0008 0000
M071.ETC	0	12	0654D	0015 0002 010F 0097 00FB 0098 00E9 009C 008E 0110 0086 0020 00EB 00E4 00E2 0111 008F 00E3 0003 009A 009A 00EF 00E3 00DE 00E9 0112 0113 0086 0020 0114 0115 009D 00F9 009A 00E4 0096 00DE 00E3 00DE 0097 00EF 009D 00A1 0003 0114 0115 009C 00EF 009D 0096 003F 0000
M071.ETC	0	13	0657A	0015 0009 0007 0114 0115 0086 0116 0117 009D 00F9 00E0 00F2 00E6 0031 0037 00E9 0118 0097 0108 0109 0096 00DE 0119 011A 00E3 00DE 009D 00A1 0003 009A 00E9 00EF 00EF 00B9 00DE 00B0 00D1 0086 00BD 00C0 00B0 00C4 009B 009E 00E0 011B 011C 0003 0114 0115 0086 0116 0117 009D 00F9 009A 00E4 0096 00DE 00E3 00DE 0097 00EF 009E 00FD 0005 0003 0112 0113 00E9 0114 0115 0086 0116 0117 009C 00E0 0092 011B 011C 00EA 0003 0116 0117 00C3 00DE 00B0 00C0 011D 0102 011E 011F 00E3 00DE 00C3 00DE 00B0 00C0 0086 0120 0102 009C 00E3 0003 00B9 00DE 00B0 00D1 0086 0121 00BD 00C0 00B0 00C4 009C 00E3 0098 00E0 00DE 009B 0092 00A1 0008 0000
M071.ETC	0	14	065E4	0015 0002 0009 0007 010D 0097 010E 00F0 00E6 0122 0123 009C 00EF 009C 00E0 0008 0000
M071.ETC	0	15	065F6	0015 0002 00CA 00DE 00AF 00B8 00B1 00AF 00CC 00DF 00C3 00DE 00B0 00C0 00EA 0091 00F8 00EF 009E 00FD 0000
M071.ETC	0	16	0660B	0015 0009 0007 0106 0107 0052 0041 004D 00E9 0124 0125 0096 00DE 0020 00E3 00DE 0097 00E3 0092 00EF 009E 00FD 00A1 0003 0116 0117 00C3 00DE 00B0 00C0 011D 0102 011E 011F 00E3 00DE 0020 0126 00E3 00E9 0114 0115 0086 0103 009C 0003 00B9 00DE 00B0 00D1 0086 0020 0121 00BD 00C0 00B0 00C4 009C 00E3 0098 00E0 00DE 009B 0092 00A1 0000
M071.ETC	0	17	06644	0015 0009 0007 00B6 00B0 00C4 00D8 00AF 00BC 00DE 0052 0041 004D 00E9 0124 0125 0096 00DE 0020 00E3 00DE 0097 00E3 0092 00EF 009E 00FD 00A1 0003 0116 0117 00C3 00DE 00B0 00C0 011D 0102 011E 011F 00E3 00DE 0020 0126 00E3 00E9 0114 0115 0086 0103 009C 0003 00B9 00DE 00B0 00D1 0086 0020 0121 00BD 00C0 00B0 00C4 009C 00E3 0098 00E0 00DE 009B 0092 00A1 0000
M071.ETC	0	18	06681	0015 000E 0086 0127 00E6 0128 00FA 00E0 0004 0000
M071.ETC	0	19	0668D	0015 000A 00EA 0020 00CA 00DE 00C4 00D9 00BF 00B0 00C4 00DE 0086 0129 00E2 0099 00E3 0003 00BC 00AE 00B0 00C4 00BF 00B0 00C4 00DE 0086 0020 012A 012B 00E6 0095 0092 00E0 00A1 0008 0000
M071.ETC	0	20	066B0	0015 012C 0096 00DE 0096 0096 008F 00E3 0092 00F9 0007 0000
M071.ETC	0	21	066BB	009F 00FA 00EA 0020 0020 00B4 00D9 00CC 00E6 012D 00FC 00F9 012E 012F 0130 00A5 00A5 00A5 0003 0097 008F 00E4 0020 0020 000A 00E6 0131 0132 00E2 00EA 009D 00DE 00E0 00DE 0005 0000
M071.ETC	0	22	066DC	009A 00E9 0133 00EA 0020 0020 00B7 00D0 00E6 00EA 00EF 00E0 00DE 0134 0102 00E0 00DE 0003 009F 00FA 0086 0135 008F 00E3 0020 0020 0136 00E6 0137 00F8 00E5 009B 0092 0003 0092 009D 00DE 00FA 0138 0093 0139 00EF 00E3 00DE 00A5 00A5 00A5 009B 00F7 00EA 00DE 00E0 00DE 00A1 0008 0000
M071.ETC	0	23	0670C	00EF 0091 0020 000A 013A 008F 00E0 00F7 00A5 00A5 00A5 0003 013B 013C 0086 0020 0095 013D 00E6 009B 00FA 00F9 00E5 00FD 00E3 0003 013E 013F 008F 0140 0096 00DE 0020 0095 0091 00F8 00E5 00FD 00E3 00DE 009D 009A 00E4 0021 0008 0000
M071.ETC	0	24	06733	0093 00EC 00EC 00A5 00A5 00A5 000A 013A 00EA 0003 0141 0142 00E9 0143 0144 00E6 0020 0095 00E5 00F8 00E6 00E5 008F 00E3 00F3 0003 0096 009B 00DE 00F8 0140 00E9 00E5 0092 0020 0145 0146 00E3 00DE 009D 00E9 00E8 003F 0008 0000
M071.ETC	0	25	0675B	000A 013A 00E9 0020 0095 0147 00FA 00E9 013B 013C 00EA 0003 00E4 00DE 00E1 00F7 00E3 00DE 0020 0129 00E2 0099 00F7 00FA 00E0 00E9 00E3 00DE 009D 003F 0003 0148 00E0 00DE 0096 0020 00E4 008F 00E3 00F3 0140 0149 0096 00DE 0091 00F8 00EF 009D 00FC 00A1 0008 0000
M071.ETC	0	26	06786	00BA 00CE 00DD 00A5 00A5 00A5 014A 009C 014B 0099 00DE 00E3 0095 0097 00EF 009D 0096 00DE 0003 014C 014D 00E6 0020 014E 0097 014F 0086 0135 00E1 010E 00F1 009A 00E4 00EA 0003 0096 00E0 0098 0150 009C 00DE 00F7 00FA 00E3 0095 00F8 00EF 009D 0020 00CA 00B2 00A1 0008 0000
M071.ETC	0	27	067B6	0095 00F4 0020 000A 0151 00E9 0095 013D 00EA 00A5 00A5 00A5 0003 00F3 009C 00F4 0020 013B 013C 00E3 00DE 00EA 0091 00F8 00EF 009E 00E7 0096 00E5 0003 00ED 0094 0094 0020 009F 0093 0092 0093 0020 009C 008D 0152 00E3 00DE 009D 0096 003F 0008 0000
M071.ETC	0	28	067E2	0091 00FA 00EF 0091 0020 013B 013C 0086 0153 0094 00E3 00E9 0154 014C 00E4 00EA 0003 0092 008F 00E0 0092 0020 00E4 00DE 00E9 00F6 0093 00E5 0155 0156 00E3 00DE 009D 0096 00E5 003F 0003 009A 00FA 00EF 00E0 0020 0157 00FC 008F 00E0 0095 013D 00E0 00DE 009A 00E4 00A5 00A5 00A5 00A1 0008 0000
M071.ETC	0	29	06813	0148 00E3 00DE 009D 0096 00A5 00A5 00A5 000A 0151 003F 0003 00F4 00F4 0020 00F3 009C 00F4 0020 009F 00E9 013B 013C 0086 0003 0158 0102 009C 00E3 0098 00FA 00E4 0020 0092 00FC 00FA 00EF 009D 0096 003F 0008 0000
M071.ETC	0	30	06837	0095 0159 00EA 0020 0141 0142 00E6 015A 015B 009C 00E0 009A 00E4 00E3 00DE 0003 00E4 00DE 009A 0096 0020 0095 0096 009C 0098 00E5 008F 00E0 00E9 0096 003F 0003 00E0 00DE 008F 00E3 0020 009F 00FA 0020 013B 013C 00E0 00DE 00F6 00E5 0091 00A1 0008 0000
M071.ETC	0	31	06860	000A 0096 00DE 0020 0112 0113 00E6 015A 00E3 00F9 00E4 015C 0092 00E3 0003 00E4 00DE 00FD 00E5 009A 00E4 0086 0020 00F4 008F 00E3 0098 00F9 0096 00E4 015D 008F 00E0 00F7 0003 00A5 00A5 00A5 013B 013C 0086 0020 009B 0096 00DE 009C 00E3 0098 00F9 009A 00E4 00E4 00EA 0021 0008 0000
M071.ETC	0	32	0688E	0095 00FA 00EA 0020 000A 00E9 015A 015B 00E9 015E 00F7 009E 0086 0003 015F 0160 00E6 0020 00F6 00FB 009A 00FD 00E3 00DE 0092 00E0 00FD 00E0 00DE 0099 00E4 00DE 00A5 00A5 00A5 0003 013B 013C 0086 0153 0094 00F9 0020 0095 0159 0129 00F9 00E4 0020 00B6 00DE 00AF 00B6 00D8 00E0 00DE 00A1 0008 0000
M071.ETC	0	33	068C0	000A 0151 00EA 0020 0141 0142 00E6 00E5 00F7 00FA 00E3 0003 00EF 009D 00EF 009D 0020 00E0 0098 00EF 009C 0098 00E5 008F 00E0 00A5 00A5 00A5 0096 00DE 0003 00CC 00DF 00CC 00DF 00AF 0020 0095 013D 00E6 013B 013C 00E4 00EA 0020 00B9 00AF 00BB 00B8 00E0 00DE 0021 0008 0000
M071.ETC	0	34	068EE	0021 0020 0020 000A 013A 00EA 0020 00EA 009D 00DE 0096 009C 0098 00E5 0092 00E9 0096 003F 0003 0141 0142 00E0 00F9 0161 0096 00DE 0020 013B 013C 0086 0153 0094 00F9 00E4 00EA 00A5 00A5 00A5 0003 00B5 00C3 00DE 00B6 00DE 00DD 00E9 0141 0142 00F3 0020 0162 00E6 0163 00E1 00E0 00E5 0091 00A1 0008 0000
M071.ETC	0	35	06921	000A 013A 00E9 0020 0164 00FB 00E6 0092 00F9 00E9 00EA 0003 013B 013C 00E3 00DE 009D 0099 00E4 00DE 00A5 00A5 00A5 00EA 00EA 0091 00A5 00A5 00A5 0003 0141 0142 00E9 0112 0113 00E4 0020 0165 0166 0096 00DE 0091 00F9 00FD 00E3 00DE 009C 008E 003F 0008 0000
M071.ETC	0	36	0694C	000A 013A 00EA 0020 013B 013C 0086 0167 00FC 00FA 00E0 00E9 003F 0003 00E3 00DE 00F3 0020 00E5 00FD 00E3 0097 00FA 0092 00E5 013B 013C 00E5 00FD 00E3 00DE 009C 008E 0021 0003 009F 00FA 00E6 0020 0140 0149 00E6 0091 00EC 00FA 00E3 0092 00F9 00FC 00F6 00A1 0008 0000
M071.ETC	0	37	06979	000A 013A 00E4 0020 013B 013C 00E9 0168 00F8 011C 00FC 009E 003F 0003 00F0 00FD 00E5 00EA 0020 0095 0096 009C 0098 015D 0093 00E3 00DE 009C 008E 0093 0099 00E4 00DE 0003 0169 00EA 00A5 00A5 00A5 009D 009A 00DE 0098 00BD 00C3 00B7 00E0 00DE 00E4 015D 0093 00A1 0008 0000
M071.ETC	0	38	069A8	0141 0142 00E6 00E5 00F7 00FA 00E0 0020 000A 013A 00E3 00DE 009D 00E8 003F 0003 009F 00FD 00E5 0143 0144 00E9 016A 0096 00DE 0020 0091 00F7 0020 0092 00F4 00E0 00DE 00FC 0091 0003 013B 013C 0096 00DE 0020 0164 0086 00E2 0099 00E3 0097 00E3 0092 00EF 009D 00FC 00F6 00A1 0008 0000
M071.ETC	0	39	069D7	00ED 008A 008A 0020 00CE 00DD 00C4 00E6 016B 0136 00E0 00DE 00E5 0091 00A5 00A5 00A5 0003 000A 0096 00DE 0020 013B 013C 0086 0153 0094 00E3 016C 0098 00E5 00FD 00E3 0003 0092 00EF 00EF 00E3 00DE 00E9 00B7 00D0 0096 00F7 00EA 0020 016D 0094 00F7 00FA 00E5 0092 00F6 00A1 0008 0000
M071.ETC	0	40	06A08	0093 0020 0093 00FD 003F 0020 00E5 00FD 00E0 00DE 00BB 00D9 009C 00DE 008C 00E5 0092 0096 0021 0003 015A 015B 00E9 00C1 00AC 00DD 00BD 0086 0020 00E9 0096 00DE 009C 00E0 00CE 00DE 00B8 0086 0003 00E5 0098 00DE 009B 00F2 00E6 0020 0097 00E3 0098 00FA 00E0 00FD 00E0 00DE 00E8 0020 0098 00DE 00B0 00A1 0008 0000
M071.ETC	0	41	06A3D	00EF 0091 0020 0096 00FC 0092 0092 0020 0095 00BB 00D9 009B 00FD 0003 0097 008F 00E4 0020 0095 016E 00E3 00DE 00F3 009D 0092 00E0 00FD 00E3 00DE 009C 008E 003F 0003 00E3 00DE 00F3 016F 0020 00CA 00DE 00C5 00C5 00EA 0135 008F 00E3 0092 00E5 0092 00E9 00A1 0008 0000
M071.ETC	0	42	06A6B	0091 00F7 00B2 00D4 00E0 00DE 00FC 0020 00BB 00D9 009C 00DE 008C 00E5 0092 00E9 00F6 0003 00BB 00D9 00EA 0020 009D 0098 00DE 00B2 00C0 00BD 00DE 00D7 009D 00F9 0096 00F7 0003 00B7 00D7 00B2 00E5 00E9 00F6 00E8 008A 0020 00BC 00AF 00BC 0020 00BC 00AF 00BC 00A1 0008 0000
M071.ETC	0	43	06A9D	0095 014C 00E6 0020 0095 00BB 00D9 009B 00FD 0096 00DE 0098 00F9 00E5 00FD 00E3 0003 0097 008F 00E4 0020 00EA 009C 00DE 00F2 00E3 00E9 009A 00E4 009C 00DE 008C 00E5 0092 003F 0003 0099 0092 00EB 00DE 0170 00EA 0020 0148 009C 00E3 00F9 00E9 0096 009C 00F7 0021 0008 0000
M071.ETC	0	44	06ACB	00BA 00CE 00DD 00A5 00A5 00A5 014A 009C 014B 0099 00DE 00E3 0095 0097 00EF 009D 0096 00DE 0003 00B5 00C3 00DE 00B6 00DE 00DD 014C 00E3 00DE 00EA 0020 014E 0097 014F 00E9 0128 014C 00EA 0003 0096 00E0 0098 0020 0095 0171 00F8 014A 009C 014B 0099 00DE 00E3 0095 00F8 00EF 009D 009F 00DE 00A1 0008 0000
M071.ETC	0	45	06AFE	0095 0092 0020 00BB 00D9 0021 0020 00E4 00DE 009A 0096 00F7 0172 00E0 00FD 00E0 00DE 0003 009F 00FD 00E5 0173 00E3 00DE 0020 00C0 00DE 00DD 00BD 0086 009C 00E3 00E5 0092 00E3 00DE 0003 0174 00F1 0096 00F7 0020 014C 0096 00F7 015A 00E3 0175 008F 00E3 0098 00FA 0021 0008 0000
M071.ETC	0	46	06B2C	00EE 00EE 0093 0020 009A 00FA 0096 00DE 00D3 00DD 00B7 00B0 00C0 00DE 00DD 00BD 0021 0003 00E1 00EF 00E0 00E9 0020 0176 0161 00E0 00E1 00E9 0091 0092 00E0 00DE 00E3 00DE 00EA 0003 0177 0178 0175 00E9 0020 0095 00E4 00DE 00F8 00E4 015C 0097 00EF 009C 00E0 00A1 0008 0000
M071.ETC	0	47	06B5C	0091 00F8 008C 0020 009A 00F8 008C 00EF 00E0 00A5 00A5 00A5 00A5 0003 00E3 00DE 008F 0096 0092 00BB 00D9 0096 00DE 0020 00F4 008F 00E3 0097 00E0 009F 00DE 0003 00E4 00DE 0093 00F4 008F 00E3 0020 0158 0102 009D 00F9 00E9 0096 00E5 0091 003F 0008 0000
M071.ETC	0	48	06B86	009A 0092 00E2 0020 00B5 00DA 00E9 0159 00E3 00DE 00C0 00DE 00DD 00BD 00E4 00EA 0021 0003 0127 0179 0086 0132 00E3 00E5 0092 0020 00B5 00DA 00E9 009A 00E4 0086 0003 00CA 00DE 00B6 00E6 009C 00E3 00F9 00F0 00E0 0092 00E3 00DE 0020 0098 00F4 009C 0092 009E 00DE 00A1 0008 0000
M071.ETC	0	49	06BB6	00C0 00DE 00DD 00BC 00DD 00B8 00DE 0020 00C0 00DE 00DD 00BC 00DD 00B8 00DE 0021 0003 009A 00F8 008C 00EF 00E0 0020 009D 0099 00DE 008A 00D8 00BD 00DE 00D1 017A 00E0 00DE 00E5 0003 00B5 00DA 00F3 0020 00D1 00BD 00DE 00D1 00BD 00DE 009C 00E3 0097 00E0 009E 00DE 0021 0008 0000
M071.ETC	0	50	06BE6	0091 0091 0020 00F4 00F2 00FB 008F 0020 00F4 00F2 00E3 0098 00FA 008F 0003 016F 0139 00EA 0020 017B 0096 00F7 017C 0096 00DE 017D 0092 008F 00E3 00E9 00E6 0003 009F 00FD 00E5 00E4 009A 00E3 00DE 0020 00C0 00DE 00DD 00BD 009B 00FA 00E3 00E0 00EF 00F9 0096 0021 0008 0000
M071.ETC	0	51	06C14	014C 017E 017F 00E6 0020 0180 0177 00E5 00BB 00D9 0096 00DE 0172 00F9 00E5 00FD 00E3 0003 0148 0096 00E9 0020 0159 0181 00FA 00E6 00E1 0096 00DE 0092 00E5 0092 00E3 00DE 009D 0003 00A5 00A5 00A5 00E6 009C 00E3 00F3 0020 00C9 00D8 00E9 0092 0092 00BB 00D9 00E0 00DE 0021 0008 0000
M071.ETC	0	52	06C44	0091 00F8 008C 00F8 008C 0020 0092 0097 00E5 00F8 00C0 00DE 00DD 00BD 00E4 00EA 0003 0177 0182 00E6 009C 00E3 0020 010A 0183 00E5 00BB 00D9 00E3 00DE 009D 00E8 008A 0003 0092 00E2 00EF 00E3 00DE 0095 00E4 00DE 00F9 0096 0020 0129 00E3 00F6 008F 00E4 0021 0008 0000
M071.ETC	0	53	06C72	009A 00FA 00EA 0020 00BB 00D9 00E0 00DE 00F6 00E5 0091 00A5 00A5 00A5 0003 0184 00EF 00E3 00DE 0020 00F4 008F 00E3 00F9 008F 00E3 009A 00E4 00EA 0003 00BB 00B0 00B6 00BD 0096 00F7 0020 00E6 0099 00DE 00E0 00E9 0096 00F3 0021 0008 0000
M071.ETC	0	54	06C99	00EF 0091 0020 0096 00FC 0092 0092 0020 0095 00BB 00D9 009B 00FD 00E0 00DE 00FC 0003 00E3 00DE 00F3 00A5 00A5 00A5 0096 00FC 0092 0092 008F 00E3 0092 0093 00E6 00EA 0003 00E1 008E 008F 00E4 0020 0177 0097 009D 0097 00DE 00F9 0140 00F3 009D 00F9 00FC 00A1 0008 0000
M071.ETC	0	55	06CC6	0097 008C 00B0 008F 0020 00E0 00DE 00FA 0096 00B0 008F 0020 0185 0099 00E3 00B0 008F 0003 00A5 00A5 00A5 008F 00E3 0020 0095 00E4 00DE 00FB 0092 00E3 00F0 00E0 0099 00E4 00DE 0003 00EB 00E0 009D 00F7 0020 0095 00E4 00DE 008F 00E3 0092 00F9 00E0 00DE 0099 00E0 00DE 00FC 00A1 0008 0000
M071.ETC	0	56	06CF5	0186 0187 00E9 0157 00FC 00F8 013F 00EA 0020 00E4 00DE 00FD 00E5 014E 0097 014F 00F3 0003 00E0 009C 0096 00E6 0020 0188 0096 00FA 00F9 00F3 00E9 00E0 00DE 0099 00E4 00DE 0003 009A 00FA 00EA 0020 00E1 008E 008F 00E4 0020 0188 0096 00FA 009D 0097 00DE 00F6 00A1 0008 0000
M071.ETC	0	57	06D24	0006 0020 0189 00E9 00CC 00DF 00DA 00B0 00C4 00E3 00DE 0020 012A 0130 0086 00CC 00DE 00D9 00B0 00E6 009E 00F6 0000
M071.ETC	0	58	06D3A	0006 0020 009F 00E9 018A 0020 00CD 00DF 00B6 00DE 00BB 00BD 00EA 018B 0092 014B 0096 00DE 00F9 00E3 00DE 0091 00FB 0093 0000
M071.ETC	0	59	06D51	0006 0020 012A 0130 0096 00DE 0020 018C 0097 0086 0122 0093 00EF 00E3 00DE 00E9 0091 0092 00E0 00DE 00A5 00A5 00A5 00A5 0008 0000
M071.ETC	0	60	06D68	00B9 00B9 00B9 00B9 00AF 0020 0172 00E0 00E5 0020 000A 0021 0008 0000
M071.ETC	0	61	06D76	0091 00E9 018A 00E9 0020 018D 0096 008F 00E0 0095 0159 0096 00DE 0003 00EF 009B 0096 0020 00B5 00DA 0086 018E 008F 00E3 0098 00F9 00E4 00EA 00E5 0021 0008 0000
M071.ETC	0	62	06D92	017C 0096 00DE 0020 00BA 00DD 00B6 00DE 00D7 0096 00DE 00F9 0173 00EA 018F 0127 00E0 00DE 0096 00F7 0003 018E 008F 0127 0096 00DE 0172 00F9 00E4 0020 009E 0096 009B 00FA 00E0 008F 00E3 00E5 0021 0003 00A5 00A5 00A5 0107 0190 00E6 00EA 0020 0191 0143 0096 00DE 0091 00F9 0099 00E4 00DE 00F6 0005 0000
M071.ETC	0	63	06DC6	009F 00FD 00E5 009A 00E4 00F6 00F8 0020 015C 0097 00E0 0096 008F 00E0 00FD 00E0 00DE 0003 0006 009A 009A 00EF 00E3 00DE 0020 00F4 008F 00E3 0172 00E0 008F 00E3 009A 00E4 00EA 0003 0192 00E9 00F4 00E2 00F7 00EA 0020 00F4 00F7 00FA 00E0 00FD 00E0 00DE 00F6 00E5 003F 0008 0000
M071.ETC	0	64	06DF4	00A5 00A5 00A5 00A5 00A5 00A5 00A1 0008 0000
M071.ETC	0	65	06DFD	00C0 00DE 00CF 008F 00E3 00F9 008F 00E3 009A 00E4 00EA 0020 009F 0093 00E5 00FD 00E0 00DE 0003 00CA 00DE 00DD 00CE 00DE 00E4 00B8 00DE 00B4 00B2 00C4 00DE 0020 009F 009C 00E3 00A5 00A5 00A5 0003 00B6 00B0 00D8 00B0 00F3 0020 00B6 00B0 00D8 00B0 00F3 00E5 00FD 00E0 00DE 00E5 0021 0008 0000
M071.ETC	0	66	06E2F	00A5 00A5 00A5 00A5 00A5 00A5 00A1 0008 0000
M071.ETC	0	67	06E38	00B8 00DE 00B3 00AB 00AB 00AB 00AB 00B0 00AF 0020 00B6 00B0 00D8 00A8 00A8 00A8 00B0 00AF 0021 0008 0000
M071.ETC	0	68	06E4E	00B5 00DA 00E9 00A5 00A5 00A5 00B5 00DA 00E9 00B6 00B0 00D8 00B0 0086 00A5 00A5 00A5 0003 0193 009B 00E8 008A 0020 0194 0195 00E6 00A5 00A5 00A5 0193 009B 00E8 008A 0021 0003 000A 00E0 00DE 0099 00EA 0020 0193 009B 00E8 008A 008A 008A 008F 0021 0008 0000
M081.ETC	0	0	05D6E	00B9 00DE 00B0 00D1 0086 0020 00E1 008D 0093 00E0 00DE 00FD 009C 00EF 009D 0003 00F6 00FB 009C 0092 00E3 00DE 009D 0096 003F 0000
M081.ETC	0	1	05D85	0015 0002 00C3 00DE 00B0 00C0 0086 0100 00FD 00E3 00DE 0098 00E0 00DE 009B 0092 0000
M081.ETC	0	2	05D95	0015 0002 0101 0102 0086 0100 00FD 00E3 00DE 0098 00E0 00DE 009B 0092 0000
M081.ETC	0	3	05DA5	0015 0002 00CA 00DE 00AF 00B8 00B1 00AF 00CC 00DF 0052 0041 004D 0086 0100 00FD 00E3 00DE 0098 00E0 00DE 009B 0092 0000
M081.ETC	0	4	05DBD	0015 0002 009A 00E9 00C3 00DE 00B0 00C0 0086 0020 0103 009C 00E3 00F6 00FB 009C 0092 00E3 00DE 009D 0096 003F 0000
M081.ETC	0	5	05DD2	0015 0002 009A 00E9 00C3 00DE 00B0 00C0 0086 0020 0104 0105 009C 00EF 009D 0096 003F 0000
M081.ETC	0	6	05DE3	0015 0002 0106 0107 0052 0041 004D 00E9 0108 0109 0096 00DE 0020 010A 010B 009C 00E3 0092 00EF 009D 0008 0000
M081.ETC	0	7	05DF8	0015 0002 00B6 00B0 00C4 00D8 00AF 00BC 00DE 0052 0041 004D 00E9 0108 0109 0096 00DE 0020 010A 010B 009C 00E3 0092 00EF 009D 0008 0000
M081.ETC	0	8	05E11	0015 0002 0108 0109 010A 010B 00E9 00E0 00F2 0020 00BA 00CB 00DF 00B0 00E3 00DE 0097 00EF 009E 00FD 0008 0000
M081.ETC	0	9	05E26	0015 0002 0108 0109 010A 010B 00E9 00E0 00F2 0020 0105 010C 00E9 00BE 00B0 00CC 00DE 00EA 00E3 00DE 0097 00EF 009E 00FD 0008 0000
M081.ETC	0	10	05E3F	0015 0002 00B6 00B0 00C4 00D8 00AF 00BC 00DE 0052 0041 004D 0096 00DE 0020 0091 00F8 00EF 009E 00FD 0008 0000
M081.ETC	0	11	05E54	0015 0002 00B6 00B0 00C4 00D8 00AF 00BC 00DE 0052 0041 004D 00E6 00EA 0020 010D 0097 010E 00F0 00E3 00DE 0097 00EF 009E 00FD 0008 0000
M081.ETC	0	12	05E6E	0015 0002 010F 0097 00FB 0098 00E9 009C 008E 0110 0086 0020 00EB 00E4 00E2 0111 008F 00E3 0003 009A 009A 00EF 00E3 00DE 00E9 0112 0113 0086 0020 0114 0115 009D 00F9 009A 00E4 0096 00DE 00E3 00DE 0097 00EF 009D 00A1 0003 0114 0115 009C 00EF 009D 0096 003F 0000
M081.ETC	0	13	05E9B	0015 0009 0007 0114 0115 0086 0116 0117 009D 00F9 00E0 00F2 00E6 0031 0037 00E9 0118 0097 0108 0109 0096 00DE 0119 011A 00E3 00DE 009D 00A1 0003 009A 00E9 00EF 00EF 00B9 00DE 00B0 00D1 0086 00BD 00C0 00B0 00C4 009B 009E 00E0 011B 011C 0003 0114 0115 0086 0116 0117 009D 00F9 009A 00E4 0096 00DE 00E3 00DE 0097 00EF 009E 00FD 0005 0003 0112 0113 00E9 0114 0115 0086 0116 0117 009C 00E0 0092 011B 011C 00EA 0003 0116 0117 00C3 00DE 00B0 00C0 011D 0102 011E 011F 00E3 00DE 00C3 00DE 00B0 00C0 0086 0120 0102 009C 00E3 0003 00B9 00DE 00B0 00D1 0086 0121 00BD 00C0 00B0 00C4 009C 00E3 0098 00E0 00DE 009B 0092 00A1 0008 0000
M081.ETC	0	14	05F07	0015 0002 0009 0007 010D 0097 010E 00F0 00E6 0122 0123 009C 00EF 009C 00E0 0008 0000
M081.ETC	0	15	05F19	0015 0002 00CA 00DE 00AF 00B8 00B1 00AF 00CC 00DF 00C3 00DE 00B0 00C0 00EA 0091 00F8 00EF 009E 00FD 0000
M081.ETC	0	16	05F2E	0015 0009 0007 0106 0107 0052 0041 004D 00E9 0124 0125 0096 00DE 0020 00E3 00DE 0097 00E3 0092 00EF 009E 00FD 00A1 0003 0116 0117 00C3 00DE 00B0 00C0 011D 0102 011E 011F 00E3 00DE 0020 0126 00E3 00E9 0114 0115 0086 0103 009C 0003 00B9 00DE 00B0 00D1 0086 0020 0121 00BD 00C0 00B0 00C4 009C 00E3 0098 00E0 00DE 009B 0092 00A1 0000
M081.ETC	0	17	05F68	0015 0009 0007 00B6 00B0 00C4 00D8 00AF 00BC 00DE 0052 0041 004D 00E9 0124 0125 0096 00DE 0020 00E3 00DE 0097 00E3 0092 00EF 009E 00FD 00A1 0003 0116 0117 00C3 00DE 00B0 00C0 011D 0102 011E 011F 00E3 00DE 0020 0126 00E3 00E9 0114 0115 0086 0103 009C 0003 00B9 00DE 00B0 00D1 0086 0020 0121 00BD 00C0 00B0 00C4 009C 00E3 0098 00E0 00DE 009B 0092 00A1 0000
M081.ETC	0	18	05FA6	0015 000E 0086 0127 00E6 0128 00FA 00E0 0004 0000
M081.ETC	0	19	05FB2	0015 000A 00EA 0020 00CA 00DE 00C4 00D9 00BF 00B0 00C4 00DE 0086 0129 00E2 0099 00E3 0003 00BC 00AE 00B0 00C4 00BF 00B0 00C4 00DE 0086 0020 012A 012B 00E6 0095 0092 00E0 00A1 0008 0000
M081.ETC	0	20	05FD5	0015 012C 0096 00DE 0096 0096 008F 00E3 0092 00F9 0007 0000
M081.ETC	0	21	05FE1	009F 00FA 00EA 0020 00B4 00D9 00CC 00E6 012D 00FC 00F9 012E 012F 0130 00A5 00A5 00A5 0003 0097 008F 00E4 0020 000A 00E6 0131 0132 00E2 00EA 009D 00DE 00E0 00DE 0005 0000
M081.ETC	0	22	06001	009A 00E9 0133 00EA 0020 00B7 00D0 00E6 00EA 00EF 00E0 00DE 0134 0102 00E0 00DE 0003 009F 00FA 0086 0135 008F 00E3 0020 0136 00E6 0137 00F8 00E5 009B 0092 0003 0092 009D 00DE 00FA 0138 0093 0139 00EF 00E3 00DE 00A5 00A5 00A5 009B 00F7 00EA 00DE 00E0 00DE 00A1 0008 0000
M081.ETC	0	23	06030	00EF 0091 0020 000A 013A 008F 00E0 00F7 00A5 00A5 00A5 0003 013B 013C 0086 0020 0095 013D 00E6 009B 00FA 00F9 00E5 00FD 00E3 0003 013E 013F 008F 0140 0096 00DE 0020 0095 0091 00F8 00E5 00FD 00E3 00DE 009D 009A 00E4 0021 0008 0000
M081.ETC	0	24	06056	0093 00EC 00EC 00A5 00A5 00A5 000A 013A 00EA 0003 0141 0142 00E9 0143 0144 00E6 0020 0095 00E5 00F8 00E6 00E5 008F 00E3 00F3 0003 0096 009B 00DE 00F8 0140 00E9 00E5 0092 0020 0145 0146 00E3 00DE 009D 00E9 00E8 003F 0008 0000
M081.ETC	0	25	0607E	000A 013A 00E9 0020 0095 0147 00FA 00E9 013B 013C 00EA 0003 00E4 00DE 00E1 00F7 00E3 00DE 0020 0129 00E2 0099 00F7 00FA 00E0 00E9 00E3 00DE 009D 003F 0003 0148 00E0 00DE 0096 0020 00E4 008F 00E3 00F3 0140 0149 0096 00DE 0091 00F8 00EF 009D 00FC 00A1 0008 0000
M081.ETC	0	26	060AA	00BA 00CE 00DD 00A5 00A5 00A5 014A 009C 014B 0099 00DE 00E3 0095 0097 00EF 009D 0096 00DE 0003 014C 014D 00E6 0020 014E 0097 014F 0086 0135 00E1 010E 00F1 009A 00E4 00EA 0003 0096 00E0 0098 0150 009C 00DE 00F7 00FA 00E3 0095 00F8 00EF 009D 0020 00CA 00B2 00A1 0008 0000
M081.ETC	0	27	060D9	0095 00F4 0020 000A 0151 00E9 0095 013D 00EA 00A5 00A5 00A5 0003 00F3 009C 00F4 0020 013B 013C 00E3 00DE 00EA 0091 00F8 00EF 009E 00E7 0096 00E5 0003 00ED 0094 0094 0020 009F 0093 0092 0093 0020 009C 008D 0152 00E3 00DE 009D 0096 003F 0008 0000
M081.ETC	0	28	06104	0091 00FA 00EF 0091 0020 013B 013C 0086 0153 0094 00E3 00E9 0154 014C 00E4 00EA 0003 0092 008F 00E0 0092 0020 00E4 00DE 00E9 00F6 0093 00E5 0155 0156 00E3 00DE 009D 0096 00E5 003F 0003 009A 00FA 00EF 00E0 0020 0157 00FC 008F 00E0 0095 013D 00E0 00DE 009A 00E4 00A5 00A5 00A5 00A1 0008 0000
M081.ETC	0	29	06134	0148 00E3 00DE 009D 0096 00A5 00A5 00A5 000A 0151 003F 0003 00F4 00F4 0020 00F3 009C 00F4 0020 009F 00E9 013B 013C 0086 0003 0158 0102 009C 00E3 0098 00FA 00E4 0020 0092 00FC 00FA 00EF 009D 0096 003F 0008 0000
M081.ETC	0	30	06158	0095 0159 00EA 0020 0141 0142 00E6 015A 015B 009C 00E0 009A 00E4 00E3 00DE 0003 00E4 00DE 009A 0096 0020 0095 0096 009C 0098 00E5 008F 00E0 00E9 0096 003F 0003 00E0 00DE 008F 00E3 0020 009F 00FA 0020 013B 013C 00E0 00DE 00F6 00E5 0091 00A1 0008 0000
M081.ETC	0	31	06181	000A 0096 00DE 0020 0112 0113 00E6 015A 00E3 00F9 00E4 015C 0092 00E3 0003 00E4 00DE 00FD 00E5 009A 00E4 0086 0020 00F4 008F 00E3 0098 00F9 0096 00E4 015D 008F 00E0 00F7 0003 00A5 00A5 00A5 013B 013C 0086 0020 009B 0096 00DE 009C 00E3 0098 00F9 009A 00E4 00E4 00EA 0021 0008 0000
M081.ETC	0	32	061AF	0095 00FA 00EA 0020 000A 00E9 015A 015B 00E9 015E 00F7 009E 0086 0003 015F 0160 00E6 0020 00F6 00FB 009A 00FD 00E3 00DE 0092 00E0 00FD 00E0 00DE 0099 00E4 00DE 00A5 00A5 00A5 0003 013B 013C 0086 0153 0094 00F9 0020 0095 0159 0129 00F9 00E4 0020 00B6 00DE 00AF 00B6 00D8 00E0 00DE 00A1 0008 0000
M081.ETC	0	33	061E1	000A 0151 00EA 0020 0141 0142 00E6 00E5 00F7 00FA 00E3 0003 00EF 009D 00EF 009D 0020 00E0 0098 00EF 009C 0098 00E5 008F 00E0 00A5 00A5 00A5 0096 00DE 0003 00CC 00DF 00CC 00DF 00AF 0020 0095 013D 00E6 013B 013C 00E4 00EA 0020 00B9 00AF 00BB 00B8 00E0 00DE 0021 0008 0000
M081.ETC	0	34	0620F	0021 0020 000A 013A 00EA 0020 00EA 009D 00DE 0096 009C 0098 00E5 0092 00E9 0096 003F 0003 0141 0142 00E0 00F9 0161 0096 00DE 0020 013B 013C 0086 0153 0094 00F9 00E4 00EA 00A5 00A5 00A5 0003 00B5 00C3 00DE 00B6 00DE 00DD 00E9 0141 0142 00F3 0020 0162 00E6 0163 00E1 00E0 00E5 0091 00A1 0008 0000
M081.ETC	0	35	06240	000A 013A 00E9 0020 0164 00FB 00E6 0092 00F9 00E9 00EA 0003 013B 013C 00E3 00DE 009D 0099 00E4 00DE 00A5 00A5 00A5 00EA 00EA 0091 00A5 00A5 00A5 0003 0141 0142 00E9 0112 0113 00E4 0020 0165 0166 0096 00DE 0091 00F9 00FD 00E3 00DE 009C 008E 003F 0008 0000
M081.ETC	0	36	0626A	000A 013A 00EA 0020 013B 013C 0086 0167 00FC 00FA 00E0 00E9 003F 0003 00E3 00DE 00F3 0020 00E5 00FD 00E3 0097 00FA 0092 00E5 013B 013C 00E5 00FD 00E3 00DE 009C 008E 0021 0003 009F 00FA 00E6 0020 0140 0149 00E6 0091 00EC 00FA 00E3 0092 00F9 00FC 00F6 00A1 0008 0000
M081.ETC	0	37	06297	000A 013A 00E4 0020 013B 013C 00E9 0168 00F8 011C 00FC 009E 003F 0003 00F0 00FD 00E5 00EA 0020 0095 0096 009C 0098 015D 0093 00E3 00DE 009C 008E 0093 0099 00E4 00DE 0003 0169 00EA 00A5 00A5 00A5 009D 009A 00DE 0098 00BD 00C3 00B7 00E0 00DE 00E4 015D 0093 00A1 0008 0000
M081.ETC	0	38	062C5	0141 0142 00E6 00E5 00F7 00FA 00E0 0020 000A 013A 00E3 00DE 009D 00E8 003F 0003 009F 00FD 00E5 0143 0144 00E9 016A 0096 00DE 0020 0091 00F7 0020 0092 00F4 00E0 00DE 00FC 0091 0003 013B 013C 0096 00DE 0020 0164 0086 00E2 0099 00E3 0097 00E3 0092 00EF 009D 00FC 00F6 00A1 0008 0000
M081.ETC	0	39	062F5	00ED 008A 008A 0020 00CE 00DD 00C4 00E6 016B 0136 00E0 00DE 00E5 0091 00A5 00A5 00A5 0003 000A 0096 00DE 0020 013B 013C 0086 0153 0094 00E3 016C 0098 00E5 00FD 00E3 0003 0092 00EF 00EF 00E3 00DE 00E9 00B7 00D0 0096 00F7 00EA 0020 016D 0094 00F7 00FA 00E5 0092 00F6 00A1 0008 0000
M081.ETC	0	40	06326	0093 0020 0093 00FD 003F 0020 00E5 00FD 00E0 00DE 00BB 00D9 009C 00DE 008C 00E5 0092 0096 0021 0003 015A 015B 00E9 00C1 00AC 00DD 00BD 0086 0020 00E9 0096 00DE 009C 00E0 00CE 00DE 00B8 0086 0003 00E5 0098 00DE 009B 00F2 00E6 0020 0097 00E3 0098 00FA 00E0 00FD 00E0 00DE 00E8 0020 0098 00DE 00B0 00A1 0008 0000
M081.ETC	0	41	0635B	00EF 0091 0020 0096 00FC 0092 0092 0020 0095 00BB 00D9 009B 00FD 0003 0097 008F 00E4 0020 0095 016E 00E3 00DE 00F3 009D 0092 00E0 00FD 00E3 00DE 009C 008E 003F 0003 00E3 00DE 00F3 016F 0020 00CA 00DE 00C5 00C5 00EA 0135 008F 00E3 0092 00E5 0092 00E9 00A1 0008 0000
M081.ETC	0	42	06389	0091 00F7 00B2 00D4 00E0 00DE 00FC 0020 00BB 00D9 009C 00DE 008C 00E5 0092 00E9 00F6 0003 00BB 00D9 00EA 0020 009D 0098 00DE 00B2 00C0 00BD 00DE 00D7 009D 00F9 0096 00F7 0003 00B7 00D7 00B2 00E5 00E9 00F6 00E8 008A 0020 00BC 00AF 00BC 0020 00BC 00AF 00BC 00A1 0008 0000
M081.ETC	0	43	063BB	0095 014C 00E6 0020 0095 00BB 00D9 009B 00FD 0096 00DE 0098 00F9 00E5 00FD 00E3 0003 0097 008F 00E4 0020 00EA 009C 00DE 00F2 00E3 00E9 009A 00E4 009C 00DE 008C 00E5 0092 003F 0003 0099 0092 00EB 00DE 0170 00EA 0020 0148 009C 00E3 00F9 00E9 0096 009C 00F7 0021 0008 0000
M081.ETC	0	44	063E9	00BA 00CE 00DD 00A5 00A5 00A5 014A 009C 014B 0099 00DE 00E3 0095 0097 00EF 009D 0096 00DE 0003 00B5 00C3 00DE 00B6 00DE 00DD 014C 00E3 00DE 00EA 0020 014E 0097 014F 00E9 0128 014C 00EA 0003 0096 00E0 0098 0020 0095 0171 00F8 014A 009C 014B 0099 00DE 00E3 0095 00F8 00EF 009D 009F 00DE 00A1 0008 0000
M081.ETC	0	45	0641C	0095 0092 0020 00BB 00D9 0021 0020 00E4 00DE 009A 0096 00F7 0172 00E0 00FD 00E0 00DE 0003 009F 00FD 00E5 0173 00E3 00DE 0020 00C0 00DE 00DD 00BD 0086 009C 00E3 00E5 0092 00E3 00DE 0003 0174 00F1 0096 00F7 0020 014C 0096 00F7 015A 00E3 0175 008F 00E3 0098 00FA 0021 0008 0000
M081.ETC	0	46	0644B	00EE 00EE 0093 0020 009A 00FA 0096 00DE 00D3 00DD 00B7 00B0 00C0 00DE 00DD 00BD 0021 0003 00E1 00EF 00E0 00E9 0020 0176 0161 00E0 00E1 00E9 0091 0092 00E0 00DE 00E3 00DE 00EA 0003 0177 0178 0175 00E9 0020 0095 00E4 00DE 00F8 00E4 015C 0097 00EF 009C 00E0 00A1 0008 0000
M081.ETC	0	47	0647B	0091 00F8 008C 0020 009A 00F8 008C 00EF 00E0 00A5 00A5 00A5 00A5 0003 00E3 00DE 008F 0096 0092 00BB 00D9 0096 00DE 0020 00F4 008F 00E3 0097 00E0 009F 00DE 0003 00E4 00DE 0093 00F4 008F 00E3 0020 0158 0102 009D 00F9 00E9 0096 00E5 0091 003F 0008 0000
M081.ETC	0	48	064A5	009A 0092 00E2 0020 00B5 00DA 00E9 0159 00E3 00DE 00C0 00DE 00DD 00BD 00E4 00EA 0021 0003 0127 0179 0086 0132 00E3 00E5 0092 0020 00B5 00DA 00E9 009A 00E4 0086 0003 00CA 00DE 00B6 00E6 009C 00E3 00F9 00F0 00E0 0092 00E3 00DE 0020 0098 00F4 009C 0092 009E 00DE 00A1 0008 0000
M081.ETC	0	49	064D5	00C0 00DE 00DD 00BC 00DD 00B8 00DE 0020 00C0 00DE 00DD 00BC 00DD 00B8 00DE 0021 0003 009A 00F8 008C 00EF 00E0 0020 009D 0099 00DE 008A 00D8 00BD 00DE 00D1 017A 00E0 00DE 00E5 0003 00B5 00DA 00F3 0020 00D1 00BD 00DE 00D1 00BD 00DE 009C 00E3 0097 00E0 009E 00DE 0021 0008 0000
M081.ETC	0	50	06506	0091 0091 0020 00F4 00F2 00FB 008F 0020 00F4 00F2 00E3 0098 00FA 008F 0003 016F 0139 00EA 0020 017B 0096 00F7 017C 0096 00DE 017D 0092 008F 00E3 00E9 00E6 0003 009F 00FD 00E5 00E4 009A 00E3 00DE 0020 00C0 00DE 00DD 00BD 009B 00FA 00E3 00E0 00EF 00F9 0096 0021 0008 0000
M081.ETC	0	51	06535	014C 017E 017F 00E6 0020 0180 0177 00E5 00BB 00D9 0096 00DE 0172 00F9 00E5 00FD 00E3 0003 0148 0096 00E9 0020 0159 0181 00FA 00E6 00E1 0096 00DE 0092 00E5 0092 00E3 00DE 009D 0003 00A5 00A5 00A5 00E6 009C 00E3 00F3 0020 00C9 00D8 00E9 0092 0092 00BB 00D9 00E0 00DE 0021 0008 0000
M081.ETC	0	52	06565	0091 00F8 008C 00F8 008C 0020 0092 0097 00E5 00F8 00C0 00DE 00DD 00BD 00E4 00EA 0003 0177 0182 00E6 009C 00E3 0020 010A 0183 00E5 00BB 00D9 00E3 00DE 009D 00E8 008A 0003 0092 00E2 00EF 00E3 00DE 0095 00E4 00DE 00F9 0096 0020 0129 00E3 00F6 008F 00E4 0021 0008 0000
M081.ETC	0	53	06594	009A 00FA 00EA 0020 00BB 00D9 00E0 00DE 00F6 00E5 0091 00A5 00A5 00A5 0003 0184 00EF 00E3 00DE 0020 00F4 008F 00E3 00F9 008F 00E3 009A 00E4 00EA 0003 00BB 00B0 00B6 00BD 0096 00F7 0020 00E6 0099 00DE 00E0 00E9 0096 00F3 0021 0008 0000
M081.ETC	0	54	065BB	00EF 0091 0020 0096 00FC 0092 0092 0020 0095 00BB 00D9 009B 00FD 00E0 00DE 00FC 0003 00E3 00DE 00F3 00A5 00A5 00A5 0096 00FC 0092 0092 008F 00E3 0092 0093 00E6 00EA 0003 00E1 008E 008F 00E4 0020 0177 0097 009D 0097 00DE 00F9 0140 00F3 009D 00F9 00FC 00A1 0008 0000
M081.ETC	0	55	065E8	0097 008C 00B0 008F 0020 00E0 00DE 00FA 0096 00B0 008F 0020 0185 0099 00E3 00B0 008F 0003 00A5 00A5 00A5 008F 00E3 0020 0095 00E4 00DE 00FB 0092 00E3 00F0 00E0 0099 00E4 00DE 0003 00EB 00E0 009D 00F7 0020 0095 00E4 00DE 008F 00E3 0092 00F9 00E0 00DE 0099 00E0 00DE 00FC 00A1 0008 0000
M081.ETC	0	56	06617	0186 0187 00E9 0157 00FC 00F8 013F 00EA 0020 00E4 00DE 00FD 00E5 014E 0097 014F 00F3 0003 00E0 009C 0096 00E6 0020 0188 0096 00FA 00F9 00F3 00E9 00E0 00DE 0099 00E4 00DE 0003 009A 00FA 00EA 0020 00E1 008E 008F 00E4 0020 0188 0096 00FA 009D 0097 00DE 00F6 00A1 0008 0000
M081.ETC	0	57	06646	00B3 00B5 00B0 00DD 0020 00CA 00DF 00DC 00B0 0096 00DE 0020 00CA 00DF 00DC 00B0 0096 00DE 00A5 00A5 00A5 0003 0095 0159 0096 0021 0020 000A 0021 0003 0180 0189 00E9 00CA 00DF 00DC 00B0 0086 0020 0093 00EA 00DE 008F 00E0 00E9 00EA 0021 0008 0000
M081.ETC	0	58	06671	0091 00E4 018A 009C 00A5 00A5 00A5 0091 00E4 018A 009C 00E3 00DE 0003 0180 0189 00EA 0020 018B 018C 0086 00E4 0099 00DE 00E0 00EA 009D 00DE 00E0 00DE 008F 00E0 0021 0008 0000
M081.ETC	0	59	0668E	009C 0096 009C 0020 00EF 00E0 00DE 018D 00E6 011C 0093 00EA 009D 00DE 00E0 00DE 0003 00BC 00DE 00DD 00E9 00B5 00B0 00CC 00DE 0086 0020 018E 009C 00E3 00F3 00F7 0095 0093 0096 0021 0003 0095 0159 0086 018F 0190 00F8 00E6 0020 0180 0189 0086 018B 018C 009D 00F9 0021 0008 0000
M081.ETC	0	60	066BE	0169 00E9 0191 0099 00E0 00DE 00F6 0020 000A 00A5 00A5 00A5 0003 00B5 00C3 00DE 00B6 00DE 00DD 00E9 0192 0161 00E9 0193 0194 00E4 0092 0093 0195 010D 0097 00EA 0003 00C0 00DE 00C3 009C 00DE 008C 00E5 0096 008F 00E0 00A5 00A5 00A5 00E4 0092 0093 009A 00E4 00E0 00DE 00A1 0008 0000
M081.ETC	0	61	066EE	00F3 0093 009D 0098 00DE 0169 00EA 0020 012E 0196 00E6 0092 0098 00E0 00DE 00FB 0093 00A5 00A5 00A5 0003 0197 0198 00E9 00B5 00AF 00C4 00DE 00A5 00A5 00A5 00B1 00B2 00E4 0199 009C 00DE 00F6 0093 00E6 0003 00E4 00DE 00FD 00E5 0173 0096 00A5 00A5 00A5 019A 009C 00F0 00E0 00DE 0020 0093 0098 00DE 0098 00DE 00A1 0008 0000
M081.ETC	0	62	06724	00B8 00AF 00B8 00AF 00B8 00AF 0020 009C 0096 009C 0020 019B 0189 00E3 00DE 00EA 00E5 0092 0003 000A 00F6 0020 0095 0159 00F3 0092 008F 009C 008E 00E6 00E0 00DE 0003 0095 0159 00F3 0020 019C 0147 00FA 00E0 00DE 009F 00DE 0020 00E7 00FC 0091 0091 0091 00B0 008F 0021 0008 0000
M081.ETC	0	63	06754	009F 0020 009F 00FD 00E5 00A5 00A5 00A5 00CA 00DE 00B6 00E5 00A5 00A5 00A5 00A1 0008 0000
M081.ETC	0	64	06764	019D 00E6 019E 0097 015A 00E3 00E0 00A5 00A5 00A5 019F 0162 0096 00DE 00A5 00A5 00A5 0003 01A0 009A 009F 0097 00DE 0020 00E5 0098 00E5 008F 00E3 009C 00EF 008F 00E3 00F9 0021 0003 00EF 009B 0096 00A5 00A5 00A5 00CA 00DF 00BF 00DE 00B0 00C4 00E9 01A1 00E3 00DE 00A5 00A5 00A5 00A1 0008 0000
M081.ETC	0	65	06794	000A 00B0 00AF 0020 000A 00B0 00AF 0021 0008 0000
M081.ETC	0	66	0679E	000A 00B0 00AF 0020 000A 00B0 00AF 0021 0008 0000
M081.ETC	0	67	067A8	000A 00B0 00AF 0020 000A 00A5 00A5 00A5 00A1 0008 0000
M081.ETC	0	68	067B2	00E0 00DE 00F2 00E0 00DE 00A5 00A5 00A5 018E 01A2 0096 00DE 00E5 0092 00E5 00FD 00E3 00A5 00A5 00A5 0003 000A 00EA 0020 00CA 00DF 00BF 00DE 00B0 00C4 0086 01A3 009C 00E0 00E9 00E6 00A5 00A5 00A5 0003 00E5 00E9 00E6 00A5 00A5 00A5 01A4 00FD 00E3 00DE 009C 00EF 008F 00E0 00E9 0096 0021 0008 0000
M081.ETC	0	69	067E2	000A 00B0 00AF 0020 000A 00B0 00AF 0003 0174 00F1 00F6 00A5 00A5 00A5 018E 01A2 0086 009C 00E3 0098 00FA 00A5 00A5 00A5 0003 0169 00EA 00A5 00A5 00A5 00E4 00DE 0093 009C 00E0 00F7 0092 0092 00FD 00E0 00DE 00A5 00A5 00A5 00A1 0008 0000
M081.ETC	0	70	06808	009A 00FD 00E5 009A 00E4 008F 00E3 00A5 00A5 00A5 0091 00F9 0096 00A5 00A5 00A5 0003 009A 00FD 00E5 00E9 008F 00E3 0020 0091 00FD 00EF 00F8 009C 00DE 008C 00E5 0092 0096 0021 0005 0000
M081.ETC	0	71	06826	0091 00FD 00E5 00E6 0096 00DE 00FD 00EA 00DE 008F 00E0 0020 000A 0096 00DE 0003 01A5 0164 00E9 00C4 00DE 00C0 00DD 00CA 00DE 00E3 00DE 0020 01A4 00E7 00E5 00FD 00E3 00A5 00A5 00A5 0003 0091 00FD 00E5 00E6 0176 0098 00E3 0020 015F 01A6 00F7 009C 0092 01A7 01A8 0096 00DE 00A1 0008 0000
M081.ETC	0	72	06856	00E3 00DE 0097 00F9 00E5 00F7 0020 0169 0096 00DE 01A9 00FC 00F8 00E0 0092 00A5 00A5 00A5 0003 00E3 00DE 00F3 0020 00D1 00D8 00E5 00FD 00E0 00DE 0020 00E3 00DE 0097 00E5 0092 00FD 00E0 00DE 0003 00E0 00DE 0096 00F7 01AA 00F9 00F6 0020 000A 00A5 00A5 00A5 00A1 0008 0000
M091.ETC	0	0	05D82	00B9 00DE 00B0 00D1 0086 0020 00E1 008D 0093 00E0 00DE 00FD 009C 00EF 009D 0003 00F6 00FB 009C 0092 00E3 00DE 009D 0096 003F 0000
M091.ETC	0	1	05D99	0015 0002 00C3 00DE 00B0 00C0 0086 0100 00FD 00E3 00DE 0098 00E0 00DE 009B 0092 0000
M091.ETC	0	2	05DA9	0015 0002 0101 0102 0086 0100 00FD 00E3 00DE 0098 00E0 00DE 009B 0092 0000
M091.ETC	0	3	05DB9	0015 0002 00CA 00DE 00AF 00B8 00B1 00AF 00CC 00DF 0052 0041 004D 0086 0100 00FD 00E3 00DE 0098 00E0 00DE 009B 0092 0000
M091.ETC	0	4	05DD1	0015 0002 009A 00E9 00C3 00DE 00B0 00C0 0086 0020 0103 009C 00E3 00F6 00FB 009C 0092 00E3 00DE 009D 0096 003F 0000
M091.ETC	0	5	05DE5	0015 0002 009A 00E9 00C3 00DE 00B0 00C0 0086 0020 0104 0105 009C 00EF 009D 0096 003F 0000
M091.ETC	0	6	05DF6	0015 0002 0106 0107 0052 0041 004D 00E9 0108 0109 0096 00DE 0020 010A 010B 009C 00E3 0092 00EF 009D 0008 0000
M091.ETC	0	7	05E0A	0015 0002 00B6 00B0 00C4 00D8 00AF 00BC 00DE 0052 0041 004D 00E9 0108 0109 0096 00DE 0020 010A 010B 009C 00E3 0092 00EF 009D 0008 0000
M091.ETC	0	8	05E23	0015 0002 0108 0109 010A 010B 00E9 00E0 00F2 0020 00BA 00CB 00DF 00B0 00E3 00DE 0097 00EF 009E 00FD 0008 0000
M091.ETC	0	9	05E38	0015 0002 0108 0109 010A 010B 00E9 00E0 00F2 0020 0105 010C 00E9 00BE 00B0 00CC 00DE 00EA 00E3 00DE 0097 00EF 009E 00FD 0008 0000
M091.ETC	0	10	05E50	0015 0002 00B6 00B0 00C4 00D8 00AF 00BC 00DE 0052 0041 004D 0096 00DE 0020 0091 00F8 00EF 009E 00FD 0008 0000
M091.ETC	0	11	05E65	0015 0002 00B6 00B0 00C4 00D8 00AF 00BC 00DE 0052 0041 004D 00E6 00EA 0020 010D 0097 010E 00F0 00E3 00DE 0097 00EF 009E 00FD 0008 0000
M091.ETC	0	12	05E7F	0015 0002 010F 0097 00FB 0098 00E9 009C 008E 0110 0086 0020 00EB 00E4 00E2 0111 008F 00E3 0003 009A 009A 00EF 00E3 00DE 00E9 0112 0113 0086 0020 0114 0115 009D 00F9 009A 00E4 0096 00DE 00E3 00DE 0097 00EF 009D 00A1 0003 0114 0115 009C 00EF 009D 0096 003F 0000
M091.ETC	0	13	05EAC	0015 0009 0007 0114 0115 0086 0116 0117 009D 00F9 00E0 00F2 00E6 0031 0037 00E9 0118 0097 0108 0109 0096 00DE 0119 011A 00E3 00DE 009D 00A1 0003 009A 00E9 00EF 00EF 00B9 00DE 00B0 00D1 0086 00BD 00C0 00B0 00C4 009B 009E 00E0 011B 011C 0003 0114 0115 0086 0116 0117 009D 00F9 009A 00E4 0096 00DE 00E3 00DE 0097 00EF 009E 00FD 0005 0003 0112 0113 00E9 0114 0115 0086 0116 0117 009C 00E0 0092 011B 011C 00EA 0003 0116 0117 00C3 00DE 00B0 00C0 011D 0102 011E 011F 00E3 00DE 00C3 00DE 00B0 00C0 0086 0120 0102 009C 00E3 0003 00B9 00DE 00B0 00D1 0086 0121 00BD 00C0 00B0 00C4 009C 00E3 0098 00E0 00DE 009B 0092 00A1 0008 0000
M091.ETC	0	14	05F16	0015 0002 0009 0007 010D 0097 010E 00F0 00E6 0122 0123 009C 00EF 009C 00E0 0008 0000
M091.ETC	0	15	05F28	0015 0002 00CA 00DE 00AF 00B8 00B1 00AF 00CC 00DF 00C3 00DE 00B0 00C0 00EA 0091 00F8 00EF 009E 00FD 0000
M091.ETC	0	16	05F3D	0015 0009 0007 0106 0107 0052 0041 004D 00E9 0124 0125 0096 00DE 0020 00E3 00DE 0097 00E3 0092 00EF 009E 00FD 00A1 0003 0116 0117 00C3 00DE 00B0 00C0 011D 0102 011E 011F 00E3 00DE 0020 0126 00E3 00E9 0114 0115 0086 0103 009C 0003 00B9 00DE 00B0 00D1 0086 0020 0121 00BD 00C0 00B0 00C4 009C 00E3 0098 00E0 00DE 009B 0092 00A1 0000
M091.ETC	0	17	05F76	0015 0009 0007 00B6 00B0 00C4 00D8 00AF 00BC 00DE 0052 0041 004D 00E9 0124 0125 0096 00DE 0020 00E3 00DE 0097 00E3 0092 00EF 009E 00FD 00A1 0003 0116 0117 00C3 00DE 00B0 00C0 011D 0102 011E 011F 00E3 00DE 0020 0126 00E3 00E9 0114 0115 0086 0103 009C 0003 00B9 00DE 00B0 00D1 0086 0020 0121 00BD 00C0 00B0 00C4 009C 00E3 0098 00E0 00DE 009B 0092 00A1 0000
M091.ETC	0	18	05FB3	0015 000E 0086 0127 00E6 0128 00FA 00E0 0004 0000
M091.ETC	0	19	05FBF	0015 000A 00EA 0020 00CA 00DE 00C4 00D9 00BF 00B0 00C4 00DE 0086 0129 00E2 0099 00E3 0003 00BC 00AE 00B0 00C4 00BF 00B0 00C4 00DE 0086 0020 012A 012B 00E6 0095 0092 00E0 00A1 0008 0000
M091.ETC	0	20	05FE2	0015 012C 0096 00DE 0096 0096 008F 00E3 0092 00F9 0004 0000
M091.ETC	0	21	05FED	009F 00FA 00EA 0020 00B4 00D9 00CC 00E6 012D 00FC 00F9 012E 012F 0130 00A5 00A5 00A5 0003 0097 008F 00E4 0020 000A 00E6 0131 0132 00E2 00EA 009D 00DE 00E0 00DE 0005 0000
M091.ETC	0	22	0600D	009A 00E9 0133 00EA 0020 00B7 00D0 00E6 00EA 00EF 00E0 00DE 0134 0102 00E0 00DE 0003 009F 00FA 0086 0135 008F 00E3 0020 0136 00E6 0137 00F8 00E5 009B 0092 0003 0092 009D 00DE 00FA 0138 0093 0139 00EF 00E3 00DE 00A5 00A5 00A5 009B 00F7 00EA 00DE 00E0 00DE 00A1 0008 0000
M091.ETC	0	23	0603B	00EF 0091 0020 000A 013A 008F 00E0 00F7 00A5 00A5 00A5 0003 013B 013C 0086 0020 0095 013D 00E6 009B 00FA 00F9 00E5 00FD 00E3 0003 013E 013F 008F 0140 0096 00DE 0020 0095 0091 00F8 00E5 00FD 00E3 00DE 009D 009A 00E4 0021 0008 0000
M091.ETC	0	24	06061	0093 00EC 00EC 00A5 00A5 00A5 000A 013A 00EA 0003 0141 0142 00E9 0143 0144 00E6 0020 0095 00E5 00F8 00E6 00E5 008F 00E3 00F3 0003 0096 009B 00DE 00F8 0140 00E9 00E5 0092 0020 0145 0146 00E3 00DE 009D 00E9 00E8 003F 0008 0000
M091.ETC	0	25	06088	000A 013A 00E9 0020 0095 0147 00FA 00E9 013B 013C 00EA 0003 00E4 00DE 00E1 00F7 00E3 00DE 0020 0129 00E2 0099 00F7 00FA 00E0 00E9 00E3 00DE 009D 003F 0003 0148 00E0 00DE 0096 0020 00E4 008F 00E3 00F3 0140 0149 0096 00DE 0091 00F8 00EF 009D 00FC 00A1 0008 0000
M091.ETC	0	26	060B3	00BA 00CE 00DD 00A5 00A5 00A5 014A 009C 014B 0099 00DE 00E3 0095 0097 00EF 009D 0096 00DE 0003 014C 014D 00E6 0020 014E 0097 014F 0086 0135 00E1 010E 00F1 009A 00E4 00EA 0003 0096 00E0 0098 0150 009C 00DE 00F7 00FA 00E3 0095 00F8 00EF 009D 0020 00CA 00B2 00A1 0008 0000
M091.ETC	0	27	060E2	0095 00F4 0020 000A 0151 00E9 0095 013D 00EA 00A5 00A5 00A5 0003 00F3 009C 00F4 0020 013B 013C 00E3 00DE 00EA 0091 00F8 00EF 009E 00E7 0096 00E5 0003 00ED 0094 0094 0020 009F 0093 0092 0093 0020 009C 008D 0152 00E3 00DE 009D 0096 003F 0008 0000
M091.ETC	0	28	0610D	0091 00FA 00EF 0091 0020 013B 013C 0086 0153 0094 00E3 00E9 0154 014C 00E4 00EA 0003 0092 008F 00E0 0092 0020 00E4 00DE 00E9 00F6 0093 00E5 0155 0156 00E3 00DE 009D 0096 00E5 003F 0003 009A 00FA 00EF 00E0 0020 0157 00FC 008F 00E0 0095 013D 00E0 00DE 009A 00E4 00A5 00A5 00A5 00A1 0008 0000
M091.ETC	0	29	0613D	0148 00E3 00DE 009D 0096 00A5 00A5 00A5 000A 0151 003F 0003 00F4 00F4 0020 00F3 009C 00F4 0020 009F 00E9 013B 013C 0086 0003 0158 0102 009C 00E3 0098 00FA 00E4 0020 0092 00FC 00FA 00EF 009D 0096 003F 0008 0000
M091.ETC	0	30	06161	0095 0159 00EA 0020 0141 0142 00E6 015A 015B 009C 00E0 009A 00E4 00E3 00DE 0003 00E4 00DE 009A 0096 0020 0095 0096 009C 0098 00E5 008F 00E0 00E9 0096 003F 0003 00E0 00DE 008F 00E3 0020 009F 00FA 0020 013B 013C 00E0 00DE 00F6 00E5 0091 00A1 0008 0000
M091.ETC	0	31	0618A	000A 0096 00DE 0020 0112 0113 00E6 015A 00E3 00F9 00E4 015C 0092 00E3 0003 00E4 00DE 00FD 00E5 009A 00E4 0086 0020 00F4 008F 00E3 0098 00F9 0096 00E4 015D 008F 00E0 00F7 0003 00A5 00A5 00A5 013B 013C 0086 0020 009B 0096 00DE 009C 00E3 0098 00F9 009A 00E4 00E4 00EA 0021 0008 0000
M091.ETC	0	32	061B8	0095 00FA 00EA 0020 000A 00E9 015A 015B 00E9 015E 00F7 009E 0086 0003 015F 0160 00E6 0020 00F6 00FB 009A 00FD 00E3 00DE 0092 00E0 00FD 00E0 00DE 0099 00E4 00DE 00A5 00A5 00A5 0003 013B 013C 0086 0153 0094 00F9 0020 0095 0159 0086 0129 00F9 00E4 0020 00B6 00DE 00AF 00B6 00D8 00E0 00DE 00A1 0008 0000
M091.ETC	0	33	061EB	000A 0151 00EA 0020 0141 0142 00E6 00E5 00F7 00FA 00E3 0003 00EF 009D 00EF 009D 0020 00E0 0098 00EF 009C 0098 00E5 008F 00E0 00A5 00A5 00A5 0096 00DE 0003 00CC 00DF 00CC 00DF 00AF 0020 0095 013D 00E6 013B 013C 00E4 00EA 0020 00B9 00AF 00BB 00B8 00E0 00DE 0021 0008 0000
M091.ETC	0	34	0621A	0021 0020 000A 013A 00EA 0020 00EA 009D 00DE 0096 009C 0098 00E5 0092 00E9 0096 003F 0003 0141 0142 00E0 00F9 0161 0096 00DE 0020 013B 013C 0086 0153 0094 00F9 00E4 00EA 00A5 00A5 00A5 0003 00B5 00C3 00DE 00B6 00DE 00DD 00E9 0141 0142 00F3 0020 0162 00E6 0163 00E1 00E0 00E5 0091 00A1 0008 0000
M091.ETC	0	35	0624C	000A 013A 00E9 0020 0164 00FB 00E6 0092 00F9 00E9 00EA 0003 013B 013C 00E3 00DE 009D 0099 00E4 00DE 00A5 00A5 00A5 00EA 00EA 0091 00A5 00A5 00A5 0003 0141 0142 00E9 0112 0113 00E4 0020 0165 0166 0096 00DE 0091 00F9 00FD 00E3 00DE 009C 008E 003F 0008 0000
M091.ETC	0	36	06276	000A 013A 00EA 0020 013B 013C 0086 0167 00FC 00FA 00E0 00E9 003F 0003 00E3 00DE 00F3 0020 00E5 00FD 00E3 0097 00FA 0092 00E5 013B 013C 00E5 00FD 00E3 00DE 009C 008E 0021 0003 009F 00FA 00E6 0020 0140 0149 00E6 0091 00EC 00FA 00E3 0092 00F9 00FC 00F6 00A1 0008 0000
M091.ETC	0	37	062A2	000A 013A 00E4 0020 013B 013C 00E9 0168 00F8 011C 00FC 009E 003F 0003 00F0 00FD 00E5 00EA 0020 0095 0096 009C 0098 015D 0093 00E3 00DE 009C 008E 0093 0099 00E4 00DE 0003 0169 00EA 00A5 00A5 00A5 009D 009A 00DE 0098 00BD 00C3 00B7 00E0 00DE 00E4 015D 0093 00A1 0008 0000
M091.ETC	0	38	062D1	0141 0142 00E6 00E5 00F7 00FA 00E0 0020 000A 013A 00E3 00DE 009D 00E8 003F 0003 009F 00FD 00E5 0143 0144 00E9 016A 0096 00DE 0020 0091 00F7 0020 0092 00F4 00E0 00DE 00FC 0091 0003 013B 013C 0096 00DE 0020 0164 0086 00E2 0099 00E3 0097 00E3 0092 00EF 009D 00FC 00F6 00A1 0008 0000
M091.ETC	0	39	06300	00ED 008A 008A 0020 00CE 00DD 00C4 00E6 016B 0136 00E0 00DE 00E5 0091 00A5 00A5 00A5 0003 000A 0096 00DE 0020 013B 013C 0086 0153 0094 00E3 016C 0098 00E5 00FD 00E3 0003 0092 00EF 00EF 00E3 00DE 00E9 00B7 00D0 0096 00F7 00EA 0020 016D 0094 00F7 00FA 00E5 0092 00F6 00A1 0008 0000
M091.ETC	0	40	06331	0093 0020 0093 00FD 003F 0020 00E5 00FD 00E0 00DE 00BB 00D9 009C 00DE 008C 00E5 0092 0096 0021 0003 015A 015B 00E9 00C1 00AC 00DD 00BD 0086 0020 00E9 0096 00DE 009C 00E0 00CE 00DE 00B8 0086 0003 00E5 0098 00DE 009B 00F2 00E6 0020 0097 00E3 0098 00FA 00E0 00FD 00E0 00DE 00E8 0020 0098 00DE 00B0 00A1 0008 0000
M091.ETC	0	41	06366	00EF 0091 0020 0096 00FC 0092 0092 0020 0095 00BB 00D9 009B 00FD 0003 0097 008F 00E4 0020 0095 016E 00E3 00DE 00F3 009D 0092 00E0 00FD 00E3 00DE 009C 008E 003F 0003 00E3 00DE 00F3 016F 0020 00CA 00DE 00C5 00C5 00EA 0135 008F 00E3 0092 00E5 0092 00E9 00A1 0008 0000
M091.ETC	0	42	06393	0091 00F7 00B2 00D4 00E0 00DE 00FC 0020 00BB 00D9 009C 00DE 008C 00E5 0092 00E9 00F6 0003 00BB 00D9 00EA 0020 009D 0098 00DE 00B2 00C0 00BD 00DE 00D7 009D 00F9 0096 00F7 0003 00B7 00D7 00B2 00E5 00E9 00F6 00E8 008A 0020 00BC 00AF 00BC 0020 00BC 00AF 00BC 00A1 0008 0000
M091.ETC	0	43	063C5	0095 014C 00E6 0020 0095 00BB 00D9 009B 00FD 0096 00DE 0098 00F9 00E5 00FD 00E3 0003 0097 008F 00E4 0020 00EA 009C 00DE 00F2 00E3 00E9 009A 00E4 009C 00DE 008C 00E5 0092 003F 0003 0099 0092 00EB 00DE 0170 00EA 0020 0148 009C 00E3 00F9 00E9 0096 009C 00F7 0021 0008 0000
M091.ETC	0	44	063F3	00BA 00CE 00DD 00A5 00A5 00A5 014A 009C 014B 0099 00DE 00E3 0095 0097 00EF 009D 0096 00DE 0003 00B5 00C3 00DE 00B6 00DE 00DD 014C 00E3 00DE 00EA 0020 014E 0097 014F 00E9 0128 014C 00EA 0003 0096 00E0 0098 0020 0095 0171 00F8 014A 009C 014B 0099 00DE 00E3 0095 00F8 00EF 009D 009F 00DE 00A1 0008 0000
M091.ETC	0	45	06426	0095 0092 0020 00BB 00D9 0021 0020 00E4 00DE 009A 0096 00F7 0172 00E0 00FD 00E0 00DE 0003 009F 00FD 00E5 0173 00E3 00DE 0020 00C0 00DE 00DD 00BD 0086 009C 00E3 00E5 0092 00E3 00DE 0003 0174 00F1 0096 00F7 0020 014C 0096 00F7 015A 00E3 0175 008F 00E3 0098 00FA 0021 0008 0000
M091.ETC	0	46	06454	00EE 00EE 0093 0020 009A 00FA 0096 00DE 00D3 00DD 00B7 00B0 00C0 00DE 00DD 00BD 0021 0003 00E1 00EF 00E0 00E9 0020 0176 0161 00E0 00E1 00E9 0091 0092 00E0 00DE 00E3 00DE 00EA 0003 0177 0178 0175 00E9 0020 0095 00E4 00DE 00F8 00E4 015C 0097 00EF 009C 00E0 00A1 0008 0000
M091.ETC	0	47	06483	0091 00F8 008C 0020 009A 00F8 008C 00EF 00E0 00A5 00A5 00A5 00A5 0003 00E3 00DE 008F 0096 0092 00BB 00D9 0096 00DE 0020 00F4 008F 00E3 0097 00E0 009F 00DE 0003 00E4 00DE 0093 00F4 008F 00E3 0020 0158 0102 009D 00F9 00E9 0096 00E5 0091 003F 0008 0000
M091.ETC	0	48	064AC	009A 0092 00E2 0020 00B5 00DA 00E9 0159 00E3 00DE 00C0 00DE 00DD 00BD 00E4 00EA 0021 0003 0127 0179 0086 0132 00E3 00E5 0092 0020 00B5 00DA 00E9 009A 00E4 0086 0003 00CA 00DE 00B6 00E6 009C 00E3 00F9 00F0 00E0 0092 00E3 00DE 0020 0098 00F4 009C 0092 009E 00DE 00A1 0008 0000
M091.ETC	0	49	064DC	00C0 00DE 00DD 00BC 00DD 00B8 00DE 0020 00C0 00DE 00DD 00BC 00DD 00B8 00DE 0021 0003 009A 00F8 008C 00EF 00E0 0020 009D 0099 00DE 008A 00D8 00BD 00DE 00D1 017A 00E0 00DE 00E5 0003 00B5 00DA 00F3 0020 00D1 00BD 00DE 00D1 00BD 00DE 009C 00E3 0097 00E0 009E 00DE 0021 0008 0000
M091.ETC	0	50	0650D	0091 0091 0020 00F4 00F2 00FB 008F 0020 00F4 00F2 00E3 0098 00FA 008F 0003 016F 0139 00EA 0020 017B 0096 00F7 017C 0096 00DE 017D 0092 008F 00E3 00E9 00E6 0003 009F 00FD 00E5 00E4 009A 00E3 00DE 0020 00C0 00DE 00DD 00BD 009B 00FA 00E3 00E0 00EF 00F9 0096 0021 0008 0000
M091.ETC	0	51	0653B	014C 017E 017F 00E6 0020 0180 0177 00E5 00BB 00D9 0096 00DE 0172 00F9 00E5 00FD 00E3 0003 0148 0096 00E9 0020 0159 0181 00FA 00E6 00E1 0096 00DE 0092 00E5 0092 00E3 00DE 009D 0003 00A5 00A5 00A5 00E6 009C 00E3 00F3 0020 00C9 00D8 00E9 0092 0092 00BB 00D9 00E0 00DE 0021 0008 0000
M091.ETC	0	52	0656B	0091 00F8 008C 00F8 008C 0020 0092 0097 00E5 00F8 00C0 00DE 00DD 00BD 00E4 00EA 0003 0177 0182 00E6 009C 00E3 0020 010A 0183 00E5 00BB 00D9 00E3 00DE 009D 00E8 008A 0003 0092 00E2 00EF 00E3 00DE 0095 00E4 00DE 00F9 0096 0020 0129 00E3 00F6 008F 00E4 0021 0008 0000
M091.ETC	0	53	06599	009A 00FA 00EA 0020 00BB 00D9 00E0 00DE 00F6 00E5 0091 00A5 00A5 00A5 0003 0184 00EF 00E3 00DE 0020 00F4 008F 00E3 00F9 008F 00E3 009A 00E4 00EA 0003 00BB 00B0 00B6 00BD 0096 00F7 0020 00E6 0099 00DE 00E0 00E9 0096 00F3 0021 0008 0000
M091.ETC	0	54	065C0	00EF 0091 0020 0096 00FC 0092 0092 0020 0095 00BB 00D9 009B 00FD 00E0 00DE 00FC 0003 00E3 00DE 00F3 00A5 00A5 00A5 0096 00FC 0092 0092 008F 00E3 0092 0093 00E6 00EA 0003 00E1 008E 008F 00E4 0020 0177 0097 009D 0097 00DE 00F9 0140 00F3 009D 00F9 00FC 00A1 0008 0000
M091.ETC	0	55	065EC	0097 008C 00B0 008F 0020 00E0 00DE 00FA 0096 00B0 008F 0020 0185 0099 00E3 00B0 008F 0003 00A5 00A5 00A5 008F 00E3 0020 0095 00E4 00DE 00FB 0092 00E3 00F0 00E0 0099 00E4 00DE 0003 00EB 00E0 009D 00F7 0020 0095 00E4 00DE 008F 00E3 0092 00F9 00E0 00DE 0099 00E0 00DE 00FC 00A1 0008 0000
M091.ETC	0	56	0661B	0186 0187 00E9 0157 00FC 00F8 013F 00EA 0020 00E4 00DE 00FD 00E5 014E 0097 014F 00F3 0003 00E0 009C 0096 00E6 0020 0188 0096 00FA 00F9 00F3 00E9 00E0 00DE 0099 00E4 00DE 0003 009A 00FA 00EA 0020 00E1 008E 008F 00E4 0020 0188 0096 00FA 009D 0097 00DE 00F6 00A1 0008 0000
M091.ETC	0	57	0664A	00EC 008F 00EC 008F 00EC 008F 00EC 00A5 00A5 00A5 0006 0003 0189 018A 018B 00E6 00BA 00DE 00B0 00D9 00E3 00DE 0097 00E0 00F7 0020 0092 0092 00F3 00E9 0086 0091 0099 00DE 00F6 0093 0003 00E0 00E0 00DE 009C 0020 0135 00E1 014F 00EA 018C 0096 00F7 009E 00E3 00F3 0093 00F7 0093 00F6 0007 0000
M091.ETC	0	58	0667E	00BA 00DE 00B0 00B0 00B0 00B0 00B0 00D9 0004 0000
M101.ETC	0	0	07145	00B9 00DE 00B0 00D1 0086 0020 00E1 008D 0093 00E0 00DE 00FD 009C 00EF 009D 0003 00F6 00FB 009C 0092 00E3 00DE 009D 0096 003F 0000
M101.ETC	0	1	0715C	0015 0002 00C3 00DE 00B0 00C0 0086 0100 00FD 00E3 00DE 0098 00E0 00DE 009B 0092 0000
M101.ETC	0	2	0716C	0015 0002 0101 0102 0086 0100 00FD 00E3 00DE 0098 00E0 00DE 009B 0092 0000
M101.ETC	0	3	0717C	0015 0002 00CA 00DE 00AF 00B8 00B1 00AF 00CC 00DF 0052 0041 004D 0086 0100 00FD 00E3 00DE 0098 00E0 00DE 009B 0092 0000
M101.ETC	0	4	07194	0015 0002 009A 00E9 00C3 00DE 00B0 00C0 0086 0020 0103 009C 00E3 00F6 00FB 009C 0092 00E3 00DE 009D 0096 003F 0000
M101.ETC	0	5	071A8	0015 0002 009A 00E9 00C3 00DE 00B0 00C0 0086 0020 0104 0105 009C 00EF 009D 0096 003F 0000
M101.ETC	0	6	071B9	0015 0002 0106 0107 0052 0041 004D 00E9 0108 0109 0096 00DE 0020 010A 010B 009C 00E3 0092 00EF 009D 0008 0000
M101.ETC	0	7	071CE	0015 0002 00B6 00B0 00C4 00D8 00AF 00BC 00DE 0052 0041 004D 00E9 0108 0109 0096 00DE 0020 010A 010B 009C 00E3 0092 00EF 009D 0008 0000
M101.ETC	0	8	071E7	0015 0002 0108 0109 010A 010B 00E9 00E0 00F2 0020 00BA 00CB 00DF 00B0 00E3 00DE 0097 00EF 009E 00FD 0008 0000
M101.ETC	0	9	071FC	0015 0002 0108 0109 010A 010B 00E9 00E0 00F2 0020 0105 010C 00E9 00BE 00B0 00CC 00DE 00EA 00E3 00DE 0097 00EF 009E 00FD 0008 0000
M101.ETC	0	10	07214	0015 0002 00B6 00B0 00C4 00D8 00AF 00BC 00DE 0052 0041 004D 0096 00DE 0020 0091 00F8 00EF 009E 00FD 0008 0000
M101.ETC	0	11	07229	0015 0002 00B6 00B0 00C4 00D8 00AF 00BC 00DE 0052 0041 004D 00E6 00EA 0020 010D 0097 010E 00F0 00E3 00DE 0097 00EF 009E 00FD 0008 0000
M101.ETC	0	12	07243	0015 0002 010F 0097 00FB 0098 00E9 009C 008E 0110 0086 0020 00EB 00E4 00E2 0111 008F 00E3 0003 009A 009A 00EF 00E3 00DE 00E9 0112 0113 0086 0020 0114 0115 009D 00F9 009A 00E4 0096 00DE 00E3 00DE 0097 00EF 009D 00A1 0003 0114 0115 009C 00EF 009D 0096 003F 0000
M101.ETC	0	13	0726F	0015 0009 0007 0114 0115 0086 0116 0117 009D 00F9 00E0 00F2 00E6 0031 0037 00E9 0118 0097 0108 0109 0096 00DE 0119 011A 00E3 00DE 009D 00A1 0003 009A 00E9 00EF 00EF 00B9 00DE 00B0 00D1 0086 00BD 00C0 00B0 00C4 009B 009E 00E0 011B 011C 0003 0114 0115 0086 0116 0117 009D 00F9 009A 00E4 0096 00DE 00E3 00DE 0097 00EF 009E 00FD 0005 0003 0112 0113 00E9 0114 0115 0086 0116 0117 009C 00E0 0092 011B 011C 00EA 0003 0116 0117 00C3 00DE 00B0 00C0 011D 0102 011E 011F 00E3 00DE 00C3 00DE 00B0 00C0 0086 0120 0102 009C 00E3 0003 00B9 00DE 00B0 00D1 0086 0121 00BD 00C0 00B0 00C4 009C 00E3 0098 00E0 00DE 009B 0092 00A1 0008 0000
M101.ETC	0	14	072DA	0015 0002 0009 0007 010D 0097 010E 00F0 00E6 0122 0123 009C 00EF 009C 00E0 0008 0000
M101.ETC	0	15	072EC	0015 0002 00CA 00DE 00AF 00B8 00B1 00AF 00CC 00DF 00C3 00DE 00B0 00C0 00EA 0091 00F8 00EF 009E 00FD 0000
M101.ETC	0	16	07302	0015 0009 0007 0106 0107 0052 0041 004D 00E9 0124 0125 0096 00DE 0020 00E3 00DE 0097 00E3 0092 00EF 009E 00FD 00A1 0003 0116 0117 00C3 00DE 00B0 00C0 011D 0102 011E 011F 00E3 00DE 0020 0126 00E3 00E9 0114 0115 0086 0103 009C 0003 00B9 00DE 00B0 00D1 0086 0020 0121 00BD 00C0 00B0 00C4 009C 00E3 0098 00E0 00DE 009B 0092 00A1 0000
M101.ETC	0	17	0733B	0015 0009 0007 00B6 00B0 00C4 00D8 00AF 00BC 00DE 0052 0041 004D 00E9 0124 0125 0096 00DE 0020 00E3 00DE 0097 00E3 0092 00EF 009E 00FD 00A1 0003 0116 0117 00C3 00DE 00B0 00C0 011D 0102 011E 011F 00E3 00DE 0020 0126 00E3 00E9 0114 0115 0086 0103 009C 0003 00B9 00DE 00B0 00D1 0086 0020 0121 00BD 00C0 00B0 00C4 009C 00E3 0098 00E0 00DE 009B 0092 00A1 0000
M101.ETC	0	18	07378	0015 000E 0086 0127 00E6 0128 00FA 00E0 0004 0000
M101.ETC	0	19	07384	0015 000A 00EA 0020 00CA 00DE 00C4 00D9 00BF 00B0 00C4 00DE 0086 0129 00E2 0099 00E3 0003 00BC 00AE 00B0 00C4 00BF 00B0 00C4 00DE 0086 0020 012A 012B 00E6 0095 0092 00E0 00A1 0008 0000
M101.ETC	0	20	073A6	0015 012C 0096 00DE 0096 0096 008F 00E3 0092 00F9 0008 0000
M101.ETC	0	21	073B1	009F 00FA 00EA 0020 0020 00B4 00D9 00CC 00E6 012D 00FC 00F9 012E 012F 0130 00A5 00A5 00A5 0003 0097 008F 00E4 0020 0020 000A 00E6 0131 0132 00E2 00EA 009D 00DE 00E0 00DE 0005 0000
M101.ETC	0	22	073D3	009A 00E9 0133 00EA 0020 0020 00B7 00D0 00E6 00EA 00EF 00E0 00DE 0134 0102 00E0 00DE 0003 009F 00FA 0086 0135 008F 00E3 0020 0020 0136 00E6 0137 00F8 00E5 009B 0092 0003 0092 009D 00DE 00FA 0138 0093 0139 00EF 00E3 00DE 00A5 00A5 00A5 009B 00F7 00EA 00DE 00E0 00DE 00A1 0008 0000
M101.ETC	0	23	07403	00EF 0091 0020 000A 013A 008F 00E0 00F7 00A5 00A5 00A5 0003 013B 013C 0086 0020 0095 013D 00E6 009B 00FA 00F9 00E5 00FD 00E3 0003 013E 013F 008F 0140 0096 00DE 0020 0095 0091 00F8 00E5 00FD 00E3 00DE 009D 009A 00E4 0021 0008 0000
M101.ETC	0	24	0742A	0093 00EC 00EC 00A5 00A5 00A5 000A 013A 00EA 0003 0141 0142 00E9 0143 0144 00E6 0020 0095 00E5 00F8 00E6 00E5 008F 00E3 00F3 0003 0096 009B 00DE 00F8 0140 00E9 00E5 0092 0020 0145 0146 00E3 00DE 009D 00E9 00E8 003F 0008 0000
M101.ETC	0	25	07452	000A 013A 00E9 0020 0095 0147 00FA 00E9 013B 013C 00EA 0003 00E4 00DE 00E1 00F7 00E3 00DE 0020 0129 00E2 0099 00F7 00FA 00E0 00E9 00E3 00DE 009D 003F 0003 0148 00E0 00DE 0096 0020 00E4 008F 00E3 00F3 0140 0149 0096 00DE 0091 00F8 00EF 009D 00FC 00A1 0008 0000
M101.ETC	0	26	0747D	00BA 00CE 00DD 00A5 00A5 00A5 014A 009C 014B 0099 00DE 00E3 0095 0097 00EF 009D 0096 00DE 0003 014C 014D 00E6 0020 014E 0097 014F 0086 0135 00E1 010E 00F1 009A 00E4 00EA 0003 0096 00E0 0098 0150 009C 00DE 00F7 00FA 00E3 0095 00F8 00EF 009D 0020 00CA 00B2 00A1 0008 0000
M101.ETC	0	27	074AD	0095 00F4 0020 000A 0151 00E9 0095 013D 00EA 00A5 00A5 00A5 0003 00F3 009C 00F4 0020 013B 013C 00E3 00DE 00EA 0091 00F8 00EF 009E 00E7 0096 00E5 0003 00ED 0094 0094 0020 009F 0093 0092 0093 0020 009C 008D 0152 00E3 00DE 009D 0096 003F 0008 0000
M101.ETC	0	28	074D8	0091 00FA 00EF 0091 0020 013B 013C 0086 0153 0094 00E3 00E9 0154 014C 00E4 00EA 0003 0092 008F 00E0 0092 0020 00E4 00DE 00E9 00F6 0093 00E5 0155 0156 00E3 00DE 009D 0096 00E5 003F 0003 009A 00FA 00EF 00E0 0020 0157 00FC 008F 00E0 0095 013D 00E0 00DE 009A 00E4 00A5 00A5 00A5 00A1 0008 0000
M101.ETC	0	29	07508	0148 00E3 00DE 009D 0096 00A5 00A5 00A5 000A 0151 003F 0003 00F4 00F4 0020 00F3 009C 00F4 0020 009F 00E9 013B 013C 0086 0003 0158 0102 009C 00E3 0098 00FA 00E4 0020 0092 00FC 00FA 00EF 009D 0096 003F 0008 0000
M101.ETC	0	30	0752C	0095 0159 00EA 0020 0141 0142 00E6 015A 015B 009C 00E0 009A 00E4 00E3 00DE 0003 00E4 00DE 009A 0096 0020 0095 0096 009C 0098 00E5 008F 00E0 00E9 0096 003F 0003 00E0 00DE 008F 00E3 0020 009F 00FA 0020 013B 013C 00E0 00DE 00F6 00E5 0091 00A1 0008 0000
M101.ETC	0	31	07555	000A 0096 00DE 0020 0112 0113 00E6 015A 00E3 00F9 00E4 015C 0092 00E3 0003 00E4 00DE 00FD 00E5 009A 00E4 0086 0020 00F4 008F 00E3 0098 00F9 0096 00E4 015D 008F 00E0 00F7 0003 00A5 00A5 00A5 013B 013C 0086 0020 009B 0096 00DE 009C 00E3 0098 00F9 009A 00E4 00E4 00EA 0021 0008 0000
M101.ETC	0	32	07583	0095 00FA 00EA 0020 000A 00E9 015A 015B 00E9 015E 00F7 009E 0086 0003 015F 0160 00E6 0020 00F6 00FB 009A 00FD 00E3 00DE 0092 00E0 00FD 00E0 00DE 0099 00E4 00DE 00A5 00A5 00A5 0003 013B 013C 0086 0153 0094 00F9 0020 0095 0159 0129 00F9 00E4 0020 00B6 00DE 00AF 00B6 00D8 00E0 00DE 00A1 0008 0000
M101.ETC	0	33	075B5	000A 0151 00EA 0020 0141 0142 00E6 00E5 00F7 00FA 00E3 0003 00EF 009D 00EF 009D 0020 00E0 0098 00EF 009C 0098 00E5 008F 00E0 00A5 00A5 00A5 0096 00DE 0003 00CC 00DF 00CC 00DF 00AF 0020 0095 013D 00E6 013B 013C 00E4 00EA 0020 00B9 00AF 00BB 00B8 00E0 00DE 0021 0008 0000
M101.ETC	0	34	075E4	0021 0020 0020 000A 013A 00EA 0020 00EA 009D 00DE 0096 009C 0098 00E5 0092 00E9 0096 003F 0003 0141 0142 00E0 00F9 0161 0096 00DE 0020 013B 013C 0086 0153 0094 00F9 00E4 00EA 00A5 00A5 00A5 0003 00B5 00C3 00DE 00B6 00DE 00DD 00E9 0141 0142 00F3 0020 0162 00E6 0163 00E1 00E0 00E5 0091 00A1 0008 0000
M101.ETC	0	35	07617	000A 013A 00E9 0020 0164 00FB 00E6 0092 00F9 00E9 00EA 0003 013B 013C 00E3 00DE 009D 0099 00E4 00DE 00A5 00A5 00A5 00EA 00EA 0091 00A5 00A5 00A5 0003 0141 0142 00E9 0112 0113 00E4 0020 0165 0166 0096 00DE 0091 00F9 00FD 00E3 00DE 009C 008E 003F 0008 0000
M101.ETC	0	36	07642	000A 013A 00EA 0020 013B 013C 0086 0167 00FC 00FA 00E0 00E9 003F 0003 00E3 00DE 00F3 0020 00E5 00FD 00E3 0097 00FA 0092 00E5 013B 013C 00E5 00FD 00E3 00DE 009C 008E 0021 0003 009F 00FA 00E6 0020 0140 0149 00E6 0091 00EC 00FA 00E3 0092 00F9 00FC 00F6 00A1 0008 0000
M101.ETC	0	37	0766F	000A 013A 00E4 0020 013B 013C 00E9 0168 00F8 011C 00FC 009E 003F 0003 00F0 00FD 00E5 00EA 0020 0095 0096 009C 0098 015D 0093 00E3 00DE 009C 008E 0093 0099 00E4 00DE 0003 0169 00EA 00A5 00A5 00A5 009D 009A 00DE 0098 00BD 00C3 00B7 00E0 00DE 00E4 015D 0093 00A1 0008 0000
M101.ETC	0	38	0769E	0141 0142 00E6 00E5 00F7 00FA 00E0 0020 000A 013A 00E3 00DE 009D 00E8 003F 0003 009F 00FD 00E5 0143 0144 00E9 016A 0096 00DE 0020 0091 00F7 0020 0092 00F4 00E0 00DE 00FC 0091 0003 013B 013C 0096 00DE 0020 0164 0086 00E2 0099 00E3 0097 00E3 0092 00EF 009D 00FC 00F6 00A1 0008 0000
M101.ETC	0	39	076CD	00ED 008A 008A 0020 00CE 00DD 00C4 00E6 016B 0136 00E0 00DE 00E5 0091 00A5 00A5 00A5 0003 000A 0096 00DE 0020 013B 013C 0086 0153 0094 00E3 016C 0098 00E5 00FD 00E3 0003 0092 00EF 00EF 00E3 00DE 00E9 00B7 00D0 0096 00F7 00EA 0020 016D 0094 00F7 00FA 00E5 0092 00F6 00A1 0008 0000
M101.ETC	0	40	076FE	0093 0020 0093 00FD 003F 0020 00E5 00FD 00E0 00DE 00BB 00D9 009C 00DE 008C 00E5 0092 0096 0021 0003 015A 015B 00E9 00C1 00AC 00DD 00BD 0086 0020 00E9 0096 00DE 009C 00E0 00CE 00DE 00B8 0086 0003 00E5 0098 00DE 009B 00F2 00E6 0020 0097 00E3 0098 00FA 00E0 00FD 00E0 00DE 00E8 0020 0098 00DE 00B0 00A1 0008 0000
M101.ETC	0	41	07734	00EF 0091 0020 0096 00FC 0092 0092 0020 0095 00BB 00D9 009B 00FD 0003 0097 008F 00E4 0020 0095 016E 00E3 00DE 00F3 009D 0092 00E0 00FD 00E3 00DE 009C 008E 003F 0003 00E3 00DE 00F3 016F 0020 00CA 00DE 00C5 00C5 00EA 0135 008F 00E3 0092 00E5 0092 00E9 00A1 0008 0000
M101.ETC	0	42	07761	0091 00F7 00B2 00D4 00E0 00DE 00FC 0020 00BB 00D9 009C 00DE 008C 00E5 0092 00E9 00F6 0003 00BB 00D9 00EA 0020 009D 0098 00DE 00B2 00C0 00BD 00DE 00D7 009D 00F9 0096 00F7 0003 00B7 00D7 00B2 00E5 00E9 00F6 00E8 008A 0020 00BC 00AF 00BC 0020 00BC 00AF 00BC 00A1 0008 0000
M101.ETC	0	43	07793	0095 014C 00E6 0020 0095 00BB 00D9 009B 00FD 0096 00DE 0098 00F9 00E5 00FD 00E3 0003 0097 008F 00E4 0020 00EA 009C 00DE 00F2 00E3 00E9 009A 00E4 009C 00DE 008C 00E5 0092 003F 0003 0099 0092 00EB 00DE 0170 00EA 0020 0148 009C 00E3 00F9 00E9 0096 009C 00F7 0021 0008 0000
M101.ETC	0	44	077C1	00BA 00CE 00DD 00A5 00A5 00A5 014A 009C 014B 0099 00DE 00E3 0095 0097 00EF 009D 0096 00DE 0003 00B5 00C3 00DE 00B6 00DE 00DD 014C 00E3 00DE 00EA 0020 014E 0097 014F 00E9 0128 014C 00EA 0003 0096 00E0 0098 0020 0095 0171 00F8 014A 009C 014B 0099 00DE 00E3 0095 00F8 00EF 009D 009F 00DE 00A1 0008 0000
M101.ETC	0	45	077F5	0095 0092 0020 00BB 00D9 0021 0020 00E4 00DE 009A 0096 00F7 0172 00E0 00FD 00E0 00DE 0003 009F 00FD 00E5 0173 00E3 00DE 0020 00C0 00DE 00DD 00BD 0086 009C 00E3 00E5 0092 00E3 00DE 0003 0174 00F1 0096 00F7 0020 014C 0096 00F7 015A 00E3 0175 008F 00E3 0098 00FA 0021 0008 0000
M101.ETC	0	46	07823	00EE 00EE 0093 0020 009A 00FA 0096 00DE 00D3 00DD 00B7 00B0 00C0 00DE 00DD 00BD 0021 0003 00E1 00EF 00E0 00E9 0020 0176 0161 00E0 00E1 00E9 0091 0092 00E0 00DE 00E3 00DE 00EA 0003 0177 0178 0175 00E9 0020 0095 00E4 00DE 00F8 00E4 015C 0097 00EF 009C 00E0 00A1 0008 0000
M101.ETC	0	47	07852	0091 00F8 008C 0020 009A 00F8 008C 00EF 00E0 00A5 00A5 00A5 00A5 0003 00E3 00DE 008F 0096 0092 00BB 00D9 0096 00DE 0020 00F4 008F 00E3 0097 00E0 009F 00DE 0003 00E4 00DE 0093 00F4 008F 00E3 0020 0158 0102 009D 00F9 00E9 0096 00E5 0091 003F 0008 0000
M101.ETC	0	48	0787C	009A 0092 00E2 0020 00B5 00DA 00E9 0159 00E3 00DE 00C0 00DE 00DD 00BD 00E4 00EA 0021 0003 0127 0179 0086 0132 00E3 00E5 0092 0020 00B5 00DA 00E9 009A 00E4 0086 0003 00CA 00DE 00B6 00E6 009C 00E3 00F9 00F0 00E0 0092 00E3 00DE 0020 0098 00F4 009C 0092 009E 00DE 00A1 0008 0000
M101.ETC	0	49	078AC	00C0 00DE 00DD 00BC 00DD 00B8 00DE 0020 00C0 00DE 00DD 00BC 00DD 00B8 00DE 0021 0003 009A 00F8 008C 00EF 00E0 0020 009D 0099 00DE 008A 00D8 00BD 00DE 00D1 017A 00E0 00DE 00E5 0003 00B5 00DA 00F3 0020 00D1 00BD 00DE 00D1 00BD 00DE 009C 00E3 0097 00E0 009E 00DE 0021 0008 0000
M101.ETC	0	50	078DD	0091 0091 0020 00F4 00F2 00FB 008F 0020 00F4 00F2 00E3 0098 00FA 008F 0003 016F 0139 00EA 0020 017B 0096 00F7 017C 0096 00DE 017D 0092 008F 00E3 00E9 00E6 0003 009F 00FD 00E5 00E4 009A 00E3 00DE 0020 00C0 00DE 00DD 00BD 009B 00FA 00E3 00E0 00EF 00F9 0096 0021 0008 0000
M101.ETC	0	51	0790B	014C 017E 017F 00E6 0020 0180 0177 00E5 00BB 00D9 0096 00DE 0172 00F9 00E5 00FD 00E3 0003 0148 0096 00E9 0020 0159 0181 00FA 00E6 00E1 0096 00DE 0092 00E5 0092 00E3 00DE 009D 0003 00A5 00A5 00A5 00E6 009C 00E3 00F3 0020 00C9 00D8 00E9 0092 0092 00BB 00D9 00E0 00DE 0021 0008 0000
M101.ETC	0	52	0793B	0091 00F8 008C 00F8 008C 0020 0092 0097 00E5 00F8 00C0 00DE 00DD 00BD 00E4 00EA 0003 0177 0182 00E6 009C 00E3 0020 010A 0183 00E5 00BB 00D9 00E3 00DE 009D 00E8 008A 0003 0092 00E2 00EF 00E3 00DE 0095 00E4 00DE 00F9 0096 0020 0129 00E3 00F6 008F 00E4 0021 0008 0000
M101.ETC	0	53	0796A	009A 00FA 00EA 0020 00BB 00D9 00E0 00DE 00F6 00E5 0091 00A5 00A5 00A5 0003 0184 00EF 00E3 00DE 0020 00F4 008F 00E3 00F9 008F 00E3 009A 00E4 00EA 0003 00BB 00B0 00B6 00BD 0096 00F7 0020 00E6 0099 00DE 00E0 00E9 0096 00F3 0021 0008 0000
M101.ETC	0	54	07991	00EF 0091 0020 0096 00FC 0092 0092 0020 0095 00BB 00D9 009B 00FD 00E0 00DE 00FC 0003 00E3 00DE 00F3 00A5 00A5 00A5 0096 00FC 0092 0092 008F 00E3 0092 0093 00E6 00EA 0003 00E1 008E 008F 00E4 0020 0177 0097 009D 0097 00DE 00F9 0140 00F3 009D 00F9 00FC 00A1 0008 0000
M101.ETC	0	55	079BE	0097 008C 00B0 008F 0020 00E0 00DE 00FA 0096 00B0 008F 0020 0185 0099 00E3 00B0 008F 0003 00A5 00A5 00A5 008F 00E3 0020 0095 00E4 00DE 00FB 0092 00E3 00F0 00E0 0099 00E4 00DE 0003 00EB 00E0 009D 00F7 0020 0095 00E4 00DE 008F 00E3 0092 00F9 00E0 00DE 0099 00E0 00DE 00FC 00A1 0008 0000
M101.ETC	0	56	079ED	0186 0187 00E9 0157 00FC 00F8 013F 00EA 0020 00E4 00DE 00FD 00E5 014E 0097 014F 00F3 0003 00E0 009C 0096 00E6 0020 0188 0096 00FA 00F9 00F3 00E9 00E0 00DE 0099 00E4 00DE 0003 009A 00FA 00EA 0020 00E1 008E 008F 00E4 0020 0188 0096 00FA 009D 0097 00DE 00F6 00A1 0008 0000
M101.ETC	0	57	07A1C	00EE 00EE 0093 0020 000A 0020 00E4 0092 008F 00E0 0096 00A5 00A5 00A5 0003 009A 00E9 0189 018A 00E6 0020 0095 0159 0096 00DE 00F4 008F 00E3 0097 00E0 00E9 00E3 00DE 00EA 0003 00CA 00DE 00DD 00CE 00DE 0096 00DE 0020 018B 009B 00FA 00E0 00E4 0092 0093 009A 00E4 00E0 00DE 00E5 003F 0008 0000
M101.ETC	0	58	07A4D	00F4 00E2 00EA 0020 018C 018D 00F0 00E6 0096 0099 00E3 00EA 018E 018F 00E0 00DE 008F 00E0 0096 00DE 0003 0190 0092 00E9 0191 0192 00EA 0020 0193 008F 00E3 0092 00E0 0096 00F7 00E5 0091 0003 00EC 008F 0020 009F 00FA 00F3 0020 0194 0195 00E4 0092 0093 00F3 00E9 0096 00A5 00A5 00A5 00A1 0008 0000
M101.ETC	0	59	07A81	0196 00E9 00BC 00DE 00DD 0096 00DE 0020 0197 0198 009B 00FA 00E7 00E0 00F2 00E6 0172 00E0 00E5 00F7 0003 0127 0199 00FA 00E0 00DE 008F 00E0 00E5 0020 00BC 00DE 00DD 00EA 0197 0198 009B 00FA 00E0 00E9 00E0 00DE 0003 0180 019A 00E9 019B 019C 00E9 00E0 00F2 0020 0162 019D 00E9 019E 00E6 019F 0096 008F 00E0 0005 0000
M101.ETC	0	60	07ABA	0095 0159 00E6 00EA 0020 009A 00FA 016B 014B 01A0 0097 01A1 00FA 00E7 00F6 0093 00E6 0003 009A 009A 00E3 00DE 00A5 00A5 00A5 01A2 00FD 00E3 00DE 00F3 00F7 0093 009A 00E4 00E6 009C 00E0 0003 01A3 00E9 0161 00F6 00F8 0020 01A4 009C 0133 00E6 0175 0098 0096 00DE 0092 0092 0021 0008 0000
M111.ETC	0	0	05E2E	00B9 00DE 00B0 00D1 0086 0020 00E1 008D 0093 00E0 00DE 00FD 009C 00EF 009D 0003 00F6 00FB 009C 0092 00E3 00DE 009D 0096 003F 0000
M111.ETC	0	1	05E45	0015 0002 00C3 00DE 00B0 00C0 0086 0100 00FD 00E3 00DE 0098 00E0 00DE 009B 0092 0000
M111.ETC	0	2	05E55	0015 0002 0101 0102 0086 0100 00FD 00E3 00DE 0098 00E0 00DE 009B 0092 0000
M111.ETC	0	3	05E65	0015 0002 00CA 00DE 00AF 00B8 00B1 00AF 00CC 00DF 0052 0041 004D 0086 0100 00FD 00E3 00DE 0098 00E0 00DE 009B 0092 0000
M111.ETC	0	4	05E7D	0015 0002 009A 00E9 00C3 00DE 00B0 00C0 0086 0020 0103 009C 00E3 00F6 00FB 009C 0092 00E3 00DE 009D 0096 003F 0000
M111.ETC	0	5	05E92	0015 0002 009A 00E9 00C3 00DE 00B0 00C0 0086 0020 0104 0105 009C 00EF 009D 0096 003F 0000
M111.ETC	0	6	05EA3	0015 0002 0106 0107 0052 0041 004D 00E9 0108 0109 0096 00DE 0020 010A 010B 009C 00E3 0092 00EF 009D 0008 0000
M111.ETC	0	7	05EB7	0015 0002 00B6 00B0 00C4 00D8 00AF 00BC 00DE 0052 0041 004D 00E9 0108 0109 0096 00DE 0020 010A 010B 009C 00E3 0092 00EF 009D 0008 0000
M111.ETC	0	8	05ED0	0015 0002 0108 0109 010A 010B 00E9 00E0 00F2 0020 00BA 00CB 00DF 00B0 00E3 00DE 0097 00EF 009E 00FD 0008 0000
M111.ETC	0	9	05EE5	0015 0002 0108 0109 010A 010B 00E9 00E0 00F2 0020 0105 010C 00E9 00BE 00B0 00CC 00DE 00EA 00E3 00DE 0097 00EF 009E 00FD 0008 0000
M111.ETC	0	10	05EFD	0015 0002 00B6 00B0 00C4 00D8 00AF 00BC 00DE 0052 0041 004D 0096 00DE 0020 0091 00F8 00EF 009E 00FD 0008 0000
M111.ETC	0	11	05F12	0015 0002 00B6 00B0 00C4 00D8 00AF 00BC 00DE 0052 0041 004D 00E6 00EA 0020 010D 0097 010E 00F0 00E3 00DE 0097 00EF 009E 00FD 0008 0000
M111.ETC	0	12	05F2C	0015 0002 010F 0097 00FB 0098 00E9 009C 008E 0110 0086 0020 00EB 00E4 00E2 0111 008F 00E3 0003 009A 009A 00EF 00E3 00DE 00E9 0112 0113 0086 0020 0114 0115 009D 00F9 009A 00E4 0096 00DE 00E3 00DE 0097 00EF 009D 00A1 0003 0114 0115 009C 00EF 009D 0096 003F 0000
M111.ETC	0	13	05F58	0015 0009 0007 0114 0115 0086 0116 0117 009D 00F9 00E0 00F2 00E6 0031 0037 00E9 0118 0097 0108 0109 0096 00DE 0119 011A 00E3 00DE 009D 00A1 0003 009A 00E9 00EF 00EF 00B9 00DE 00B0 00D1 0086 00BD 00C0 00B0 00C4 009B 009E 00E0 011B 011C 0003 0114 0115 0086 0116 0117 009D 00F9 009A 00E4 0096 00DE 00E3 00DE 0097 00EF 009E 00FD 0005 0003 0112 0113 00E9 0114 0115 0086 0116 0117 009C 00E0 0092 011B 011C 00EA 0003 0116 0117 00C3 00DE 00B0 00C0 011D 0102 011E 011F 00E3 00DE 00C3 00DE 00B0 00C0 0086 0120 0102 009C 00E3 0003 00B9 00DE 00B0 00D1 0086 0121 00BD 00C0 00B0 00C4 009C 00E3 0098 00E0 00DE 009B 0092 00A1 0008 0000
M111.ETC	0	14	05FC2	0015 0002 0009 0007 010D 0097 010E 00F0 00E6 0122 0123 009C 00EF 009C 00E0 0008 0000
M111.ETC	0	15	05FD4	0015 0002 00CA 00DE 00AF 00B8 00B1 00AF 00CC 00DF 00C3 00DE 00B0 00C0 00EA 0091 00F8 00EF 009E 00FD 0000
M111.ETC	0	16	05FE9	0015 0009 0007 0106 0107 0052 0041 004D 00E9 0124 0125 0096 00DE 0020 00E3 00DE 0097 00E3 0092 00EF 009E 00FD 00A1 0003 0116 0117 00C3 00DE 00B0 00C0 011D 0102 011E 011F 00E3 00DE 0020 0126 00E3 00E9 0114 0115 0086 0103 009C 0003 00B9 00DE 00B0 00D1 0086 0020 0121 00BD 00C0 00B0 00C4 009C 00E3 0098 00E0 00DE 009B 0092 00A1 0000
M111.ETC	0	17	06021	0015 0009 0007 00B6 00B0 00C4 00D8 00AF 00BC 00DE 0052 0041 004D 00E9 0124 0125 0096 00DE 0020 00E3 00DE 0097 00E3 0092 00EF 009E 00FD 00A1 0003 0116 0117 00C3 00DE 00B0 00C0 011D 0102 011E 011F 00E3 00DE 0020 0126 00E3 00E9 0114 0115 0086 0103 009C 0003 00B9 00DE 00B0 00D1 0086 0020 0121 00BD 00C0 00B0 00C4 009C 00E3 0098 00E0 00DE 009B 0092 00A1 0000
M111.ETC	0	18	0605E	0015 000E 0086 0127 00E6 0128 00FA 00E0 0004 0000
M111.ETC	0	19	0606A	0015 000A 00EA 0020 00CA 00DE 00C4 00D9 00BF 00B0 00C4 00DE 0086 0129 00E2 0099 00E3 0003 00BC 00AE 00B0 00C4 00BF 00B0 00C4 00DE 0086 0020 012A 012B 00E6 0095 0092 00E0 00A1 0008 0000
M111.ETC	0	20	0608C	0015 012C 0096 00DE 0096 0096 008F 00E3 0092 00F9 0008 0000
M111.ETC	0	21	06097	009F 00FA 00EA 0020 0020 00B4 00D9 00CC 00E6 012D 00FC 00F9 012E 012F 0130 00A5 00A5 00A5 0003 0097 008F 00E4 0020 0020 000A 00E6 0131 0132 00E2 00EA 009D 00DE 00E0 00DE 0005 0000
M111.ETC	0	22	060B8	009A 00E9 0133 00EA 0020 0020 00B7 00D0 00E6 00EA 00EF 00E0 00DE 0134 0102 00E0 00DE 0003 009F 00FA 0086 0135 008F 00E3 0020 0020 0136 00E6 0137 00F8 00E5 009B 0092 0003 0092 009D 00DE 00FA 0138 0093 0139 00EF 00E3 00DE 00A5 00A5 00A5 009B 00F7 00EA 00DE 00E0 00DE 00A1 0008 0000
M111.ETC	0	23	060E7	00EF 0091 0020 000A 013A 008F 00E0 00F7 00A5 00A5 00A5 0003 013B 013C 0086 0020 0095 013D 00E6 009B 00FA 00F9 00E5 00FD 00E3 0003 013E 013F 008F 0140 0096 00DE 0020 0095 0091 00F8 00E5 00FD 00E3 00DE 009D 009A 00E4 0021 0008 0000
M111.ETC	0	24	0610D	0093 00EC 00EC 00A5 00A5 00A5 000A 013A 00EA 0003 0141 0142 00E9 0143 0144 00E6 0020 0095 00E5 00F8 00E6 00E5 008F 00E3 00F3 0003 0096 009B 00DE 00F8 0140 00E9 00E5 0092 0020 0145 0146 00E3 00DE 009D 00E9 00E8 003F 0008 0000
M111.ETC	0	25	06135	000A 013A 00E9 0020 0095 0147 00FA 00E9 013B 013C 00EA 0003 00E4 00DE 00E1 00F7 00E3 00DE 0020 0129 00E2 0099 00F7 00FA 00E0 00E9 00E3 00DE 009D 003F 0003 0148 00E0 00DE 0096 0020 00E4 008F 00E3 00F3 0140 0149 0096 00DE 0091 00F8 00EF 009D 00FC 00A1 0008 0000
M111.ETC	0	26	06160	00BA 00CE 00DD 00A5 00A5 00A5 014A 009C 014B 0099 00DE 00E3 0095 0097 00EF 009D 0096 00DE 0003 014C 014D 00E6 0020 014E 0097 014F 0086 0135 00E1 010E 00F1 009A 00E4 00EA 0003 0096 00E0 0098 0150 009C 00DE 00F7 00FA 00E3 0095 00F8 00EF 009D 0020 00CA 00B2 00A1 0008 0000
M111.ETC	0	27	0618F	0095 00F4 0020 000A 0151 00E9 0095 013D 00EA 00A5 00A5 00A5 0003 00F3 009C 00F4 0020 013B 013C 00E3 00DE 00EA 0091 00F8 00EF 009E 00E7 0096 00E5 0003 00ED 0094 0094 0020 009F 0093 0092 0093 0020 009C 008D 0152 00E3 00DE 009D 0096 003F 0008 0000
M111.ETC	0	28	061BA	0091 00FA 00EF 0091 0020 013B 013C 0086 0153 0094 00E3 00E9 0154 014C 00E4 00EA 0003 0092 008F 00E0 0092 0020 00E4 00DE 00E9 00F6 0093 00E5 0155 0156 00E3 00DE 009D 0096 00E5 003F 0003 009A 00FA 00EF 00E0 0020 0157 00FC 008F 00E0 0095 013D 00E0 00DE 009A 00E4 00A5 00A5 00A5 00A1 0008 0000
M111.ETC	0	29	061EA	0148 00E3 00DE 009D 0096 00A5 00A5 00A5 000A 0151 003F 0003 00F4 00F4 0020 00F3 009C 00F4 0020 009F 00E9 013B 013C 0086 0003 0158 0102 009C 00E3 0098 00FA 00E4 0020 0092 00FC 00FA 00EF 009D 0096 003F 0008 0000
M111.ETC	0	30	0620E	0095 0159 00EA 0020 0141 0142 00E6 015A 015B 009C 00E0 009A 00E4 00E3 00DE 0003 00E4 00DE 009A 0096 0020 0095 0096 009C 0098 00E5 008F 00E0 00E9 0096 003F 0003 00E0 00DE 008F 00E3 0020 009F 00FA 0020 013B 013C 00E0 00DE 00F6 00E5 0091 00A1 0008 0000
M111.ETC	0	31	06237	000A 0096 00DE 0020 0112 0113 00E6 015A 00E3 00F9 00E4 015C 0092 00E3 0003 00E4 00DE 00FD 00E5 009A 00E4 0086 0020 00F4 008F 00E3 0098 00F9 0096 00E4 015D 008F 00E0 00F7 0003 00A5 00A5 00A5 013B 013C 0086 0020 009B 0096 00DE 009C 00E3 0098 00F9 009A 00E4 00E4 00EA 0021 0008 0000
M111.ETC	0	32	06265	0095 00FA 00EA 0020 000A 00E9 015A 015B 00E9 015E 00F7 009E 0086 0003 015F 0160 00E6 0020 00F6 00FB 009A 00FD 00E3 00DE 0092 00E0 00FD 00E0 00DE 0099 00E4 00DE 00A5 00A5 00A5 0003 013B 013C 0086 0153 0094 00F9 0020 0095 0159 0129 00F9 00E4 0020 00B6 00DE 00AF 00B6 00D8 00E0 00DE 00A1 0008 0000
M111.ETC	0	33	06297	000A 0151 00EA 0020 0141 0142 00E6 00E5 00F7 00FA 00E3 0003 00EF 009D 00EF 009D 0020 00E0 0098 00EF 009C 0098 00E5 008F 00E0 00A5 00A5 00A5 0096 00DE 0003 00CC 00DF 00CC 00DF 00AF 0020 0095 013D 00E6 013B 013C 00E4 00EA 0020 00B9 00AF 00BB 00B8 00E0 00DE 0021 0008 0000
M111.ETC	0	34	062C6	0021 0020 0020 000A 013A 00EA 0020 00EA 009D 00DE 0096 009C 0098 00E5 0092 00E9 0096 003F 0003 0141 0142 00E0 00F9 0161 0096 00DE 0020 013B 013C 0086 0153 0094 00F9 00E4 00EA 00A5 00A5 00A5 0003 00B5 00C3 00DE 00B6 00DE 00DD 00E9 0141 0142 00F3 0020 0162 00E6 0163 00E1 00E0 00E5 0091 00A1 0008 0000
M111.ETC	0	35	062F8	000A 013A 00E9 0020 0164 00FB 00E6 0092 00F9 00E9 00EA 0003 013B 013C 00E3 00DE 009D 0099 00E4 00DE 00A5 00A5 00A5 00EA 00EA 0091 00A5 00A5 00A5 0003 0141 0142 00E9 0112 0113 00E4 0020 0165 0166 0096 00DE 0091 00F9 00FD 00E3 00DE 009C 008E 003F 0008 0000
M111.ETC	0	36	06322	000A 013A 00EA 0020 013B 013C 0086 0167 00FC 00FA 00E0 00E9 003F 0003 00E3 00DE 00F3 0020 00E5 00FD 00E3 0097 00FA 0092 00E5 013B 013C 00E5 00FD 00E3 00DE 009C 008E 0021 0003 009F 00FA 00E6 0020 0140 0149 00E6 0091 00EC 00FA 00E3 0092 00F9 00FC 00F6 00A1 0008 0000
M111.ETC	0	37	0634F	000A 013A 00E4 0020 013B 013C 00E9 0168 00F8 011C 00FC 009E 003F 0003 00F0 00FD 00E5 00EA 0020 0095 0096 009C 0098 015D 0093 00E3 00DE 009C 008E 0093 0099 00E4 00DE 0003 0169 00EA 00A5 00A5 00A5 009D 009A 00DE 0098 00BD 00C3 00B7 00E0 00DE 00E4 015D 0093 00A1 0008 0000
M111.ETC	0	38	0637E	0141 0142 00E6 00E5 00F7 00FA 00E0 0020 000A 013A 00E3 00DE 009D 00E8 003F 0003 009F 00FD 00E5 0143 0144 00E9 016A 0096 00DE 0020 0091 00F7 0020 0092 00F4 00E0 00DE 00FC 0091 0003 013B 013C 0096 00DE 0020 0164 0086 00E2 0099 00E3 0097 00E3 0092 00EF 009D 00FC 00F6 00A1 0008 0000
M111.ETC	0	39	063AD	00ED 008A 008A 0020 00CE 00DD 00C4 00E6 016B 0136 00E0 00DE 00E5 0091 00A5 00A5 00A5 0003 000A 0096 00DE 0020 013B 013C 0086 0153 0094 00E3 016C 0098 00E5 00FD 00E3 0003 0092 00EF 00EF 00E3 00DE 00E9 00B7 00D0 0096 00F7 00EA 0020 016D 0094 00F7 00FA 00E5 0092 00F6 00A1 0008 0000
M111.ETC	0	40	063DE	0093 0020 0093 00FD 003F 0020 00E5 00FD 00E0 00DE 00BB 00D9 009C 00DE 008C 00E5 0092 0096 0021 0003 015A 015B 00E9 00C1 00AC 00DD 00BD 0086 0020 00E9 0096 00DE 009C 00E0 00CE 00DE 00B8 0086 0003 00E5 0098 00DE 009B 00F2 00E6 0020 0097 00E3 0098 00FA 00E0 00FD 00E0 00DE 00E8 0020 0098 00DE 00B0 00A1 0008 0000
M111.ETC	0	41	06413	00EF 0091 0020 0096 00FC 0092 0092 0020 0095 00BB 00D9 009B 00FD 0003 0097 008F 00E4 0020 0095 016E 00E3 00DE 00F3 009D 0092 00E0 00FD 00E3 00DE 009C 008E 003F 0003 00E3 00DE 00F3 016F 0020 00CA 00DE 00C5 00C5 00EA 0135 008F 00E3 0092 00E5 0092 00E9 00A1 0008 0000
M111.ETC	0	42	06440	0091 00F7 00B2 00D4 00E0 00DE 00FC 0020 00BB 00D9 009C 00DE 008C 00E5 0092 00E9 00F6 0003 00BB 00D9 00EA 0020 009D 0098 00DE 00B2 00C0 00BD 00DE 00D7 009D 00F9 0096 00F7 0003 00B7 00D7 00B2 00E5 00E9 00F6 00E8 008A 0020 00BC 00AF 00BC 0020 00BC 00AF 00BC 00A1 0008 0000
M111.ETC	0	43	06472	0095 014C 00E6 0020 0095 00BB 00D9 009B 00FD 0096 00DE 0098 00F9 00E5 00FD 00E3 0003 0097 008F 00E4 0020 00EA 009C 00DE 00F2 00E3 00E9 009A 00E4 009C 00DE 008C 00E5 0092 003F 0003 0099 0092 00EB 00DE 0170 00EA 0020 0148 009C 00E3 00F9 00E9 0096 009C 00F7 0021 0008 0000
M111.ETC	0	44	064A0	00BA 00CE 00DD 00A5 00A5 00A5 014A 009C 014B 0099 00DE 00E3 0095 0097 00EF 009D 0096 00DE 0003 00B5 00C3 00DE 00B6 00DE 00DD 014C 00E3 00DE 00EA 0020 014E 0097 014F 00E9 0128 014C 00EA 0003 0096 00E0 0098 0020 0095 0171 00F8 014A 009C 014B 0099 00DE 00E3 0095 00F8 00EF 009D 009F 00DE 00A1 0008 0000
M111.ETC	0	45	064D3	0095 0092 0020 00BB 00D9 0021 0020 00E4 00DE 009A 0096 00F7 0172 00E0 00FD 00E0 00DE 0003 009F 00FD 00E5 0173 00E3 00DE 0020 00C0 00DE 00DD 00BD 0086 009C 00E3 00E5 0092 00E3 00DE 0003 0174 00F1 0096 00F7 0020 014C 0096 00F7 015A 00E3 0175 008F 00E3 0098 00FA 0021 0008 0000
M111.ETC	0	46	06501	00EE 00EE 0093 0020 009A 00FA 0096 00DE 00D3 00DD 00B7 00B0 00C0 00DE 00DD 00BD 0021 0003 00E1 00EF 00E0 00E9 0020 0176 0161 00E0 00E1 00E9 0091 0092 00E0 00DE 00E3 00DE 00EA 0003 0177 0178 0175 00E9 0020 0095 00E4 00DE 00F8 00E4 015C 0097 00EF 009C 00E0 00A1 0008 0000
M111.ETC	0	47	06530	0091 00F8 008C 0020 009A 00F8 008C 00EF 00E0 00A5 00A5 00A5 00A5 0003 00E3 00DE 008F 0096 0092 00BB 00D9 0096 00DE 0020 00F4 008F 00E3 0097 00E0 009F 00DE 0003 00E4 00DE 0093 00F4 008F 00E3 0020 0158 0102 009D 00F9 00E9 0096 00E5 0091 003F 0008 0000
M111.ETC	0	48	06559	009A 0092 00E2 0020 00B5 00DA 00E9 0159 00E3 00DE 00C0 00DE 00DD 00BD 00E4 00EA 0021 0003 0127 0179 0086 0132 00E3 00E5 0092 0020 00B5 00DA 00E9 009A 00E4 0086 0003 00CA 00DE 00B6 00E6 009C 00E3 00F9 00F0 00E0 0092 00E3 00DE 0020 0098 00F4 009C 0092 009E 00DE 00A1 0008 0000
M111.ETC	0	49	06589	00C0 00DE 00DD 00BC 00DD 00B8 00DE 0020 00C0 00DE 00DD 00BC 00DD 00B8 00DE 0021 0003 009A 00F8 008C 00EF 00E0 0020 009D 0099 00DE 008A 00D8 00BD 00DE 00D1 017A 00E0 00DE 00E5 0003 00B5 00DA 00F3 0020 00D1 00BD 00DE 00D1 00BD 00DE 009C 00E3 0097 00E0 009E 00DE 0021 0008 0000
M111.ETC	0	50	065BA	0091 0091 0020 00F4 00F2 00FB 008F 0020 00F4 00F2 00E3 0098 00FA 008F 0003 016F 0139 00EA 0020 017B 0096 00F7 017C 0096 00DE 017D 0092 008F 00E3 00E9 00E6 0003 009F 00FD 00E5 00E4 009A 00E3 00DE 0020 00C0 00DE 00DD 00BD 009B 00FA 00E3 00E0 00EF 00F9 0096 0021 0008 0000
M111.ETC	0	51	065E8	014C 017E 017F 00E6 0020 0180 0177 00E5 00BB 00D9 0096 00DE 0172 00F9 00E5 00FD 00E3 0003 0148 0096 00E9 0020 0159 0181 00FA 00E6 00E1 0096 00DE 0092 00E5 0092 00E3 00DE 009D 0003 00A5 00A5 00A5 00E6 009C 00E3 00F3 0020 00C9 00D8 00E9 0092 0092 00BB 00D9 00E0 00DE 0021 0008 0000
M111.ETC	0	52	06618	0091 00F8 008C 00F8 008C 0020 0092 0097 00E5 00F8 00C0 00DE 00DD 00BD 00E4 00EA 0003 0177 0182 00E6 009C 00E3 0020 010A 0183 00E5 00BB 00D9 00E3 00DE 009D 00E8 008A 0003 0092 00E2 00EF 00E3 00DE 0095 00E4 00DE 00F9 0096 0020 0129 00E3 00F6 008F 00E4 0021 0008 0000
M111.ETC	0	53	06646	009A 00FA 00EA 0020 00BB 00D9 00E0 00DE 00F6 00E5 0091 00A5 00A5 00A5 0003 0184 00EF 00E3 00DE 0020 00F4 008F 00E3 00F9 008F 00E3 009A 00E4 00EA 0003 00BB 00B0 00B6 00BD 0096 00F7 0020 00E6 0099 00DE 00E0 00E9 0096 00F3 0021 0008 0000
M111.ETC	0	54	0666D	00EF 0091 0020 0096 00FC 0092 0092 0020 0095 00BB 00D9 009B 00FD 00E0 00DE 00FC 0003 00E3 00DE 00F3 00A5 00A5 00A5 0096 00FC 0092 0092 008F 00E3 0092 0093 00E6 00EA 0003 00E1 008E 008F 00E4 0020 0177 0097 009D 0097 00DE 00F9 0140 00F3 009D 00F9 00FC 00A1 0008 0000
M111.ETC	0	55	06699	0097 008C 00B0 008F 0020 00E0 00DE 00FA 0096 00B0 008F 0020 0185 0099 00E3 00B0 008F 0003 00A5 00A5 00A5 008F 00E3 0020 0095 00E4 00DE 00FB 0092 00E3 00F0 00E0 0099 00E4 00DE 0003 00EB 00E0 009D 00F7 0020 0095 00E4 00DE 008F 00E3 0092 00F9 00E0 00DE 0099 00E0 00DE 00FC 00A1 0008 0000
M111.ETC	0	56	066C8	0186 0187 00E9 0157 00FC 00F8 013F 00EA 0020 00E4 00DE 00FD 00E5 014E 0097 014F 00F3 0003 00E0 009C 0096 00E6 0020 0188 0096 00FA 00F9 00F3 00E9 00E0 00DE 0099 00E4 00DE 0003 009A 00FA 00EA 0020 00E1 008E 008F 00E4 0020 0188 0096 00FA 009D 0097 00DE 00F6 00A1 0008 0000
M111.ETC	0	57	066F7	00BA 00DE 00B0 00B0 00B0 00B0 00B0 00D9 0007 0000
M121.ETC	0	0	078E9	00B9 00DE 00B0 00D1 0086 0020 00E1 008D 0093 00E0 00DE 00FD 009C 00EF 009D 0003 00F6 00FB 009C 0092 00E3 00DE 009D 0096 003F 0000
M121.ETC	0	1	07901	0015 0002 00C3 00DE 00B0 00C0 0086 0100 00FD 00E3 00DE 0098 00E0 00DE 009B 0092 0000
M121.ETC	0	2	07912	0015 0002 0101 0102 0086 0100 00FD 00E3 00DE 0098 00E0 00DE 009B 0092 0000
M121.ETC	0	3	07922	0015 0002 00CA 00DE 00AF 00B8 00B1 00AF 00CC 00DF 0052 0041 004D 0086 0100 00FD 00E3 00DE 0098 00E0 00DE 009B 0092 0000
M121.ETC	0	4	0793B	0015 0002 009A 00E9 00C3 00DE 00B0 00C0 0086 0020 0103 009C 00E3 00F6 00FB 009C 0092 00E3 00DE 009D 0096 003F 0000
M121.ETC	0	5	07950	0015 0002 009A 00E9 00C3 00DE 00B0 00C0 0086 0020 0104 0105 009C 00EF 009D 0096 003F 0000
M121.ETC	0	6	07962	0015 0002 0106 0107 0052 0041 004D 00E9 0108 0109 0096 00DE 0020 010A 010B 009C 00E3 0092 00EF 009D 0008 0000
M121.ETC	0	7	07977	0015 0002 00B6 00B0 00C4 00D8 00AF 00BC 00DE 0052 0041 004D 00E9 0108 0109 0096 00DE 0020 010A 010B 009C 00E3 0092 00EF 009D 0008 0000
M121.ETC	0	8	07991	0015 0002 0108 0109 010A 010B 00E9 00E0 00F2 0020 00BA 00CB 00DF 00B0 00E3 00DE 0097 00EF 009E 00FD 0008 0000
M121.ETC	0	9	079A7	0015 0002 0108 0109 010A 010B 00E9 00E0 00F2 0020 0105 010C 00E9 00BE 00B0 00CC 00DE 00EA 00E3 00DE 0097 00EF 009E 00FD 0008 0000
M121.ETC	0	10	079C0	0015 0002 00B6 00B0 00C4 00D8 00AF 00BC 00DE 0052 0041 004D 0096 00DE 0020 0091 00F8 00EF 009E 00FD 0008 0000
M121.ETC	0	11	079D6	0015 0002 00B6 00B0 00C4 00D8 00AF 00BC 00DE 0052 0041 004D 00E6 00EA 0020 010D 0097 010E 00F0 00E3 00DE 0097 00EF 009E 00FD 0008 0000
M121.ETC	0	12	079F1	0015 0002 010F 0097 00FB 0098 00E9 009C 008E 0110 0086 0020 00EB 00E4 00E2 0111 008F 00E3 0003 009A 009A 00EF 00E3 00DE 00E9 0112 0113 0086 0020 0114 0115 009D 00F9 009A 00E4 0096 00DE 00E3 00DE 0097 00EF 009D 00A1 0003 0114 0115 009C 00EF 009D 0096 003F 0000
M121.ETC	0	13	07A1F	0015 0009 0007 0114 0115 0086 0116 0117 009D 00F9 00E0 00F2 00E6 0031 0037 00E9 0118 0097 0108 0109 0096 00DE 0119 011A 00E3 00DE 009D 00A1 0003 009A 00E9 00EF 00EF 00B9 00DE 00B0 00D1 0086 00BD 00C0 00B0 00C4 009B 009E 00E0 011B 011C 0003 0114 0115 0086 0116 0117 009D 00F9 009A 00E4 0096 00DE 00E3 00DE 0097 00EF 009E 00FD 0005 0003 0112 0113 00E9 0114 0115 0086 0116 0117 009C 00E0 0092 011B 011C 00EA 0003 0116 0117 00C3 00DE 00B0 00C0 011D 0102 011E 011F 00E3 00DE 00C3 00DE 00B0 00C0 0086 0120 0102 009C 00E3 0003 00B9 00DE 00B0 00D1 0086 0121 00BD 00C0 00B0 00C4 009C 00E3 0098 00E0 00DE 009B 0092 00A1 0008 0000
M121.ETC	0	14	07A8F	0015 0002 0009 0007 010D 0097 010E 00F0 00E6 0122 0123 009C 00EF 009C 00E0 0008 0000
M121.ETC	0	15	07AA2	0015 0002 00CA 00DE 00AF 00B8 00B1 00AF 00CC 00DF 00C3 00DE 00B0 00C0 00EA 0091 00F8 00EF 009E 00FD 0000
M121.ETC	0	16	07AB8	0015 0009 0007 0106 0107 0052 0041 004D 00E9 0124 0125 0096 00DE 0020 00E3 00DE 0097 00E3 0092 00EF 009E 00FD 00A1 0003 0116 0117 00C3 00DE 00B0 00C0 011D 0102 011E 011F 00E3 00DE 0020 0126 00E3 00E9 0114 0115 0086 0103 009C 0003 00B9 00DE 00B0 00D1 0086 0020 0121 00BD 00C0 00B0 00C4 009C 00E3 0098 00E0 00DE 009B 0092 00A1 0000
M121.ETC	0	17	07AF3	0015 0009 0007 00B6 00B0 00C4 00D8 00AF 00BC 00DE 0052 0041 004D 00E9 0124 0125 0096 00DE 0020 00E3 00DE 0097 00E3 0092 00EF 009E 00FD 00A1 0003 0116 0117 00C3 00DE 00B0 00C0 011D 0102 011E 011F 00E3 00DE 0020 0126 00E3 00E9 0114 0115 0086 0103 009C 0003 00B9 00DE 00B0 00D1 0086 0020 0121 00BD 00C0 00B0 00C4 009C 00E3 0098 00E0 00DE 009B 0092 00A1 0000
M121.ETC	0	18	07B33	0015 000E 0086 0127 00E6 0128 00FA 00E0 0004 0000
M121.ETC	0	19	07B3F	0015 000A 00EA 0020 00CA 00DE 00C4 00D9 00BF 00B0 00C4 00DE 0086 0129 00E2 0099 00E3 0003 00BC 00AE 00B0 00C4 00BF 00B0 00C4 00DE 0086 0020 012A 012B 00E6 0095 0092 00E0 00A1 0008 0000
M121.ETC	0	20	07B62	0015 012C 0096 00DE 0096 0096 008F 00E3 0092 00F9 0008 0000
M121.ETC	0	21	07B6E	009F 00FA 00EA 0020 0020 00B4 00D9 00CC 00E6 012D 00FC 00F9 012E 012F 0130 00A5 00A5 00A5 0003 0097 008F 00E4 0020 0020 000A 00E6 0131 0132 00E2 00EA 009D 00DE 00E0 00DE 0005 0000
M121.ETC	0	22	07B90	009A 00E9 0133 00EA 0020 0020 00B7 00D0 00E6 00EA 00EF 00E0 00DE 0134 0102 00E0 00DE 0003 009F 00FA 0086 0135 008F 00E3 0020 0020 0136 00E6 0137 00F8 00E5 009B 0092 0003 0092 009D 00DE 00FA 0138 0093 0139 00EF 00E3 00DE 00A5 00A5 00A5 009B 00F7 00EA 00DE 00E0 00DE 00A1 0008 0000
M121.ETC	0	23	07BBF	00EF 0091 0020 000A 013A 008F 00E0 00F7 00A5 00A5 00A5 0003 013B 013C 0086 0020 0095 013D 00E6 009B 00FA 00F9 00E5 00FD 00E3 0003 013E 013F 008F 0140 0096 00DE 0020 0095 0091 00F8 00E5 00FD 00E3 00DE 009D 009A 00E4 0021 0008 0000
M121.ETC	0	24	07BE5	0093 00EC 00EC 00A5 00A5 00A5 000A 013A 00EA 0003 0141 0142 00E9 0143 0144 00E6 0020 0095 00E5 00F8 00E6 00E5 008F 00E3 00F3 0003 0096 009B 00DE 00F8 0140 00E9 00E5 0092 0020 0145 0146 00E3 00DE 009D 00E9 00E8 003F 0008 0000
M121.ETC	0	25	07C0C	000A 013A 00E9 0020 0095 0147 00FA 00E9 013B 013C 00EA 0003 00E4 00DE 00E1 00F7 00E3 00DE 0020 0129 00E2 0099 00F7 00FA 00E0 00E9 00E3 00DE 009D 003F 0003 0148 00E0 00DE 0096 0020 00E4 008F 00E3 00F3 0140 0149 0096 00DE 0091 00F8 00EF 009D 00FC 00A1 0008 0000
M121.ETC	0	26	07C37	00BA 00CE 00DD 00A5 00A5 00A5 014A 009C 014B 0099 00DE 00E3 0095 0097 00EF 009D 0096 00DE 0003 014C 014D 00E6 0020 014E 0097 014F 0086 0135 00E1 010E 00F1 009A 00E4 00EA 0003 0096 00E0 0098 0150 009C 00DE 00F7 00FA 00E3 0095 00F8 00EF 009D 0020 00CA 00B2 00A1 0008 0000
M121.ETC	0	27	07C68	0095 00F4 0020 000A 0151 00E9 0095 013D 00EA 00A5 00A5 00A5 0003 00F3 009C 00F4 0020 013B 013C 00E3 00DE 00EA 0091 00F8 00EF 009E 00E7 0096 00E5 0003 00ED 0094 0094 0020 009F 0093 0092 0093 0020 009C 008D 0152 00E3 00DE 009D 0096 003F 0008 0000
M121.ETC	0	28	07C93	0091 00FA 00EF 0091 0020 013B 013C 0086 0153 0094 00E3 00E9 0154 014C 00E4 00EA 0003 0092 008F 00E0 0092 0020 00E4 00DE 00E9 00F6 0093 00E5 0155 0156 00E3 00DE 009D 0096 00E5 003F 0003 009A 00FA 00EF 00E0 0020 0157 00FC 008F 00E0 0095 013D 00E0 00DE 009A 00E4 00A5 00A5 00A5 00A1 0008 0000
M121.ETC	0	29	07CC3	0148 00E3 00DE 009D 0096 00A5 00A5 00A5 000A 0151 003F 0003 00F4 00F4 0020 00F3 009C 00F4 0020 009F 00E9 013B 013C 0086 0003 0158 0102 009C 00E3 0098 00FA 00E4 0020 0092 00FC 00FA 00EF 009D 0096 003F 0008 0000
M121.ETC	0	30	07CE7	0095 0159 00EA 0020 0141 0142 00E6 015A 015B 009C 00E0 009A 00E4 00E3 00DE 0003 00E4 00DE 009A 0096 0020 0095 0096 009C 0098 00E5 008F 00E0 00E9 0096 003F 0003 00E0 00DE 008F 00E3 0020 009F 00FA 0020 013B 013C 00E0 00DE 00F6 00E5 0091 00A1 0008 0000
M121.ETC	0	31	07D10	000A 0096 00DE 0020 0112 0113 00E6 015A 00E3 00F9 00E4 015C 0092 00E3 0003 00E4 00DE 00FD 00E5 009A 00E4 0086 0020 00F4 008F 00E3 0098 00F9 0096 00E4 015D 008F 00E0 00F7 0003 00A5 00A5 00A5 013B 013C 0086 0020 009B 0096 00DE 009C 00E3 0098 00F9 009A 00E4 00E4 00EA 0021 0008 0000
M121.ETC	0	32	07D3E	0095 00FA 00EA 0020 000A 00E9 015A 015B 00E9 015E 00F7 009E 0086 0003 015F 0160 00E6 0020 00F6 00FB 009A 00FD 00E3 00DE 0092 00E0 00FD 00E0 00DE 0099 00E4 00DE 00A5 00A5 00A5 0003 013B 013C 0086 0153 0094 00F9 0020 0095 0159 0129 00F9 00E4 0020 00B6 00DE 00AF 00B6 00D8 00E0 00DE 00A1 0008 0000
M121.ETC	0	33	07D72	000A 0151 00EA 0020 0141 0142 00E6 00E5 00F7 00FA 00E3 0003 00EF 009D 00EF 009D 0020 00E0 0098 00EF 009C 0098 00E5 008F 00E0 00A5 00A5 00A5 0096 00DE 0003 00CC 00DF 00CC 00DF 00AF 0020 0095 013D 00E6 013B 013C 00E4 00EA 0020 00B9 00AF 00BB 00B8 00E0 00DE 0021 0008 0000
M121.ETC	0	34	07DA1	0021 0020 0020 000A 013A 00EA 0020 00EA 009D 00DE 0096 009C 0098 00E5 0092 00E9 0096 003F 0003 0141 0142 00E0 00F9 0161 0096 00DE 0020 013B 013C 0086 0153 0094 00F9 00E4 00EA 00A5 00A5 00A5 0003 00B5 00C3 00DE 00B6 00DE 00DD 00E9 0141 0142 00F3 0020 0162 00E6 0163 00E1 00E0 00E5 0091 00A1 0008 0000
M121.ETC	0	35	07DD4	000A 013A 00E9 0020 0164 00FB 00E6 0092 00F9 00E9 00EA 0003 013B 013C 00E3 00DE 009D 0099 00E4 00DE 00A5 00A5 00A5 00EA 00EA 0091 00A5 00A5 00A5 0003 0141 0142 00E9 0112 0113 00E4 0020 0165 0166 0096 00DE 0091 00F9 00FD 00E3 00DE 009C 008E 003F 0008 0000
M121.ETC	0	36	07DFE	000A 013A 00EA 0020 013B 013C 0086 0167 00FC 00FA 00E0 00E9 003F 0003 00E3 00DE 00F3 0020 00E5 00FD 00E3 0097 00FA 0092 00E5 013B 013C 00E5 00FD 00E3 00DE 009C 008E 0021 0003 009F 00FA 00E6 0020 0140 0149 00E6 0091 00EC 00FA 00E3 0092 00F9 00FC 00F6 00A1 0008 0000
M121.ETC	0	37	07E2B	000A 013A 00E4 0020 013B 013C 00E9 0168 00F8 011C 00FC 009E 003F 0003 00F0 00FD 00E5 00EA 0020 0095 0096 009C 0098 015D 0093 00E3 00DE 009C 008E 0093 0099 00E4 00DE 0003 0169 00EA 00A5 00A5 00A5 009D 009A 00DE 0098 00BD 00C3 00B7 00E0 00DE 00E4 015D 0093 00A1 0008 0000
M121.ETC	0	38	07E5A	0141 0142 00E6 00E5 00F7 00FA 00E0 0020 000A 013A 00E3 00DE 009D 00E8 003F 0003 009F 00FD 00E5 0143 0144 00E9 016A 0096 00DE 0020 0091 00F7 0020 0092 00F4 00E0 00DE 00FC 0091 0003 013B 013C 0096 00DE 0020 0164 0086 00E2 0099 00E3 0097 00E3 0092 00EF 009D 00FC 00F6 00A1 0008 0000
M121.ETC	0	39	07E89	00ED 008A 008A 0020 00CE 00DD 00C4 00E6 016B 0136 00E0 00DE 00E5 0091 00A5 00A5 00A5 0003 000A 0096 00DE 0020 013B 013C 0086 0153 0094 00E3 016C 0098 00E5 00FD 00E3 0003 0092 00EF 00EF 00E3 00DE 00E9 00B7 00D0 0096 00F7 00EA 0020 016D 0094 00F7 00FA 00E5 0092 00F6 00A1 0008 0000
M121.ETC	0	40	07EBA	0093 0020 0093 00FD 003F 0020 00E5 00FD 00E0 00DE 00BB 00D9 009C 00DE 008C 00E5 0092 0096 0021 0003 015A 015B 00E9 00C1 00AC 00DD 00BD 0086 0020 00E9 0096 00DE 009C 00E0 00CE 00DE 00B8 0086 0003 00E5 0098 00DE 009B 00F2 00E6 0020 0097 00E3 0098 00FA 00E0 00FD 00E0 00DE 00E8 0020 0098 00DE 00B0 00A1 0008 0000
M121.ETC	0	41	07EF0	00EF 0091 0020 0096 00FC 0092 0092 0020 0095 00BB 00D9 009B 00FD 0003 0097 008F 00E4 0020 0095 016E 00E3 00DE 00F3 009D 0092 00E0 00FD 00E3 00DE 009C 008E 003F 0003 00E3 00DE 00F3 016F 0020 00CA 00DE 00C5 00C5 00EA 0135 008F 00E3 0092 00E5 0092 00E9 00A1 0008 0000
M121.ETC	0	42	07F1E	0091 00F7 00B2 00D4 00E0 00DE 00FC 0020 00BB 00D9 009C 00DE 008C 00E5 0092 00E9 00F6 0003 00BB 00D9 00EA 0020 009D 0098 00DE 00B2 00C0 00BD 00DE 00D7 009D 00F9 0096 00F7 0003 00B7 00D7 00B2 00E5 00E9 00F6 00E8 008A 0020 00BC 00AF 00BC 0020 00BC 00AF 00BC 00A1 0008 0000
M121.ETC	0	43	07F52	0095 014C 00E6 0020 0095 00BB 00D9 009B 00FD 0096 00DE 0098 00F9 00E5 00FD 00E3 0003 0097 008F 00E4 0020 00EA 009C 00DE 00F2 00E3 00E9 009A 00E4 009C 00DE 008C 00E5 0092 003F 0003 0099 0092 00EB 00DE 0170 00EA 0020 0148 009C 00E3 00F9 00E9 0096 009C 00F7 0021 0008 0000
M121.ETC	0	44	07F81	00BA 00CE 00DD 00A5 00A5 00A5 014A 009C 014B 0099 00DE 00E3 0095 0097 00EF 009D 0096 00DE 0003 00B5 00C3 00DE 00B6 00DE 00DD 014C 00E3 00DE 00EA 0020 014E 0097 014F 00E9 0128 014C 00EA 0003 0096 00E0 0098 0020 0095 0171 00F8 014A 009C 014B 0099 00DE 00E3 0095 00F8 00EF 009D 009F 00DE 00A1 0008 0000
M121.ETC	0	45	07FB5	0095 0092 0020 00BB 00D9 0021 0020 00E4 00DE 009A 0096 00F7 0172 00E0 00FD 00E0 00DE 0003 009F 00FD 00E5 0173 00E3 00DE 0020 00C0 00DE 00DD 00BD 0086 009C 00E3 00E5 0092 00E3 00DE 0003 0174 00F1 0096 00F7 0020 014C 0096 00F7 015A 00E3 0175 008F 00E3 0098 00FA 0021 0008 0000
M121.ETC	0	46	07FE4	00EE 00EE 0093 0020 009A 00FA 0096 00DE 00D3 00DD 00B7 00B0 00C0 00DE 00DD 00BD 0021 0003 00E1 00EF 00E0 00E9 0020 0176 0161 00E0 00E1 00E9 0091 0092 00E0 00DE 00E3 00DE 00EA 0003 0177 0178 0175 00E9 0020 0095 00E4 00DE 00F8 00E4 015C 0097 00EF 009C 00E0 00A1 0008 0000
M121.ETC	0	47	08015	0091 00F8 008C 0020 009A 00F8 008C 00EF 00E0 00A5 00A5 00A5 00A5 0003 00E3 00DE 008F 0096 0092 00BB 00D9 0096 00DE 0020 00F4 008F 00E3 0097 00E0 009F 00DE 0003 00E4 00DE 0093 00F4 008F 00E3 0020 0158 0102 009D 00F9 00E9 0096 00E5 0091 003F 0008 0000
M121.ETC	0	48	0803E	009A 0092 00E2 0020 00B5 00DA 00E9 0159 00E3 00DE 00C0 00DE 00DD 00BD 00E4 00EA 0021 0003 0127 0179 0086 0132 00E3 00E5 0092 0020 00B5 00DA 00E9 009A 00E4 0086 0003 00CA 00DE 00B6 00E6 009C 00E3 00F9 00F0 00E0 0092 00E3 00DE 0020 0098 00F4 009C 0092 009E 00DE 00A1 0008 0000
M121.ETC	0	49	0806F	00C0 00DE 00DD 00BC 00DD 00B8 00DE 0020 00C0 00DE 00DD 00BC 00DD 00B8 00DE 0021 0003 009A 00F8 008C 00EF 00E0 0020 009D 0099 00DE 008A 00D8 00BD 00DE 00D1 017A 00E0 00DE 00E5 0003 00B5 00DA 00F3 0020 00D1 00BD 00DE 00D1 00BD 00DE 009C 00E3 0097 00E0 009E 00DE 0021 0008 0000
M121.ETC	0	50	080A2	0091 0091 0020 00F4 00F2 00FB 008F 0020 00F4 00F2 00E3 0098 00FA 008F 0003 016F 0139 00EA 0020 017B 0096 00F7 017C 0096 00DE 017D 0092 008F 00E3 00E9 00E6 0003 009F 00FD 00E5 00E4 009A 00E3 00DE 0020 00C0 00DE 00DD 00BD 009B 00FA 00E3 00E0 00EF 00F9 0096 0021 0008 0000
M121.ETC	0	51	080D1	014C 017E 017F 00E6 0020 0180 0177 00E5 00BB 00D9 0096 00DE 0172 00F9 00E5 00FD 00E3 0003 0148 0096 00E9 0020 0159 0181 00FA 00E6 00E1 0096 00DE 0092 00E5 0092 00E3 00DE 009D 0003 00A5 00A5 00A5 00E6 009C 00E3 00F3 0020 00C9 00D8 00E9 0092 0092 00BB 00D9 00E0 00DE 0021 0008 0000
M121.ETC	0	52	08102	0091 00F8 008C 00F8 008C 0020 0092 0097 00E5 00F8 00C0 00DE 00DD 00BD 00E4 00EA 0003 0177 0182 00E6 009C 00E3 0020 010A 0183 00E5 00BB 00D9 00E3 00DE 009D 00E8 008A 0003 0092 00E2 00EF 00E3 00DE 0095 00E4 00DE 00F9 0096 0020 0129 00E3 00F6 008F 00E4 0021 0008 0000
M121.ETC	0	53	08131	009A 00FA 00EA 0020 00BB 00D9 00E0 00DE 00F6 00E5 0091 00A5 00A5 00A5 0003 0184 00EF 00E3 00DE 0020 00F4 008F 00E3 00F9 008F 00E3 009A 00E4 00EA 0003 00BB 00B0 00B6 00BD 0096 00F7 0020 00E6 0099 00DE 00E0 00E9 0096 00F3 0021 0008 0000
M121.ETC	0	54	08159	00EF 0091 0020 0096 00FC 0092 0092 0020 0095 00BB 00D9 009B 00FD 00E0 00DE 00FC 0003 00E3 00DE 00F3 00A5 00A5 00A5 0096 00FC 0092 0092 008F 00E3 0092 0093 00E6 00EA 0003 00E1 008E 008F 00E4 0020 0177 0097 009D 0097 00DE 00F9 0140 00F3 009D 00F9 00FC 00A1 0008 0000
M121.ETC	0	55	08186	0097 008C 00B0 008F 0020 00E0 00DE 00FA 0096 00B0 008F 0020 0185 0099 00E3 00B0 008F 0003 00A5 00A5 00A5 008F 00E3 0020 0095 00E4 00DE 00FB 0092 00E3 00F0 00E0 0099 00E4 00DE 0003 00EB 00E0 009D 00F7 0020 0095 00E4 00DE 008F 00E3 0092 00F9 00E0 00DE 0099 00E0 00DE 00FC 00A1 0008 0000
M121.ETC	0	56	081B6	0186 0187 00E9 0157 00FC 00F8 013F 00EA 0020 00E4 00DE 00FD 00E5 014E 0097 014F 00F3 0003 00E0 009C 0096 00E6 0020 0188 0096 00FA 00F9 00F3 00E9 00E0 00DE 0099 00E4 00DE 0003 009A 00FA 00EA 0020 00E1 008E 008F 00E4 0020 0188 0096 00FA 009D 0097 00DE 00F6 00A1 0008 0000
M121.ETC	0	57	081E6	00F4 00EA 00F8 0020 0091 00FD 00E0 0096 00DE 0003 00F4 008F 00E3 0097 00E0 00FD 00E0 00DE 00E8 0021 0008 0000
M121.ETC	0	58	081F9	00B8 00DE 00C4 00DE 00B0 00E6 0189 00FD 00E3 00DE 0020 009D 00DE 0092 00EC 00DE 00FD 00E0 00E2 0099 00E4 00DE 0003 00B5 00C3 00DE 00B6 00DE 00DD 00E9 0161 0096 00DE 0020 00F4 008F 00E3 0098 00F9 00E9 00EA 0003 00BC 00DE 00AC 00B2 00D9 00BD 00DE 016B 0172 0020 00EA 009C 00DE 00F2 00E3 00E9 009A 00E4 00E0 00DE 00F6 00A1 0008 0000
M121.ETC	0	59	08232	009F 0093 00E0 00DE 00F6 0020 0091 00FD 00E0 00E9 018A 009B 00FD 009B 0003 0091 00E9 018B 00E9 0020 00C4 00DE 00D7 00BA 00DE 00DD 00E4 00E9 018C 0092 00F3 0003 00B8 00DE 00C4 00DE 00B0 00E9 018D 0096 00DE 0020 00EA 009C 00DE 00EF 00F8 00E5 00FD 00E0 00DE 00A5 00A5 00A5 0005 0000
M121.ETC	0	60	08261	00B5 00C3 00DE 00B6 00DE 00DD 018E 00F3 0020 0112 0113 00E6 018F 0086 0190 00F8 00E3 0003 0091 00FD 00E0 0086 0020 0169 00E9 0191 00E6 00F6 009A 009D 00E5 00FD 00E3 0003 00EF 00E0 00DE 00EF 00E0 00DE 0020 00F3 0093 00FB 0098 009C 00E1 008C 0092 00E5 0092 00E8 00A1 0008 0000
M121.ETC	0	61	08291	00EA 00EA 00EA 0020 00FC 0096 00F7 00E5 0098 00E3 00F3 0134 0102 00E5 0092 0099 00E4 00DE 0003 018D 00E9 0192 00E6 0020 0138 0092 00E6 0175 0099 008F 00E3 0092 0093 00FD 00E3 00DE 0003 009A 009A 00E6 0172 00E0 00FD 00E0 00DE 0096 00F7 0020 00EF 00E1 0096 00DE 0092 00E5 0092 00F6 00A1 0008 0000
M121.ETC	0	62	082C3	0095 00F4 00A5 00A5 00A5 0091 00E0 009C 009C 00DE 008C 00E5 0092 00E4 0092 0093 00E5 00F7 0003 00E4 00DE 00FD 00E5 00D4 00C2 00E0 00DE 00E4 0020 015D 008F 00E3 00F9 00FD 00E0 00DE 0092 003F 0003 009F 00FA 00EA 0020 0193 0094 00EA 00DE 0020 009A 00FD 00E5 00F4 00E2 0096 00E8 0021 0008 0000
M121.ETC	0	63	082F5	009F 00FA 00E4 00F3 0020 009A 00FD 00E5 00F4 00E2 00E0 00DE 008F 00E0 0096 00E8 003F 0008 0000
M121.ETC	0	64	08307	009F 00FA 009C 00DE 008C 0020 009A 00FD 00E5 00E0 00DE 008F 00E0 0096 00E8 008A 003F 0008 0000
M121.ETC	0	65	08318	009F 00FA 009C 00DE 008C 0020 009A 00FD 00E5 0194 00E0 00DE 008F 00E0 0096 009C 00F7 003F 0008 0000
M121.ETC	0	66	0832A	009A 00FD 00E6 00E1 00EA 0020 000A 009B 00FD 0003 00F4 008F 00E4 0020 009A 009A 00EF 00E3 00DE 0172 00E3 0098 00FA 00EF 009C 00E0 00E8 00A1 0008 0000
M121.ETC	0	67	08344	00B5 00C3 00DE 00B6 00DE 00DD 00E9 0195 00EA 0020 0169 0096 00DE 015D 008F 00E3 0092 00E0 00F6 00F8 0003 0177 0157 00E5 009A 00E4 00E6 0020 00E5 008F 00E3 009C 00EF 0092 00EF 009C 00E0 00A1 0008 0000
M121.ETC	0	68	08366	0097 008F 00E4 0020 0092 00E2 00F3 00EA 0196 0197 00E5 018E 013A 00E3 00DE 00F3 0003 018E 0198 00E9 009A 00E4 00EA 0020 0199 009C 00DE 00F7 00FA 00E5 0092 00E3 00DE 009C 008E 0093 0003 00EF 009B 0096 0020 013F 00E9 0159 00E9 018E 0198 0096 00DE 00C6 00BE 0161 00E5 00FD 00E3 00A1 0008 0000
M121.ETC	0	69	08399	009A 0093 00E5 008F 00E0 00F7 0020 0106 014F 00E9 018E 0198 0086 0129 00E2 0099 00E3 0003 018E 00E9 013F 0086 0020 009B 00EF 009D 009C 0096 0091 00F8 00EF 009E 00FD 0005 0000
M121.ETC	0	70	083B8	0092 00EF 0020 013B 013C 00E6 009B 00FA 00E0 00BB 00C3 00D7 018E 0198 00EA 0003 019A 0092 00E9 019B 0086 0020 019C 00ED 00E4 009B 00EF 00F6 008F 00E3 0092 00EF 009D 00A1 0008 0000
M121.ETC	0	71	083D8	009A 00FA 00E3 00DE 0020 019B 00E9 00C4 00DA 00DD 00C4 00E4 00F3 019D 009E 00EF 009D 0003 019E 00F7 0096 00F7 0020 013B 013C 00E9 019D 009C 0086 015C 0097 015A 009C 00E3 0003 00A5 00A5 00A5 019E 0198 0086 0020 009D 0098 008F 00E3 014B 0099 00DE 00E3 017E 009B 0092 0005 0000
M121.ETC	0	72	08408	009F 009C 00E3 0020 019F 00E9 0162 016A 00E9 01A0 01A1 01A2 00E9 01A3 018B 00E6 0003 019E 0198 00E6 0096 0096 008F 00E0 0020 012E 012F 0086 00E4 0092 00E3 00F3 00F7 0092 0003 00B5 00C3 00DE 00B6 00DE 00DD 014C 00E6 0020 0147 00FA 00E3 01A4 00F9 00E9 00E3 00DE 009D 00A1 0008 0000
M121.ETC	0	73	0843A	01A5 0097 00E5 009B 0092 00E5 0020 000A 0021 0003 01A5 0097 00E5 009B 0092 008F 00E3 00EA 00DE 00A5 00A5 00A5 00A1 0008 0000
M121.ETC	0	74	08451	0106 01A6 00E6 0091 00F8 0096 00DE 00E4 0093 0020 000A 0021 0003 0095 0096 0099 00DE 00E3 00DE 0020 00B5 00C3 00DE 00B6 00DE 00DD 00EA 01A7 00FC 00FA 00E0 00FC 00A1 0008 0000
M121.ETC	0	75	08471	0091 00E5 00E0 01A8 018B 00E3 00DE 0020 00CA 00DF 00BF 00DE 00B0 00C4 01A8 0152 0086 01A9 009C 0003 0180 018B 00E9 01AA 01AB 0086 0020 0098 0092 01AC 00F2 00F9 00E5 00FD 00E3 0003 0106 01A6 00E6 0020 00B6 00DE 00DD 00CA 00DE 00D8 01AD 009B 00FD 00E0 00DE 008F 00E0 00FC 00E8 0021 0008 0000
M121.ETC	0	76	084A5	00A5 00A5 00A5 00A5 00A5 00A5 00A1 0008 0000
M121.ETC	0	77	084AD	00A5 00A5 00A5 00A5 00A5 00A5 00A1 0008 0000
M121.ETC	0	78	084B5	009A 00DE 00F2 00FD 00E8 00A5 00A5 00A5 000A 00A5 00A5 00A5 0003 009A 009A 00EA 0020 00B5 00C3 00DE 00B6 00DE 00DD 00E3 00DE 00EA 00E5 0092 00E9 00F6 00A1 0008 0000
M121.ETC	0	79	084D1	00CA 00DF 00BF 00DE 00B0 00C4 00E4 00E9 0020 018C 0092 0086 015D 0092 015A 009C 00E3 00A5 00A5 00A5 0003 0091 00E5 00E0 00EA 0020 00CA 00DF 00BF 00DE 00B0 00C4 00E4 00F5 0093 0096 00FD 00E6 018C 008F 00E3 0003 009F 009C 00E3 00A5 00A5 00A5 0091 0092 00E2 00E6 01AE 008F 00E0 00FC 00F6 00E8 003F 0008 0000
M121.ETC	0	80	08506	00E3 00DE 00F3 00A5 00A5 00A5 00EB 0097 008E 0093 00E5 00CA 00DF 00BF 00DE 00B0 00C4 00EA 0003 01AF 0164 00E9 01B0 00E3 00DE 0020 0091 00E5 00E0 0086 01B1 0147 00FA 00E6 00A5 00A5 00A5 0003 01B2 01B3 00E0 00DE 0099 00E4 00DE 0020 0091 00E5 00E0 00EA 01B4 00E6 0096 0099 00E3 00F9 00E9 00A1 0008 0000
M121.ETC	0	81	0853A	0093 0093 00FD 0020 009A 009A 00EA 01B5 0195 009C 00DE 008C 00E5 0092 00FC 00A1 0008 0000
M121.ETC	0	82	0854B	0177 0157 00E0 00DE 00FC 00A5 00A5 00A5 01B5 0195 0096 00F7 00A5 00A5 00A5 0003 00F1 0096 0094 0096 00DE 0172 00E0 00FC 00A5 00A5 00A5 00A1 0008 0000
M121.ETC	0	83	08565	009F 00F8 008C 0091 0020 009F 0093 00E3 00DE 009C 008E 0093 00E4 00F3 00A5 00A5 00A5 0003 00E0 00DE 00FA 00E0 00DE 008F 00E3 0020 01B4 00E6 00E0 0098 00E5 00FD 00E3 00E5 0092 00FC 0003 00A5 00A5 00A5 00E0 00DE 0099 00E4 00DE 00A5 00A5 00A5 01B6 01B7 00E5 00E9 00A5 00A5 00A5 00A1 0008 0000
M121.ETC	0	84	08593	00A5 00A5 00A5 00A5 00A5 00A5 00A1 0008 0000
M121.ETC	0	85	0859B	01A8 01B8 0020 01B9 00EF 008F 00E0 01B6 01B7 00EA 0003 00E4 00DE 0093 00E6 00F3 00E5 00F7 00E5 0092 00E9 00A5 00A5 00A5 00A1 0008 0000
M121.ETC	0	86	085B4	00E3 00DE 00F3 00E8 0020 000A 00EA 01B4 00E5 009E 00E0 0098 00E5 0092 0003 0091 00E5 00E0 00EA 0020 0106 01A6 00E6 00F6 0098 00F4 008F 00E3 0098 00FA 00E0 00F3 00E9 0003 009F 00FD 00E5 018B 0086 00A5 00A5 00A5 01B4 00E5 009E 00F7 00FA 00E5 0092 00FC 0021 0008 0000
M121.ETC	0	87	085E1	0091 00E5 00E0 00EA 0020 00EF 00E0 00DE 0020 01B4 00FD 00E3 00DE 0092 00E5 0092 0096 00F7 0003 0169 00E0 00E1 0192 01BA 0096 00DE 00A5 00A5 00A5 01B7 0086 01BB 0097 010E 00F2 00F9 0021 0003 009F 00FA 00EA 00A5 00A5 00A5 0150 009C 00DE 00F7 00FA 00E3 00F9 0099 00E4 00DE 00A5 00A5 00A5 00A1 0008 0000
M121.ETC	0	88	08612	0095 01BC 00F8 00E5 009B 0092 0020 000A 0021 0003 0140 0096 00DE 00E2 0092 00E0 01BD 00A5 00A5 00A5 0091 00E5 00E0 00EA 0003 00B5 00C3 00DE 00B6 00DE 00DD 00E6 0020 0137 008F 00E3 0092 00F9 00E3 00DE 009C 008E 0093 00A1 0008 0000
M121.ETC	0	89	0863A	009B 00F6 0093 00E5 00F7 00A5 00A5 00A5 0003 0092 00E4 009C 0092 0020 000A 00A5 00A5 00A5 00A1 0008 0000
M121.ETC	0	90	0864C	00A5 00A5 00A5 00A5 00A5 00A5 00A1 0008 0000
M121.ETC	0	91	08654	0192 01BA 00EA 0020 01BE 01BF 00E9 01B6 01B7 00E6 00A5 00A5 00A5 0003 0165 00FC 008F 00E3 00EA 0020 0092 0099 00E5 0092 01C0 00EF 00F8 00E5 00E9 0005 0000
M121.ETC	0	92	08671	0091 00E5 00E0 0086 0185 00FA 00EA 00DE 00A5 00A5 00A5 01C1 009E 00F7 00FA 00EF 009D 0003 01C2 0092 00A5 00A5 00A5 00E4 00DE 009A 0096 00E9 019A 01C3 00E6 01C4 009C 00DE 00F7 00FA 0003 01C5 01B8 00E4 00A5 00A5 00A5 0138 0094 00E5 0092 00E3 00DE 009C 008E 0093 00A5 00A5 00A5 00A1 0008 0000
M121.ETC	0	93	086A3	00A5 00A5 00A5 00A5 00A5 00A5 00A1 0008 0000
M121.ETC	0	94	086AB	009F 00FA 00E3 00DE 00F3 00A5 00A5 00A5 0092 0092 00E9 00E3 00DE 009D 00A5 00A5 00A5 0003 009F 00E9 009E 0092 009C 00DE 00E2 00E5 00A5 00A5 00A5 0155 0086 00A5 00A5 00A5 0003 0092 00E2 00EF 00E3 00DE 00F3 0020 00E5 0098 009B 00E5 0092 00E3 00DE 00A5 00A5 00A5 00A1 0008 0000
M121.ETC	0	95	086D6	00A5 00A5 00A5 00A5 00A5 00A5 00A1 0008 0000
M121.ETC	0	96	086DE	009B 00F6 0093 00E5 00F7 0020 000A 00A5 00A5 00A5 0003 009B 00F6 0093 00A5 00A5 00A5 00E5 00F7 00A5 00A5 00A5 00A1 0008 0000
M131.ETC	0	0	06206	00B9 00DE 00B0 00D1 0086 0020 00E1 008D 0093 00E0 00DE 00FD 009C 00EF 009D 0003 00F6 00FB 009C 0092 00E3 00DE 009D 0096 003F 0000
M131.ETC	0	1	0621D	0015 0002 00C3 00DE 00B0 00C0 0086 0100 00FD 00E3 00DE 0098 00E0 00DE 009B 0092 0000
M131.ETC	0	2	0622D	0015 0002 0101 0102 0086 0100 00FD 00E3 00DE 0098 00E0 00DE 009B 0092 0000
M131.ETC	0	3	0623D	0015 0002 00CA 00DE 00AF 00B8 00B1 00AF 00CC 00DF 0052 0041 004D 0086 0100 00FD 00E3 00DE 0098 00E0 00DE 009B 0092 0000
M131.ETC	0	4	06255	0015 0002 009A 00E9 00C3 00DE 00B0 00C0 0086 0020 0103 009C 00E3 00F6 00FB 009C 0092 00E3 00DE 009D 0096 003F 0000
M131.ETC	0	5	0626A	0015 0002 009A 00E9 00C3 00DE 00B0 00C0 0086 0020 0104 0105 009C 00EF 009D 0096 003F 0000
M131.ETC	0	6	0627B	0015 0002 0106 0107 0052 0041 004D 00E9 0108 0109 0096 00DE 0020 010A 010B 009C 00E3 0092 00EF 009D 0008 0000
M131.ETC	0	7	0628F	0015 0002 00B6 00B0 00C4 00D8 00AF 00BC 00DE 0052 0041 004D 00E9 0108 0109 0096 00DE 0020 010A 010B 009C 00E3 0092 00EF 009D 0008 0000
M131.ETC	0	8	062A8	0015 0002 0108 0109 010A 010B 00E9 00E0 00F2 0020 00BA 00CB 00DF 00B0 00E3 00DE 0097 00EF 009E 00FD 0008 0000
M131.ETC	0	9	062BD	0015 0002 0108 0109 010A 010B 00E9 00E0 00F2 0020 0105 010C 00E9 00BE 00B0 00CC 00DE 00EA 00E3 00DE 0097 00EF 009E 00FD 0008 0000
M131.ETC	0	10	062D5	0015 0002 00B6 00B0 00C4 00D8 00AF 00BC 00DE 0052 0041 004D 0096 00DE 0020 0091 00F8 00EF 009E 00FD 0008 0000
M131.ETC	0	11	062EA	0015 0002 00B6 00B0 00C4 00D8 00AF 00BC 00DE 0052 0041 004D 00E6 00EA 0020 010D 0097 010E 00F0 00E3 00DE 0097 00EF 009E 00FD 0008 0000
M131.ETC	0	12	06304	0015 0002 010F 0097 00FB 0098 00E9 009C 008E 0110 0086 0020 00EB 00E4 00E2 0111 008F 00E3 0003 009A 009A 00EF 00E3 00DE 00E9 0112 0113 0086 0020 0114 0115 009D 00F9 009A 00E4 0096 00DE 00E3 00DE 0097 00EF 009D 00A1 0003 0114 0115 009C 00EF 009D 0096 003F 0000
M131.ETC	0	13	06330	0015 0009 0007 0114 0115 0086 0116 0117 009D 00F9 00E0 00F2 00E6 0031 0037 00E9 0118 0097 0108 0109 0096 00DE 0119 011A 00E3 00DE 009D 00A1 0003 009A 00E9 00EF 00EF 00B9 00DE 00B0 00D1 0086 00BD 00C0 00B0 00C4 009B 009E 00E0 011B 011C 0003 0114 0115 0086 0116 0117 009D 00F9 009A 00E4 0096 00DE 00E3 00DE 0097 00EF 009E 00FD 0005 0003 0112 0113 00E9 0114 0115 0086 0116 0117 009C 00E0 0092 011B 011C 00EA 0003 0116 0117 00C3 00DE 00B0 00C0 011D 0102 011E 011F 00E3 00DE 00C3 00DE 00B0 00C0 0086 0120 0102 009C 00E3 0003 00B9 00DE 00B0 00D1 0086 0121 00BD 00C0 00B0 00C4 009C 00E3 0098 00E0 00DE 009B 0092 00A1 0008 0000
M131.ETC	0	14	0639A	0015 0002 0009 0007 010D 0097 010E 00F0 00E6 0122 0123 009C 00EF 009C 00E0 0008 0000
M131.ETC	0	15	063AC	0015 0002 00CA 00DE 00AF 00B8 00B1 00AF 00CC 00DF 00C3 00DE 00B0 00C0 00EA 0091 00F8 00EF 009E 00FD 0000
M131.ETC	0	16	063C1	0015 0009 0007 0106 0107 0052 0041 004D 00E9 0124 0125 0096 00DE 0020 00E3 00DE 0097 00E3 0092 00EF 009E 00FD 00A1 0003 0116 0117 00C3 00DE 00B0 00C0 011D 0102 011E 011F 00E3 00DE 0020 0126 00E3 00E9 0114 0115 0086 0103 009C 0003 00B9 00DE 00B0 00D1 0086 0020 0121 00BD 00C0 00B0 00C4 009C 00E3 0098 00E0 00DE 009B 0092 00A1 0000
M131.ETC	0	17	063F9	0015 0009 0007 00B6 00B0 00C4 00D8 00AF 00BC 00DE 0052 0041 004D 00E9 0124 0125 0096 00DE 0020 00E3 00DE 0097 00E3 0092 00EF 009E 00FD 00A1 0003 0116 0117 00C3 00DE 00B0 00C0 011D 0102 011E 011F 00E3 00DE 0020 0126 00E3 00E9 0114 0115 0086 0103 009C 0003 00B9 00DE 00B0 00D1 0086 0020 0121 00BD 00C0 00B0 00C4 009C 00E3 0098 00E0 00DE 009B 0092 00A1 0000
M131.ETC	0	18	06436	0015 000E 0086 0127 00E6 0128 00FA 00E0 0004 0000
M131.ETC	0	19	06442	0015 000A 00EA 0020 00CA 00DE 00C4 00D9 00BF 00B0 00C4 00DE 0086 0129 00E2 0099 00E3 0003 00BC 00AE 00B0 00C4 00BF 00B0 00C4 00DE 0086 0020 012A 012B 00E6 0095 0092 00E0 00A1 0008 0000
M131.ETC	0	20	06464	0015 012C 0096 00DE 0096 0096 008F 00E3 0092 00F9 0008 0000
M131.ETC	0	21	0646F	009F 00FA 00EA 0020 0020 00B4 00D9 00CC 00E6 012D 00FC 00F9 012E 012F 0130 00A5 00A5 00A5 0003 0097 008F 00E4 0020 0020 000A 00E6 0131 0132 00E2 00EA 009D 00DE 00E0 00DE 0005 0000
M131.ETC	0	22	06490	009A 00E9 0133 00EA 0020 0020 00B7 00D0 00E6 00EA 00EF 00E0 00DE 0134 0102 00E0 00DE 0003 009F 00FA 0086 0135 008F 00E3 0020 0020 0136 00E6 0137 00F8 00E5 009B 0092 0003 0092 009D 00DE 00FA 0138 0093 0139 00EF 00E3 00DE 00A5 00A5 00A5 009B 00F7 00EA 00DE 00E0 00DE 00A1 0008 0000
M131.ETC	0	23	064BF	00EF 0091 0020 000A 013A 008F 00E0 00F7 00A5 00A5 00A5 0003 013B 013C 0086 0020 0095 013D 00E6 009B 00FA 00F9 00E5 00FD 00E3 0003 013E 013F 008F 0140 0096 00DE 0020 0095 0091 00F8 00E5 00FD 00E3 00DE 009D 009A 00E4 0021 0008 0000
M131.ETC	0	24	064E5	0093 00EC 00EC 00A5 00A5 00A5 000A 013A 00EA 0003 0141 0142 00E9 0143 0144 00E6 0020 0095 00E5 00F8 00E6 00E5 008F 00E3 00F3 0003 0096 009B 00DE 00F8 0140 00E9 00E5 0092 0020 0145 0146 00E3 00DE 009D 00E9 00E8 003F 0008 0000
M131.ETC	0	25	0650C	000A 013A 00E9 0020 0095 0147 00FA 00E9 013B 013C 00EA 0003 00E4 00DE 00E1 00F7 00E3 00DE 0020 0129 00E2 0099 00F7 00FA 00E0 00E9 00E3 00DE 009D 003F 0003 0148 00E0 00DE 0096 0020 00E4 008F 00E3 00F3 0140 0149 0096 00DE 0091 00F8 00EF 009D 00FC 00A1 0008 0000
M131.ETC	0	26	06537	00BA 00CE 00DD 00A5 00A5 00A5 014A 009C 014B 0099 00DE 00E3 0095 0097 00EF 009D 0096 00DE 0003 014C 014D 00E6 0020 014E 0097 014F 0086 0135 00E1 010E 00F1 009A 00E4 00EA 0003 0096 00E0 0098 0150 009C 00DE 00F7 00FA 00E3 0095 00F8 00EF 009D 0020 00CA 00B2 00A1 0008 0000
M131.ETC	0	27	06567	0095 00F4 0020 000A 0151 00E9 0095 013D 00EA 00A5 00A5 00A5 0003 00F3 009C 00F4 0020 013B 013C 00E3 00DE 00EA 0091 00F8 00EF 009E 00E7 0096 00E5 0003 00ED 0094 0094 0020 009F 0093 0092 0093 0020 009C 008D 0152 00E3 00DE 009D 0096 003F 0008 0000
M131.ETC	0	28	06592	0091 00FA 00EF 0091 0020 013B 013C 0086 0153 0094 00E3 00E9 0154 014C 00E4 00EA 0003 0092 008F 00E0 0092 0020 00E4 00DE 00E9 00F6 0093 00E5 0155 0156 00E3 00DE 009D 0096 00E5 003F 0003 009A 00FA 00EF 00E0 0020 0157 00FC 008F 00E0 0095 013D 00E0 00DE 009A 00E4 00A5 00A5 00A5 00A1 0008 0000
M131.ETC	0	29	065C2	0148 00E3 00DE 009D 0096 00A5 00A5 00A5 000A 0151 003F 0003 00F4 00F4 0020 00F3 009C 00F4 0020 009F 00E9 013B 013C 0086 0003 0158 0102 009C 00E3 0098 00FA 00E4 0020 0092 00FC 00FA 00EF 009D 0096 003F 0008 0000
M131.ETC	0	30	065E6	0095 0159 00EA 0020 0141 0142 00E6 015A 015B 009C 00E0 009A 00E4 00E3 00DE 0003 00E4 00DE 009A 0096 0020 0095 0096 009C 0098 00E5 008F 00E0 00E9 0096 003F 0003 00E0 00DE 008F 00E3 0020 009F 00FA 0020 013B 013C 00E0 00DE 00F6 00E5 0091 00A1 0008 0000
M131.ETC	0	31	0660F	000A 0096 00DE 0020 0112 0113 00E6 015A 00E3 00F9 00E4 015C 0092 00E3 0003 00E4 00DE 00FD 00E5 009A 00E4 0086 0020 00F4 008F 00E3 0098 00F9 0096 00E4 015D 008F 00E0 00F7 0003 00A5 00A5 00A5 013B 013C 0086 0020 009B 0096 00DE 009C 00E3 0098 00F9 009A 00E4 00E4 00EA 0021 0008 0000
M131.ETC	0	32	0663D	0095 00FA 00EA 0020 000A 00E9 015A 015B 00E9 015E 00F7 009E 0086 0003 015F 0160 00E6 0020 00F6 00FB 009A 00FD 00E3 00DE 0092 00E0 00FD 00E0 00DE 0099 00E4 00DE 00A5 00A5 00A5 0003 013B 013C 0086 0153 0094 00F9 0020 0095 0159 0129 00F9 00E4 0020 00B6 00DE 00AF 00B6 00D8 00E0 00DE 00A1 0008 0000
M131.ETC	0	33	0666F	000A 0151 00EA 0020 0141 0142 00E6 00E5 00F7 00FA 00E3 0003 00EF 009D 00EF 009D 0020 00E0 0098 00EF 009C 0098 00E5 008F 00E0 00A5 00A5 00A5 0096 00DE 0003 00CC 00DF 00CC 00DF 00AF 0020 0095 013D 00E6 013B 013C 00E4 00EA 0020 00B9 00AF 00BB 00B8 00E0 00DE 0021 0008 0000
M131.ETC	0	34	0669E	0021 0020 0020 000A 013A 00EA 0020 00EA 009D 00DE 0096 009C 0098 00E5 0092 00E9 0096 003F 0003 0141 0142 00E0 00F9 0161 0096 00DE 0020 013B 013C 0086 0153 0094 00F9 00E4 00EA 00A5 00A5 00A5 0003 00B5 00C3 00DE 00B6 00DE 00DD 00E9 0141 0142 00F3 0020 0162 00E6 0163 00E1 00E0 00E5 0091 00A1 0008 0000
M131.ETC	0	35	066D0	000A 013A 00E9 0020 0164 00FB 00E6 0092 00F9 00E9 00EA 0003 013B 013C 00E3 00DE 009D 0099 00E4 00DE 00A5 00A5 00A5 00EA 00EA 0091 00A5 00A5 00A5 0003 0141 0142 00E9 0112 0113 00E4 0020 0165 0166 0096 00DE 0091 00F9 00FD 00E3 00DE 009C 008E 003F 0008 0000
M131.ETC	0	36	066FA	000A 013A 00EA 0020 013B 013C 0086 0167 00FC 00FA 00E0 00E9 003F 0003 00E3 00DE 00F3 0020 00E5 00FD 00E3 0097 00FA 0092 00E5 013B 013C 00E5 00FD 00E3 00DE 009C 008E 0021 0003 009F 00FA 00E6 0020 0140 0149 00E6 0091 00EC 00FA 00E3 0092 00F9 00FC 00F6 00A1 0008 0000
M131.ETC	0	37	06727	000A 013A 00E4 0020 013B 013C 00E9 0168 00F8 011C 00FC 009E 003F 0003 00F0 00FD 00E5 00EA 0020 0095 0096 009C 0098 015D 0093 00E3 00DE 009C 008E 0093 0099 00E4 00DE 0003 0169 00EA 00A5 00A5 00A5 009D 009A 00DE 0098 00BD 00C3 00B7 00E0 00DE 00E4 015D 0093 00A1 0008 0000
M131.ETC	0	38	06756	0141 0142 00E6 00E5 00F7 00FA 00E0 0020 000A 013A 00E3 00DE 009D 00E8 003F 0003 009F 00FD 00E5 0143 0144 00E9 016A 0096 00DE 0020 0091 00F7 0020 0092 00F4 00E0 00DE 00FC 0091 0003 013B 013C 0096 00DE 0020 0164 0086 00E2 0099 00E3 0097 00E3 0092 00EF 009D 00FC 00F6 00A1 0008 0000
M131.ETC	0	39	06785	00ED 008A 008A 0020 00CE 00DD 00C4 00E6 016B 0136 00E0 00DE 00E5 0091 00A5 00A5 00A5 0003 000A 0096 00DE 0020 013B 013C 0086 0153 0094 00E3 016C 0098 00E5 00FD 00E3 0003 0092 00EF 00EF 00E3 00DE 00E9 00B7 00D0 0096 00F7 00EA 0020 016D 0094 00F7 00FA 00E5 0092 00F6 00A1 0008 0000
M131.ETC	0	40	067B6	0093 0020 0093 00FD 003F 0020 00E5 00FD 00E0 00DE 00BB 00D9 009C 00DE 008C 00E5 0092 0096 0021 0003 015A 015B 00E9 00C1 00AC 00DD 00BD 0086 0020 00E9 0096 00DE 009C 00E0 00CE 00DE 00B8 0086 0003 00E5 0098 00DE 009B 00F2 00E6 0020 0097 00E3 0098 00FA 00E0 00FD 00E0 00DE 00E8 0020 0098 00DE 00B0 00A1 0008 0000
M131.ETC	0	41	067EB	00EF 0091 0020 0096 00FC 0092 0092 0020 0095 00BB 00D9 009B 00FD 0003 0097 008F 00E4 0020 0095 016E 00E3 00DE 00F3 009D 0092 00E0 00FD 00E3 00DE 009C 008E 003F 0003 00E3 00DE 00F3 016F 0020 00CA 00DE 00C5 00C5 00EA 0135 008F 00E3 0092 00E5 0092 00E9 00A1 0008 0000
M131.ETC	0	42	06818	0091 00F7 00B2 00D4 00E0 00DE 00FC 0020 00BB 00D9 009C 00DE 008C 00E5 0092 00E9 00F6 0003 00BB 00D9 00EA 0020 009D 0098 00DE 00B2 00C0 00BD 00DE 00D7 009D 00F9 0096 00F7 0003 00B7 00D7 00B2 00E5 00E9 00F6 00E8 008A 0020 00BC 00AF 00BC 0020 00BC 00AF 00BC 00A1 0008 0000
M131.ETC	0	43	0684A	0095 014C 00E6 0020 0095 00BB 00D9 009B 00FD 0096 00DE 0098 00F9 00E5 00FD 00E3 0003 0097 008F 00E4 0020 00EA 009C 00DE 00F2 00E3 00E9 009A 00E4 009C 00DE 008C 00E5 0092 003F 0003 0099 0092 00EB 00DE 0170 00EA 0020 0148 009C 00E3 00F9 00E9 0096 009C 00F7 0021 0008 0000
M131.ETC	0	44	06878	00BA 00CE 00DD 00A5 00A5 00A5 014A 009C 014B 0099 00DE 00E3 0095 0097 00EF 009D 0096 00DE 0003 00B5 00C3 00DE 00B6 00DE 00DD 014C 00E3 00DE 00EA 0020 014E 0097 014F 00E9 0128 014C 00EA 0003 0096 00E0 0098 0020 0095 0171 00F8 014A 009C 014B 0099 00DE 00E3 0095 00F8 00EF 009D 009F 00DE 00A1 0008 0000
M131.ETC	0	45	068AB	0095 0092 0020 00BB 00D9 0021 0020 00E4 00DE 009A 0096 00F7 0172 00E0 00FD 00E0 00DE 0003 009F 00FD 00E5 0173 00E3 00DE 0020 00C0 00DE 00DD 00BD 0086 009C 00E3 00E5 0092 00E3 00DE 0003 0174 00F1 0096 00F7 0020 014C 0096 00F7 015A 00E3 0175 008F 00E3 0098 00FA 0021 0008 0000
M131.ETC	0	46	068D9	00EE 00EE 0093 0020 009A 00FA 0096 00DE 00D3 00DD 00B7 00B0 00C0 00DE 00DD 00BD 0021 0003 00E1 00EF 00E0 00E9 0020 0176 0161 00E0 00E1 00E9 0091 0092 00E0 00DE 00E3 00DE 00EA 0003 0177 0178 0175 00E9 0020 0095 00E4 00DE 00F8 00E4 015C 0097 00EF 009C 00E0 00A1 0008 0000
M131.ETC	0	47	06908	0091 00F8 008C 0020 009A 00F8 008C 00EF 00E0 00A5 00A5 00A5 00A5 0003 00E3 00DE 008F 0096 0092 00BB 00D9 0096 00DE 0020 00F4 008F 00E3 0097 00E0 009F 00DE 0003 00E4 00DE 0093 00F4 008F 00E3 0020 0158 0102 009D 00F9 00E9 0096 00E5 0091 003F 0008 0000
M131.ETC	0	48	06931	009A 0092 00E2 0020 00B5 00DA 00E9 0159 00E3 00DE 00C0 00DE 00DD 00BD 00E4 00EA 0021 0003 0127 0179 0086 0132 00E3 00E5 0092 0020 00B5 00DA 00E9 009A 00E4 0086 0003 00CA 00DE 00B6 00E6 009C 00E3 00F9 00F0 00E0 0092 00E3 00DE 0020 0098 00F4 009C 0092 009E 00DE 00A1 0008 0000
M131.ETC	0	49	06961	00C0 00DE 00DD 00BC 00DD 00B8 00DE 0020 00C0 00DE 00DD 00BC 00DD 00B8 00DE 0021 0003 009A 00F8 008C 00EF 00E0 0020 009D 0099 00DE 008A 00D8 00BD 00DE 00D1 017A 00E0 00DE 00E5 0003 00B5 00DA 00F3 0020 00D1 00BD 00DE 00D1 00BD 00DE 009C 00E3 0097 00E0 009E 00DE 0021 0008 0000
M131.ETC	0	50	06992	0091 0091 0020 00F4 00F2 00FB 008F 0020 00F4 00F2 00E3 0098 00FA 008F 0003 016F 0139 00EA 0020 017B 0096 00F7 017C 0096 00DE 017D 0092 008F 00E3 00E9 00E6 0003 009F 00FD 00E5 00E4 009A 00E3 00DE 0020 00C0 00DE 00DD 00BD 009B 00FA 00E3 00E0 00EF 00F9 0096 0021 0008 0000
M131.ETC	0	51	069C0	014C 017E 017F 00E6 0020 0180 0177 00E5 00BB 00D9 0096 00DE 0172 00F9 00E5 00FD 00E3 0003 0148 0096 00E9 0020 0159 0181 00FA 00E6 00E1 0096 00DE 0092 00E5 0092 00E3 00DE 009D 0003 00A5 00A5 00A5 00E6 009C 00E3 00F3 0020 00C9 00D8 00E9 0092 0092 00BB 00D9 00E0 00DE 0021 0008 0000
M131.ETC	0	52	069F0	0091 00F8 008C 00F8 008C 0020 0092 0097 00E5 00F8 00C0 00DE 00DD 00BD 00E4 00EA 0003 0177 0182 00E6 009C 00E3 0020 010A 0183 00E5 00BB 00D9 00E3 00DE 009D 00E8 008A 0003 0092 00E2 00EF 00E3 00DE 0095 00E4 00DE 00F9 0096 0020 0129 00E3 00F6 008F 00E4 0021 0008 0000
M131.ETC	0	53	06A1E	009A 00FA 00EA 0020 00BB 00D9 00E0 00DE 00F6 00E5 0091 00A5 00A5 00A5 0003 0184 00EF 00E3 00DE 0020 00F4 008F 00E3 00F9 008F 00E3 009A 00E4 00EA 0003 00BB 00B0 00B6 00BD 0096 00F7 0020 00E6 0099 00DE 00E0 00E9 0096 00F3 0021 0008 0000
M131.ETC	0	54	06A45	00EF 0091 0020 0096 00FC 0092 0092 0020 0095 00BB 00D9 009B 00FD 00E0 00DE 00FC 0003 00E3 00DE 00F3 00A5 00A5 00A5 0096 00FC 0092 0092 008F 00E3 0092 0093 00E6 00EA 0003 00E1 008E 008F 00E4 0020 0177 0097 009D 0097 00DE 00F9 0140 00F3 009D 00F9 00FC 00A1 0008 0000
M131.ETC	0	55	06A71	0097 008C 00B0 008F 0020 00E0 00DE 00FA 0096 00B0 008F 0020 0185 0099 00E3 00B0 008F 0003 00A5 00A5 00A5 008F 00E3 0020 0095 00E4 00DE 00FB 0092 00E3 00F0 00E0 0099 00E4 00DE 0003 00EB 00E0 009D 00F7 0020 0095 00E4 00DE 008F 00E3 0092 00F9 00E0 00DE 0099 00E0 00DE 00FC 00A1 0008 0000
M131.ETC	0	56	06AA0	0186 0187 00E9 0157 00FC 00F8 013F 00EA 0020 00E4 00DE 00FD 00E5 014E 0097 014F 00F3 0003 00E0 009C 0096 00E6 0020 0188 0096 00FA 00F9 00F3 00E9 00E0 00DE 0099 00E4 00DE 0003 009A 00FA 00EA 0020 00E1 008E 008F 00E4 0020 0188 0096 00FA 009D 0097 00DE 00F6 00A1 0008 0000
M141.ETC	0	0	0612E	00B9 00DE 00B0 00D1 0086 0020 00E1 008D 0093 00E0 00DE 00FD 009C 00EF 009D 0003 00F6 00FB 009C 0092 00E3 00DE 009D 0096 003F 0000
M141.ETC	0	1	06145	0015 0002 00C3 00DE 00B0 00C0 0086 0100 00FD 00E3 00DE 0098 00E0 00DE 009B 0092 0000
M141.ETC	0	2	06155	0015 0002 0101 0102 0086 0100 00FD 00E3 00DE 0098 00E0 00DE 009B 0092 0000
M141.ETC	0	3	06165	0015 0002 00CA 00DE 00AF 00B8 00B1 00AF 00CC 00DF 0052 0041 004D 0086 0100 00FD 00E3 00DE 0098 00E0 00DE 009B 0092 0000
M141.ETC	0	4	0617D	0015 0002 009A 00E9 00C3 00DE 00B0 00C0 0086 0020 0103 009C 00E3 00F6 00FB 009C 0092 00E3 00DE 009D 0096 003F 0000
M141.ETC	0	5	06192	0015 0002 009A 00E9 00C3 00DE 00B0 00C0 0086 0020 0104 0105 009C 00EF 009D 0096 003F 0000
M141.ETC	0	6	061A3	0015 0002 0106 0107 0052 0041 004D 00E9 0108 0109 0096 00DE 0020 010A 010B 009C 00E3 0092 00EF 009D 0008 0000
M141.ETC	0	7	061B7	0015 0002 00B6 00B0 00C4 00D8 00AF 00BC 00DE 0052 0041 004D 00E9 0108 0109 0096 00DE 0020 010A 010B 009C 00E3 0092 00EF 009D 0008 0000
M141.ETC	0	8	061D0	0015 0002 0108 0109 010A 010B 00E9 00E0 00F2 0020 00BA 00CB 00DF 00B0 00E3 00DE 0097 00EF 009E 00FD 0008 0000
M141.ETC	0	9	061E5	0015 0002 0108 0109 010A 010B 00E9 00E0 00F2 0020 0105 010C 00E9 00BE 00B0 00CC 00DE 00EA 00E3 00DE 0097 00EF 009E 00FD 0008 0000
M141.ETC	0	10	061FD	0015 0002 00B6 00B0 00C4 00D8 00AF 00BC 00DE 0052 0041 004D 0096 00DE 0020 0091 00F8 00EF 009E 00FD 0008 0000
M141.ETC	0	11	06212	0015 0002 00B6 00B0 00C4 00D8 00AF 00BC 00DE 0052 0041 004D 00E6 00EA 0020 010D 0097 010E 00F0 00E3 00DE 0097 00EF 009E 00FD 0008 0000
M141.ETC	0	12	0622C	0015 0002 010F 0097 00FB 0098 00E9 009C 008E 0110 0086 0020 00EB 00E4 00E2 0111 008F 00E3 0003 009A 009A 00EF 00E3 00DE 00E9 0112 0113 0086 0020 0114 0115 009D 00F9 009A 00E4 0096 00DE 00E3 00DE 0097 00EF 009D 00A1 0003 0114 0115 009C 00EF 009D 0096 003F 0000
M141.ETC	0	13	06258	0015 0009 0007 0114 0115 0086 0116 0117 009D 00F9 00E0 00F2 00E6 0031 0037 00E9 0118 0097 0108 0109 0096 00DE 0119 011A 00E3 00DE 009D 00A1 0003 009A 00E9 00EF 00EF 00B9 00DE 00B0 00D1 0086 00BD 00C0 00B0 00C4 009B 009E 00E0 011B 011C 0003 0114 0115 0086 0116 0117 009D 00F9 009A 00E4 0096 00DE 00E3 00DE 0097 00EF 009E 00FD 0005 0003 0112 0113 00E9 0114 0115 0086 0116 0117 009C 00E0 0092 011B 011C 00EA 0003 0116 0117 00C3 00DE 00B0 00C0 011D 0102 011E 011F 00E3 00DE 00C3 00DE 00B0 00C0 0086 0120 0102 009C 00E3 0003 00B9 00DE 00B0 00D1 0086 0121 00BD 00C0 00B0 00C4 009C 00E3 0098 00E0 00DE 009B 0092 00A1 0008 0000
M141.ETC	0	14	062C2	0015 0002 0009 0007 010D 0097 010E 00F0 00E6 0122 0123 009C 00EF 009C 00E0 0008 0000
M141.ETC	0	15	062D4	0015 0002 00CA 00DE 00AF 00B8 00B1 00AF 00CC 00DF 00C3 00DE 00B0 00C0 00EA 0091 00F8 00EF 009E 00FD 0000
M141.ETC	0	16	062E9	0015 0009 0007 0106 0107 0052 0041 004D 00E9 0124 0125 0096 00DE 0020 00E3 00DE 0097 00E3 0092 00EF 009E 00FD 00A1 0003 0116 0117 00C3 00DE 00B0 00C0 011D 0102 011E 011F 00E3 00DE 0020 0126 00E3 00E9 0114 0115 0086 0103 009C 0003 00B9 00DE 00B0 00D1 0086 0020 0121 00BD 00C0 00B0 00C4 009C 00E3 0098 00E0 00DE 009B 0092 00A1 0000
M141.ETC	0	17	06321	0015 0009 0007 00B6 00B0 00C4 00D8 00AF 00BC 00DE 0052 0041 004D 00E9 0124 0125 0096 00DE 0020 00E3 00DE 0097 00E3 0092 00EF 009E 00FD 00A1 0003 0116 0117 00C3 00DE 00B0 00C0 011D 0102 011E 011F 00E3 00DE 0020 0126 00E3 00E9 0114 0115 0086 0103 009C 0003 00B9 00DE 00B0 00D1 0086 0020 0121 00BD 00C0 00B0 00C4 009C 00E3 0098 00E0 00DE 009B 0092 00A1 0000
M141.ETC	0	18	0635E	0015 000E 0086 0127 00E6 0128 00FA 00E0 0004 0000
M141.ETC	0	19	0636A	0015 000A 00EA 0020 00CA 00DE 00C4 00D9 00BF 00B0 00C4 00DE 0086 0129 00E2 0099 00E3 0003 00BC 00AE 00B0 00C4 00BF 00B0 00C4 00DE 0086 0020 012A 012B 00E6 0095 0092 00E0 00A1 0008 0000
M141.ETC	0	20	0638C	0015 012C 0096 00DE 0096 0096 008F 00E3 0092 00F9 0008 0000
M141.ETC	0	21	06397	009F 00FA 00EA 0020 0020 00B4 00D9 00CC 00E6 012D 00FC 00F9 012E 012F 0130 00A5 00A5 00A5 0003 0097 008F 00E4 0020 0020 000A 00E6 0131 0132 00E2 00EA 009D 00DE 00E0 00DE 0005 0000
M141.ETC	0	22	063B8	009A 00E9 0133 00EA 0020 0020 00B7 00D0 00E6 00EA 00EF 00E0 00DE 0134 0102 00E0 00DE 0003 009F 00FA 0086 0135 008F 00E3 0020 0020 0136 00E6 0137 00F8 00E5 009B 0092 0003 0092 009D 00DE 00FA 0138 0093 0139 00EF 00E3 00DE 00A5 00A5 00A5 009B 00F7 00EA 00DE 00E0 00DE 00A1 0008 0000
M141.ETC	0	23	063E7	00EF 0091 0020 000A 013A 008F 00E0 00F7 00A5 00A5 00A5 0003 013B 013C 0086 0020 0095 013D 00E6 009B 00FA 00F9 00E5 00FD 00E3 0003 013E 013F 008F 0140 0096 00DE 0020 0095 0091 00F8 00E5 00FD 00E3 00DE 009D 009A 00E4 0021 0008 0000
M141.ETC	0	24	0640D	0093 00EC 00EC 00A5 00A5 00A5 000A 013A 00EA 0003 0141 0142 00E9 0143 0144 00E6 0020 0095 00E5 00F8 00E6 00E5 008F 00E3 00F3 0003 0096 009B 00DE 00F8 0140 00E9 00E5 0092 0020 0145 0146 00E3 00DE 009D 00E9 00E8 003F 0008 0000
M141.ETC	0	25	06434	000A 013A 00E9 0020 0095 0147 00FA 00E9 013B 013C 00EA 0003 00E4 00DE 00E1 00F7 00E3 00DE 0020 0129 00E2 0099 00F7 00FA 00E0 00E9 00E3 00DE 009D 003F 0003 0148 00E0 00DE 0096 0020 00E4 008F 00E3 00F3 0140 0149 0096 00DE 0091 00F8 00EF 009D 00FC 00A1 0008 0000
M141.ETC	0	26	0645F	00BA 00CE 00DD 00A5 00A5 00A5 014A 009C 014B 0099 00DE 00E3 0095 0097 00EF 009D 0096 00DE 0003 014C 014D 00E6 0020 014E 0097 014F 0086 0135 00E1 010E 00F1 009A 00E4 00EA 0003 0096 00E0 0098 0150 009C 00DE 00F7 00FA 00E3 0095 00F8 00EF 009D 0020 00CA 00B2 00A1 0008 0000
M141.ETC	0	27	0648F	0095 00F4 0020 000A 0151 00E9 0095 013D 00EA 00A5 00A5 00A5 0003 00F3 009C 00F4 0020 013B 013C 00E3 00DE 00EA 0091 00F8 00EF 009E 00E7 0096 00E5 0003 00ED 0094 0094 0020 009F 0093 0092 0093 0020 009C 008D 0152 00E3 00DE 009D 0096 003F 0008 0000
M141.ETC	0	28	064BA	0091 00FA 00EF 0091 0020 013B 013C 0086 0153 0094 00E3 00E9 0154 014C 00E4 00EA 0003 0092 008F 00E0 0092 0020 00E4 00DE 00E9 00F6 0093 00E5 0155 0156 00E3 00DE 009D 0096 00E5 003F 0003 009A 00FA 00EF 00E0 0020 0157 00FC 008F 00E0 0095 013D 00E0 00DE 009A 00E4 00A5 00A5 00A5 00A1 0008 0000
M141.ETC	0	29	064EA	0148 00E3 00DE 009D 0096 00A5 00A5 00A5 000A 0151 003F 0003 00F4 00F4 0020 00F3 009C 00F4 0020 009F 00E9 013B 013C 0086 0003 0158 0102 009C 00E3 0098 00FA 00E4 0020 0092 00FC 00FA 00EF 009D 0096 003F 0008 0000
M141.ETC	0	30	0650E	0095 0159 00EA 0020 0141 0142 00E6 015A 015B 009C 00E0 009A 00E4 00E3 00DE 0003 00E4 00DE 009A 0096 0020 0095 0096 009C 0098 00E5 008F 00E0 00E9 0096 003F 0003 00E0 00DE 008F 00E3 0020 009F 00FA 0020 013B 013C 00E0 00DE 00F6 00E5 0091 00A1 0008 0000
M141.ETC	0	31	06537	000A 0096 00DE 0020 0112 0113 00E6 015A 00E3 00F9 00E4 015C 0092 00E3 0003 00E4 00DE 00FD 00E5 009A 00E4 0086 0020 00F4 008F 00E3 0098 00F9 0096 00E4 015D 008F 00E0 00F7 0003 00A5 00A5 00A5 013B 013C 0086 0020 009B 0096 00DE 009C 00E3 0098 00F9 009A 00E4 00E4 00EA 0021 0008 0000
M141.ETC	0	32	06565	0095 00FA 00EA 0020 000A 00E9 015A 015B 00E9 015E 00F7 009E 0086 0003 015F 0160 00E6 0020 00F6 00FB 009A 00FD 00E3 00DE 0092 00E0 00FD 00E0 00DE 0099 00E4 00DE 00A5 00A5 00A5 0003 013B 013C 0086 0153 0094 00F9 0020 0095 0159 0129 00F9 00E4 0020 00B6 00DE 00AF 00B6 00D8 00E0 00DE 00A1 0008 0000
M141.ETC	0	33	06597	000A 0151 00EA 0020 0141 0142 00E6 00E5 00F7 00FA 00E3 0003 00EF 009D 00EF 009D 0020 00E0 0098 00EF 009C 0098 00E5 008F 00E0 00A5 00A5 00A5 0096 00DE 0003 00CC 00DF 00CC 00DF 00AF 0020 0095 013D 00E6 013B 013C 00E4 00EA 0020 00B9 00AF 00BB 00B8 00E0 00DE 0021 0008 0000
M141.ETC	0	34	065C6	0021 0020 0020 000A 013A 00EA 0020 00EA 009D 00DE 0096 009C 0098 00E5 0092 00E9 0096 003F 0003 0141 0142 00E0 00F9 0161 0096 00DE 0020 013B 013C 0086 0153 0094 00F9 00E4 00EA 00A5 00A5 00A5 0003 00B5 00C3 00DE 00B6 00DE 00DD 00E9 0141 0142 00F3 0020 0162 00E6 0163 00E1 00E0 00E5 0091 00A1 0008 0000
M141.ETC	0	35	065F8	000A 013A 00E9 0020 0164 00FB 00E6 0092 00F9 00E9 00EA 0003 013B 013C 00E3 00DE 009D 0099 00E4 00DE 00A5 00A5 00A5 00EA 00EA 0091 00A5 00A5 00A5 0003 0141 0142 00E9 0112 0113 00E4 0020 0165 0166 0096 00DE 0091 00F9 00FD 00E3 00DE 009C 008E 003F 0008 0000
M141.ETC	0	36	06622	000A 013A 00EA 0020 013B 013C 0086 0167 00FC 00FA 00E0 00E9 003F 0003 00E3 00DE 00F3 0020 00E5 00FD 00E3 0097 00FA 0092 00E5 013B 013C 00E5 00FD 00E3 00DE 009C 008E 0021 0003 009F 00FA 00E6 0020 0140 0149 00E6 0091 00EC 00FA 00E3 0092 00F9 00FC 00F6 00A1 0008 0000
M141.ETC	0	37	0664F	000A 013A 00E4 0020 013B 013C 00E9 0168 00F8 011C 00FC 009E 003F 0003 00F0 00FD 00E5 00EA 0020 0095 0096 009C 0098 015D 0093 00E3 00DE 009C 008E 0093 0099 00E4 00DE 0003 0169 00EA 00A5 00A5 00A5 009D 009A 00DE 0098 00BD 00C3 00B7 00E0 00DE 00E4 015D 0093 00A1 0008 0000
M141.ETC	0	38	0667E	0141 0142 00E6 00E5 00F7 00FA 00E0 0020 000A 013A 00E3 00DE 009D 00E8 003F 0003 009F 00FD 00E5 0143 0144 00E9 016A 0096 00DE 0020 0091 00F7 0020 0092 00F4 00E0 00DE 00FC 0091 0003 013B 013C 0096 00DE 0020 0164 0086 00E2 0099 00E3 0097 00E3 0092 00EF 009D 00FC 00F6 00A1 0008 0000
M141.ETC	0	39	066AD	00ED 008A 008A 0020 00CE 00DD 00C4 00E6 016B 0136 00E0 00DE 00E5 0091 00A5 00A5 00A5 0003 000A 0096 00DE 0020 013B 013C 0086 0153 0094 00E3 016C 0098 00E5 00FD 00E3 0003 0092 00EF 00EF 00E3 00DE 00E9 00B7 00D0 0096 00F7 00EA 0020 016D 0094 00F7 00FA 00E5 0092 00F6 00A1 0008 0000
M141.ETC	0	40	066DE	0093 0020 0093 00FD 003F 0020 00E5 00FD 00E0 00DE 00BB 00D9 009C 00DE 008C 00E5 0092 0096 0021 0003 015A 015B 00E9 00C1 00AC 00DD 00BD 0086 0020 00E9 0096 00DE 009C 00E0 00CE 00DE 00B8 0086 0003 00E5 0098 00DE 009B 00F2 00E6 0020 0097 00E3 0098 00FA 00E0 00FD 00E0 00DE 00E8 0020 0098 00DE 00B0 00A1 0008 0000
M141.ETC	0	41	06713	00EF 0091 0020 0096 00FC 0092 0092 0020 0095 00BB 00D9 009B 00FD 0003 0097 008F 00E4 0020 0095 016E 00E3 00DE 00F3 009D 0092 00E0 00FD 00E3 00DE 009C 008E 003F 0003 00E3 00DE 00F3 016F 0020 00CA 00DE 00C5 00C5 00EA 0135 008F 00E3 0092 00E5 0092 00E9 00A1 0008 0000
M141.ETC	0	42	06740	0091 00F7 00B2 00D4 00E0 00DE 00FC 0020 00BB 00D9 009C 00DE 008C 00E5 0092 00E9 00F6 0003 00BB 00D9 00EA 0020 009D 0098 00DE 00B2 00C0 00BD 00DE 00D7 009D 00F9 0096 00F7 0003 00B7 00D7 00B2 00E5 00E9 00F6 00E8 008A 0020 00BC 00AF 00BC 0020 00BC 00AF 00BC 00A1 0008 0000
M141.ETC	0	43	06772	0095 014C 00E6 0020 0095 00BB 00D9 009B 00FD 0096 00DE 0098 00F9 00E5 00FD 00E3 0003 0097 008F 00E4 0020 00EA 009C 00DE 00F2 00E3 00E9 009A 00E4 009C 00DE 008C 00E5 0092 003F 0003 0099 0092 00EB 00DE 0170 00EA 0020 0148 009C 00E3 00F9 00E9 0096 009C 00F7 0021 0008 0000
M141.ETC	0	44	067A0	00BA 00CE 00DD 00A5 00A5 00A5 014A 009C 014B 0099 00DE 00E3 0095 0097 00EF 009D 0096 00DE 0003 00B5 00C3 00DE 00B6 00DE 00DD 014C 00E3 00DE 00EA 0020 014E 0097 014F 00E9 0128 014C 00EA 0003 0096 00E0 0098 0020 0095 0171 00F8 014A 009C 014B 0099 00DE 00E3 0095 00F8 00EF 009D 009F 00DE 00A1 0008 0000
M141.ETC	0	45	067D3	0095 0092 0020 00BB 00D9 0021 0020 00E4 00DE 009A 0096 00F7 0172 00E0 00FD 00E0 00DE 0003 009F 00FD 00E5 0173 00E3 00DE 0020 00C0 00DE 00DD 00BD 0086 009C 00E3 00E5 0092 00E3 00DE 0003 0174 00F1 0096 00F7 0020 014C 0096 00F7 015A 00E3 0175 008F 00E3 0098 00FA 0021 0008 0000
M141.ETC	0	46	06801	00EE 00EE 0093 0020 009A 00FA 0096 00DE 00D3 00DD 00B7 00B0 00C0 00DE 00DD 00BD 0021 0003 00E1 00EF 00E0 00E9 0020 0176 0161 00E0 00E1 00E9 0091 0092 00E0 00DE 00E3 00DE 00EA 0003 0177 0178 0175 00E9 0020 0095 00E4 00DE 00F8 00E4 015C 0097 00EF 009C 00E0 00A1 0008 0000
M141.ETC	0	47	06830	0091 00F8 008C 0020 009A 00F8 008C 00EF 00E0 00A5 00A5 00A5 00A5 0003 00E3 00DE 008F 0096 0092 00BB 00D9 0096 00DE 0020 00F4 008F 00E3 0097 00E0 009F 00DE 0003 00E4 00DE 0093 00F4 008F 00E3 0020 0158 0102 009D 00F9 00E9 0096 00E5 0091 003F 0008 0000
M141.ETC	0	48	06859	009A 0092 00E2 0020 00B5 00DA 00E9 0159 00E3 00DE 00C0 00DE 00DD 00BD 00E4 00EA 0021 0003 0127 0179 0086 0132 00E3 00E5 0092 0020 00B5 00DA 00E9 009A 00E4 0086 0003 00CA 00DE 00B6 00E6 009C 00E3 00F9 00F0 00E0 0092 00E3 00DE 0020 0098 00F4 009C 0092 009E 00DE 00A1 0008 0000
M141.ETC	0	49	06889	00C0 00DE 00DD 00BC 00DD 00B8 00DE 0020 00C0 00DE 00DD 00BC 00DD 00B8 00DE 0021 0003 009A 00F8 008C 00EF 00E0 0020 009D 0099 00DE 008A 00D8 00BD 00DE 00D1 017A 00E0 00DE 00E5 0003 00B5 00DA 00F3 0020 00D1 00BD 00DE 00D1 00BD 00DE 009C 00E3 0097 00E0 009E 00DE 0021 0008 0000
M141.ETC	0	50	068BA	0091 0091 0020 00F4 00F2 00FB 008F 0020 00F4 00F2 00E3 0098 00FA 008F 0003 016F 0139 00EA 0020 017B 0096 00F7 017C 0096 00DE 017D 0092 008F 00E3 00E9 00E6 0003 009F 00FD 00E5 00E4 009A 00E3 00DE 0020 00C0 00DE 00DD 00BD 009B 00FA 00E3 00E0 00EF 00F9 0096 0021 0008 0000
M141.ETC	0	51	068E8	014C 017E 017F 00E6 0020 0180 0177 00E5 00BB 00D9 0096 00DE 0172 00F9 00E5 00FD 00E3 0003 0148 0096 00E9 0020 0159 0181 00FA 00E6 00E1 0096 00DE 0092 00E5 0092 00E3 00DE 009D 0003 00A5 00A5 00A5 00E6 009C 00E3 00F3 0020 00C9 00D8 00E9 0092 0092 00BB 00D9 00E0 00DE 0021 0008 0000
M141.ETC	0	52	06918	0091 00F8 008C 00F8 008C 0020 0092 0097 00E5 00F8 00C0 00DE 00DD 00BD 00E4 00EA 0003 0177 0182 00E6 009C 00E3 0020 010A 0183 00E5 00BB 00D9 00E3 00DE 009D 00E8 008A 0003 0092 00E2 00EF 00E3 00DE 0095 00E4 00DE 00F9 0096 0020 0129 00E3 00F6 008F 00E4 0021 0008 0000
M141.ETC	0	53	06946	009A 00FA 00EA 0020 00BB 00D9 00E0 00DE 00F6 00E5 0091 00A5 00A5 00A5 0003 0184 00EF 00E3 00DE 0020 00F4 008F 00E3 00F9 008F 00E3 009A 00E4 00EA 0003 00BB 00B0 00B6 00BD 0096 00F7 0020 00E6 0099 00DE 00E0 00E9 0096 00F3 0021 0008 0000
M141.ETC	0	54	0696D	00EF 0091 0020 0096 00FC 0092 0092 0020 0095 00BB 00D9 009B 00FD 00E0 00DE 00FC 0003 00E3 00DE 00F3 00A5 00A5 00A5 0096 00FC 0092 0092 008F 00E3 0092 0093 00E6 00EA 0003 00E1 008E 008F 00E4 0020 0177 0097 009D 0097 00DE 00F9 0140 00F3 009D 00F9 00FC 00A1 0008 0000
M141.ETC	0	55	06999	0097 008C 00B0 008F 0020 00E0 00DE 00FA 0096 00B0 008F 0020 0185 0099 00E3 00B0 008F 0003 00A5 00A5 00A5 008F 00E3 0020 0095 00E4 00DE 00FB 0092 00E3 00F0 00E0 0099 00E4 00DE 0003 00EB 00E0 009D 00F7 0020 0095 00E4 00DE 008F 00E3 0092 00F9 00E0 00DE 0099 00E0 00DE 00FC 00A1 0008 0000
M141.ETC	0	56	069C8	0186 0187 00E9 0157 00FC 00F8 013F 00EA 0020 00E4 00DE 00FD 00E5 014E 0097 014F 00F3 0003 00E0 009C 0096 00E6 0020 0188 0096 00FA 00F9 00F3 00E9 00E0 00DE 0099 00E4 00DE 0003 009A 00FA 00EA 0020 00E1 008E 008F 00E4 0020 0188 0096 00FA 009D 0097 00DE 00F6 00A1 0008 0000
M151.ETC	0	0	06D10	00B9 00DE 00B0 00D1 0086 0020 00E1 008D 0093 00E0 00DE 00FD 009C 00EF 009D 0003 00F6 00FB 009C 0092 00E3 00DE 009D 0096 003F 0000
M151.ETC	0	1	06D28	0015 0002 00C3 00DE 00B0 00C0 0086 0100 00FD 00E3 00DE 0098 00E0 00DE 009B 0092 0000
M151.ETC	0	2	06D38	0015 0002 0101 0102 0086 0100 00FD 00E3 00DE 0098 00E0 00DE 009B 0092 0000
M151.ETC	0	3	06D48	0015 0002 00CA 00DE 00AF 00B8 00B1 00AF 00CC 00DF 0052 0041 004D 0086 0100 00FD 00E3 00DE 0098 00E0 00DE 009B 0092 0000
M151.ETC	0	4	06D60	0015 0002 009A 00E9 00C3 00DE 00B0 00C0 0086 0020 0103 009C 00E3 00F6 00FB 009C 0092 00E3 00DE 009D 0096 003F 0000
M151.ETC	0	5	06D74	0015 0002 009A 00E9 00C3 00DE 00B0 00C0 0086 0020 0104 0105 009C 00EF 009D 0096 003F 0000
M151.ETC	0	6	06D85	0015 0002 0106 0107 0052 0041 004D 00E9 0108 0109 0096 00DE 0020 010A 010B 009C 00E3 0092 00EF 009D 0008 0000
M151.ETC	0	7	06D9A	0015 0002 00B6 00B0 00C4 00D8 00AF 00BC 00DE 0052 0041 004D 00E9 0108 0109 0096 00DE 0020 010A 010B 009C 00E3 0092 00EF 009D 0008 0000
M151.ETC	0	8	06DB4	0015 0002 0108 0109 010A 010B 00E9 00E0 00F2 0020 00BA 00CB 00DF 00B0 00E3 00DE 0097 00EF 009E 00FD 0008 0000
M151.ETC	0	9	06DCA	0015 0002 0108 0109 010A 010B 00E9 00E0 00F2 0020 0105 010C 00E9 00BE 00B0 00CC 00DE 00EA 00E3 00DE 0097 00EF 009E 00FD 0008 0000
M151.ETC	0	10	06DE3	0015 0002 00B6 00B0 00C4 00D8 00AF 00BC 00DE 0052 0041 004D 0096 00DE 0020 0091 00F8 00EF 009E 00FD 0008 0000
M151.ETC	0	11	06DF9	0015 0002 00B6 00B0 00C4 00D8 00AF 00BC 00DE 0052 0041 004D 00E6 00EA 0020 010D 0097 010E 00F0 00E3 00DE 0097 00EF 009E 00FD 0008 0000
M151.ETC	0	12	06E13	0015 0002 010F 0097 00FB 0098 00E9 009C 008E 0110 0086 0020 00EB 00E4 00E2 0111 008F 00E3 0003 009A 009A 00EF 00E3 00DE 00E9 0112 0113 0086 0020 0114 0115 009D 00F9 009A 00E4 0096 00DE 00E3 00DE 0097 00EF 009D 00A1 0003 0114 0115 009C 00EF 009D 0096 003F 0000
M151.ETC	0	13	06E40	0015 0009 0007 0114 0115 0086 0116 0117 009D 00F9 00E0 00F2 00E6 0031 0037 00E9 0118 0097 0108 0109 0096 00DE 0119 011A 00E3 00DE 009D 00A1 0003 009A 00E9 00EF 00EF 00B9 00DE 00B0 00D1 0086 00BD 00C0 00B0 00C4 009B 009E 00E0 011B 011C 0003 0114 0115 0086 0116 0117 009D 00F9 009A 00E4 0096 00DE 00E3 00DE 0097 00EF 009E 00FD 0005 0003 0112 0113 00E9 0114 0115 0086 0116 0117 009C 00E0 0092 011B 011C 00EA 0003 0116 0117 00C3 00DE 00B0 00C0 011D 0102 011E 011F 00E3 00DE 00C3 00DE 00B0 00C0 0086 0120 0102 009C 00E3 0003 00B9 00DE 00B0 00D1 0086 0121 00BD 00C0 00B0 00C4 009C 00E3 0098 00E0 00DE 009B 0092 00A1 0008 0000
M151.ETC	0	14	06EAD	0015 0002 0009 0007 010D 0097 010E 00F0 00E6 0122 0123 009C 00EF 009C 00E0 0008 0000
M151.ETC	0	15	06EBF	0015 0002 00CA 00DE 00AF 00B8 00B1 00AF 00CC 00DF 00C3 00DE 00B0 00C0 00EA 0091 00F8 00EF 009E 00FD 0000
M151.ETC	0	16	06ED4	0015 0009 0007 0106 0107 0052 0041 004D 00E9 0124 0125 0096 00DE 0020 00E3 00DE 0097 00E3 0092 00EF 009E 00FD 00A1 0003 0116 0117 00C3 00DE 00B0 00C0 011D 0102 011E 011F 00E3 00DE 0020 0126 00E3 00E9 0114 0115 0086 0103 009C 0003 00B9 00DE 00B0 00D1 0086 0020 0121 00BD 00C0 00B0 00C4 009C 00E3 0098 00E0 00DE 009B 0092 00A1 0000
M151.ETC	0	17	06F0E	0015 0009 0007 00B6 00B0 00C4 00D8 00AF 00BC 00DE 0052 0041 004D 00E9 0124 0125 0096 00DE 0020 00E3 00DE 0097 00E3 0092 00EF 009E 00FD 00A1 0003 0116 0117 00C3 00DE 00B0 00C0 011D 0102 011E 011F 00E3 00DE 0020 0126 00E3 00E9 0114 0115 0086 0103 009C 0003 00B9 00DE 00B0 00D1 0086 0020 0121 00BD 00C0 00B0 00C4 009C 00E3 0098 00E0 00DE 009B 0092 00A1 0000
M151.ETC	0	18	06F4C	0015 000E 0086 0127 00E6 0128 00FA 00E0 0004 0000
M151.ETC	0	19	06F58	0015 000A 00EA 0020 00CA 00DE 00C4 00D9 00BF 00B0 00C4 00DE 0086 0129 00E2 0099 00E3 0003 00BC 00AE 00B0 00C4 00BF 00B0 00C4 00DE 0086 0020 012A 012B 00E6 0095 0092 00E0 00A1 0008 0000
M151.ETC	0	20	06F7B	0015 012C 0096 00DE 0096 0096 008F 00E3 0092 00F9 0008 0000
M151.ETC	0	21	06F86	009F 00FA 00EA 0020 0020 00B4 00D9 00CC 00E6 012D 00FC 00F9 012E 012F 0130 00A5 00A5 00A5 0003 0097 008F 00E4 0020 0020 000A 00E6 0131 0132 00E2 00EA 009D 00DE 00E0 00DE 0005 0000
M151.ETC	0	22	06FA8	009A 00E9 0133 00EA 0020 0020 00B7 00D0 00E6 00EA 00EF 00E0 00DE 0134 0102 00E0 00DE 0003 009F 00FA 0086 0135 008F 00E3 0020 0020 0136 00E6 0137 00F8 00E5 009B 0092 0003 0092 009D 00DE 00FA 0138 0093 0139 00EF 00E3 00DE 00A5 00A5 00A5 009B 00F7 00EA 00DE 00E0 00DE 00A1 0008 0000
M151.ETC	0	23	06FD8	00EF 0091 0020 000A 013A 008F 00E0 00F7 00A5 00A5 00A5 0003 013B 013C 0086 0020 0095 013D 00E6 009B 00FA 00F9 00E5 00FD 00E3 0003 013E 013F 008F 0140 0096 00DE 0020 0095 0091 00F8 00E5 00FD 00E3 00DE 009D 009A 00E4 0021 0008 0000
M151.ETC	0	24	06FFE	0093 00EC 00EC 00A5 00A5 00A5 000A 013A 00EA 0003 0141 0142 00E9 0143 0144 00E6 0020 0095 00E5 00F8 00E6 00E5 008F 00E3 00F3 0003 0096 009B 00DE 00F8 0140 00E9 00E5 0092 0020 0145 0146 00E3 00DE 009D 00E9 00E8 003F 0008 0000
M151.ETC	0	25	07026	000A 013A 00E9 0020 0095 0147 00FA 00E9 013B 013C 00EA 0003 00E4 00DE 00E1 00F7 00E3 00DE 0020 0129 00E2 0099 00F7 00FA 00E0 00E9 00E3 00DE 009D 003F 0003 0148 00E0 00DE 0096 0020 00E4 008F 00E3 00F3 0140 0149 0096 00DE 0091 00F8 00EF 009D 00FC 00A1 0008 0000
M151.ETC	0	26	07051	00BA 00CE 00DD 00A5 00A5 00A5 014A 009C 014B 0099 00DE 00E3 0095 0097 00EF 009D 0096 00DE 0003 014C 014D 00E6 0020 014E 0097 014F 0086 0135 00E1 010E 00F1 009A 00E4 00EA 0003 0096 00E0 0098 0150 009C 00DE 00F7 00FA 00E3 0095 00F8 00EF 009D 0020 00CA 00B2 00A1 0008 0000
M151.ETC	0	27	07081	0095 00F4 0020 000A 0151 00E9 0095 013D 00EA 00A5 00A5 00A5 0003 00F3 009C 00F4 0020 013B 013C 00E3 00DE 00EA 0091 00F8 00EF 009E 00E7 0096 00E5 0003 00ED 0094 0094 0020 009F 0093 0092 0093 0020 009C 008D 0152 00E3 00DE 009D 0096 003F 0008 0000
M151.ETC	0	28	070AC	0091 00FA 00EF 0091 0020 013B 013C 0086 0153 0094 00E3 00E9 0154 014C 00E4 00EA 0003 0092 008F 00E0 0092 0020 00E4 00DE 00E9 00F6 0093 00E5 0155 0156 00E3 00DE 009D 0096 00E5 003F 0003 009A 00FA 00EF 00E0 0020 0157 00FC 008F 00E0 0095 013D 00E0 00DE 009A 00E4 00A5 00A5 00A5 00A1 0008 0000
M151.ETC	0	29	070DC	0148 00E3 00DE 009D 0096 00A5 00A5 00A5 000A 0151 003F 0003 00F4 00F4 0020 00F3 009C 00F4 0020 009F 00E9 013B 013C 0086 0003 0158 0102 009C 00E3 0098 00FA 00E4 0020 0092 00FC 00FA 00EF 009D 0096 003F 0008 0000
M151.ETC	0	30	07100	0095 0159 00EA 0020 0141 0142 00E6 015A 015B 009C 00E0 009A 00E4 00E3 00DE 0003 00E4 00DE 009A 0096 0020 0095 0096 009C 0098 00E5 008F 00E0 00E9 0096 003F 0003 00E0 00DE 008F 00E3 0020 009F 00FA 0020 013B 013C 00E0 00DE 00F6 00E5 0091 00A1 0008 0000
M151.ETC	0	31	07128	000A 0096 00DE 0020 0112 0113 00E6 015A 00E3 00F9 00E4 015C 0092 00E3 0003 00E4 00DE 00FD 00E5 009A 00E4 0086 0020 00F4 008F 00E3 0098 00F9 0096 00E4 015D 008F 00E0 00F7 0003 00A5 00A5 00A5 013B 013C 0086 0020 009B 0096 00DE 009C 00E3 0098 00F9 009A 00E4 00E4 00EA 0021 0008 0000
M151.ETC	0	32	07156	0095 00FA 00EA 0020 000A 00E9 015A 015B 00E9 015E 00F7 009E 0086 0003 015F 0160 00E6 0020 00F6 00FB 009A 00FD 00E3 00DE 0092 00E0 00FD 00E0 00DE 0099 00E4 00DE 00A5 00A5 00A5 0003 013B 013C 0086 0153 0094 00F9 0020 0095 0159 0129 00F9 00E4 0020 00B6 00DE 00AF 00B6 00D8 00E0 00DE 00A1 0008 0000
M151.ETC	0	33	07188	000A 0151 00EA 0020 0141 0142 00E6 00E5 00F7 00FA 00E3 0003 00EF 009D 00EF 009D 0020 00E0 0098 00EF 009C 0098 00E5 008F 00E0 00A5 00A5 00A5 0096 00DE 0003 00CC 00DF 00CC 00DF 00AF 0020 0095 013D 00E6 013B 013C 00E4 00EA 0020 00B9 00AF 00BB 00B8 00E0 00DE 0021 0008 0000
M151.ETC	0	34	071B6	0021 0020 0020 000A 013A 00EA 0020 00EA 009D 00DE 0096 009C 0098 00E5 0092 00E9 0096 003F 0003 0141 0142 00E0 00F9 0161 0096 00DE 0020 013B 013C 0086 0153 0094 00F9 00E4 00EA 00A5 00A5 00A5 0003 00B5 00C3 00DE 00B6 00DE 00DD 00E9 0141 0142 00F3 0020 0162 00E6 0163 00E1 00E0 00E5 0091 00A1 0008 0000
M151.ETC	0	35	071E8	000A 013A 00E9 0020 0164 00FB 00E6 0092 00F9 00E9 00EA 0003 013B 013C 00E3 00DE 009D 0099 00E4 00DE 00A5 00A5 00A5 00EA 00EA 0091 00A5 00A5 00A5 0003 0141 0142 00E9 0112 0113 00E4 0020 0165 0166 0096 00DE 0091 00F9 00FD 00E3 00DE 009C 008E 003F 0008 0000
M151.ETC	0	36	07212	000A 013A 00EA 0020 013B 013C 0086 0167 00FC 00FA 00E0 00E9 003F 0003 00E3 00DE 00F3 0020 00E5 00FD 00E3 0097 00FA 0092 00E5 013B 013C 00E5 00FD 00E3 00DE 009C 008E 0021 0003 009F 00FA 00E6 0020 0140 0149 00E6 0091 00EC 00FA 00E3 0092 00F9 00FC 00F6 00A1 0008 0000
M151.ETC	0	37	0723E	000A 013A 00E4 0020 013B 013C 00E9 0168 00F8 011C 00FC 009E 003F 0003 00F0 00FD 00E5 00EA 0020 0095 0096 009C 0098 015D 0093 00E3 00DE 009C 008E 0093 0099 00E4 00DE 0003 0169 00EA 00A5 00A5 00A5 009D 009A 00DE 0098 00BD 00C3 00B7 00E0 00DE 00E4 015D 0093 00A1 0008 0000
M151.ETC	0	38	0726D	0141 0142 00E6 00E5 00F7 00FA 00E0 0020 000A 013A 00E3 00DE 009D 00E8 003F 0003 009F 00FD 00E5 0143 0144 00E9 016A 0096 00DE 0020 0091 00F7 0020 0092 00F4 00E0 00DE 00FC 0091 0003 013B 013C 0096 00DE 0020 0164 0086 00E2 0099 00E3 0097 00E3 0092 00EF 009D 00FC 00F6 00A1 0008 0000
M151.ETC	0	39	0729B	00ED 008A 008A 0020 00CE 00DD 00C4 00E6 016B 0136 00E0 00DE 00E5 0091 00A5 00A5 00A5 0003 000A 0096 00DE 0020 013B 013C 0086 0153 0094 00E3 016C 0098 00E5 00FD 00E3 0003 0092 00EF 00EF 00E3 00DE 00E9 00B7 00D0 0096 00F7 00EA 0020 016D 0094 00F7 00FA 00E5 0092 00F6 00A1 0008 0000
M151.ETC	0	40	072CC	0093 0020 0093 00FD 003F 0020 00E5 00FD 00E0 00DE 00BB 00D9 009C 00DE 008C 00E5 0092 0096 0021 0003 015A 015B 00E9 00C1 00AC 00DD 00BD 0086 0020 00E9 0096 00DE 009C 00E0 00CE 00DE 00B8 0086 0003 00E5 0098 00DE 009B 00F2 00E6 0020 0097 00E3 0098 00FA 00E0 00FD 00E0 00DE 00E8 0020 0098 00DE 00B0 00A1 0008 0000
M151.ETC	0	41	07302	00EF 0091 0020 0096 00FC 0092 0092 0020 0095 00BB 00D9 009B 00FD 0003 0097 008F 00E4 0020 0095 016E 00E3 00DE 00F3 009D 0092 00E0 00FD 00E3 00DE 009C 008E 003F 0003 00E3 00DE 00F3 016F 0020 00CA 00DE 00C5 00C5 00EA 0135 008F 00E3 0092 00E5 0092 00E9 00A1 0008 0000
M151.ETC	0	42	0732F	0091 00F7 00B2 00D4 00E0 00DE 00FC 0020 00BB 00D9 009C 00DE 008C 00E5 0092 00E9 00F6 0003 00BB 00D9 00EA 0020 009D 0098 00DE 00B2 00C0 00BD 00DE 00D7 009D 00F9 0096 00F7 0003 00B7 00D7 00B2 00E5 00E9 00F6 00E8 008A 0020 00BC 00AF 00BC 0020 00BC 00AF 00BC 00A1 0008 0000
M151.ETC	0	43	07362	0095 014C 00E6 0020 0095 00BB 00D9 009B 00FD 0096 00DE 0098 00F9 00E5 00FD 00E3 0003 0097 008F 00E4 0020 00EA 009C 00DE 00F2 00E3 00E9 009A 00E4 009C 00DE 008C 00E5 0092 003F 0003 0099 0092 00EB 00DE 0170 00EA 0020 0148 009C 00E3 00F9 00E9 0096 009C 00F7 0021 0008 0000
M151.ETC	0	44	07390	00BA 00CE 00DD 00A5 00A5 00A5 014A 009C 014B 0099 00DE 00E3 0095 0097 00EF 009D 0096 00DE 0003 00B5 00C3 00DE 00B6 00DE 00DD 014C 00E3 00DE 00EA 0020 014E 0097 014F 00E9 0128 014C 00EA 0003 0096 00E0 0098 0020 0095 0171 00F8 014A 009C 014B 0099 00DE 00E3 0095 00F8 00EF 009D 009F 00DE 00A1 0008 0000
M151.ETC	0	45	073C4	0095 0092 0020 00BB 00D9 0021 0020 00E4 00DE 009A 0096 00F7 0172 00E0 00FD 00E0 00DE 0003 009F 00FD 00E5 0173 00E3 00DE 0020 00C0 00DE 00DD 00BD 0086 009C 00E3 00E5 0092 00E3 00DE 0003 0174 00F1 0096 00F7 0020 014C 0096 00F7 015A 00E3 0175 008F 00E3 0098 00FA 0021 0008 0000
M151.ETC	0	46	073F3	00EE 00EE 0093 0020 009A 00FA 0096 00DE 00D3 00DD 00B7 00B0 00C0 00DE 00DD 00BD 0021 0003 00E1 00EF 00E0 00E9 0020 0176 0161 00E0 00E1 00E9 0091 0092 00E0 00DE 00E3 00DE 00EA 0003 0177 0178 0175 00E9 0020 0095 00E4 00DE 00F8 00E4 015C 0097 00EF 009C 00E0 00A1 0008 0000
M151.ETC	0	47	07423	0091 00F8 008C 0020 009A 00F8 008C 00EF 00E0 00A5 00A5 00A5 00A5 0003 00E3 00DE 008F 0096 0092 00BB 00D9 0096 00DE 0020 00F4 008F 00E3 0097 00E0 009F 00DE 0003 00E4 00DE 0093 00F4 008F 00E3 0020 0158 0102 009D 00F9 00E9 0096 00E5 0091 003F 0008 0000
M151.ETC	0	48	0744D	009A 0092 00E2 0020 00B5 00DA 00E9 0159 00E3 00DE 00C0 00DE 00DD 00BD 00E4 00EA 0021 0003 0127 0179 0086 0132 00E3 00E5 0092 0020 00B5 00DA 00E9 009A 00E4 0086 0003 00CA 00DE 00B6 00E6 009C 00E3 00F9 00F0 00E0 0092 00E3 00DE 0020 0098 00F4 009C 0092 009E 00DE 00A1 0008 0000
M151.ETC	0	49	0747E	00C0 00DE 00DD 00BC 00DD 00B8 00DE 0020 00C0 00DE 00DD 00BC 00DD 00B8 00DE 0021 0003 009A 00F8 008C 00EF 00E0 0020 009D 0099 00DE 008A 00D8 00BD 00DE 00D1 017A 00E0 00DE 00E5 0003 00B5 00DA 00F3 0020 00D1 00BD 00DE 00D1 00BD 00DE 009C 00E3 0097 00E0 009E 00DE 0021 0008 0000
M151.ETC	0	50	074B0	0091 0091 0020 00F4 00F2 00FB 008F 0020 00F4 00F2 00E3 0098 00FA 008F 0003 016F 0139 00EA 0020 017B 0096 00F7 017C 0096 00DE 017D 0092 008F 00E3 00E9 00E6 0003 009F 00FD 00E5 00E4 009A 00E3 00DE 0020 00C0 00DE 00DD 00BD 009B 00FA 00E3 00E0 00EF 00F9 0096 0021 0008 0000
M151.ETC	0	51	074DF	014C 017E 017F 00E6 0020 0180 0177 00E5 00BB 00D9 0096 00DE 0172 00F9 00E5 00FD 00E3 0003 0148 0096 00E9 0020 0159 0181 00FA 00E6 00E1 0096 00DE 0092 00E5 0092 00E3 00DE 009D 0003 00A5 00A5 00A5 00E6 009C 00E3 00F3 0020 00C9 00D8 00E9 0092 0092 00BB 00D9 00E0 00DE 0021 0008 0000
M151.ETC	0	52	07510	0091 00F8 008C 00F8 008C 0020 0092 0097 00E5 00F8 00C0 00DE 00DD 00BD 00E4 00EA 0003 0177 0182 00E6 009C 00E3 0020 010A 0183 00E5 00BB 00D9 00E3 00DE 009D 00E8 008A 0003 0092 00E2 00EF 00E3 00DE 0095 00E4 00DE 00F9 0096 0020 0129 00E3 00F6 008F 00E4 0021 0008 0000
M151.ETC	0	53	0753F	009A 00FA 00EA 0020 00BB 00D9 00E0 00DE 00F6 00E5 0091 00A5 00A5 00A5 0003 0184 00EF 00E3 00DE 0020 00F4 008F 00E3 00F9 008F 00E3 009A 00E4 00EA 0003 00BB 00B0 00B6 00BD 0096 00F7 0020 00E6 0099 00DE 00E0 00E9 0096 00F3 0021 0008 0000
M151.ETC	0	54	07567	00EF 0091 0020 0096 00FC 0092 0092 0020 0095 00BB 00D9 009B 00FD 00E0 00DE 00FC 0003 00E3 00DE 00F3 00A5 00A5 00A5 0096 00FC 0092 0092 008F 00E3 0092 0093 00E6 00EA 0003 00E1 008E 008F 00E4 0020 0177 0097 009D 0097 00DE 00F9 0140 00F3 009D 00F9 00FC 00A1 0008 0000
M151.ETC	0	55	07593	0097 008C 00B0 008F 0020 00E0 00DE 00FA 0096 00B0 008F 0020 0185 0099 00E3 00B0 008F 0003 00A5 00A5 00A5 008F 00E3 0020 0095 00E4 00DE 00FB 0092 00E3 00F0 00E0 0099 00E4 00DE 0003 00EB 00E0 009D 00F7 0020 0095 00E4 00DE 008F 00E3 0092 00F9 00E0 00DE 0099 00E0 00DE 00FC 00A1 0008 0000
M151.ETC	0	56	075C1	0186 0187 00E9 0157 00FC 00F8 013F 00EA 0020 00E4 00DE 00FD 00E5 014E 0097 014F 00F3 0003 00E0 009C 0096 00E6 0020 0188 0096 00FA 00F9 00F3 00E9 00E0 00DE 0099 00E4 00DE 0003 009A 00FA 00EA 0020 00E1 008E 008F 00E4 0020 0188 0096 00FA 009D 0097 00DE 00F6 00A1 0008 0000
M151.ETC	0	57	075F0	012E 0189 00E9 00C3 00A8 00B1 00D7 00E9 0020 018A 009C 0092 013B 013C 00E5 00F7 0003 018B 0092 00E9 018C 0086 0020 018D 00E9 016A 00ED 018E 0096 008F 00E0 00F6 0008 0000
M151.ETC	0	58	07611	00A5 00A5 00A5 0020 00EF 009D 00DE 0092 00E5 0020 0177 00B8 00DE 00D3 00E9 018F 00E9 0190 0191 00E6 0003 0177 0192 0086 0193 0094 00E3 0020 018B 0092 010E 00FD 00E0 00DE 00F7 009C 0092 00F6 0003 0177 0192 00EA 0194 0096 009C 00E4 0098 0096 00F7 0020 0195 0098 0175 0098 00FD 00E0 00DE 00E8 00A1 0008 0000
M151.ETC	0	59	07646	013B 013C 0096 00DE 0020 0177 00B8 00DE 00D3 00E6 00F4 00F7 00FA 00F9 0159 00E6 0003 0196 0092 00E3 00DE 0020 0185 0099 00E6 0175 0098 00FD 00E0 00DE 00E8 00A1 0008 0000
M151.ETC	0	60	07663	0091 00FD 00E0 0096 00DE 0020 0177 00B8 00DE 00D3 0096 00F7 0185 0099 00E0 00E9 0096 00DE 0003 009F 00E9 0020 0097 00FA 0092 00E5 013B 013C 009B 00FD 00E0 00DE 00E8 003F 0003 00F6 0096 008F 00E0 00E5 0020 013B 013C 00E9 0095 009C 00DE 008E 0093 009B 00FD 0021 0008 0000
M151.ETC	0	61	0768E	00ED 0094 0020 009F 00E9 0095 009C 00DE 008E 0093 009B 00FD 0096 00DE 0003 0091 00E9 0197 00E9 0020 013B 013C 00E0 00DE 00E5 00FD 00E3 00A5 00A5 00A5 0020 0006 0003 009A 00E9 015B 0198 00EA 0020 010A 015D 0199 00E5 009A 00E4 0096 00DE 0091 00F9 00E8 00A1 0008 0000
M151.ETC	0	62	076BB	019A 00E9 019B 0096 00F7 015C 0092 00E3 0020 0095 00E4 00DE 00FB 0092 00E0 0096 00DE 0003 019C 019D 00E5 0020 00C0 00DE 00B0 00B8 00B4 00D9 00CC 00E9 00CA 00DF 00BF 00DE 00B0 00C4 0096 00DE 0003 0180 019E 0086 019F 01A0 009C 00E6 0020 00F4 008F 00E3 0097 00E3 00F9 008F 00E3 003F 0005 00BC 00DE 00DD 00E0 00E1 0096 00DE 0020 012A 01A1 00E3 00DE 019F 01A0 009B 00FA 00E0 00F7 0003 01A2 01A3 0096 00DE 0020 01A4 01A5 00E6 00E5 008F 00E3 009C 00EF 0093 00FD 00E0 00DE 0003 0091 0091 0020 016D 0094 00E0 00E0 00DE 0099 00E3 00DE 00F3 0020 01A6 00FB 009C 0092 00F6 00A1 0008 0000
M151.ETC	0	63	0771F	0096 00F0 0096 009B 00DE 00F8 0086 009C 00E0 013B 013C 003F 0020 00B3 00B0 00DD 0003 01A7 008F 00E3 0092 00E0 0096 00F7 0020 0140 00E2 00DE 0096 00E5 0096 008F 00E0 00E5 0003 01A8 00E9 00C4 00DA 00DD 00C4 00E6 00F3 0020 015C 0092 00E3 00F0 00F9 00E4 0092 0092 00A1 0008 0000
M151.ETC	0	64	0774E	018D 00E9 016A 0096 00F7 0020 0185 0099 0086 01A9 00F2 00F9 01AA 0096 00DE 009D 00F9 0003 00F6 0098 0020 015C 0097 0168 00FA 00E5 0092 0099 00E4 00DE 00A5 00A5 00A5 0020 00E0 00EC 00DE 00FD 0003 0177 00B8 00DE 00D3 00E9 018F 0096 00F7 0020 015C 009A 0094 00E3 0098 00F9 00FD 00E0 00DE 00F6 00A1 0008 0000
M151.ETC	0	65	07782	01AB 01AC 01AD 00E9 0177 0097 00E5 01AE 00EA 0020 00CD 00BF 00EF 0096 00DE 00F8 00E0 00DE 0096 00F7 0003 01AF 0086 00EC 009B 0096 00DE 00FA 00E0 00F7 0020 0095 00E4 00DE 0096 009C 00E3 00F4 00F9 00E4 0092 0092 0003 01B0 0092 00E9 00E3 00DE 0020 00CD 00BF 0086 01B1 009C 00E3 00F0 00F9 00E4 0096 00E8 00A1 0008 0000
M151.ETC	0	66	077BA	009A 00E9 0159 00E9 01B2 0140 0091 00F9 01B3 01AC 00E6 00A5 00A5 00A5 009A 00FD 00E6 00E1 00EA 019E 01B4 00E9 0095 009C 00DE 008E 0093 009B 00FD 0095 01B5 011C 0092 00E9 00B6 00AF 00CC 00DF 00D9 00E0 00DE 00E4 015D 0093 00F6 00A1 0008 0000
M151.ETC	0	67	077E7	00F3 009C 0020 01B6 00E9 0162 016A 00E6 0175 0098 00E9 00E5 00F7 0003 0092 0092 009A 00E4 0086 0020 01B7 0094 00E3 0091 0099 00DE 00F6 0093 0005 01B6 00E9 0162 016A 0086 01B8 00E6 0020 017E 008F 00E3 0092 0098 00E4 0003 01B9 00E9 0162 016A 00ED 01BA 0098 0020 00E4 00DE 0093 0098 00E2 0096 00DE 0091 00F9 00E9 009B 0003 0148 0096 00E9 00E4 0097 00E6 00EA 0020 0111 008F 00E3 00F0 00F9 00E4 01BB 01BC 00E0 00DE 00F6 00A1 0008 0000
M151.ETC	0	68	07832	00A5 00A5 00A5 00A5 00A5 00A5 0008 0000
M151.ETC	0	69	0783A	00F3 009C 00F4 00A5 00A5 00A5 0006 0020 0169 00E9 01BD 01AE 0096 00DE 00FC 0096 00F9 00E9 00E8 003F 0008 0000
M151.ETC	0	70	0784F	0091 00E5 00E0 00EA 0020 0169 0096 00DE 013B 013C 00E6 009B 00FA 00E0 01BE 00E6 0003 0169 0086 0020 0185 0099 00E6 0172 00E3 0098 00FA 00E0 019E 00E3 00DE 009D 00E8 003F 0008 0000
M151.ETC	0	71	0786D	0091 00E9 01BE 0096 00F7 0020 00E4 00DE 0093 009C 00E3 0092 0092 0096 00A5 00A5 00A5 0003 00E3 00DE 00F3 0020 0169 0086 0185 0099 00E6 0172 00E3 0098 00FA 00E0 00E9 00E5 00F7 0003 0091 00E5 00E0 00E9 0164 00E6 0020 00E2 0092 00E3 00EF 0092 00F8 00EF 009D 0021 0008 0000
M161.ETC	0	0	06F48	00B9 00DE 00B0 00D1 0086 0020 00E1 008D 0093 00E0 00DE 00FD 009C 00EF 009D 0003 00F6 00FB 009C 0092 00E3 00DE 009D 0096 003F 0000
M161.ETC	0	1	06F60	0015 0002 00C3 00DE 00B0 00C0 0086 0100 00FD 00E3 00DE 0098 00E0 00DE 009B 0092 0000
M161.ETC	0	2	06F70	0015 0002 0101 0102 0086 0100 00FD 00E3 00DE 0098 00E0 00DE 009B 0092 0000
M161.ETC	0	3	06F80	0015 0002 00CA 00DE 00AF 00B8 00B1 00AF 00CC 00DF 0052 0041 004D 0086 0100 00FD 00E3 00DE 0098 00E0 00DE 009B 0092 0000
M161.ETC	0	4	06F98	0015 0002 009A 00E9 00C3 00DE 00B0 00C0 0086 0020 0103 009C 00E3 00F6 00FB 009C 0092 00E3 00DE 009D 0096 003F 0000
M161.ETC	0	5	06FAD	0015 0002 009A 00E9 00C3 00DE 00B0 00C0 0086 0020 0104 0105 009C 00EF 009D 0096 003F 0000
M161.ETC	0	6	06FBE	0015 0002 0106 0107 0052 0041 004D 00E9 0108 0109 0096 00DE 0020 010A 010B 009C 00E3 0092 00EF 009D 0008 0000
M161.ETC	0	7	06FD3	0015 0002 00B6 00B0 00C4 00D8 00AF 00BC 00DE 0052 0041 004D 00E9 0108 0109 0096 00DE 0020 010A 010B 009C 00E3 0092 00EF 009D 0008 0000
M161.ETC	0	8	06FEC	0015 0002 0108 0109 010A 010B 00E9 00E0 00F2 0020 00BA 00CB 00DF 00B0 00E3 00DE 0097 00EF 009E 00FD 0008 0000
M161.ETC	0	9	07001	0015 0002 0108 0109 010A 010B 00E9 00E0 00F2 0020 0105 010C 00E9 00BE 00B0 00CC 00DE 00EA 00E3 00DE 0097 00EF 009E 00FD 0008 0000
M161.ETC	0	10	07019	0015 0002 00B6 00B0 00C4 00D8 00AF 00BC 00DE 0052 0041 004D 0096 00DE 0020 0091 00F8 00EF 009E 00FD 0008 0000
M161.ETC	0	11	0702E	0015 0002 00B6 00B0 00C4 00D8 00AF 00BC 00DE 0052 0041 004D 00E6 00EA 0020 010D 0097 010E 00F0 00E3 00DE 0097 00EF 009E 00FD 0008 0000
M161.ETC	0	12	07048	0015 0002 010F 0097 00FB 0098 00E9 009C 008E 0110 0086 0020 00EB 00E4 00E2 0111 008F 00E3 0003 009A 009A 00EF 00E3 00DE 00E9 0112 0113 0086 0020 0114 0115 009D 00F9 009A 00E4 0096 00DE 00E3 00DE 0097 00EF 009D 00A1 0003 0114 0115 009C 00EF 009D 0096 003F 0000
M161.ETC	0	13	07074	0015 0009 0007 0114 0115 0086 0116 0117 009D 00F9 00E0 00F2 00E6 0031 0037 00E9 0118 0097 0108 0109 0096 00DE 0119 011A 00E3 00DE 009D 00A1 0003 009A 00E9 00EF 00EF 00B9 00DE 00B0 00D1 0086 00BD 00C0 00B0 00C4 009B 009E 00E0 011B 011C 0003 0114 0115 0086 0116 0117 009D 00F9 009A 00E4 0096 00DE 00E3 00DE 0097 00EF 009E 00FD 0005 0003 0112 0113 00E9 0114 0115 0086 0116 0117 009C 00E0 0092 011B 011C 00EA 0003 0116 0117 00C3 00DE 00B0 00C0 011D 0102 011E 011F 00E3 00DE 00C3 00DE 00B0 00C0 0086 0120 0102 009C 00E3 0003 00B9 00DE 00B0 00D1 0086 0121 00BD 00C0 00B0 00C4 009C 00E3 0098 00E0 00DE 009B 0092 00A1 0008 0000
M161.ETC	0	14	070DE	0015 0002 0009 0007 010D 0097 010E 00F0 00E6 0122 0123 009C 00EF 009C 00E0 0008 0000
M161.ETC	0	15	070F0	0015 0002 00CA 00DE 00AF 00B8 00B1 00AF 00CC 00DF 00C3 00DE 00B0 00C0 00EA 0091 00F8 00EF 009E 00FD 0000
M161.ETC	0	16	07105	0015 0009 0007 0106 0107 0052 0041 004D 00E9 0124 0125 0096 00DE 0020 00E3 00DE 0097 00E3 0092 00EF 009E 00FD 00A1 0003 0116 0117 00C3 00DE 00B0 00C0 011D 0102 011E 011F 00E3 00DE 0020 0126 00E3 00E9 0114 0115 0086 0103 009C 0003 00B9 00DE 00B0 00D1 0086 0020 0121 00BD 00C0 00B0 00C4 009C 00E3 0098 00E0 00DE 009B 0092 00A1 0000
M161.ETC	0	17	0713E	0015 0009 0007 00B6 00B0 00C4 00D8 00AF 00BC 00DE 0052 0041 004D 00E9 0124 0125 0096 00DE 0020 00E3 00DE 0097 00E3 0092 00EF 009E 00FD 00A1 0003 0116 0117 00C3 00DE 00B0 00C0 011D 0102 011E 011F 00E3 00DE 0020 0126 00E3 00E9 0114 0115 0086 0103 009C 0003 00B9 00DE 00B0 00D1 0086 0020 0121 00BD 00C0 00B0 00C4 009C 00E3 0098 00E0 00DE 009B 0092 00A1 0000
M161.ETC	0	18	0717B	0015 000E 0086 0127 00E6 0128 00FA 00E0 0004 0000
M161.ETC	0	19	07187	0015 000A 00EA 0020 00CA 00DE 00C4 00D9 00BF 00B0 00C4 00DE 0086 0129 00E2 0099 00E3 0003 00BC 00AE 00B0 00C4 00BF 00B0 00C4 00DE 0086 0020 012A 012B 00E6 0095 0092 00E0 00A1 0008 0000
M161.ETC	0	20	071A9	0015 012C 0096 00DE 0096 0096 008F 00E3 0092 00F9 0008 0000
M161.ETC	0	21	071B4	009F 00FA 00EA 0020 0020 00B4 00D9 00CC 00E6 012D 00FC 00F9 012E 012F 0130 00A5 00A5 00A5 0003 0097 008F 00E4 0020 0020 000A 00E6 0131 0132 00E2 00EA 009D 00DE 00E0 00DE 0005 0000
M161.ETC	0	22	071D5	009A 00E9 0133 00EA 0020 0020 00B7 00D0 00E6 00EA 00EF 00E0 00DE 0134 0102 00E0 00DE 0003 009F 00FA 0086 0135 008F 00E3 0020 0020 0136 00E6 0137 00F8 00E5 009B 0092 0003 0092 009D 00DE 00FA 0138 0093 0139 00EF 00E3 00DE 00A5 00A5 00A5 009B 00F7 00EA 00DE 00E0 00DE 00A1 0008 0000
M161.ETC	0	23	07204	00EF 0091 0020 000A 013A 008F 00E0 00F7 00A5 00A5 00A5 0003 013B 013C 0086 0020 0095 013D 00E6 009B 00FA 00F9 00E5 00FD 00E3 0003 013E 013F 008F 0140 0096 00DE 0020 0095 0091 00F8 00E5 00FD 00E3 00DE 009D 009A 00E4 0021 0008 0000
M161.ETC	0	24	0722A	0093 00EC 00EC 00A5 00A5 00A5 000A 013A 00EA 0003 0141 0142 00E9 0143 0144 00E6 0020 0095 00E5 00F8 00E6 00E5 008F 00E3 00F3 0003 0096 009B 00DE 00F8 0140 00E9 00E5 0092 0020 0145 0146 00E3 00DE 009D 00E9 00E8 003F 0008 0000
M161.ETC	0	25	07251	000A 013A 00E9 0020 0095 0147 00FA 00E9 013B 013C 00EA 0003 00E4 00DE 00E1 00F7 00E3 00DE 0020 0129 00E2 0099 00F7 00FA 00E0 00E9 00E3 00DE 009D 003F 0003 0148 00E0 00DE 0096 0020 00E4 008F 00E3 00F3 0140 0149 0096 00DE 0091 00F8 00EF 009D 00FC 00A1 0008 0000
M161.ETC	0	26	0727C	00BA 00CE 00DD 00A5 00A5 00A5 014A 009C 014B 0099 00DE 00E3 0095 0097 00EF 009D 0096 00DE 0003 014C 014D 00E6 0020 014E 0097 014F 0086 0135 00E1 010E 00F1 009A 00E4 00EA 0003 0096 00E0 0098 0150 009C 00DE 00F7 00FA 00E3 0095 00F8 00EF 009D 0020 00CA 00B2 00A1 0008 0000
M161.ETC	0	27	072AB	0095 00F4 0020 000A 0151 00E9 0095 013D 00EA 00A5 00A5 00A5 0003 00F3 009C 00F4 0020 013B 013C 00E3 00DE 00EA 0091 00F8 00EF 009E 00E7 0096 00E5 0003 00ED 0094 0094 0020 009F 0093 0092 0093 0020 009C 008D 0152 00E3 00DE 009D 0096 003F 0008 0000
M161.ETC	0	28	072D6	0091 00FA 00EF 0091 0020 013B 013C 0086 0153 0094 00E3 00E9 0154 014C 00E4 00EA 0003 0092 008F 00E0 0092 0020 00E4 00DE 00E9 00F6 0093 00E5 0155 0156 00E3 00DE 009D 0096 00E5 003F 0003 009A 00FA 00EF 00E0 0020 0157 00FC 008F 00E0 0095 013D 00E0 00DE 009A 00E4 00A5 00A5 00A5 00A1 0008 0000
M161.ETC	0	29	07306	0148 00E3 00DE 009D 0096 00A5 00A5 00A5 000A 0151 003F 0003 00F4 00F4 0020 00F3 009C 00F4 0020 009F 00E9 013B 013C 0086 0003 0158 0102 009C 00E3 0098 00FA 00E4 0020 0092 00FC 00FA 00EF 009D 0096 003F 0008 0000
M161.ETC	0	30	0732A	0095 0159 00EA 0020 0141 0142 00E6 015A 015B 009C 00E0 009A 00E4 00E3 00DE 0003 00E4 00DE 009A 0096 0020 0095 0096 009C 0098 00E5 008F 00E0 00E9 0096 003F 0003 00E0 00DE 008F 00E3 0020 009F 00FA 0020 013B 013C 00E0 00DE 00F6 00E5 0091 00A1 0008 0000
M161.ETC	0	31	07353	000A 0096 00DE 0020 0112 0113 00E6 015A 00E3 00F9 00E4 015C 0092 00E3 0003 00E4 00DE 00FD 00E5 009A 00E4 0086 0020 00F4 008F 00E3 0098 00F9 0096 00E4 015D 008F 00E0 00F7 0003 00A5 00A5 00A5 013B 013C 0086 0020 009B 0096 00DE 009C 00E3 0098 00F9 009A 00E4 00E4 00EA 0021 0008 0000
M161.ETC	0	32	07381	0095 00FA 00EA 0020 000A 00E9 015A 015B 00E9 015E 00F7 009E 0086 0003 015F 0160 00E6 0020 00F6 00FB 009A 00FD 00E3 00DE 0092 00E0 00FD 00E0 00DE 0099 00E4 00DE 00A5 00A5 00A5 0003 013B 013C 0086 0153 0094 00F9 0020 0095 0159 0129 00F9 00E4 0020 00B6 00DE 00AF 00B6 00D8 00E0 00DE 00A1 0008 0000
M161.ETC	0	33	073B3	000A 0151 00EA 0020 0141 0142 00E6 00E5 00F7 00FA 00E3 0003 00EF 009D 00EF 009D 0020 00E0 0098 00EF 009C 0098 00E5 008F 00E0 00A5 00A5 00A5 0096 00DE 0003 00CC 00DF 00CC 00DF 00AF 0020 0095 013D 00E6 013B 013C 00E4 00EA 0020 00B9 00AF 00BB 00B8 00E0 00DE 0021 0008 0000
M161.ETC	0	34	073E1	0021 0020 0020 000A 013A 00EA 0020 00EA 009D 00DE 0096 009C 0098 00E5 0092 00E9 0096 003F 0003 0141 0142 00E0 00F9 0161 0096 00DE 0020 013B 013C 0086 0153 0094 00F9 00E4 00EA 00A5 00A5 00A5 0003 00B5 00C3 00DE 00B6 00DE 00DD 00E9 0141 0142 00F3 0020 0162 00E6 0163 00E1 00E0 00E5 0091 00A1 0008 0000
M161.ETC	0	35	07413	000A 013A 00E9 0020 0164 00FB 00E6 0092 00F9 00E9 00EA 0003 013B 013C 00E3 00DE 009D 0099 00E4 00DE 00A5 00A5 00A5 00EA 00EA 0091 00A5 00A5 00A5 0003 0141 0142 00E9 0112 0113 00E4 0020 0165 0166 0096 00DE 0091 00F9 00FD 00E3 00DE 009C 008E 003F 0008 0000
M161.ETC	0	36	0743D	000A 013A 00EA 0020 013B 013C 0086 0167 00FC 00FA 00E0 00E9 003F 0003 00E3 00DE 00F3 0020 00E5 00FD 00E3 0097 00FA 0092 00E5 013B 013C 00E5 00FD 00E3 00DE 009C 008E 0021 0003 009F 00FA 00E6 0020 0140 0149 00E6 0091 00EC 00FA 00E3 0092 00F9 00FC 00F6 00A1 0008 0000
M161.ETC	0	37	0746A	000A 013A 00E4 0020 013B 013C 00E9 0168 00F8 011C 00FC 009E 003F 0003 00F0 00FD 00E5 00EA 0020 0095 0096 009C 0098 015D 0093 00E3 00DE 009C 008E 0093 0099 00E4 00DE 0003 0169 00EA 00A5 00A5 00A5 009D 009A 00DE 0098 00BD 00C3 00B7 00E0 00DE 00E4 015D 0093 00A1 0008 0000
M161.ETC	0	38	07499	0141 0142 00E6 00E5 00F7 00FA 00E0 0020 000A 013A 00E3 00DE 009D 00E8 003F 0003 009F 00FD 00E5 0143 0144 00E9 016A 0096 00DE 0020 0091 00F7 0020 0092 00F4 00E0 00DE 00FC 0091 0003 013B 013C 0096 00DE 0020 0164 0086 00E2 0099 00E3 0097 00E3 0092 00EF 009D 00FC 00F6 00A1 0008 0000
M161.ETC	0	39	074C8	00ED 008A 008A 0020 00CE 00DD 00C4 00E6 016B 0136 00E0 00DE 00E5 0091 00A5 00A5 00A5 0003 000A 0096 00DE 0020 013B 013C 0086 0153 0094 00E3 016C 0098 00E5 00FD 00E3 0003 0092 00EF 00EF 00E3 00DE 00E9 00B7 00D0 0096 00F7 00EA 0020 016D 0094 00F7 00FA 00E5 0092 00F6 00A1 0008 0000
M161.ETC	0	40	074F9	0093 0020 0093 00FD 003F 0020 00E5 00FD 00E0 00DE 00BB 00D9 009C 00DE 008C 00E5 0092 0096 0021 0003 015A 015B 00E9 00C1 00AC 00DD 00BD 0086 0020 00E9 0096 00DE 009C 00E0 00CE 00DE 00B8 0086 0003 00E5 0098 00DE 009B 00F2 00E6 0020 0097 00E3 0098 00FA 00E0 00FD 00E0 00DE 00E8 0020 0098 00DE 00B0 00A1 0008 0000
M161.ETC	0	41	0752E	00EF 0091 0020 0096 00FC 0092 0092 0020 0095 00BB 00D9 009B 00FD 0003 0097 008F 00E4 0020 0095 016E 00E3 00DE 00F3 009D 0092 00E0 00FD 00E3 00DE 009C 008E 003F 0003 00E3 00DE 00F3 016F 0020 00CA 00DE 00C5 00C5 00EA 0135 008F 00E3 0092 00E5 0092 00E9 00A1 0008 0000
M161.ETC	0	42	0755B	0091 00F7 00B2 00D4 00E0 00DE 00FC 0020 00BB 00D9 009C 00DE 008C 00E5 0092 00E9 00F6 0003 00BB 00D9 00EA 0020 009D 0098 00DE 00B2 00C0 00BD 00DE 00D7 009D 00F9 0096 00F7 0003 00B7 00D7 00B2 00E5 00E9 00F6 00E8 008A 0020 00BC 00AF 00BC 0020 00BC 00AF 00BC 00A1 0008 0000
M161.ETC	0	43	0758D	0095 014C 00E6 0020 0095 00BB 00D9 009B 00FD 0096 00DE 0098 00F9 00E5 00FD 00E3 0003 0097 008F 00E4 0020 00EA 009C 00DE 00F2 00E3 00E9 009A 00E4 009C 00DE 008C 00E5 0092 003F 0003 0099 0092 00EB 00DE 0170 00EA 0020 0148 009C 00E3 00F9 00E9 0096 009C 00F7 0021 0008 0000
M161.ETC	0	44	075BB	00BA 00CE 00DD 00A5 00A5 00A5 014A 009C 014B 0099 00DE 00E3 0095 0097 00EF 009D 0096 00DE 0003 00B5 00C3 00DE 00B6 00DE 00DD 014C 00E3 00DE 00EA 0020 014E 0097 014F 00E9 0128 014C 00EA 0003 0096 00E0 0098 0020 0095 0171 00F8 014A 009C 014B 0099 00DE 00E3 0095 00F8 00EF 009D 009F 00DE 00A1 0008 0000
M161.ETC	0	45	075EE	0095 0092 0020 00BB 00D9 0021 0020 00E4 00DE 009A 0096 00F7 0172 00E0 00FD 00E0 00DE 0003 009F 00FD 00E5 0173 00E3 00DE 0020 00C0 00DE 00DD 00BD 0086 009C 00E3 00E5 0092 00E3 00DE 0003 0174 00F1 0096 00F7 0020 014C 0096 00F7 015A 00E3 0175 008F 00E3 0098 00FA 0021 0008 0000
M161.ETC	0	46	0761C	00EE 00EE 0093 0020 009A 00FA 0096 00DE 00D3 00DD 00B7 00B0 00C0 00DE 00DD 00BD 0021 0003 00E1 00EF 00E0 00E9 0020 0176 0161 00E0 00E1 00E9 0091 0092 00E0 00DE 00E3 00DE 00EA 0003 0177 0178 0175 00E9 0020 0095 00E4 00DE 00F8 00E4 015C 0097 00EF 009C 00E0 00A1 0008 0000
M161.ETC	0	47	0764B	0091 00F8 008C 0020 009A 00F8 008C 00EF 00E0 00A5 00A5 00A5 00A5 0003 00E3 00DE 008F 0096 0092 00BB 00D9 0096 00DE 0020 00F4 008F 00E3 0097 00E0 009F 00DE 0003 00E4 00DE 0093 00F4 008F 00E3 0020 0158 0102 009D 00F9 00E9 0096 00E5 0091 003F 0008 0000
M161.ETC	0	48	07674	009A 0092 00E2 0020 00B5 00DA 00E9 0159 00E3 00DE 00C0 00DE 00DD 00BD 00E4 00EA 0021 0003 0127 0179 0086 0132 00E3 00E5 0092 0020 00B5 00DA 00E9 009A 00E4 0086 0003 00CA 00DE 00B6 00E6 009C 00E3 00F9 00F0 00E0 0092 00E3 00DE 0020 0098 00F4 009C 0092 009E 00DE 00A1 0008 0000
M161.ETC	0	49	076A4	00C0 00DE 00DD 00BC 00DD 00B8 00DE 0020 00C0 00DE 00DD 00BC 00DD 00B8 00DE 0021 0003 009A 00F8 008C 00EF 00E0 0020 009D 0099 00DE 008A 00D8 00BD 00DE 00D1 017A 00E0 00DE 00E5 0003 00B5 00DA 00F3 0020 00D1 00BD 00DE 00D1 00BD 00DE 009C 00E3 0097 00E0 009E 00DE 0021 0008 0000
M161.ETC	0	50	076D5	0091 0091 0020 00F4 00F2 00FB 008F 0020 00F4 00F2 00E3 0098 00FA 008F 0003 016F 0139 00EA 0020 017B 0096 00F7 017C 0096 00DE 017D 0092 008F 00E3 00E9 00E6 0003 009F 00FD 00E5 00E4 009A 00E3 00DE 0020 00C0 00DE 00DD 00BD 009B 00FA 00E3 00E0 00EF 00F9 0096 0021 0008 0000
M161.ETC	0	51	07703	014C 017E 017F 00E6 0020 0180 0177 00E5 00BB 00D9 0096 00DE 0172 00F9 00E5 00FD 00E3 0003 0148 0096 00E9 0020 0159 0181 00FA 00E6 00E1 0096 00DE 0092 00E5 0092 00E3 00DE 009D 0003 00A5 00A5 00A5 00E6 009C 00E3 00F3 0020 00C9 00D8 00E9 0092 0092 00BB 00D9 00E0 00DE 0021 0008 0000
M161.ETC	0	52	07733	0091 00F8 008C 00F8 008C 0020 0092 0097 00E5 00F8 00C0 00DE 00DD 00BD 00E4 00EA 0003 0177 0182 00E6 009C 00E3 0020 010A 0183 00E5 00BB 00D9 00E3 00DE 009D 00E8 008A 0003 0092 00E2 00EF 00E3 00DE 0095 00E4 00DE 00F9 0096 0020 0129 00E3 00F6 008F 00E4 0021 0008 0000
M161.ETC	0	53	07761	009A 00FA 00EA 0020 00BB 00D9 00E0 00DE 00F6 00E5 0091 00A5 00A5 00A5 0003 0184 00EF 00E3 00DE 0020 00F4 008F 00E3 00F9 008F 00E3 009A 00E4 00EA 0003 00BB 00B0 00B6 00BD 0096 00F7 0020 00E6 0099 00DE 00E0 00E9 0096 00F3 0021 0008 0000
M161.ETC	0	54	07788	00EF 0091 0020 0096 00FC 0092 0092 0020 0095 00BB 00D9 009B 00FD 00E0 00DE 00FC 0003 00E3 00DE 00F3 00A5 00A5 00A5 0096 00FC 0092 0092 008F 00E3 0092 0093 00E6 00EA 0003 00E1 008E 008F 00E4 0020 0177 0097 009D 0097 00DE 00F9 0140 00F3 009D 00F9 00FC 00A1 0008 0000
M161.ETC	0	55	077B5	0097 008C 00B0 008F 0020 00E0 00DE 00FA 0096 00B0 008F 0020 0185 0099 00E3 00B0 008F 0003 00A5 00A5 00A5 008F 00E3 0020 0095 00E4 00DE 00FB 0092 00E3 00F0 00E0 0099 00E4 00DE 0003 00EB 00E0 009D 00F7 0020 0095 00E4 00DE 008F 00E3 0092 00F9 00E0 00DE 0099 00E0 00DE 00FC 00A1 0008 0000
M161.ETC	0	56	077E4	0186 0187 00E9 0157 00FC 00F8 013F 00EA 0020 00E4 00DE 00FD 00E5 014E 0097 014F 00F3 0003 00E0 009C 0096 00E6 0020 0188 0096 00FA 00F9 00F3 00E9 00E0 00DE 0099 00E4 00DE 0003 009A 00FA 00EA 0020 00E1 008E 008F 00E4 0020 0188 0096 00FA 009D 0097 00DE 00F6 00A1 0008 0000
M161.ETC	0	57	07813	0189 0161 00BC 00DE 00AC 00B2 00D9 00BD 00DE 00E9 018A 0020 000A 00F4 0003 00F6 0098 009F 00DE 0020 009A 009A 00EF 00E3 00DE 00F4 008F 00E3 0097 00EF 009C 00E0 00E8 0021 0008 0000
M161.ETC	0	58	07833	0169 00E9 0173 00E6 0020 0141 0086 018B 0096 00F8 00E6 0172 00E0 00E9 00EA 0003 00BC 00DE 00AC 00B2 00D9 00BD 00DE 016B 0172 0020 018C 009C 00EC 00DE 00F8 00E9 009A 00E4 00E3 00DE 009D 00A1 0008 0000
M161.ETC	0	59	07856	009F 00FA 00E3 00DE 00EA 0020 0162 014B 00E9 0161 00E0 00E1 00E4 00E9 018D 018E 00E3 00DE 009D 0003 018F 00E5 00F9 0141 0086 0020 018B 0099 00EF 009C 008E 0093 00A5 00A5 00A5 00A1 0008 0000
M161.ETC	0	60	07878	000A 00F4 0020 0141 0086 0096 0096 0099 00DE 00E5 009B 0092 0021 0008 0000
M161.ETC	0	61	07886	0126 00E3 00E9 012E 012F 00E4 0020 00BC 00AC 00B2 00C6 00DD 00B8 00DE 00BF 00B0 00C4 00DE 00E3 00DE 0003 0091 00E5 00E0 00EA 0020 00E4 00DE 00FD 00E5 0183 00E4 00F3 0190 0094 00EF 009D 0005 0000
M161.ETC	0	62	078AA	009B 0091 0020 0095 0175 0097 00E5 009B 0092 0003 00C0 00DE 00B0 00B8 00B4 00D9 00CC 00E9 0020 0191 009C 0097 0192 0193 0096 00F7 0003 009A 00E9 00B5 00C3 00DE 00B6 00DE 00DD 0086 0020 0194 00F9 00E9 00E3 00DE 009D 0021 0008 0000
M171.ETC	0	0	0749B	00B9 00DE 00B0 00D1 0086 0020 00E1 008D 0093 00E0 00DE 00FD 009C 00EF 009D 0003 00F6 00FB 009C 0092 00E3 00DE 009D 0096 003F 0000
M171.ETC	0	1	074B2	0015 0002 00C3 00DE 00B0 00C0 0086 0100 00FD 00E3 00DE 0098 00E0 00DE 009B 0092 0000
M171.ETC	0	2	074C2	0015 0002 0101 0102 0086 0100 00FD 00E3 00DE 0098 00E0 00DE 009B 0092 0000
M171.ETC	0	3	074D2	0015 0002 00CA 00DE 00AF 00B8 00B1 00AF 00CC 00DF 0052 0041 004D 0086 0100 00FD 00E3 00DE 0098 00E0 00DE 009B 0092 0000
M171.ETC	0	4	074EA	0015 0002 009A 00E9 00C3 00DE 00B0 00C0 0086 0020 0103 009C 00E3 00F6 00FB 009C 0092 00E3 00DE 009D 0096 003F 0000
M171.ETC	0	5	074FE	0015 0002 009A 00E9 00C3 00DE 00B0 00C0 0086 0020 0104 0105 009C 00EF 009D 0096 003F 0000
M171.ETC	0	6	0750F	0015 0002 0106 0107 0052 0041 004D 00E9 0108 0109 0096 00DE 0020 010A 010B 009C 00E3 0092 00EF 009D 0008 0000
M171.ETC	0	7	07524	0015 0002 00B6 00B0 00C4 00D8 00AF 00BC 00DE 0052 0041 004D 00E9 0108 0109 0096 00DE 0020 010A 010B 009C 00E3 0092 00EF 009D 0008 0000
M171.ETC	0	8	0753D	0015 0002 0108 0109 010A 010B 00E9 00E0 00F2 0020 00BA 00CB 00DF 00B0 00E3 00DE 0097 00EF 009E 00FD 0008 0000
M171.ETC	0	9	07552	0015 0002 0108 0109 010A 010B 00E9 00E0 00F2 0020 0105 010C 00E9 00BE 00B0 00CC 00DE 00EA 00E3 00DE 0097 00EF 009E 00FD 0008 0000
M171.ETC	0	10	0756A	0015 0002 00B6 00B0 00C4 00D8 00AF 00BC 00DE 0052 0041 004D 0096 00DE 0020 0091 00F8 00EF 009E 00FD 0008 0000
M171.ETC	0	11	0757F	0015 0002 00B6 00B0 00C4 00D8 00AF 00BC 00DE 0052 0041 004D 00E6 00EA 0020 010D 0097 010E 00F0 00E3 00DE 0097 00EF 009E 00FD 0008 0000
M171.ETC	0	12	07599	0015 0002 010F 0097 00FB 0098 00E9 009C 008E 0110 0086 0020 00EB 00E4 00E2 0111 008F 00E3 0003 009A 009A 00EF 00E3 00DE 00E9 0112 0113 0086 0020 0114 0115 009D 00F9 009A 00E4 0096 00DE 00E3 00DE 0097 00EF 009D 00A1 0003 0114 0115 009C 00EF 009D 0096 003F 0000
M171.ETC	0	13	075C5	0015 0009 0007 0114 0115 0086 0116 0117 009D 00F9 00E0 00F2 00E6 0031 0037 00E9 0118 0097 0108 0109 0096 00DE 0119 011A 00E3 00DE 009D 00A1 0003 009A 00E9 00EF 00EF 00B9 00DE 00B0 00D1 0086 00BD 00C0 00B0 00C4 009B 009E 00E0 011B 011C 0003 0114 0115 0086 0116 0117 009D 00F9 009A 00E4 0096 00DE 00E3 00DE 0097 00EF 009E 00FD 0005 0003 0112 0113 00E9 0114 0115 0086 0116 0117 009C 00E0 0092 011B 011C 00EA 0003 0116 0117 00C3 00DE 00B0 00C0 011D 0102 011E 011F 00E3 00DE 00C3 00DE 00B0 00C0 0086 0120 0102 009C 00E3 0003 00B9 00DE 00B0 00D1 0086 0121 00BD 00C0 00B0 00C4 009C 00E3 0098 00E0 00DE 009B 0092 00A1 0008 0000
M171.ETC	0	14	0762F	0015 0002 0009 0007 010D 0097 010E 00F0 00E6 0122 0123 009C 00EF 009C 00E0 0008 0000
M171.ETC	0	15	07641	0015 0002 00CA 00DE 00AF 00B8 00B1 00AF 00CC 00DF 00C3 00DE 00B0 00C0 00EA 0091 00F8 00EF 009E 00FD 0000
M171.ETC	0	16	07656	0015 0009 0007 0106 0107 0052 0041 004D 00E9 0124 0125 0096 00DE 0020 00E3 00DE 0097 00E3 0092 00EF 009E 00FD 00A1 0003 0116 0117 00C3 00DE 00B0 00C0 011D 0102 011E 011F 00E3 00DE 0020 0126 00E3 00E9 0114 0115 0086 0103 009C 0003 00B9 00DE 00B0 00D1 0086 0020 0121 00BD 00C0 00B0 00C4 009C 00E3 0098 00E0 00DE 009B 0092 00A1 0000
M171.ETC	0	17	0768F	0015 0009 0007 00B6 00B0 00C4 00D8 00AF 00BC 00DE 0052 0041 004D 00E9 0124 0125 0096 00DE 0020 00E3 00DE 0097 00E3 0092 00EF 009E 00FD 00A1 0003 0116 0117 00C3 00DE 00B0 00C0 011D 0102 011E 011F 00E3 00DE 0020 0126 00E3 00E9 0114 0115 0086 0103 009C 0003 00B9 00DE 00B0 00D1 0086 0020 0121 00BD 00C0 00B0 00C4 009C 00E3 0098 00E0 00DE 009B 0092 00A1 0000
M171.ETC	0	18	076CC	0015 000E 0086 0127 00E6 0128 00FA 00E0 0004 0000
M171.ETC	0	19	076D8	0015 000A 00EA 0020 00CA 00DE 00C4 00D9 00BF 00B0 00C4 00DE 0086 0129 00E2 0099 00E3 0003 00BC 00AE 00B0 00C4 00BF 00B0 00C4 00DE 0086 0020 012A 012B 00E6 0095 0092 00E0 00A1 0008 0000
M171.ETC	0	20	076FA	0015 012C 0096 00DE 0096 0096 008F 00E3 0092 00F9 0008 0000
M171.ETC	0	21	07705	009F 00FA 00EA 0020 0020 00B4 00D9 00CC 00E6 012D 00FC 00F9 012E 012F 0130 00A5 00A5 00A5 0003 0097 008F 00E4 0020 0020 000A 00E6 0131 0132 00E2 00EA 009D 00DE 00E0 00DE 0005 0000
M171.ETC	0	22	07726	009A 00E9 0133 00EA 0020 0020 00B7 00D0 00E6 00EA 00EF 00E0 00DE 0134 0102 00E0 00DE 0003 009F 00FA 0086 0135 008F 00E3 0020 0020 0136 00E6 0137 00F8 00E5 009B 0092 0003 0092 009D 00DE 00FA 0138 0093 0139 00EF 00E3 00DE 00A5 00A5 00A5 009B 00F7 00EA 00DE 00E0 00DE 00A1 0008 0000
M171.ETC	0	23	07755	00EF 0091 0020 000A 013A 008F 00E0 00F7 00A5 00A5 00A5 0003 013B 013C 0086 0020 0095 013D 00E6 009B 00FA 00F9 00E5 00FD 00E3 0003 013E 013F 008F 0140 0096 00DE 0020 0095 0091 00F8 00E5 00FD 00E3 00DE 009D 009A 00E4 0021 0008 0000
M171.ETC	0	24	0777B	0093 00EC 00EC 00A5 00A5 00A5 000A 013A 00EA 0003 0141 0142 00E9 0143 0144 00E6 0020 0095 00E5 00F8 00E6 00E5 008F 00E3 00F3 0003 0096 009B 00DE 00F8 0140 00E9 00E5 0092 0020 0145 0146 00E3 00DE 009D 00E9 00E8 003F 0008 0000
M171.ETC	0	25	077A2	000A 013A 00E9 0020 0095 0147 00FA 00E9 013B 013C 00EA 0003 00E4 00DE 00E1 00F7 00E3 00DE 0020 0129 00E2 0099 00F7 00FA 00E0 00E9 00E3 00DE 009D 003F 0003 0148 00E0 00DE 0096 0020 00E4 008F 00E3 00F3 0140 0149 0096 00DE 0091 00F8 00EF 009D 00FC 00A1 0008 0000
M171.ETC	0	26	077CD	00BA 00CE 00DD 00A5 00A5 00A5 014A 009C 014B 0099 00DE 00E3 0095 0097 00EF 009D 0096 00DE 0003 014C 014D 00E6 0020 014E 0097 014F 0086 0135 00E1 010E 00F1 009A 00E4 00EA 0003 0096 00E0 0098 0150 009C 00DE 00F7 00FA 00E3 0095 00F8 00EF 009D 0020 00CA 00B2 00A1 0008 0000
M171.ETC	0	27	077FC	0095 00F4 0020 000A 0151 00E9 0095 013D 00EA 00A5 00A5 00A5 0003 00F3 009C 00F4 0020 013B 013C 00E3 00DE 00EA 0091 00F8 00EF 009E 00E7 0096 00E5 0003 00ED 0094 0094 0020 009F 0093 0092 0093 0020 009C 008D 0152 00E3 00DE 009D 0096 003F 0008 0000
M171.ETC	0	28	07827	0091 00FA 00EF 0091 0020 013B 013C 0086 0153 0094 00E3 00E9 0154 014C 00E4 00EA 0003 0092 008F 00E0 0092 0020 00E4 00DE 00E9 00F6 0093 00E5 0155 0156 00E3 00DE 009D 0096 00E5 003F 0003 009A 00FA 00EF 00E0 0020 0157 00FC 008F 00E0 0095 013D 00E0 00DE 009A 00E4 00A5 00A5 00A5 00A1 0008 0000
M171.ETC	0	29	07857	0148 00E3 00DE 009D 0096 00A5 00A5 00A5 000A 0151 003F 0003 00F4 00F4 0020 00F3 009C 00F4 0020 009F 00E9 013B 013C 0086 0003 0158 0102 009C 00E3 0098 00FA 00E4 0020 0092 00FC 00FA 00EF 009D 0096 003F 0008 0000
M171.ETC	0	30	0787B	0095 0159 00EA 0020 0141 0142 00E6 015A 015B 009C 00E0 009A 00E4 00E3 00DE 0003 00E4 00DE 009A 0096 0020 0095 0096 009C 0098 00E5 008F 00E0 00E9 0096 003F 0003 00E0 00DE 008F 00E3 0020 009F 00FA 0020 013B 013C 00E0 00DE 00F6 00E5 0091 00A1 0008 0000
M171.ETC	0	31	078A3	000A 0096 00DE 0020 0112 0113 00E6 015A 00E3 00F9 00E4 015C 0092 00E3 0003 00E4 00DE 00FD 00E5 009A 00E4 0086 0020 00F4 008F 00E3 0098 00F9 0096 00E4 015D 008F 00E0 00F7 0003 00A5 00A5 00A5 013B 013C 0086 0020 009B 0096 00DE 009C 00E3 0098 00F9 009A 00E4 00E4 00EA 0021 0008 0000
M171.ETC	0	32	078D1	0095 00FA 00EA 0020 000A 00E9 015A 015B 00E9 015E 00F7 009E 0086 0003 015F 0160 00E6 0020 00F6 00FB 009A 00FD 00E3 00DE 0092 00E0 00FD 00E0 00DE 0099 00E4 00DE 00A5 00A5 00A5 0003 013B 013C 0086 0153 0094 00F9 0020 0095 0159 0129 00F9 00E4 0020 00B6 00DE 00AF 00B6 00D8 00E0 00DE 00A1 0008 0000
M171.ETC	0	33	07903	000A 0151 00EA 0020 0141 0142 00E6 00E5 00F7 00FA 00E3 0003 00EF 009D 00EF 009D 0020 00E0 0098 00EF 009C 0098 00E5 008F 00E0 00A5 00A5 00A5 0096 00DE 0003 00CC 00DF 00CC 00DF 00AF 0020 0095 013D 00E6 013B 013C 00E4 00EA 0020 00B9 00AF 00BB 00B8 00E0 00DE 0021 0008 0000
M171.ETC	0	34	07932	0021 0020 0020 000A 013A 00EA 0020 00EA 009D 00DE 0096 009C 0098 00E5 0092 00E9 0096 003F 0003 0141 0142 00E0 00F9 0161 0096 00DE 0020 013B 013C 0086 0153 0094 00F9 00E4 00EA 00A5 00A5 00A5 0003 00B5 00C3 00DE 00B6 00DE 00DD 00E9 0141 0142 00F3 0020 0162 00E6 0163 00E1 00E0 00E5 0091 00A1 0008 0000
M171.ETC	0	35	07964	000A 013A 00E9 0020 0164 00FB 00E6 0092 00F9 00E9 00EA 0003 013B 013C 00E3 00DE 009D 0099 00E4 00DE 00A5 00A5 00A5 00EA 00EA 0091 00A5 00A5 00A5 0003 0141 0142 00E9 0112 0113 00E4 0020 0165 0166 0096 00DE 0091 00F9 00FD 00E3 00DE 009C 008E 003F 0008 0000
M171.ETC	0	36	0798E	000A 013A 00EA 0020 013B 013C 0086 0167 00FC 00FA 00E0 00E9 003F 0003 00E3 00DE 00F3 0020 00E5 00FD 00E3 0097 00FA 0092 00E5 013B 013C 00E5 00FD 00E3 00DE 009C 008E 0021 0003 009F 00FA 00E6 0020 0140 0149 00E6 0091 00EC 00FA 00E3 0092 00F9 00FC 00F6 00A1 0008 0000
M171.ETC	0	37	079BB	000A 013A 00E4 0020 013B 013C 00E9 0168 00F8 011C 00FC 009E 003F 0003 00F0 00FD 00E5 00EA 0020 0095 0096 009C 0098 015D 0093 00E3 00DE 009C 008E 0093 0099 00E4 00DE 0003 0169 00EA 00A5 00A5 00A5 009D 009A 00DE 0098 00BD 00C3 00B7 00E0 00DE 00E4 015D 0093 00A1 0008 0000
M171.ETC	0	38	079EA	0141 0142 00E6 00E5 00F7 00FA 00E0 0020 000A 013A 00E3 00DE 009D 00E8 003F 0003 009F 00FD 00E5 0143 0144 00E9 016A 0096 00DE 0020 0091 00F7 0020 0092 00F4 00E0 00DE 00FC 0091 0003 013B 013C 0096 00DE 0020 0164 0086 00E2 0099 00E3 0097 00E3 0092 00EF 009D 00FC 00F6 00A1 0008 0000
M171.ETC	0	39	07A19	00ED 008A 008A 0020 00CE 00DD 00C4 00E6 016B 0136 00E0 00DE 00E5 0091 00A5 00A5 00A5 0003 000A 0096 00DE 0020 013B 013C 0086 0153 0094 00E3 016C 0098 00E5 00FD 00E3 0003 0092 00EF 00EF 00E3 00DE 00E9 00B7 00D0 0096 00F7 00EA 0020 016D 0094 00F7 00FA 00E5 0092 00F6 00A1 0008 0000
M171.ETC	0	40	07A4A	0093 0020 0093 00FD 003F 0020 00E5 00FD 00E0 00DE 00BB 00D9 009C 00DE 008C 00E5 0092 0096 0021 0003 015A 015B 00E9 00C1 00AC 00DD 00BD 0086 0020 00E9 0096 00DE 009C 00E0 00CE 00DE 00B8 0086 0003 00E5 0098 00DE 009B 00F2 00E6 0020 0097 00E3 0098 00FA 00E0 00FD 00E0 00DE 00E8 0020 0098 00DE 00B0 00A1 0008 0000
M171.ETC	0	41	07A7F	00EF 0091 0020 0096 00FC 0092 0092 0020 0095 00BB 00D9 009B 00FD 0003 0097 008F 00E4 0020 0095 016E 00E3 00DE 00F3 009D 0092 00E0 00FD 00E3 00DE 009C 008E 003F 0003 00E3 00DE 00F3 016F 0020 00CA 00DE 00C5 00C5 00EA 0135 008F 00E3 0092 00E5 0092 00E9 00A1 0008 0000
M171.ETC	0	42	07AAC	0091 00F7 00B2 00D4 00E0 00DE 00FC 0020 00BB 00D9 009C 00DE 008C 00E5 0092 00E9 00F6 0003 00BB 00D9 00EA 0020 009D 0098 00DE 00B2 00C0 00BD 00DE 00D7 009D 00F9 0096 00F7 0003 00B7 00D7 00B2 00E5 00E9 00F6 00E8 008A 0020 00BC 00AF 00BC 0020 00BC 00AF 00BC 00A1 0008 0000
M171.ETC	0	43	07ADE	0095 014C 00E6 0020 0095 00BB 00D9 009B 00FD 0096 00DE 0098 00F9 00E5 00FD 00E3 0003 0097 008F 00E4 0020 00EA 009C 00DE 00F2 00E3 00E9 009A 00E4 009C 00DE 008C 00E5 0092 003F 0003 0099 0092 00EB 00DE 0170 00EA 0020 0148 009C 00E3 00F9 00E9 0096 009C 00F7 0021 0008 0000
M171.ETC	0	44	07B0C	00BA 00CE 00DD 00A5 00A5 00A5 014A 009C 014B 0099 00DE 00E3 0095 0097 00EF 009D 0096 00DE 0003 00B5 00C3 00DE 00B6 00DE 00DD 014C 00E3 00DE 00EA 0020 014E 0097 014F 00E9 0128 014C 00EA 0003 0096 00E0 0098 0020 0095 0171 00F8 014A 009C 014B 0099 00DE 00E3 0095 00F8 00EF 009D 009F 00DE 00A1 0008 0000
M171.ETC	0	45	07B3F	0095 0092 0020 00BB 00D9 0021 0020 00E4 00DE 009A 0096 00F7 0172 00E0 00FD 00E0 00DE 0003 009F 00FD 00E5 0173 00E3 00DE 0020 00C0 00DE 00DD 00BD 0086 009C 00E3 00E5 0092 00E3 00DE 0003 0174 00F1 0096 00F7 0020 014C 0096 00F7 015A 00E3 0175 008F 00E3 0098 00FA 0021 0008 0000
M171.ETC	0	46	07B6D	00EE 00EE 0093 0020 009A 00FA 0096 00DE 00D3 00DD 00B7 00B0 00C0 00DE 00DD 00BD 0021 0003 00E1 00EF 00E0 00E9 0020 0176 0161 00E0 00E1 00E9 0091 0092 00E0 00DE 00E3 00DE 00EA 0003 0177 0178 0175 00E9 0020 0095 00E4 00DE 00F8 00E4 015C 0097 00EF 009C 00E0 00A1 0008 0000
M171.ETC	0	47	07B9C	0091 00F8 008C 0020 009A 00F8 008C 00EF 00E0 00A5 00A5 00A5 00A5 0003 00E3 00DE 008F 0096 0092 00BB 00D9 0096 00DE 0020 00F4 008F 00E3 0097 00E0 009F 00DE 0003 00E4 00DE 0093 00F4 008F 00E3 0020 0158 0102 009D 00F9 00E9 0096 00E5 0091 003F 0008 0000
M171.ETC	0	48	07BC6	009A 0092 00E2 0020 00B5 00DA 00E9 0159 00E3 00DE 00C0 00DE 00DD 00BD 00E4 00EA 0021 0003 0127 0179 0086 0132 00E3 00E5 0092 0020 00B5 00DA 00E9 009A 00E4 0086 0003 00CA 00DE 00B6 00E6 009C 00E3 00F9 00F0 00E0 0092 00E3 00DE 0020 0098 00F4 009C 0092 009E 00DE 00A1 0008 0000
M171.ETC	0	49	07BF6	00C0 00DE 00DD 00BC 00DD 00B8 00DE 0020 00C0 00DE 00DD 00BC 00DD 00B8 00DE 0021 0003 009A 00F8 008C 00EF 00E0 0020 009D 0099 00DE 008A 00D8 00BD 00DE 00D1 017A 00E0 00DE 00E5 0003 00B5 00DA 00F3 0020 00D1 00BD 00DE 00D1 00BD 00DE 009C 00E3 0097 00E0 009E 00DE 0021 0008 0000
M171.ETC	0	50	07C27	0091 0091 0020 00F4 00F2 00FB 008F 0020 00F4 00F2 00E3 0098 00FA 008F 0003 016F 0139 00EA 0020 017B 0096 00F7 017C 0096 00DE 017D 0092 008F 00E3 00E9 00E6 0003 009F 00FD 00E5 00E4 009A 00E3 00DE 0020 00C0 00DE 00DD 00BD 009B 00FA 00E3 00E0 00EF 00F9 0096 0021 0008 0000
M171.ETC	0	51	07C55	014C 017E 017F 00E6 0020 0180 0177 00E5 00BB 00D9 0096 00DE 0172 00F9 00E5 00FD 00E3 0003 0148 0096 00E9 0020 0159 0181 00FA 00E6 00E1 0096 00DE 0092 00E5 0092 00E3 00DE 009D 0003 00A5 00A5 00A5 00E6 009C 00E3 00F3 0020 00C9 00D8 00E9 0092 0092 00BB 00D9 00E0 00DE 0021 0008 0000
M171.ETC	0	52	07C85	0091 00F8 008C 00F8 008C 0020 0092 0097 00E5 00F8 00C0 00DE 00DD 00BD 00E4 00EA 0003 0177 0182 00E6 009C 00E3 0020 010A 0183 00E5 00BB 00D9 00E3 00DE 009D 00E8 008A 0003 0092 00E2 00EF 00E3 00DE 0095 00E4 00DE 00F9 0096 0020 0129 00E3 00F6 008F 00E4 0021 0008 0000
M171.ETC	0	53	07CB4	009A 00FA 00EA 0020 00BB 00D9 00E0 00DE 00F6 00E5 0091 00A5 00A5 00A5 0003 0184 00EF 00E3 00DE 0020 00F4 008F 00E3 00F9 008F 00E3 009A 00E4 00EA 0003 00BB 00B0 00B6 00BD 0096 00F7 0020 00E6 0099 00DE 00E0 00E9 0096 00F3 0021 0008 0000
M171.ETC	0	54	07CDB	00EF 0091 0020 0096 00FC 0092 0092 0020 0095 00BB 00D9 009B 00FD 00E0 00DE 00FC 0003 00E3 00DE 00F3 00A5 00A5 00A5 0096 00FC 0092 0092 008F 00E3 0092 0093 00E6 00EA 0003 00E1 008E 008F 00E4 0020 0177 0097 009D 0097 00DE 00F9 0140 00F3 009D 00F9 00FC 00A1 0008 0000
M171.ETC	0	55	07D08	0097 008C 00B0 008F 0020 00E0 00DE 00FA 0096 00B0 008F 0020 0185 0099 00E3 00B0 008F 0003 00A5 00A5 00A5 008F 00E3 0020 0095 00E4 00DE 00FB 0092 00E3 00F0 00E0 0099 00E4 00DE 0003 00EB 00E0 009D 00F7 0020 0095 00E4 00DE 008F 00E3 0092 00F9 00E0 00DE 0099 00E0 00DE 00FC 00A1 0008 0000
M171.ETC	0	56	07D37	0186 0187 00E9 0157 00FC 00F8 013F 00EA 0020 00E4 00DE 00FD 00E5 014E 0097 014F 00F3 0003 00E0 009C 0096 00E6 0020 0188 0096 00FA 00F9 00F3 00E9 00E0 00DE 0099 00E4 00DE 0003 009A 00FA 00EA 0020 00E1 008E 008F 00E4 0020 0188 0096 00FA 009D 0097 00DE 00F6 00A1 0008 0000
M171.ETC	0	57	07D66	0172 00EF 009C 00E0 00E8 0020 000A 00B8 00DD 0021 0003 0189 018A 00E5 0096 00DE 00F7 0020 018B 00E9 00BC 00DE 00DD 00EA 018C 018D 009B 00FA 0003 016F 018E 00EA 0020 0162 018F 00E9 0190 00E6 0191 0096 008F 00E3 00F9 00EA 009D 00DE 0021 0005 0000
M171.ETC	0	58	07D93	009A 00E9 0159 0020 00CA 00BC 00DE 0086 0096 0096 009E 00E3 0098 00FA 00E3 0096 00F7 0003 009D 00DE 008F 00E4 0020 009A 00E9 0192 0086 0193 008F 00E3 00EF 009C 00E0 00F6 0003 00B7 00D0 00E4 0194 0093 00A5 00A5 00A5 009F 00E9 0139 0086 00E8 00A1 0008 0000
M171.ETC	0	59	07DBF	00B7 00D0 00EA 0020 0169 00E4 0194 00FC 00E5 0099 00FA 00EA 00DE 00E5 00F8 00EF 009E 00FD 0003 00A5 00A5 00A5 018B 00E9 00B5 00B0 00CC 00DE 0096 00DE 0020 0195 009C 0092 00FD 00E3 00DE 009C 008E 003F 0003 00E8 008F 0020 00E0 00DE 0096 00F7 0020 0194 00FC 00E5 0097 008C 0092 0099 00E5 0092 0005 0000
M171.ETC	0	60	07DF3	00E3 00DE 00F3 0020 018B 00E9 0091 00F9 00E4 009A 00FB 00E9 0194 0092 00E4 00E5 00F9 00E4 0003 00B7 00D0 00E6 00EA 0020 0196 00E1 013F 00EA 0091 00F8 00EF 009E 00FD 00F6 0003 00CC 00AB 00CC 00AB 00CC 00AB 0020 0197 00E7 0096 00DE 0092 0092 0021 0008 0000
M181.ETC	0	0	072BC	00B9 00DE 00B0 00D1 0086 0020 00E1 008D 0093 00E0 00DE 00FD 009C 00EF 009D 0003 00F6 00FB 009C 0092 00E3 00DE 009D 0096 003F 0000
M181.ETC	0	1	072D3	0015 0002 00C3 00DE 00B0 00C0 0086 0100 00FD 00E3 00DE 0098 00E0 00DE 009B 0092 0000
M181.ETC	0	2	072E3	0015 0002 0101 0102 0086 0100 00FD 00E3 00DE 0098 00E0 00DE 009B 0092 0000
M181.ETC	0	3	072F3	0015 0002 00CA 00DE 00AF 00B8 00B1 00AF 00CC 00DF 0052 0041 004D 0086 0100 00FD 00E3 00DE 0098 00E0 00DE 009B 0092 0000
M181.ETC	0	4	0730B	0015 0002 009A 00E9 00C3 00DE 00B0 00C0 0086 0020 0103 009C 00E3 00F6 00FB 009C 0092 00E3 00DE 009D 0096 003F 0000
M181.ETC	0	5	0731F	0015 0002 009A 00E9 00C3 00DE 00B0 00C0 0086 0020 0104 0105 009C 00EF 009D 0096 003F 0000
M181.ETC	0	6	07330	0015 0002 0106 0107 0052 0041 004D 00E9 0108 0109 0096 00DE 0020 010A 010B 009C 00E3 0092 00EF 009D 0008 0000
M181.ETC	0	7	07344	0015 0002 00B6 00B0 00C4 00D8 00AF 00BC 00DE 0052 0041 004D 00E9 0108 0109 0096 00DE 0020 010A 010B 009C 00E3 0092 00EF 009D 0008 0000
M181.ETC	0	8	0735D	0015 0002 0108 0109 010A 010B 00E9 00E0 00F2 0020 00BA 00CB 00DF 00B0 00E3 00DE 0097 00EF 009E 00FD 0008 0000
M181.ETC	0	9	07372	0015 0002 0108 0109 010A 010B 00E9 00E0 00F2 0020 0105 010C 00E9 00BE 00B0 00CC 00DE 00EA 00E3 00DE 0097 00EF 009E 00FD 0008 0000
M181.ETC	0	10	0738A	0015 0002 00B6 00B0 00C4 00D8 00AF 00BC 00DE 0052 0041 004D 0096 00DE 0020 0091 00F8 00EF 009E 00FD 0008 0000
M181.ETC	0	11	0739F	0015 0002 00B6 00B0 00C4 00D8 00AF 00BC 00DE 0052 0041 004D 00E6 00EA 0020 010D 0097 010E 00F0 00E3 00DE 0097 00EF 009E 00FD 0008 0000
M181.ETC	0	12	073B9	0015 0002 010F 0097 00FB 0098 00E9 009C 008E 0110 0086 0020 00EB 00E4 00E2 0111 008F 00E3 0003 009A 009A 00EF 00E3 00DE 00E9 0112 0113 0086 0020 0114 0115 009D 00F9 009A 00E4 0096 00DE 00E3 00DE 0097 00EF 009D 00A1 0003 0114 0115 009C 00EF 009D 0096 003F 0000
M181.ETC	0	13	073E5	0015 0009 0007 0114 0115 0086 0116 0117 009D 00F9 00E0 00F2 00E6 0031 0037 00E9 0118 0097 0108 0109 0096 00DE 0119 011A 00E3 00DE 009D 00A1 0003 009A 00E9 00EF 00EF 00B9 00DE 00B0 00D1 0086 00BD 00C0 00B0 00C4 009B 009E 00E0 011B 011C 0003 0114 0115 0086 0116 0117 009D 00F9 009A 00E4 0096 00DE 00E3 00DE 0097 00EF 009E 00FD 0005 0003 0112 0113 00E9 0114 0115 0086 0116 0117 009C 00E0 0092 011B 011C 00EA 0003 0116 0117 00C3 00DE 00B0 00C0 011D 0102 011E 011F 00E3 00DE 00C3 00DE 00B0 00C0 0086 0120 0102 009C 00E3 0003 00B9 00DE 00B0 00D1 0086 0121 00BD 00C0 00B0 00C4 009C 00E3 0098 00E0 00DE 009B 0092 00A1 0008 0000
M181.ETC	0	14	0744F	0015 0002 0009 0007 010D 0097 010E 00F0 00E6 0122 0123 009C 00EF 009C 00E0 0008 0000
M181.ETC	0	15	07461	0015 0002 00CA 00DE 00AF 00B8 00B1 00AF 00CC 00DF 00C3 00DE 00B0 00C0 00EA 0091 00F8 00EF 009E 00FD 0000
M181.ETC	0	16	07476	0015 0009 0007 0106 0107 0052 0041 004D 00E9 0124 0125 0096 00DE 0020 00E3 00DE 0097 00E3 0092 00EF 009E 00FD 00A1 0003 0116 0117 00C3 00DE 00B0 00C0 011D 0102 011E 011F 00E3 00DE 0020 0126 00E3 00E9 0114 0115 0086 0103 009C 0003 00B9 00DE 00B0 00D1 0086 0020 0121 00BD 00C0 00B0 00C4 009C 00E3 0098 00E0 00DE 009B 0092 00A1 0000
M181.ETC	0	17	074AF	0015 0009 0007 00B6 00B0 00C4 00D8 00AF 00BC 00DE 0052 0041 004D 00E9 0124 0125 0096 00DE 0020 00E3 00DE 0097 00E3 0092 00EF 009E 00FD 00A1 0003 0116 0117 00C3 00DE 00B0 00C0 011D 0102 011E 011F 00E3 00DE 0020 0126 00E3 00E9 0114 0115 0086 0103 009C 0003 00B9 00DE 00B0 00D1 0086 0020 0121 00BD 00C0 00B0 00C4 009C 00E3 0098 00E0 00DE 009B 0092 00A1 0000
M181.ETC	0	18	074EC	0015 000E 0086 0127 00E6 0128 00FA 00E0 0004 0000
M181.ETC	0	19	074F8	0015 000A 00EA 0020 00CA 00DE 00C4 00D9 00BF 00B0 00C4 00DE 0086 0129 00E2 0099 00E3 0003 00BC 00AE 00B0 00C4 00BF 00B0 00C4 00DE 0086 0020 012A 012B 00E6 0095 0092 00E0 00A1 0008 0000
M181.ETC	0	20	0751B	0015 012C 0096 00DE 0096 0096 008F 00E3 0092 00F9 0008 0000
M181.ETC	0	21	07526	009F 00FA 00EA 0020 0020 00B4 00D9 00CC 00E6 012D 00FC 00F9 012E 012F 0130 00A5 00A5 00A5 0003 0097 008F 00E4 0020 0020 000A 00E6 0131 0132 00E2 00EA 009D 00DE 00E0 00DE 0005 0000
M181.ETC	0	22	07547	009A 00E9 0133 00EA 0020 0020 00B7 00D0 00E6 00EA 00EF 00E0 00DE 0134 0102 00E0 00DE 0003 009F 00FA 0086 0135 008F 00E3 0020 0020 0136 00E6 0137 00F8 00E5 009B 0092 0003 0092 009D 00DE 00FA 0138 0093 0139 00EF 00E3 00DE 00A5 00A5 00A5 009B 00F7 00EA 00DE 00E0 00DE 00A1 0008 0000
M181.ETC	0	23	07576	00EF 0091 0020 000A 013A 008F 00E0 00F7 00A5 00A5 00A5 0003 013B 013C 0086 0020 0095 013D 00E6 009B 00FA 00F9 00E5 00FD 00E3 0003 013E 013F 008F 0140 0096 00DE 0020 0095 0091 00F8 00E5 00FD 00E3 00DE 009D 009A 00E4 0021 0008 0000
M181.ETC	0	24	0759C	0093 00EC 00EC 00A5 00A5 00A5 000A 013A 00EA 0003 0141 0142 00E9 0143 0144 00E6 0020 0095 00E5 00F8 00E6 00E5 008F 00E3 00F3 0003 0096 009B 00DE 00F8 0140 00E9 00E5 0092 0020 0145 0146 00E3 00DE 009D 00E9 00E8 003F 0008 0000
M181.ETC	0	25	075C4	000A 013A 00E9 0020 0095 0147 00FA 00E9 013B 013C 00EA 0003 00E4 00DE 00E1 00F7 00E3 00DE 0020 0129 00E2 0099 00F7 00FA 00E0 00E9 00E3 00DE 009D 003F 0003 0148 00E0 00DE 0096 0020 00E4 008F 00E3 00F3 0140 0149 0096 00DE 0091 00F8 00EF 009D 00FC 00A1 0008 0000
M181.ETC	0	26	075EF	00BA 00CE 00DD 00A5 00A5 00A5 014A 009C 014B 0099 00DE 00E3 0095 0097 00EF 009D 0096 00DE 0003 014C 014D 00E6 0020 014E 0097 014F 0086 0135 00E1 010E 00F1 009A 00E4 00EA 0003 0096 00E0 0098 0150 009C 00DE 00F7 00FA 00E3 0095 00F8 00EF 009D 0020 00CA 00B2 00A1 0008 0000
M181.ETC	0	27	0761F	0095 00F4 0020 000A 0151 00E9 0095 013D 00EA 00A5 00A5 00A5 0003 00F3 009C 00F4 0020 013B 013C 00E3 00DE 00EA 0091 00F8 00EF 009E 00E7 0096 00E5 0003 00ED 0094 0094 0020 009F 0093 0092 0093 0020 009C 008D 0152 00E3 00DE 009D 0096 003F 0008 0000
M181.ETC	0	28	0764A	0091 00FA 00EF 0091 0020 013B 013C 0086 0153 0094 00E3 00E9 0154 014C 00E4 00EA 0003 0092 008F 00E0 0092 0020 00E4 00DE 00E9 00F6 0093 00E5 0155 0156 00E3 00DE 009D 0096 00E5 003F 0003 009A 00FA 00EF 00E0 0020 0157 00FC 008F 00E0 0095 013D 00E0 00DE 009A 00E4 00A5 00A5 00A5 00A1 0008 0000
M181.ETC	0	29	0767A	0148 00E3 00DE 009D 0096 00A5 00A5 00A5 000A 0151 003F 0003 00F4 00F4 0020 00F3 009C 00F4 0020 009F 00E9 013B 013C 0086 0003 0158 0102 009C 00E3 0098 00FA 00E4 0020 0092 00FC 00FA 00EF 009D 0096 003F 0008 0000
M181.ETC	0	30	0769E	0095 0159 00EA 0020 0141 0142 00E6 015A 015B 009C 00E0 009A 00E4 00E3 00DE 0003 00E4 00DE 009A 0096 0020 0095 0096 009C 0098 00E5 008F 00E0 00E9 0096 003F 0003 00E0 00DE 008F 00E3 0020 009F 00FA 0020 013B 013C 00E0 00DE 00F6 00E5 0091 00A1 0008 0000
M181.ETC	0	31	076C7	000A 0096 00DE 0020 0112 0113 00E6 015A 00E3 00F9 00E4 015C 0092 00E3 0003 00E4 00DE 00FD 00E5 009A 00E4 0086 0020 00F4 008F 00E3 0098 00F9 0096 00E4 015D 008F 00E0 00F7 0003 00A5 00A5 00A5 013B 013C 0086 0020 009B 0096 00DE 009C 00E3 0098 00F9 009A 00E4 00E4 00EA 0021 0008 0000
M181.ETC	0	32	076F5	0095 00FA 00EA 0020 000A 00E9 015A 015B 00E9 015E 00F7 009E 0086 0003 015F 0160 00E6 0020 00F6 00FB 009A 00FD 00E3 00DE 0092 00E0 00FD 00E0 00DE 0099 00E4 00DE 00A5 00A5 00A5 0003 013B 013C 0086 0153 0094 00F9 0020 0095 0159 0129 00F9 00E4 0020 00B6 00DE 00AF 00B6 00D8 00E0 00DE 00A1 0008 0000
M181.ETC	0	33	07727	000A 0151 00EA 0020 0141 0142 00E6 00E5 00F7 00FA 00E3 0003 00EF 009D 00EF 009D 0020 00E0 0098 00EF 009C 0098 00E5 008F 00E0 00A5 00A5 00A5 0096 00DE 0003 00CC 00DF 00CC 00DF 00AF 0020 0095 013D 00E6 013B 013C 00E4 00EA 0020 00B9 00AF 00BB 00B8 00E0 00DE 0021 0008 0000
M181.ETC	0	34	07756	0021 0020 0020 000A 013A 00EA 0020 00EA 009D 00DE 0096 009C 0098 00E5 0092 00E9 0096 003F 0003 0141 0142 00E0 00F9 0161 0096 00DE 0020 013B 013C 0086 0153 0094 00F9 00E4 00EA 00A5 00A5 00A5 0003 00B5 00C3 00DE 00B6 00DE 00DD 00E9 0141 0142 00F3 0020 0162 00E6 0163 00E1 00E0 00E5 0091 00A1 0008 0000
M181.ETC	0	35	07789	000A 013A 00E9 0020 0164 00FB 00E6 0092 00F9 00E9 00EA 0003 013B 013C 00E3 00DE 009D 0099 00E4 00DE 00A5 00A5 00A5 00EA 00EA 0091 00A5 00A5 00A5 0003 0141 0142 00E9 0112 0113 00E4 0020 0165 0166 0096 00DE 0091 00F9 00FD 00E3 00DE 009C 008E 003F 0008 0000
M181.ETC	0	36	077B3	000A 013A 00EA 0020 013B 013C 0086 0167 00FC 00FA 00E0 00E9 003F 0003 00E3 00DE 00F3 0020 00E5 00FD 00E3 0097 00FA 0092 00E5 013B 013C 00E5 00FD 00E3 00DE 009C 008E 0021 0003 009F 00FA 00E6 0020 0140 0149 00E6 0091 00EC 00FA 00E3 0092 00F9 00FC 00F6 00A1 0008 0000
M181.ETC	0	37	077E0	000A 013A 00E4 0020 013B 013C 00E9 0168 00F8 011C 00FC 009E 003F 0003 00F0 00FD 00E5 00EA 0020 0095 0096 009C 0098 015D 0093 00E3 00DE 009C 008E 0093 0099 00E4 00DE 0003 0169 00EA 00A5 00A5 00A5 009D 009A 00DE 0098 00BD 00C3 00B7 00E0 00DE 00E4 015D 0093 00A1 0008 0000
M181.ETC	0	38	0780F	0141 0142 00E6 00E5 00F7 00FA 00E0 0020 000A 013A 00E3 00DE 009D 00E8 003F 0003 009F 00FD 00E5 0143 0144 00E9 016A 0096 00DE 0020 0091 00F7 0020 0092 00F4 00E0 00DE 00FC 0091 0003 013B 013C 0096 00DE 0020 0164 0086 00E2 0099 00E3 0097 00E3 0092 00EF 009D 00FC 00F6 00A1 0008 0000
M181.ETC	0	39	0783E	00ED 008A 008A 0020 00CE 00DD 00C4 00E6 016B 0136 00E0 00DE 00E5 0091 00A5 00A5 00A5 0003 000A 0096 00DE 0020 013B 013C 0086 0153 0094 00E3 016C 0098 00E5 00FD 00E3 0003 0092 00EF 00EF 00E3 00DE 00E9 00B7 00D0 0096 00F7 00EA 0020 016D 0094 00F7 00FA 00E5 0092 00F6 00A1 0008 0000
M181.ETC	0	40	0786F	0093 0020 0093 00FD 003F 0020 00E5 00FD 00E0 00DE 00BB 00D9 009C 00DE 008C 00E5 0092 0096 0021 0003 015A 015B 00E9 00C1 00AC 00DD 00BD 0086 0020 00E9 0096 00DE 009C 00E0 00CE 00DE 00B8 0086 0003 00E5 0098 00DE 009B 00F2 00E6 0020 0097 00E3 0098 00FA 00E0 00FD 00E0 00DE 00E8 0020 0098 00DE 00B0 00A1 0008 0000
M181.ETC	0	41	078A4	00EF 0091 0020 0096 00FC 0092 0092 0020 0095 00BB 00D9 009B 00FD 0003 0097 008F 00E4 0020 0095 016E 00E3 00DE 00F3 009D 0092 00E0 00FD 00E3 00DE 009C 008E 003F 0003 00E3 00DE 00F3 016F 0020 00CA 00DE 00C5 00C5 00EA 0135 008F 00E3 0092 00E5 0092 00E9 00A1 0008 0000
M181.ETC	0	42	078D1	0091 00F7 00B2 00D4 00E0 00DE 00FC 0020 00BB 00D9 009C 00DE 008C 00E5 0092 00E9 00F6 0003 00BB 00D9 00EA 0020 009D 0098 00DE 00B2 00C0 00BD 00DE 00D7 009D 00F9 0096 00F7 0003 00B7 00D7 00B2 00E5 00E9 00F6 00E8 008A 0020 00BC 00AF 00BC 0020 00BC 00AF 00BC 00A1 0008 0000
M181.ETC	0	43	07903	0095 014C 00E6 0020 0095 00BB 00D9 009B 00FD 0096 00DE 0098 00F9 00E5 00FD 00E3 0003 0097 008F 00E4 0020 00EA 009C 00DE 00F2 00E3 00E9 009A 00E4 009C 00DE 008C 00E5 0092 003F 0003 0099 0092 00EB 00DE 0170 00EA 0020 0148 009C 00E3 00F9 00E9 0096 009C 00F7 0021 0008 0000
M181.ETC	0	44	07931	00BA 00CE 00DD 00A5 00A5 00A5 014A 009C 014B 0099 00DE 00E3 0095 0097 00EF 009D 0096 00DE 0003 00B5 00C3 00DE 00B6 00DE 00DD 014C 00E3 00DE 00EA 0020 014E 0097 014F 00E9 0128 014C 00EA 0003 0096 00E0 0098 0020 0095 0171 00F8 014A 009C 014B 0099 00DE 00E3 0095 00F8 00EF 009D 009F 00DE 00A1 0008 0000
M181.ETC	0	45	07964	0095 0092 0020 00BB 00D9 0021 0020 00E4 00DE 009A 0096 00F7 0172 00E0 00FD 00E0 00DE 0003 009F 00FD 00E5 0173 00E3 00DE 0020 00C0 00DE 00DD 00BD 0086 009C 00E3 00E5 0092 00E3 00DE 0003 0174 00F1 0096 00F7 0020 014C 0096 00F7 015A 00E3 0175 008F 00E3 0098 00FA 0021 0008 0000
M181.ETC	0	46	07992	00EE 00EE 0093 0020 009A 00FA 0096 00DE 00D3 00DD 00B7 00B0 00C0 00DE 00DD 00BD 0021 0003 00E1 00EF 00E0 00E9 0020 0176 0161 00E0 00E1 00E9 0091 0092 00E0 00DE 00E3 00DE 00EA 0003 0177 0178 0175 00E9 0020 0095 00E4 00DE 00F8 00E4 015C 0097 00EF 009C 00E0 00A1 0008 0000
M181.ETC	0	47	079C2	0091 00F8 008C 0020 009A 00F8 008C 00EF 00E0 00A5 00A5 00A5 00A5 0003 00E3 00DE 008F 0096 0092 00BB 00D9 0096 00DE 0020 00F4 008F 00E3 0097 00E0 009F 00DE 0003 00E4 00DE 0093 00F4 008F 00E3 0020 0158 0102 009D 00F9 00E9 0096 00E5 0091 003F 0008 0000
M181.ETC	0	48	079EC	009A 0092 00E2 0020 00B5 00DA 00E9 0159 00E3 00DE 00C0 00DE 00DD 00BD 00E4 00EA 0021 0003 0127 0179 0086 0132 00E3 00E5 0092 0020 00B5 00DA 00E9 009A 00E4 0086 0003 00CA 00DE 00B6 00E6 009C 00E3 00F9 00F0 00E0 0092 00E3 00DE 0020 0098 00F4 009C 0092 009E 00DE 00A1 0008 0000
M181.ETC	0	49	07A1C	00C0 00DE 00DD 00BC 00DD 00B8 00DE 0020 00C0 00DE 00DD 00BC 00DD 00B8 00DE 0021 0003 009A 00F8 008C 00EF 00E0 0020 009D 0099 00DE 008A 00D8 00BD 00DE 00D1 017A 00E0 00DE 00E5 0003 00B5 00DA 00F3 0020 00D1 00BD 00DE 00D1 00BD 00DE 009C 00E3 0097 00E0 009E 00DE 0021 0008 0000
M181.ETC	0	50	07A4D	0091 0091 0020 00F4 00F2 00FB 008F 0020 00F4 00F2 00E3 0098 00FA 008F 0003 016F 0139 00EA 0020 017B 0096 00F7 017C 0096 00DE 017D 0092 008F 00E3 00E9 00E6 0003 009F 00FD 00E5 00E4 009A 00E3 00DE 0020 00C0 00DE 00DD 00BD 009B 00FA 00E3 00E0 00EF 00F9 0096 0021 0008 0000
M181.ETC	0	51	07A7B	014C 017E 017F 00E6 0020 0180 0177 00E5 00BB 00D9 0096 00DE 0172 00F9 00E5 00FD 00E3 0003 0148 0096 00E9 0020 0159 0181 00FA 00E6 00E1 0096 00DE 0092 00E5 0092 00E3 00DE 009D 0003 00A5 00A5 00A5 00E6 009C 00E3 00F3 0020 00C9 00D8 00E9 0092 0092 00BB 00D9 00E0 00DE 0021 0008 0000
M181.ETC	0	52	07AAB	0091 00F8 008C 00F8 008C 0020 0092 0097 00E5 00F8 00C0 00DE 00DD 00BD 00E4 00EA 0003 0177 0182 00E6 009C 00E3 0020 010A 0183 00E5 00BB 00D9 00E3 00DE 009D 00E8 008A 0003 0092 00E2 00EF 00E3 00DE 0095 00E4 00DE 00F9 0096 0020 0129 00E3 00F6 008F 00E4 0021 0008 0000
M181.ETC	0	53	07ADA	009A 00FA 00EA 0020 00BB 00D9 00E0 00DE 00F6 00E5 0091 00A5 00A5 00A5 0003 0184 00EF 00E3 00DE 0020 00F4 008F 00E3 00F9 008F 00E3 009A 00E4 00EA 0003 00BB 00B0 00B6 00BD 0096 00F7 0020 00E6 0099 00DE 00E0 00E9 0096 00F3 0021 0008 0000
M181.ETC	0	54	07B01	00EF 0091 0020 0096 00FC 0092 0092 0020 0095 00BB 00D9 009B 00FD 00E0 00DE 00FC 0003 00E3 00DE 00F3 00A5 00A5 00A5 0096 00FC 0092 0092 008F 00E3 0092 0093 00E6 00EA 0003 00E1 008E 008F 00E4 0020 0177 0097 009D 0097 00DE 00F9 0140 00F3 009D 00F9 00FC 00A1 0008 0000
M181.ETC	0	55	07B2D	0097 008C 00B0 008F 0020 00E0 00DE 00FA 0096 00B0 008F 0020 0185 0099 00E3 00B0 008F 0003 00A5 00A5 00A5 008F 00E3 0020 0095 00E4 00DE 00FB 0092 00E3 00F0 00E0 0099 00E4 00DE 0003 00EB 00E0 009D 00F7 0020 0095 00E4 00DE 008F 00E3 0092 00F9 00E0 00DE 0099 00E0 00DE 00FC 00A1 0008 0000
M181.ETC	0	56	07B5C	0186 0187 00E9 0157 00FC 00F8 013F 00EA 0020 00E4 00DE 00FD 00E5 014E 0097 014F 00F3 0003 00E0 009C 0096 00E6 0020 0188 0096 00FA 00F9 00F3 00E9 00E0 00DE 0099 00E4 00DE 0003 009A 00FA 00EA 0020 00E1 008E 008F 00E4 0020 0188 0096 00FA 009D 0097 00DE 00F6 00A1 0008 0000
M181.ETC	0	57	07B8B	010F 00E5 00FD 009C 00DE 0020 0189 00E9 00B5 00B0 00CC 00DE 0086 0135 00E2 0161 00E5 00F7 0003 0020 009A 00E9 018A 018B 00E6 0092 00E4 00DE 00F1 0020 018C 0146 0161 00E4 00F0 00E5 009D 0003 0020 0135 00E0 00E7 00E5 00F7 00EA 00DE 0020 018D 0097 014B 0099 00DE 00F9 0096 00DE 00F6 0092 0021 0110 0008 0000
M191.ETC	0	0	05FFA	00B9 00DE 00B0 00D1 0086 0020 00E1 008D 0093 00E0 00DE 00FD 009C 00EF 009D 0003 00F6 00FB 009C 0092 00E3 00DE 009D 0096 003F 0000
M191.ETC	0	1	06012	0015 0002 00C3 00DE 00B0 00C0 0086 0100 00FD 00E3 00DE 0098 00E0 00DE 009B 0092 0000
M191.ETC	0	2	06023	0015 0002 0101 0102 0086 0100 00FD 00E3 00DE 0098 00E0 00DE 009B 0092 0000
M191.ETC	0	3	06034	0015 0002 00CA 00DE 00AF 00B8 00B1 00AF 00CC 00DF 0052 0041 004D 0086 0100 00FD 00E3 00DE 0098 00E0 00DE 009B 0092 0000
M191.ETC	0	4	0604D	0015 0002 009A 00E9 00C3 00DE 00B0 00C0 0086 0020 0103 009C 00E3 00F6 00FB 009C 0092 00E3 00DE 009D 0096 003F 0000
M191.ETC	0	5	06063	0015 0002 009A 00E9 00C3 00DE 00B0 00C0 0086 0020 0104 0105 009C 00EF 009D 0096 003F 0000
M191.ETC	0	6	06076	0015 0002 0106 0107 0052 0041 004D 00E9 0108 0109 0096 00DE 0020 010A 010B 009C 00E3 0092 00EF 009D 0008 0000
M191.ETC	0	7	0608D	0015 0002 00B6 00B0 00C4 00D8 00AF 00BC 00DE 0052 0041 004D 00E9 0108 0109 0096 00DE 0020 010A 010B 009C 00E3 0092 00EF 009D 0008 0000
M191.ETC	0	8	060A8	0015 0002 0108 0109 010A 010B 00E9 00E0 00F2 0020 00BA 00CB 00DF 00B0 00E3 00DE 0097 00EF 009E 00FD 0008 0000
M191.ETC	0	9	060BE	0015 0002 0108 0109 010A 010B 00E9 00E0 00F2 0020 0105 010C 00E9 00BE 00B0 00CC 00DE 00EA 00E3 00DE 0097 00EF 009E 00FD 0008 0000
M191.ETC	0	10	060D8	0015 0002 00B6 00B0 00C4 00D8 00AF 00BC 00DE 0052 0041 004D 0096 00DE 0020 0091 00F8 00EF 009E 00FD 0008 0000
M191.ETC	0	11	060EE	0015 0002 00B6 00B0 00C4 00D8 00AF 00BC 00DE 0052 0041 004D 00E6 00EA 0020 010D 0097 010E 00F0 00E3 00DE 0097 00EF 009E 00FD 0008 0000
M191.ETC	0	12	0610A	0015 0002 010F 0097 00FB 0098 00E9 009C 008E 0110 0086 0020 00EB 00E4 00E2 0111 008F 00E3 0003 009A 009A 00EF 00E3 00DE 00E9 0112 0113 0086 0020 0114 0115 009D 00F9 009A 00E4 0096 00DE 00E3 00DE 0097 00EF 009D 00A1 0003 0114 0115 009C 00EF 009D 0096 003F 0000
M191.ETC	0	13	0613A	0015 0009 0007 0114 0115 0086 0116 0117 009D 00F9 00E0 00F2 00E6 0031 0037 00E9 0118 0097 0108 0109 0096 00DE 0119 011A 00E3 00DE 009D 00A1 0003 009A 00E9 00EF 00EF 00B9 00DE 00B0 00D1 0086 00BD 00C0 00B0 00C4 009B 009E 00E0 011B 011C 0003 0114 0115 0086 0116 0117 009D 00F9 009A 00E4 0096 00DE 00E3 00DE 0097 00EF 009E 00FD 0005 0003 0112 0113 00E9 0114 0115 0086 0116 0117 009C 00E0 0092 011B 011C 00EA 0003 0116 0117 00C3 00DE 00B0 00C0 011D 0102 011E 011F 00E3 00DE 00C3 00DE 00B0 00C0 0086 0120 0102 009C 00E3 0003 00B9 00DE 00B0 00D1 0086 0121 00BD 00C0 00B0 00C4 009C 00E3 0098 00E0 00DE 009B 0092 00A1 0008 0000
M191.ETC	0	14	061AE	0015 0002 0009 0007 010D 0097 010E 00F0 00E6 0122 0123 009C 00EF 009C 00E0 0008 0000
M191.ETC	0	15	061C2	0015 0002 00CA 00DE 00AF 00B8 00B1 00AF 00CC 00DF 00C3 00DE 00B0 00C0 00EA 0091 00F8 00EF 009E 00FD 0000
M191.ETC	0	16	061D9	0015 0009 0007 0106 0107 0052 0041 004D 00E9 0124 0125 0096 00DE 0020 00E3 00DE 0097 00E3 0092 00EF 009E 00FD 00A1 0003 0116 0117 00C3 00DE 00B0 00C0 011D 0102 011E 011F 00E3 00DE 0020 0126 00E3 00E9 0114 0115 0086 0103 009C 0003 00B9 00DE 00B0 00D1 0086 0020 0121 00BD 00C0 00B0 00C4 009C 00E3 0098 00E0 00DE 009B 0092 00A1 0000
M191.ETC	0	17	06217	0015 0009 0007 00B6 00B0 00C4 00D8 00AF 00BC 00DE 0052 0041 004D 00E9 0124 0125 0096 00DE 0020 00E3 00DE 0097 00E3 0092 00EF 009E 00FD 00A1 0003 0116 0117 00C3 00DE 00B0 00C0 011D 0102 011E 011F 00E3 00DE 0020 0126 00E3 00E9 0114 0115 0086 0103 009C 0003 00B9 00DE 00B0 00D1 0086 0020 0121 00BD 00C0 00B0 00C4 009C 00E3 0098 00E0 00DE 009B 0092 00A1 0000
M191.ETC	0	18	06259	0015 000E 0086 0127 00E6 0128 00FA 00E0 0004 0000
M191.ETC	0	19	06265	0015 000A 00EA 0020 00CA 00DE 00C4 00D9 00BF 00B0 00C4 00DE 0086 0129 00E2 0099 00E3 0003 00BC 00AE 00B0 00C4 00BF 00B0 00C4 00DE 0086 0020 012A 012B 00E6 0095 0092 00E0 00A1 0008 0000
M191.ETC	0	20	06289	0015 012C 0096 00DE 0096 0096 008F 00E3 0092 00F9 0004 0000
M191.ETC	0	21	06296	009F 00FA 00EA 0020 00B4 00D9 00CC 00E6 012D 00FC 00F9 012E 012F 0130 00A5 00A5 00A5 0003 0097 008F 00E4 0020 000A 00E6 0131 0132 00E2 00EA 009D 00DE 00E0 00DE 0005 0000
M191.ETC	0	22	062B7	009A 00E9 0133 00EA 0020 00B7 00D0 00E6 00EA 00EF 00E0 00DE 0134 0102 00E0 00DE 0003 009F 00FA 0086 0135 008F 00E3 0020 0136 00E6 0137 00F8 00E5 009B 0092 0003 0092 009D 00DE 00FA 0138 0093 0139 00EF 00E3 00DE 00A5 00A5 00A5 009B 00F7 00EA 00DE 00E0 00DE 00A1 0008 0000
M191.ETC	0	23	062E7	00EF 0091 0020 000A 013A 008F 00E0 00F7 00A5 00A5 00A5 0003 013B 013C 0086 0020 0095 013D 00E6 009B 00FA 00F9 00E5 00FD 00E3 0003 013E 013F 008F 0140 0096 00DE 0020 0095 0091 00F8 00E5 00FD 00E3 00DE 009D 009A 00E4 0021 0008 0000
M191.ETC	0	24	06310	0093 00EC 00EC 00A5 00A5 00A5 000A 013A 00EA 0003 0141 0142 00E9 0143 0144 00E6 0020 0095 00E5 00F8 00E6 00E5 008F 00E3 00F3 0003 0096 009B 00DE 00F8 0140 00E9 00E5 0092 0020 0145 0146 00E3 00DE 009D 00E9 00E8 003F 0008 0000
M191.ETC	0	25	0633A	000A 013A 00E9 0020 0095 0147 00FA 00E9 013B 013C 00EA 0003 00E4 00DE 00E1 00F7 00E3 00DE 0020 0129 00E2 0099 00F7 00FA 00E0 00E9 00E3 00DE 009D 003F 0003 0148 00E0 00DE 0096 0020 00E4 008F 00E3 00F3 0140 0149 0096 00DE 0091 00F8 00EF 009D 00FC 00A1 0008 0000
M191.ETC	0	26	06368	00BA 00CE 00DD 00A5 00A5 00A5 014A 009C 014B 0099 00DE 00E3 0095 0097 00EF 009D 0096 00DE 0003 014C 014D 00E6 0020 014E 0097 014F 0086 0135 00E1 010E 00F1 009A 00E4 00EA 0003 0096 00E0 0098 0150 009C 00DE 00F7 00FA 00E3 0095 00F8 00EF 009D 0020 00CA 00B2 00A1 0008 0000
M191.ETC	0	27	0639A	0095 00F4 0020 000A 0151 00E9 0095 013D 00EA 00A5 00A5 00A5 0003 00F3 009C 00F4 0020 013B 013C 00E3 00DE 00EA 0091 00F8 00EF 009E 00E7 0096 00E5 0003 00ED 0094 0094 0020 009F 0093 0092 0093 0020 009C 008D 0152 00E3 00DE 009D 0096 003F 0008 0000
M191.ETC	0	28	063C8	0091 00FA 00EF 0091 0020 013B 013C 0086 0153 0094 00E3 00E9 0154 014C 00E4 00EA 0003 0092 008F 00E0 0092 0020 00E4 00DE 00E9 00F6 0093 00E5 0155 0156 00E3 00DE 009D 0096 00E5 003F 0003 009A 00FA 00EF 00E0 0020 0157 00FC 008F 00E0 0095 013D 00E0 00DE 009A 00E4 00A5 00A5 00A5 00A1 0008 0000
M191.ETC	0	29	063FB	0148 00E3 00DE 009D 0096 00A5 00A5 00A5 000A 0151 003F 0003 00F4 00F4 0020 00F3 009C 00F4 0020 009F 00E9 013B 013C 0086 0003 0158 0102 009C 00E3 0098 00FA 00E4 0020 0092 00FC 00FA 00EF 009D 0096 003F 0008 0000
M191.ETC	0	30	06421	0095 0159 00EA 0020 0141 0142 00E6 015A 015B 009C 00E0 009A 00E4 00E3 00DE 0003 00E4 00DE 009A 0096 0020 0095 0096 009C 0098 00E5 008F 00E0 00E9 0096 003F 0003 00E0 00DE 008F 00E3 0020 009F 00FA 0020 013B 013C 00E0 00DE 00F6 00E5 0091 00A1 0008 0000
M191.ETC	0	31	0644B	000A 0096 00DE 0020 0112 0113 00E6 015A 00E3 00F9 00E4 015C 0092 00E3 0003 00E4 00DE 00FD 00E5 009A 00E4 0086 0020 00F4 008F 00E3 0098 00F9 0096 00E4 015D 008F 00E0 00F7 0003 00A5 00A5 00A5 013B 013C 0086 0020 009B 0096 00DE 009C 00E3 0098 00F9 009A 00E4 00E4 00EA 0021 0008 0000
M191.ETC	0	32	0647B	0095 00FA 00EA 0020 000A 00E9 015A 015B 00E9 015E 00F7 009E 0086 0003 015F 0160 00E6 0020 00F6 00FB 009A 00FD 00E3 00DE 0092 00E0 00FD 00E0 00DE 0099 00E4 00DE 00A5 00A5 00A5 0003 013B 013C 0086 0153 0094 00F9 0020 0095 0159 0086 0129 00F9 00E4 0020 00B6 00DE 00AF 00B6 00D8 00E0 00DE 00A1 0008 0000
M191.ETC	0	33	064B0	000A 0151 00EA 0020 0141 0142 00E6 00E5 00F7 00FA 00E3 0003 00EF 009D 00EF 009D 0020 00E0 0098 00EF 009C 0098 00E5 008F 00E0 00A5 00A5 00A5 0096 00DE 0003 00CC 00DF 00CC 00DF 00AF 0020 0095 013D 00E6 013B 013C 00E4 00EA 0020 00B9 00AF 00BB 00B8 00E0 00DE 0021 0008 0000
M191.ETC	0	34	064E0	0021 0020 000A 013A 00EA 0020 00EA 009D 00DE 0096 009C 0098 00E5 0092 00E9 0096 003F 0003 0141 0142 00E0 00F9 0161 0096 00DE 0020 013B 013C 0086 0153 0094 00F9 00E4 00EA 00A5 00A5 00A5 0003 00B5 00C3 00DE 00B6 00DE 00DD 00E9 0141 0142 00F3 0020 0162 00E6 0163 00E1 00E0 00E5 0091 00A1 0008 0000
M191.ETC	0	35	06514	000A 013A 00E9 0020 0164 00FB 00E6 0092 00F9 00E9 00EA 0003 013B 013C 00E3 00DE 009D 0099 00E4 00DE 00A5 00A5 00A5 00EA 00EA 0091 00A5 00A5 00A5 0003 0141 0142 00E9 0112 0113 00E4 0020 0165 0166 0096 00DE 0091 00F9 00FD 00E3 00DE 009C 008E 003F 0008 0000
M191.ETC	0	36	06541	000A 013A 00EA 0020 013B 013C 0086 0167 00FC 00FA 00E0 00E9 003F 0003 00E3 00DE 00F3 0020 00E5 00FD 00E3 0097 00FA 0092 00E5 013B 013C 00E5 00FD 00E3 00DE 009C 008E 0021 0003 009F 00FA 00E6 0020 0140 0149 00E6 0091 00EC 00FA 00E3 0092 00F9 00FC 00F6 00A1 0008 0000
M191.ETC	0	37	06570	000A 013A 00E4 0020 013B 013C 00E9 0168 00F8 011C 00FC 009E 003F 0003 00F0 00FD 00E5 00EA 0020 0095 0096 009C 0098 015D 0093 00E3 00DE 009C 008E 0093 0099 00E4 00DE 0003 0169 00EA 00A5 00A5 00A5 009D 009A 00DE 0098 00BD 00C3 00B7 00E0 00DE 00E4 015D 0093 00A1 0008 0000
M191.ETC	0	38	065A1	0141 0142 00E6 00E5 00F7 00FA 00E0 0020 000A 013A 00E3 00DE 009D 00E8 003F 0003 009F 00FD 00E5 0143 0144 00E9 016A 0096 00DE 0020 0091 00F7 0020 0092 00F4 00E0 00DE 00FC 0091 0003 013B 013C 0096 00DE 0020 0164 0086 00E2 0099 00E3 0097 00E3 0092 00EF 009D 00FC 00F6 00A1 0008 0000
M191.ETC	0	39	065D2	00ED 008A 008A 0020 00CE 00DD 00C4 00E6 016B 0136 00E0 00DE 00E5 0091 00A5 00A5 00A5 0003 000A 0096 00DE 0020 013B 013C 0086 0153 0094 00E3 016C 0098 00E5 00FD 00E3 0003 0092 00EF 00EF 00E3 00DE 00E9 00B7 00D0 0096 00F7 00EA 0020 016D 0094 00F7 00FA 00E5 0092 00F6 00A1 0008 0000
M191.ETC	0	40	06605	0093 0020 0093 00FD 003F 0020 00E5 00FD 00E0 00DE 00BB 00D9 009C 00DE 008C 00E5 0092 0096 0021 0003 015A 015B 00E9 00C1 00AC 00DD 00BD 0086 0020 00E9 0096 00DE 009C 00E0 00CE 00DE 00B8 0086 0003 00E5 0098 00DE 009B 00F2 00E6 0020 0097 00E3 0098 00FA 00E0 00FD 00E0 00DE 00E8 0020 0098 00DE 00B0 00A1 0008 0000
M191.ETC	0	41	0663A	00EF 0091 0020 0096 00FC 0092 0092 0020 0095 00BB 00D9 009B 00FD 0003 0097 008F 00E4 0020 0095 016E 00E3 00DE 00F3 009D 0092 00E0 00FD 00E3 00DE 009C 008E 003F 0003 00E3 00DE 00F3 016F 0020 00CA 00DE 00C5 00C5 00EA 0135 008F 00E3 0092 00E5 0092 00E9 00A1 0008 0000
M191.ETC	0	42	06669	0091 00F7 00B2 00D4 00E0 00DE 00FC 0020 00BB 00D9 009C 00DE 008C 00E5 0092 00E9 00F6 0003 00BB 00D9 00EA 0020 009D 0098 00DE 00B2 00C0 00BD 00DE 00D7 009D 00F9 0096 00F7 0003 00B7 00D7 00B2 00E5 00E9 00F6 00E8 008A 0020 00BC 00AF 00BC 0020 00BC 00AF 00BC 00A1 0008 0000
M191.ETC	0	43	0669C	0095 014C 00E6 0020 0095 00BB 00D9 009B 00FD 0096 00DE 0098 00F9 00E5 00FD 00E3 0003 0097 008F 00E4 0020 00EA 009C 00DE 00F2 00E3 00E9 009A 00E4 009C 00DE 008C 00E5 0092 003F 0003 0099 0092 00EB 00DE 0170 00EA 0020 0148 009C 00E3 00F9 00E9 0096 009C 00F7 0021 0008 0000
M191.ETC	0	44	066CB	00BA 00CE 00DD 00A5 00A5 00A5 014A 009C 014B 0099 00DE 00E3 0095 0097 00EF 009D 0096 00DE 0003 00B5 00C3 00DE 00B6 00DE 00DD 014C 00E3 00DE 00EA 0020 014E 0097 014F 00E9 0128 014C 00EA 0003 0096 00E0 0098 0020 0095 0171 00F8 014A 009C 014B 0099 00DE 00E3 0095 00F8 00EF 009D 009F 00DE 00A1 0008 0000
M191.ETC	0	45	06700	0095 0092 0020 00BB 00D9 0021 0020 00E4 00DE 009A 0096 00F7 0172 00E0 00FD 00E0 00DE 0003 009F 00FD 00E5 0173 00E3 00DE 0020 00C0 00DE 00DD 00BD 0086 009C 00E3 00E5 0092 00E3 00DE 0003 0174 00F1 0096 00F7 0020 014C 0096 00F7 015A 00E3 0175 008F 00E3 0098 00FA 0021 0008 0000
M191.ETC	0	46	06730	00EE 00EE 0093 0020 009A 00FA 0096 00DE 00D3 00DD 00B7 00B0 00C0 00DE 00DD 00BD 0021 0003 00E1 00EF 00E0 00E9 0020 0176 0161 00E0 00E1 00E9 0091 0092 00E0 00DE 00E3 00DE 00EA 0003 0177 0178 0175 00E9 0020 0095 00E4 00DE 00F8 00E4 015C 0097 00EF 009C 00E0 00A1 0008 0000
M191.ETC	0	47	06761	0091 00F8 008C 0020 009A 00F8 008C 00EF 00E0 00A5 00A5 00A5 00A5 0003 00E3 00DE 008F 0096 0092 00BB 00D9 0096 00DE 0020 00F4 008F 00E3 0097 00E0 009F 00DE 0003 00E4 00DE 0093 00F4 008F 00E3 0020 0158 0102 009D 00F9 00E9 0096 00E5 0091 003F 0008 0000
M191.ETC	0	48	0678D	009A 0092 00E2 0020 00B5 00DA 00E9 0159 00E3 00DE 00C0 00DE 00DD 00BD 00E4 00EA 0021 0003 0127 0179 0086 0132 00E3 00E5 0092 0020 00B5 00DA 00E9 009A 00E4 0086 0003 00CA 00DE 00B6 00E6 009C 00E3 00F9 00F0 00E0 0092 00E3 00DE 0020 0098 00F4 009C 0092 009E 00DE 00A1 0008 0000
M191.ETC	0	49	067BE	00C0 00DE 00DD 00BC 00DD 00B8 00DE 0020 00C0 00DE 00DD 00BC 00DD 00B8 00DE 0021 0003 009A 00F8 008C 00EF 00E0 0020 009D 0099 00DE 008A 00D8 00BD 00DE 00D1 017A 00E0 00DE 00E5 0003 00B5 00DA 00F3 0020 00D1 00BD 00DE 00D1 00BD 00DE 009C 00E3 0097 00E0 009E 00DE 0021 0008 0000
M191.ETC	0	50	067F0	0091 0091 0020 00F4 00F2 00FB 008F 0020 00F4 00F2 00E3 0098 00FA 008F 0003 016F 0139 00EA 0020 017B 0096 00F7 017C 0096 00DE 017D 0092 008F 00E3 00E9 00E6 0003 009F 00FD 00E5 00E4 009A 00E3 00DE 0020 00C0 00DE 00DD 00BD 009B 00FA 00E3 00E0 00EF 00F9 0096 0021 0008 0000
M191.ETC	0	51	06821	014C 017E 017F 00E6 0020 0180 0177 00E5 00BB 00D9 0096 00DE 0172 00F9 00E5 00FD 00E3 0003 0148 0096 00E9 0020 0159 0181 00FA 00E6 00E1 0096 00DE 0092 00E5 0092 00E3 00DE 009D 0003 00A5 00A5 00A5 00E6 009C 00E3 00F3 0020 00C9 00D8 00E9 0092 0092 00BB 00D9 00E0 00DE 0021 0008 0000
M191.ETC	0	52	06853	0091 00F8 008C 00F8 008C 0020 0092 0097 00E5 00F8 00C0 00DE 00DD 00BD 00E4 00EA 0003 0177 0182 00E6 009C 00E3 0020 010A 0183 00E5 00BB 00D9 00E3 00DE 009D 00E8 008A 0003 0092 00E2 00EF 00E3 00DE 0095 00E4 00DE 00F9 0096 0020 0129 00E3 00F6 008F 00E4 0021 0008 0000
M191.ETC	0	53	06884	009A 00FA 00EA 0020 00BB 00D9 00E0 00DE 00F6 00E5 0091 00A5 00A5 00A5 0003 0184 00EF 00E3 00DE 0020 00F4 008F 00E3 00F9 008F 00E3 009A 00E4 00EA 0003 00BB 00B0 00B6 00BD 0096 00F7 0020 00E6 0099 00DE 00E0 00E9 0096 00F3 0021 0008 0000
M191.ETC	0	54	068AD	00EF 0091 0020 0096 00FC 0092 0092 0020 0095 00BB 00D9 009B 00FD 00E0 00DE 00FC 0003 00E3 00DE 00F3 00A5 00A5 00A5 0096 00FC 0092 0092 008F 00E3 0092 0093 00E6 00EA 0003 00E1 008E 008F 00E4 0020 0177 0097 009D 0097 00DE 00F9 0140 00F3 009D 00F9 00FC 00A1 0008 0000
M191.ETC	0	55	068DB	0097 008C 00B0 008F 0020 00E0 00DE 00FA 0096 00B0 008F 0020 0185 0099 00E3 00B0 008F 0003 00A5 00A5 00A5 008F 00E3 0020 0095 00E4 00DE 00FB 0092 00E3 00F0 00E0 0099 00E4 00DE 0003 00EB 00E0 009D 00F7 0020 0095 00E4 00DE 008F 00E3 0092 00F9 00E0 00DE 0099 00E0 00DE 00FC 00A1 0008 0000
M191.ETC	0	56	0690B	0186 0187 00E9 0157 00FC 00F8 013F 00EA 0020 00E4 00DE 00FD 00E5 014E 0097 014F 00F3 0003 00E0 009C 0096 00E6 0020 0188 0096 00FA 00F9 00F3 00E9 00E0 00DE 0099 00E4 00DE 0003 009A 00FA 00EA 0020 00E1 008E 008F 00E4 0020 0188 0096 00FA 009D 0097 00DE 00F6 00A1 0008 0000
M191.ETC	0	57	0693C	0189 018A 0086 0020 00E9 009F 00DE 0097 010E 00FD 00E3 00DE 00F0 00F9 00E4 00A5 00A5 00A5 0003 018B 009C 0092 0020 018C 0140 00E9 015A 009F 0093 00E5 018D 0096 00DE 0091 00F8 00EF 009D 0003 018E 00FD 00E3 00DE 00F0 00EF 009D 0096 003F 0000
M191.ETC	0	58	06968	00A5 00A5 00A5 00A5 00A5 00A5 0008 0000
M191.ETC	0	59	06970	00ED 008A 008A 0020 009B 009B 00F4 0097 00E9 018F 0086 0135 008F 00E3 00F9 00E5 00FD 00E3 0003 0190 00E9 0191 0192 00E6 011C 0093 0193 0086 0135 008F 00E3 00F9 00E9 0096 0092 003F 0003 0194 0195 0196 00E6 00F3 0020 009F 00FD 00E5 0194 0096 00DE 0197 008F 00E3 00E0 00E9 0096 0021 0005 0000
M191.ETC	0	60	069A6	00B5 00B0 00B9 00B2 0020 0148 0096 015C 0097 00E0 0092 00FD 00E0 00DE 00FB 0093 0003 00CE 00CB 00DE 00AF 00C4 0196 00E9 0020 0175 016A 00E9 009A 00E4 0096 00E5 003F 0000
M191.ETC	0	61	069C6	0091 00E9 0198 00A5 00A5 00A5 0199 00E9 019A 0096 00DE 0096 0096 00DE 00F4 0092 00E3 0003 0199 0194 00E0 00E1 0096 00DE 0020 019B 00EF 008F 00E3 0092 008F 00E0 00FD 00E0 00DE 0005 0000
M191.ETC	0	62	069E6	0126 019C 0096 00DE 0020 019A 00E9 019D 00F8 0086 019E 00FD 00E0 00DE 00E4 00E0 00FD 00E6 0003 019A 0096 00DE 0096 0096 00DE 00F4 0097 0086 00EF 009C 0020 019F 0086 0122 008F 00E0 01A0 0003 0199 00E9 0161 00E9 009D 0096 00DE 00E0 0096 00DE 0020 0103 0094 00E3 0092 00E0 00E9 00E0 00DE 00F6 00A1 0008 0000
M191.ETC	0	63	06A1B	0199 0194 0086 00E9 00F0 009A 00FD 00E0 00DE 0020 0091 00E9 019F 00EA 0003 00B6 00B6 00DE 00D0 00E9 0096 0096 00DE 00F4 0097 00E6 0020 009F 008F 0098 00F8 00E0 00DE 008F 00E0 0003 0199 0194 00EA 0020 01A1 00E6 01A2 0092 010E 00EF 00FA 00E0 00E9 0096 00F3 00A5 00A5 00A5 0005 0000
M191.ETC	0	64	06A4C	00CA 00DF 00AF 00BE 00B0 00BC 00DE 00D0 00D7 00B0 0086 015E 008F 00E3 0092 00F9 0096 00E8 003F 0003 012E 0193 00E9 0096 0096 008F 00E0 01A1 00E6 0020 01A3 0096 0092 011C 00FC 009E 00F9 00E4 0003 01A1 00E9 015B 01A4 00E6 0020 0175 0099 00F9 00F7 009C 0092 00E9 00E0 00DE 00F6 00A1 0008 0000
M191.ETC	0	65	06A82	00CE 00CB 00DE 00AF 00C4 00E0 00E1 0096 00DE 0020 01A5 00FC 00FA 00E0 0095 0096 0099 00DE 00E3 00DE 0003 00EF 00E0 0020 01A6 00F7 00E4 01A7 009C 0098 01A8 009A 00DE 009E 009F 0093 00E0 00DE 00F6 0005 0000
M191.ETC	0	66	06AA8	00EE 0096 00E6 00F3 0020 0169 00E9 015E 008F 00E3 0092 00F9 009A 00E4 0086 0003 015E 00F8 00E0 009F 0093 00E0 00DE 00E8 00A5 00A5 00A5 00B5 00B0 00B9 00B2 0003 00BC 00AC 00B2 00C6 00DD 00B8 00DE 00BF 00B0 00C4 00DE 00E9 009A 00E4 0096 00E5 003F 0000
M191.ETC	0	67	06AD6	018D 00E9 01A9 01AA 00E9 01AB 00E9 0020 0032 01AC 00E9 01AD 0096 00DE 0091 008F 00E3 0003 009F 009A 00E3 00DE 0020 009D 00ED 00DE 00E3 00E9 00B5 00B0 00CC 00DE 00E9 0193 0086 0129 009E 00F9 00E4 0003 01AE 00E5 00F9 01A9 01AA 00E9 01AF 0096 00DE 0020 01B0 0096 00FA 00F9 00E4 0092 0093 00F6 00A1 0008 0000
M191.ETC	0	68	06B0D	0180 0194 00E9 01B1 00F9 0020 0162 01B2 00E9 01B3 00E6 01B4 0098 01A9 01AA 00E9 014B 00E6 0003 00B5 00C3 00DE 00B6 00DE 00DD 014C 0096 00DE 0020 0132 00E3 00F7 00FA 00E0 00E4 015C 0092 00E0 00F6 0003 00BC 00DE 00DD 00E0 00E1 00F3 0020 0097 008F 00E4 009F 009A 00E6 0092 00F9 00EA 009D 00DE 009B 00A1 0008 0000
M191.ETC	0	69	06B45	00CE 00DE 00B8 00EA 0020 00B4 00D9 00CC 00E9 012E 012F 0111 0092 00B6 00BD 00DE 00DD 0021 0003 00CA 00DF 00D9 00D2 00B7 00B1 00E9 0020 00B8 00DE 00D7 00DD 00BC 00B0 00D9 01B5 0096 00F7 0003 00CA 00DF 00BF 00DE 00B0 00C4 0086 01B6 008F 00E3 0020 00F4 008F 00E3 0172 00E0 00FD 00E0 00DE 0005 0000
M191.ETC	0	70	06B7D	000A 01B7 00E9 009A 00E4 00EA 0020 01B8 013F 009C 00E3 00E0 0099 00E4 00DE 0003 009B 009D 0096 00DE 00EA 0020 0177 01B9 00E3 00DE 00F3 01BA 01BB 00E5 01BC 0161 00E9 01BD 01BE 00E0 00DE 0003 00B7 00D0 00E9 01BC 0140 00E6 00EA 0020 017A 0155 009C 00E3 00F9 00FD 00E0 00DE 00F6 0021 0005 0000
M191.ETC	0	71	06BB2	00B7 00D0 00EA 0020 00CE 00DE 00B8 00E9 01BF 01C0 00E9 00F6 0093 00E0 00DE 00A5 00A5 00A5 0003 009F 0092 00E2 00EA 0020 00CE 00DE 00B3 00B2 008F 00E3 0092 0093 00FD 00E0 00DE 0099 00E4 00DE 009B 00A1 0008 0000
M191.ETC	0	72	06BD8	0169 00EA 0020 00B4 00D9 00CC 00E9 00BB 00D7 0020 00E4 00DE 0093 009F 00DE 00F6 00FB 009C 0098 0003 0169 00E0 00E1 00EA 00A5 00A5 00A5 00CA 00DF 00BF 00DE 00B0 00C4 0086 01B6 008F 00E3 0003 01C1 0086 009C 00E3 0020 009A 009A 00EF 00E3 00DE 00F4 008F 00E3 0172 00E0 00E9 00E3 00DE 009D 00A1 0005 0000
M191.ETC	0	73	06C0D	0032 0194 00E3 00DE 01C1 009C 00E3 00F9 0096 00F7 0020 0195 01C2 00FC 00FA 00F9 0099 00E4 00DE 0003 0099 008F 009C 00E3 0020 01C3 0194 01C4 0142 009C 00DE 008C 00E5 0092 00E9 00F6 0021 0003 009F 0093 015D 00FC 00FA 00F9 00E9 00EA 00A5 00A5 00A5 0155 0136 00E0 00DE 00FC 00A1 0008 0000
M191.ETC	0	74	06C40	0091 00E9 0198 00A5 00A5 00A5 019A 0096 00DE 0096 0096 00DE 00F4 0092 00E3 0092 00F9 00E4 0003 009A 00E9 0199 00E9 0161 0096 00DE 0020 0126 019C 019B 00EF 008F 00E0 00E9 00E3 00DE 009D 0005 0000
M191.ETC	0	75	06C62	00EF 009B 0096 0020 00C0 00DE 00B0 00B8 00B4 00D9 00CC 00E9 00DC 00C5 00E0 00DE 008F 00E0 00E4 00EA 0003 00A5 00A5 00A5 000A 00E6 0185 0099 00F7 00FA 00E5 0099 00FA 00EA 00DE 0003 00E4 00DE 0093 00E5 008F 00E0 0096 00E4 015D 0093 00E4 0020 01C5 00FB 009C 0092 00A1 0008 0000
M191.ETC	0	76	06C94	000A 00EA 0020 00BC 00DE 00AC 00B2 00D9 00BD 00DE 0151 00E9 01BE 01BD 003F 0003 00E4 00DE 0095 00F8 00E3 00DE 0020 00EE 00DE 0098 00F7 0086 0185 0099 00F7 00FA 00E0 00EA 009D 00DE 00E0 00DE 0003 00B7 00D0 00EA 0020 01C6 01BF 00E9 01C7 0086 01C8 0099 00E2 0092 00E3 00DE 00F9 00FD 00E0 00DE 00A1 0008 0000
M191.ETC	0	77	06CCB	00B5 00C3 00DE 00B6 00DE 00DD 01C9 0096 00DE 0020 0138 008F 00E3 0098 00FA 00E5 0096 008F 00E0 00E9 00EA 0003 01C9 01CA 013A 00E9 009A 00E4 00E3 00DE 0020 0095 00E4 00DE 009B 00FA 00E3 00E0 0096 00F7 00E0 00DE 00FB 0003 00EA 00EA 0020 009F 00FA 0098 00F7 0092 00E9 009A 00E4 00EA 00FC 0096 00F9 00E9 009B 00A1 0008 0000
M191.ETC	0	78	06D02	00CA 00DF 00BF 00DE 00B0 00C4 00E9 0020 0034 0194 00E9 01BD 0144 00E9 01CB 00E9 0033 0194 0086 0003 00B7 00D0 01CC 0194 00E3 00DE 0020 01CD 009C 00E1 008C 008F 00E0 008F 00E3 00CE 00DD 00C4 003F 0003 009B 009D 0096 00DE 00EA 0020 00BC 00DE 00AC 00B2 00D9 00BD 00DE 0151 00E9 01BE 01BD 009B 00FD 00E0 00DE 0005 0000
M191.ETC	0	79	06D3C	01CE 00E9 01A9 01AA 00E3 00DE 0020 0197 00F8 00E9 00C7 00B0 00B8 00DE 0086 01CD 009E 00EA 00DE 0003 0034 00E2 00E9 00B5 00B0 00CC 00DE 0096 00DE 0020 009F 00FB 0093 00FD 00E0 00DE 00F6 00E8 003F 0008 0000
M191.ETC	0	80	06D61	00EE 00DE 0098 00F7 0096 00DE 0020 01CF 009C 00DE 009A 00F2 00F7 00FA 00E3 0092 00F9 0195 00E6 0003 0033 00E2 00E9 00BC 00DE 00DD 0096 00DE 0020 01D0 01D1 009B 00FA 00E0 00FD 00E0 00DE 008F 00E3 0021 0003 0034 00E2 013F 00F3 0020 01D0 01D1 009B 00FA 00E1 008C 0093 00E9 0096 00E5 0091 0005 0000
M191.ETC	0	81	06D97	009F 0093 00E5 00F9 00E4 0020 00BC 00AC 00B2 00C6 00DD 00B8 00DE 00BF 00B0 00C4 00DE 00E0 00DE 0099 0096 00DE 0003 01D2 0164 00E9 0020 0180 0194 0086 01D3 009D 00DE 00F9 01D4 00F8 01D5 00E0 00DE 00E5 0091 00A1 0008 0000
M191.ETC	0	82	06DBF	00EE 00DE 0098 00E0 00E1 00EA 0020 00B7 00D7 00B7 00D7 00E4 009C 00E0 014D 00E6 0003 009D 00DE 008F 00E4 0020 01CF 009C 00DE 009A 00F2 00F7 00FA 00E3 0092 00E0 00FD 00E0 00DE 0005 0000
M191.ETC	0	83	06DE1	009D 009A 00DE 0092 019F 0096 00DE 0020 01CC 011F 00E6 01D6 0096 00DE 008F 00E3 00A5 00A5 00A5 0003 019F 0096 00DE 0103 0094 00F9 00E4 0020 019A 00E9 0159 00E6 00F3 00E4 00DE 008F 00E3 00E0 0003 0148 00E0 00DE 0096 00A5 00A5 00A5 00D5 00D2 00E3 00DE 00F3 0129 00E3 00E0 00F0 00E0 0092 009B 00A1 0008 0000
M191.ETC	0	84	06E16	009A 009A 00EA 0020 01D7 01D8 00E9 01D9 0092 00CE 00CB 00DE 00AF 00C4 0199 00E0 00DE 00F6 0003 009F 0093 00E0 00DE 0021 0020 0199 00E9 0189 018A 00E9 018D 0086 018E 00F1 00E4 0003 0193 0096 00DE 00FC 0092 00E3 0098 00F9 0096 00F7 0020 0175 008F 00E3 009A 00DE 00F7 00FD 00F6 00A1 0008 0000
M191.ETC	0	85	06E4A	00B7 00D0 0096 00DE 0020 00BC 00DE 00AC 00B2 00D9 00BD 00DE 00E9 01BE 01BD 000A 0021 0003 00C0 00DE 00B0 00B8 00B4 00D9 00CC 00E9 012E 01CA 0020 00B6 00B0 00D8 00B0 0096 00F7 0003 00F6 0098 009F 00DE 0185 0099 00E3 0098 00FA 00E0 00E5 0020 0091 00F8 0096 00DE 00E4 0093 00F6 0008 0000
M191.ETC	0	86	06E7E	00CE 00DE 00B8 00EA 0020 00B4 00D9 00CC 00E9 012E 012F 0111 0092 00B6 00BD 00DE 00DD 0021 0003 00CA 00DF 00D9 00D2 00B7 00B1 00E9 0020 00B8 00DE 00D7 00DD 00BC 00B0 00D9 01B5 0096 00F7 0003 00CA 00DF 00BF 00DE 00B0 00C4 0086 01B6 008F 00E3 0020 00F4 008F 00E3 0172 00E0 00FD 00E0 00DE 0005 0000
M191.ETC	0	87	06EB6	000A 01B7 00E9 009A 00E4 00EA 0020 01B8 013F 009C 00E3 00E0 0099 00E4 00DE 0003 009B 009D 0096 00DE 00EA 0020 0177 01B9 00E3 00DE 00F3 01BA 01BB 00E5 01BC 0161 00E9 01BD 01BE 00E0 00DE 0003 00B7 00D0 00E9 01BC 0140 00E6 00EA 0020 017A 0155 009C 00E3 00F9 00FD 00E0 00DE 00F6 0021 0005 0000
M191.ETC	0	88	06EEB	00B7 00D0 00EA 0020 00CE 00DE 00B8 00E9 01BF 01C0 00E9 00F6 0093 00E0 00DE 00A5 00A5 00A5 0003 009F 0092 00E2 00EA 0020 00CE 00DE 00B3 00B2 008F 00E3 0092 0093 00FD 00E0 00DE 0099 00E4 00DE 009B 00A1 0008 0000
M191.ETC	0	89	06F11	0169 00EA 0020 00B4 00D9 00CC 00E9 00BB 00D7 0020 00E4 00DE 0093 009F 00DE 00F6 00FB 009C 0098 0003 0169 00E0 00E1 00EA 00A5 00A5 00A5 00CA 00DF 00BF 00DE 00B0 00C4 0086 01B6 008F 00E3 0003 01C1 0086 009C 00E3 0020 009A 009A 00EF 00E3 00DE 00F4 008F 00E3 0172 00E0 00E9 00E3 00DE 009D 00A1 0005 0000
M191.ETC	0	90	06F46	0032 0194 00E3 00DE 01C1 009C 00E3 00F9 0096 00F7 0020 0195 01C2 00FC 00FA 00F9 0099 00E4 00DE 0003 0099 008F 009C 00E3 0020 01C3 0194 01C4 0142 009C 00DE 008C 00E5 0092 00E9 00F6 0021 0003 009F 0093 015D 00FC 00FA 00F9 00E9 00EA 00A5 00A5 00A5 0155 0136 00E0 00DE 00FC 00A1 0008 0000
M191.ETC	0	91	06F79	00EF 009B 0096 0020 0091 00E9 00CA 00DF 00BF 00DE 00B0 00C4 00E9 01CC 0152 0096 00DE 0003 00CE 00CB 00DE 00AF 00C4 0199 0086 0020 00C0 00B0 00B9 00DE 00AF 00C4 00E6 009D 00F9 00E4 00EA 0003 015D 00FC 00FD 0096 008F 00E0 00FD 00E3 00DE 0020 01DA 0171 009C 00E0 00FC 0092 00A1 0008 0000
M191.ETC	0	92	06FAC	00F4 00E2 00F7 00E6 00E4 008F 00E3 0020 0169 00E0 00E1 0096 00DE 01DB 0098 009A 00E4 0096 00DE 0003 013F 009B 00DE 00FC 00F8 00E0 00DE 008F 00E0 00A5 00A5 00A5 00E9 00E3 00DE 009C 008E 0093 00E8 00A1 0008 0000
M191.ETC	0	93	06FD1	01A1 00E9 01A9 01AA 00E6 0020 01CF 009C 00DE 009A 00F2 00F7 00E3 0092 00F9 0195 00E6 0003 0033 00E2 00E9 00BC 00DE 00DD 0096 00DE 01D0 01D1 009B 00FA 00E3 009C 00EF 008F 00E0 00E9 00E8 003F 0008 0000
M191.ETC	0	94	06FF6	00A5 00A5 00A5 00A5 00A5 00A5 00A1 0008 0000
M191.ETC	0	95	06FFF	01DC 01DD 0020 0169 00E0 00E1 00EA 00B5 00C3 00DE 00B6 00DE 00DD 014C 00E6 01A3 0096 0092 0003 009A 00E9 0159 00E4 01C4 009C 00DE 013A 00E6 0020 01D9 01DE 00E9 00EE 009A 00F7 0096 00F7 0003 0180 0194 00E9 013A 01BD 0086 0020 0129 00E3 009A 00F6 0093 00E4 015D 0092 00EF 009D 00A1 0008 0000
M191.ETC	0	96	07035	000A 0020 00B7 00D0 00EA 01CE 00E9 01A9 01AA 00E6 0175 008F 00E3 0003 01CE 00E9 00BC 00DE 00DD 0096 00DE 0020 01D0 01D1 009B 00FA 00F9 00E9 0086 01DF 0092 00E3 00DE 0098 00FA 0005 0000
M191.ETC	0	97	07057	00F3 009C 00F3 0020 009F 00FA 0096 00DE 00C0 00DE 00D2 00E0 00DE 008F 00E0 00E5 00F7 00A5 00A5 00A5 0003 00C7 00B0 00B8 00DE 00E9 0135 00E2 0020 01D2 0164 00E9 00B5 00B0 00CC 00DE 0086 0168 00F8 01E0 009C 0003 0126 00E3 00E9 00BC 00DE 00DD 00E4 0020 01E1 0094 00F9 0124 0125 0086 0120 0094 00FB 0021 0008 0000
M191.ETC	0	98	07090	009F 0093 00E8 0020 0126 00E3 00E9 00BC 00DE 00DD 0096 00DE 01D0 01D1 009B 00FA 00E0 00E5 00F7 0003 0180 0194 00E9 01E2 01E3 0086 0020 01DF 0098 00DE 0127 00E0 00DE 00E3 00E4 009C 00E3 00EA 0003 009F 00E9 016A 012F 009C 0096 00A5 00A5 00A5 0197 009B 00FA 00E3 0092 00E5 0092 00F3 00E9 0005 0000
M191.ETC	0	99	070C5	0180 0194 0096 00DE 0020 01E2 01E3 009D 00F9 0193 0086 0168 00F8 00F3 00E4 00DE 009D 0159 00E6 0003 00BC 00DE 00DD 0086 01CD 009C 0020 00B5 00B0 00CC 00DE 00E6 01D3 009C 00DE 010E 00F2 00F9 009A 00E4 0003 00A5 00A5 00A5 009F 00E9 00E0 00F2 00E6 00F3 0020 00B5 00B0 00CC 00DE 0096 00DE 0119 011A 00E8 00A1 0008 0000
M191.ETC	0	100	070FD	009A 00FA 00EA 0020 00CD 00DF 00B6 00DE 00BB 00BD 00CD 00D9 00D1 00E4 0092 008F 00E3 0003 01CE 00E9 0192 01E4 00E9 0020 012E 0193 0086 01C8 0099 00E0 00B6 00CC 00DE 00C4 00E5 00FD 00E0 00DE 0005 0000
M191.ETC	0	101	07123	009A 00E9 00B4 00D9 00CC 00E9 012A 0086 0020 00B7 00D0 00E6 014B 0099 00DE 00F6 0093 0021 0003 00B7 00D0 0096 00DE 0020 01CE 00E9 01A9 01AA 00E6 0175 008F 00E0 00E4 0097 00E6 0003 0097 008F 00E4 0020 0131 00E6 0132 00E2 00EA 009D 00DE 00E0 00DE 0096 00F7 00A5 00A5 00A5 00A1 0008 0000
M191.ETC	0	102	07156	0093 00F1 0020 0098 00FA 0098 00DE 00FA 00F3 0174 00FD 00E0 00DE 009F 00DE 0021 0008 0000
M191.ETC	0	103	07167	01E5 0096 00DE 01CC 0020 01CE 00E9 00BC 00DE 00DD 0096 00DE 01D0 01D1 009B 00FA 00E0 00E5 00F7 0003 0034 00E2 00E9 00B5 00B0 00CC 00DE 0096 00DE 0020 01E6 0092 00E3 0098 00FA 00F9 00E4 0092 0093 0003 019F 00E9 01A9 01AA 0086 01E7 009C 0020 0141 0086 0129 00E2 0099 00E5 009B 0092 0005 0000
M191.ETC	0	104	0719C	009F 009A 00E6 0091 00F9 0020 00BC 00AC 00B2 00C6 00DD 00B8 00DE 00BF 00B0 00C4 00DE 009A 009F 0003 0180 0194 0086 00A5 00A5 00A5 00CA 00DF 00BF 00DE 00B0 00C4 0086 01CD 009D 00E0 00F2 00E9 0003 01D2 0164 00E9 0020 01D4 00F8 01D5 00E4 00E5 00F9 01E8 01E9 00E0 00DE 0096 00F7 00A1 0008 0000
M191.ETC	0	105	071D2	00B4 00D9 00CC 00E9 012A 0020 00CD 00DF 00B6 00DE 00BB 00BD 00CD 00D9 00D1 0086 00E2 0099 00FA 00EA 00DE 0003 01CE 00E9 01A9 01AA 0086 0020 01EA 01EB 00E6 01DB 0097 019D 00FA 00F9 009C 00DE 008C 00FB 0005 0000
M191.ETC	0	106	071FC	009C 0096 009C 00A5 00A5 00A5 0118 0086 01EC 00FD 00E3 00DE 0092 00F9 0195 00EA 0003 012E 012F 016B 0136 0020 01E1 0093 0127 0132 00E3 0096 00DE 00E5 0092 0003 00B5 00B0 00CC 00DE 0086 0020 01ED 00FA 009D 00DE 00E6 01EE 0125 009D 00F9 00FD 009C 00DE 008C 00A1 0008 0000
M191.ETC	0	107	0722C	0189 018A 00E9 018D 0086 0020 018E 00F1 00E9 00EA 01EA 01EB 00E0 00DE 0099 00E4 00DE 0003 00CE 00DE 00C4 00D9 00E6 01EF 00F2 00F9 00E6 00EA 0020 0095 01F0 0086 00F3 00F7 0093 00F6 0003 0199 00E9 009C 0097 00E0 00F8 00E3 00DE 0020 009F 0093 00E5 008F 00E3 00F9 00FD 00E0 00DE 0005 0000
M191.ETC	0	108	07260	00CE 00CB 00DE 00AF 00C4 00E9 01F1 00EA 0020 01F0 01F2 0031 0030 0030 01F3 00E0 00DE 0099 00E4 00DE 0003 00E4 00DE 0093 00E0 00DE 0092 0020 0135 008F 00E3 0092 0098 0096 0092 0000
M191.ETC	0	109	07282	009F 0093 0096 0092 00A5 00A5 00A5 009F 00F8 008C 0197 01F4 00A5 00A5 00A5 0003 00EF 00E0 0020 0119 011A 00E6 00E5 008F 00E0 00F7 0003 0092 00E2 00E3 00DE 00F3 0020 01F5 008F 00E3 0098 00FA 00F6 00A1 0008 0000
M191.ETC	0	110	072A8	00F6 009C 0020 00FC 0096 008F 00E0 0020 01F6 01F7 0128 00FA 00E3 00F4 00FB 0093 0021 0008 0000
M191.ETC	0	111	072BB	00CE 00CB 00DE 00AF 00C4 00E9 0098 009D 00F8 0086 0020 0128 00FA 00E3 00F3 00F7 008F 00E0 0008 0000
M191.ETC	0	112	072CF	009A 00FA 00E3 00DE 0092 0092 0020 00CE 00DE 00C4 00D9 00EA 00CF 00DD 00C0 00DD 00E0 00DE 0003 00EF 00E0 0020 0119 011A 00E6 00E5 008F 00E0 00F7 0003 0092 00E2 00E3 00DE 00F3 0020 01F5 008F 00E3 0098 00FA 00F6 00A1 0008 0000
M191.ETC	0	113	072F7	0095 00F4 003F 0020 0095 01F0 0096 00DE 010B 00F8 00E5 0092 00F6 0093 00E0 00DE 00E8 0003 0197 01F4 00E0 00DE 0096 00DE 0020 0095 01F0 0096 00DE 00E0 00EF 008F 00E0 00F7 0003 00EF 00E0 0020 01F8 0086 0096 0099 00E3 0098 00FA 00F6 00E5 00A1 0008 0000
M191.ETC	0	114	07323	0095 00F4 003F 0020 0118 00E9 00CE 00DE 00C4 00D9 0086 0020 0135 008F 00E3 00E5 0092 00F6 0093 00E0 00DE 00E8 0003 0118 00E9 00CE 00DE 00C4 00D9 0096 00DE 0091 008F 00E0 00F7 0003 00EF 00E0 0020 01F8 0086 0096 0099 00E3 0098 00FA 00F6 00E5 00A1 0008 0000
M191.ETC	0	115	07351	00CE 00CB 00DE 00AF 00C4 00E9 0020 01BB 00F3 00E5 0092 0176 0161 00E9 0139 0114 0021 0003 00C0 00DE 00B0 00B8 00B4 00D9 00CC 00E4 0020 009A 00E9 00EF 00EF 01E1 0094 00EA 00DE 0003 0092 00E2 0096 00EA 0020 00FC 00FA 00FC 00FA 00F3 01F9 00FC 00FA 00F9 00A1 0008 0000
M191.ETC	0	116	07382	01FA 01BD 01FB 00E9 0020 01FC 0092 00B6 00CD 00DE 00E9 012D 01FD 0021 0003 0034 00E2 00E9 00B5 00B0 00CC 00DE 00E4 0020 00E0 0098 00EF 009C 0092 0192 01FE 00E9 0161 0096 00DE 0003 01FC 0092 00B6 00CD 00DE 00E6 00EC 00FA 00E0 01A0 0020 01A9 01AA 0096 00DE 01B0 0096 00FA 00F9 00A1 0008 0000
M191.ETC	0	117	073B8	00BC 00DE 00AC 00DD 00CC 00DF 00BC 00AD 00B0 00BD 00DE 00E9 0020 01A9 01AA 00E9 012D 01FD 0021 0003 018D 00E9 00B5 00B0 00CC 00DE 0086 0020 0111 0092 009A 00E5 009E 00F9 0161 00E0 00DE 0099 0096 00DE 0003 01FF 0200 00E9 0193 0086 0127 00E6 0128 00FA 00F9 00E4 0092 0093 00A5 00A5 00A5 00A1 0008 0000
M191.ETC	0	118	073EE	00CE 00CB 00DE 00AF 00C4 0196 00E9 0020 0201 0195 00E9 0202 0178 0021 0003 00B8 00DE 00D7 00DD 00BC 00B0 00D9 0203 00E6 0020 0204 008F 00E0 0201 0195 00E0 00E1 00EA 0003 00D0 00BD 00D8 00D9 0205 00E9 0020 0206 0207 0208 0194 00E6 00E5 008F 00E0 00E4 0096 00A1 0008 0000
M191.ETC	0	119	07422	00CE 00CB 00DE 00AF 00C4 0199 00E9 0020 010A 015D 0209 00E5 0189 018A 00E9 012D 01FD 0021 0003 0092 00E2 0096 00F7 0096 003F 0020 00CE 00CB 00DE 00AF 00C4 0199 00E9 0189 018A 00E6 00EA 0003 00E4 00DE 00FD 00E5 020A 00FA 00F3 0092 00F4 009D 0020 010A 015D 0209 00E5 018D 0096 00DE 00FC 0098 00A1 0008 0000
M191.ETC	0	120	07459	020B 00E9 01A9 01AA 00E9 0020 020C 0098 00E9 01AF 020D 020E 00E9 01D6 020F 0021 0003 0210 00E9 0162 016A 00E6 00E5 0092 0020 0211 0212 00E5 01AF 020D 00E9 0213 0096 00DE 0003 020B 00E9 01A9 01AA 020C 0098 00E9 0020 01FB 00E9 014D 00E6 00B5 00B0 00CC 00DF 00DD 00A1 0008 0000
M191.ETC	0	121	0748A	020B 00E9 01A9 01AA 00E9 01AF 020D 020E 0020 0214 0215 0213 00E9 01D6 020F 0021 0003 016F 0216 0020 0217 00E9 0162 016A 00E9 019A 00E6 0020 0218 0219 00B5 00B0 00CC 00DF 00DD 0021 0003 021A 009C 0092 0149 01B4 0219 0020 009E 00DE 00EB 0095 0132 00E1 021B 00F8 017E 009B 0092 00A1 0008 0000
M191.ETC	0	122	074C0	00CA 00DF 00AF 00BE 00B0 00BC 00DE 00D0 00D7 00B0 00E4 0020 01A1 00E9 01A9 01AA 0021 0003 012E 012F 0193 00E9 0091 00F9 0020 021C 021D 021E 021F 00E9 0091 00F9 00F3 00E9 00E6 0003 021C 0220 009C 00E3 0020 012E 00E5 00F9 01A9 01AA 00E9 0221 0086 01B0 0098 00A1 0008 0000
M201.ETC	0	0	07990	00B9 00DE 00B0 00D1 0086 0020 00E1 008D 0093 00E0 00DE 00FD 009C 00EF 009D 0003 00F6 00FB 009C 0092 00E3 00DE 009D 0096 003F 0000
M201.ETC	0	1	079A7	0015 0002 00C3 00DE 00B0 00C0 0086 0100 00FD 00E3 00DE 0098 00E0 00DE 009B 0092 0000
M201.ETC	0	2	079B7	0015 0002 0101 0102 0086 0100 00FD 00E3 00DE 0098 00E0 00DE 009B 0092 0000
M201.ETC	0	3	079C7	0015 0002 00CA 00DE 00AF 00B8 00B1 00AF 00CC 00DF 0052 0041 004D 0086 0100 00FD 00E3 00DE 0098 00E0 00DE 009B 0092 0000
M201.ETC	0	4	079DF	0015 0002 009A 00E9 00C3 00DE 00B0 00C0 0086 0020 0103 009C 00E3 00F6 00FB 009C 0092 00E3 00DE 009D 0096 003F 0000
M201.ETC	0	5	079F3	0015 0002 009A 00E9 00C3 00DE 00B0 00C0 0086 0020 0104 0105 009C 00EF 009D 0096 003F 0000
M201.ETC	0	6	07A04	0015 0002 0106 0107 0052 0041 004D 00E9 0108 0109 0096 00DE 0020 010A 010B 009C 00E3 0092 00EF 009D 0008 0000
M201.ETC	0	7	07A19	0015 0002 00B6 00B0 00C4 00D8 00AF 00BC 00DE 0052 0041 004D 00E9 0108 0109 0096 00DE 0020 010A 010B 009C 00E3 0092 00EF 009D 0008 0000
M201.ETC	0	8	07A32	0015 0002 0108 0109 010A 010B 00E9 00E0 00F2 0020 00BA 00CB 00DF 00B0 00E3 00DE 0097 00EF 009E 00FD 0008 0000
M201.ETC	0	9	07A47	0015 0002 0108 0109 010A 010B 00E9 00E0 00F2 0020 0105 010C 00E9 00BE 00B0 00CC 00DE 00EA 00E3 00DE 0097 00EF 009E 00FD 0008 0000
M201.ETC	0	10	07A5F	0015 0002 00B6 00B0 00C4 00D8 00AF 00BC 00DE 0052 0041 004D 0096 00DE 0020 0091 00F8 00EF 009E 00FD 0008 0000
M201.ETC	0	11	07A74	0015 0002 00B6 00B0 00C4 00D8 00AF 00BC 00DE 0052 0041 004D 00E6 00EA 0020 010D 0097 010E 00F0 00E3 00DE 0097 00EF 009E 00FD 0008 0000
M201.ETC	0	12	07A8E	0015 0002 010F 0097 00FB 0098 00E9 009C 008E 0110 0086 0020 00EB 00E4 00E2 0111 008F 00E3 0003 009A 009A 00EF 00E3 00DE 00E9 0112 0113 0086 0020 0114 0115 009D 00F9 009A 00E4 0096 00DE 00E3 00DE 0097 00EF 009D 00A1 0003 0114 0115 009C 00EF 009D 0096 003F 0000
M201.ETC	0	13	07ABB	0015 0009 0007 0114 0115 0086 0116 0117 009D 00F9 00E0 00F2 00E6 0031 0037 00E9 0118 0097 0108 0109 0096 00DE 0119 011A 00E3 00DE 009D 00A1 0003 009A 00E9 00EF 00EF 00B9 00DE 00B0 00D1 0086 00BD 00C0 00B0 00C4 009B 009E 00E0 011B 011C 0003 0114 0115 0086 0116 0117 009D 00F9 009A 00E4 0096 00DE 00E3 00DE 0097 00EF 009E 00FD 0005 0003 0112 0113 00E9 0114 0115 0086 0116 0117 009C 00E0 0092 011B 011C 00EA 0003 0116 0117 00C3 00DE 00B0 00C0 011D 0102 011E 011F 00E3 00DE 00C3 00DE 00B0 00C0 0086 0120 0102 009C 00E3 0003 00B9 00DE 00B0 00D1 0086 0121 00BD 00C0 00B0 00C4 009C 00E3 0098 00E0 00DE 009B 0092 00A1 0008 0000
M201.ETC	0	14	07B25	0015 0002 0009 0007 010D 0097 010E 00F0 00E6 0122 0123 009C 00EF 009C 00E0 0008 0000
M201.ETC	0	15	07B37	0015 0002 00CA 00DE 00AF 00B8 00B1 00AF 00CC 00DF 00C3 00DE 00B0 00C0 00EA 0091 00F8 00EF 009E 00FD 0000
M201.ETC	0	16	07B4C	0015 0009 0007 0106 0107 0052 0041 004D 00E9 0124 0125 0096 00DE 0020 00E3 00DE 0097 00E3 0092 00EF 009E 00FD 00A1 0003 0116 0117 00C3 00DE 00B0 00C0 011D 0102 011E 011F 00E3 00DE 0020 0126 00E3 00E9 0114 0115 0086 0103 009C 0003 00B9 00DE 00B0 00D1 0086 0020 0121 00BD 00C0 00B0 00C4 009C 00E3 0098 00E0 00DE 009B 0092 00A1 0000
M201.ETC	0	17	07B85	0015 0009 0007 00B6 00B0 00C4 00D8 00AF 00BC 00DE 0052 0041 004D 00E9 0124 0125 0096 00DE 0020 00E3 00DE 0097 00E3 0092 00EF 009E 00FD 00A1 0003 0116 0117 00C3 00DE 00B0 00C0 011D 0102 011E 011F 00E3 00DE 0020 0126 00E3 00E9 0114 0115 0086 0103 009C 0003 00B9 00DE 00B0 00D1 0086 0020 0121 00BD 00C0 00B0 00C4 009C 00E3 0098 00E0 00DE 009B 0092 00A1 0000
M201.ETC	0	18	07BC2	0015 000E 0086 0127 00E6 0128 00FA 00E0 0004 0000
M201.ETC	0	19	07BCE	0015 000A 00EA 0020 00CA 00DE 00C4 00D9 00BF 00B0 00C4 00DE 0086 0129 00E2 0099 00E3 0003 00BC 00AE 00B0 00C4 00BF 00B0 00C4 00DE 0086 0020 012A 012B 00E6 0095 0092 00E0 00A1 0008 0000
M201.ETC	0	20	07BF0	0015 012C 0096 00DE 0096 0096 008F 00E3 0092 00F9 0007 0000
M201.ETC	0	21	07BFB	009F 00FA 00EA 0020 0020 00B4 00D9 00CC 00E6 012D 00FC 00F9 012E 012F 0130 00A5 00A5 00A5 0003 0097 008F 00E4 0020 0020 000A 00E6 0131 0132 00E2 00EA 009D 00DE 00E0 00DE 0005 0000
M201.ETC	0	22	07C1C	009A 00E9 0133 00EA 0020 0020 00B7 00D0 00E6 00EA 00EF 00E0 00DE 0134 0102 00E0 00DE 0003 009F 00FA 0086 0135 008F 00E3 0020 0020 0136 00E6 0137 00F8 00E5 009B 0092 0003 0092 009D 00DE 00FA 0138 0093 0139 00EF 00E3 00DE 00A5 00A5 00A5 009B 00F7 00EA 00DE 00E0 00DE 00A1 0008 0000
M201.ETC	0	23	07C4B	00EF 0091 0020 000A 013A 008F 00E0 00F7 00A5 00A5 00A5 0003 013B 013C 0086 0020 0095 013D 00E6 009B 00FA 00F9 00E5 00FD 00E3 0003 013E 013F 008F 0140 0096 00DE 0020 0095 0091 00F8 00E5 00FD 00E3 00DE 009D 009A 00E4 0021 0008 0000
M201.ETC	0	24	07C71	0093 00EC 00EC 00A5 00A5 00A5 000A 013A 00EA 0003 0141 0142 00E9 0143 0144 00E6 0020 0095 00E5 00F8 00E6 00E5 008F 00E3 00F3 0003 0096 009B 00DE 00F8 0140 00E9 00E5 0092 0020 0145 0146 00E3 00DE 009D 00E9 00E8 003F 0008 0000
M201.ETC	0	25	07C99	000A 013A 00E9 0020 0095 0147 00FA 00E9 013B 013C 00EA 0003 00E4 00DE 00E1 00F7 00E3 00DE 0020 0129 00E2 0099 00F7 00FA 00E0 00E9 00E3 00DE 009D 003F 0003 0148 00E0 00DE 0096 0020 00E4 008F 00E3 00F3 0140 0149 0096 00DE 0091 00F8 00EF 009D 00FC 00A1 0008 0000
M201.ETC	0	26	07CC4	00BA 00CE 00DD 00A5 00A5 00A5 014A 009C 014B 0099 00DE 00E3 0095 0097 00EF 009D 0096 00DE 0003 014C 014D 00E6 0020 014E 0097 014F 0086 0135 00E1 010E 00F1 009A 00E4 00EA 0003 0096 00E0 0098 0150 009C 00DE 00F7 00FA 00E3 0095 00F8 00EF 009D 0020 00CA 00B2 00A1 0008 0000
M201.ETC	0	27	07CF3	0095 00F4 0020 000A 0151 00E9 0095 013D 00EA 00A5 00A5 00A5 0003 00F3 009C 00F4 0020 013B 013C 00E3 00DE 00EA 0091 00F8 00EF 009E 00E7 0096 00E5 0003 00ED 0094 0094 0020 009F 0093 0092 0093 0020 009C 008D 0152 00E3 00DE 009D 0096 003F 0008 0000
M201.ETC	0	28	07D1E	0091 00FA 00EF 0091 0020 013B 013C 0086 0153 0094 00E3 00E9 0154 014C 00E4 00EA 0003 0092 008F 00E0 0092 0020 00E4 00DE 00E9 00F6 0093 00E5 0155 0156 00E3 00DE 009D 0096 00E5 003F 0003 009A 00FA 00EF 00E0 0020 0157 00FC 008F 00E0 0095 013D 00E0 00DE 009A 00E4 00A5 00A5 00A5 00A1 0008 0000
M201.ETC	0	29	07D4E	0148 00E3 00DE 009D 0096 00A5 00A5 00A5 000A 0151 003F 0003 00F4 00F4 0020 00F3 009C 00F4 0020 009F 00E9 013B 013C 0086 0003 0158 0102 009C 00E3 0098 00FA 00E4 0020 0092 00FC 00FA 00EF 009D 0096 003F 0008 0000
M201.ETC	0	30	07D72	0095 0159 00EA 0020 0141 0142 00E6 015A 015B 009C 00E0 009A 00E4 00E3 00DE 0003 00E4 00DE 009A 0096 0020 0095 0096 009C 0098 00E5 008F 00E0 00E9 0096 003F 0003 00E0 00DE 008F 00E3 0020 009F 00FA 0020 013B 013C 00E0 00DE 00F6 00E5 0091 00A1 0008 0000
M201.ETC	0	31	07D9B	000A 0096 00DE 0020 0112 0113 00E6 015A 00E3 00F9 00E4 015C 0092 00E3 0003 00E4 00DE 00FD 00E5 009A 00E4 0086 0020 00F4 008F 00E3 0098 00F9 0096 00E4 015D 008F 00E0 00F7 0003 00A5 00A5 00A5 013B 013C 0086 0020 009B 0096 00DE 009C 00E3 0098 00F9 009A 00E4 00E4 00EA 0021 0008 0000
M201.ETC	0	32	07DC9	0095 00FA 00EA 0020 000A 00E9 015A 015B 00E9 015E 00F7 009E 0086 0003 015F 0160 00E6 0020 00F6 00FB 009A 00FD 00E3 00DE 0092 00E0 00FD 00E0 00DE 0099 00E4 00DE 00A5 00A5 00A5 0003 013B 013C 0086 0153 0094 00F9 0020 0095 0159 0129 00F9 00E4 0020 00B6 00DE 00AF 00B6 00D8 00E0 00DE 00A1 0008 0000
M201.ETC	0	33	07DFB	000A 0151 00EA 0020 0141 0142 00E6 00E5 00F7 00FA 00E3 0003 00EF 009D 00EF 009D 0020 00E0 0098 00EF 009C 0098 00E5 008F 00E0 00A5 00A5 00A5 0096 00DE 0003 00CC 00DF 00CC 00DF 00AF 0020 0095 013D 00E6 013B 013C 00E4 00EA 0020 00B9 00AF 00BB 00B8 00E0 00DE 0021 0008 0000
M201.ETC	0	34	07E29	0021 0020 0020 000A 013A 00EA 0020 00EA 009D 00DE 0096 009C 0098 00E5 0092 00E9 0096 003F 0003 0141 0142 00E0 00F9 0161 0096 00DE 0020 013B 013C 0086 0153 0094 00F9 00E4 00EA 00A5 00A5 00A5 0003 00B5 00C3 00DE 00B6 00DE 00DD 00E9 0141 0142 00F3 0020 0162 00E6 0163 00E1 00E0 00E5 0091 00A1 0008 0000
M201.ETC	0	35	07E5B	000A 013A 00E9 0020 0164 00FB 00E6 0092 00F9 00E9 00EA 0003 013B 013C 00E3 00DE 009D 0099 00E4 00DE 00A5 00A5 00A5 00EA 00EA 0091 00A5 00A5 00A5 0003 0141 0142 00E9 0112 0113 00E4 0020 0165 0166 0096 00DE 0091 00F9 00FD 00E3 00DE 009C 008E 003F 0008 0000
M201.ETC	0	36	07E85	000A 013A 00EA 0020 013B 013C 0086 0167 00FC 00FA 00E0 00E9 003F 0003 00E3 00DE 00F3 0020 00E5 00FD 00E3 0097 00FA 0092 00E5 013B 013C 00E5 00FD 00E3 00DE 009C 008E 0021 0003 009F 00FA 00E6 0020 0140 0149 00E6 0091 00EC 00FA 00E3 0092 00F9 00FC 00F6 00A1 0008 0000
M201.ETC	0	37	07EB2	000A 013A 00E4 0020 013B 013C 00E9 0168 00F8 011C 00FC 009E 003F 0003 00F0 00FD 00E5 00EA 0020 0095 0096 009C 0098 015D 0093 00E3 00DE 009C 008E 0093 0099 00E4 00DE 0003 0169 00EA 00A5 00A5 00A5 009D 009A 00DE 0098 00BD 00C3 00B7 00E0 00DE 00E4 015D 0093 00A1 0008 0000
M201.ETC	0	38	07EE1	0141 0142 00E6 00E5 00F7 00FA 00E0 0020 000A 013A 00E3 00DE 009D 00E8 003F 0003 009F 00FD 00E5 0143 0144 00E9 016A 0096 00DE 0020 0091 00F7 0020 0092 00F4 00E0 00DE 00FC 0091 0003 013B 013C 0096 00DE 0020 0164 0086 00E2 0099 00E3 0097 00E3 0092 00EF 009D 00FC 00F6 00A1 0008 0000
M201.ETC	0	39	07F10	00ED 008A 008A 0020 00CE 00DD 00C4 00E6 016B 0136 00E0 00DE 00E5 0091 00A5 00A5 00A5 0003 000A 0096 00DE 0020 013B 013C 0086 0153 0094 00E3 016C 0098 00E5 00FD 00E3 0003 0092 00EF 00EF 00E3 00DE 00E9 00B7 00D0 0096 00F7 00EA 0020 016D 0094 00F7 00FA 00E5 0092 00F6 00A1 0008 0000
M201.ETC	0	40	07F41	0093 0020 0093 00FD 003F 0020 00E5 00FD 00E0 00DE 00BB 00D9 009C 00DE 008C 00E5 0092 0096 0021 0003 015A 015B 00E9 00C1 00AC 00DD 00BD 0086 0020 00E9 0096 00DE 009C 00E0 00CE 00DE 00B8 0086 0003 00E5 0098 00DE 009B 00F2 00E6 0020 0097 00E3 0098 00FA 00E0 00FD 00E0 00DE 00E8 0020 0098 00DE 00B0 00A1 0008 0000
M201.ETC	0	41	07F76	00EF 0091 0020 0096 00FC 0092 0092 0020 0095 00BB 00D9 009B 00FD 0003 0097 008F 00E4 0020 0095 016E 00E3 00DE 00F3 009D 0092 00E0 00FD 00E3 00DE 009C 008E 003F 0003 00E3 00DE 00F3 016F 0020 00CA 00DE 00C5 00C5 00EA 0135 008F 00E3 0092 00E5 0092 00E9 00A1 0008 0000
M201.ETC	0	42	07FA3	0091 00F7 00B2 00D4 00E0 00DE 00FC 0020 00BB 00D9 009C 00DE 008C 00E5 0092 00E9 00F6 0003 00BB 00D9 00EA 0020 009D 0098 00DE 00B2 00C0 00BD 00DE 00D7 009D 00F9 0096 00F7 0003 00B7 00D7 00B2 00E5 00E9 00F6 00E8 008A 0020 00BC 00AF 00BC 0020 00BC 00AF 00BC 00A1 0008 0000
M201.ETC	0	43	07FD5	0095 014C 00E6 0020 0095 00BB 00D9 009B 00FD 0096 00DE 0098 00F9 00E5 00FD 00E3 0003 0097 008F 00E4 0020 00EA 009C 00DE 00F2 00E3 00E9 009A 00E4 009C 00DE 008C 00E5 0092 003F 0003 0099 0092 00EB 00DE 0170 00EA 0020 0148 009C 00E3 00F9 00E9 0096 009C 00F7 0021 0008 0000
M201.ETC	0	44	08003	00BA 00CE 00DD 00A5 00A5 00A5 014A 009C 014B 0099 00DE 00E3 0095 0097 00EF 009D 0096 00DE 0003 00B5 00C3 00DE 00B6 00DE 00DD 014C 00E3 00DE 00EA 0020 014E 0097 014F 00E9 0128 014C 00EA 0003 0096 00E0 0098 0020 0095 0171 00F8 014A 009C 014B 0099 00DE 00E3 0095 00F8 00EF 009D 009F 00DE 00A1 0008 0000
M201.ETC	0	45	08036	0095 0092 0020 00BB 00D9 0021 0020 00E4 00DE 009A 0096 00F7 0172 00E0 00FD 00E0 00DE 0003 009F 00FD 00E5 0173 00E3 00DE 0020 00C0 00DE 00DD 00BD 0086 009C 00E3 00E5 0092 00E3 00DE 0003 0174 00F1 0096 00F7 0020 014C 0096 00F7 015A 00E3 0175 008F 00E3 0098 00FA 0021 0008 0000
M201.ETC	0	46	08064	00EE 00EE 0093 0020 009A 00FA 0096 00DE 00D3 00DD 00B7 00B0 00C0 00DE 00DD 00BD 0021 0003 00E1 00EF 00E0 00E9 0020 0176 0161 00E0 00E1 00E9 0091 0092 00E0 00DE 00E3 00DE 00EA 0003 0177 0178 0175 00E9 0020 0095 00E4 00DE 00F8 00E4 015C 0097 00EF 009C 00E0 00A1 0008 0000
M201.ETC	0	47	08094	0091 00F8 008C 0020 009A 00F8 008C 00EF 00E0 00A5 00A5 00A5 00A5 0003 00E3 00DE 008F 0096 0092 00BB 00D9 0096 00DE 0020 00F4 008F 00E3 0097 00E0 009F 00DE 0003 00E4 00DE 0093 00F4 008F 00E3 0020 0158 0102 009D 00F9 00E9 0096 00E5 0091 003F 0008 0000
M201.ETC	0	48	080BE	009A 0092 00E2 0020 00B5 00DA 00E9 0159 00E3 00DE 00C0 00DE 00DD 00BD 00E4 00EA 0021 0003 0127 0179 0086 0132 00E3 00E5 0092 0020 00B5 00DA 00E9 009A 00E4 0086 0003 00CA 00DE 00B6 00E6 009C 00E3 00F9 00F0 00E0 0092 00E3 00DE 0020 0098 00F4 009C 0092 009E 00DE 00A1 0008 0000
M201.ETC	0	49	080EE	00C0 00DE 00DD 00BC 00DD 00B8 00DE 0020 00C0 00DE 00DD 00BC 00DD 00B8 00DE 0021 0003 009A 00F8 008C 00EF 00E0 0020 009D 0099 00DE 008A 00D8 00BD 00DE 00D1 017A 00E0 00DE 00E5 0003 00B5 00DA 00F3 0020 00D1 00BD 00DE 00D1 00BD 00DE 009C 00E3 0097 00E0 009E 00DE 0021 0008 0000
M201.ETC	0	50	0811F	0091 0091 0020 00F4 00F2 00FB 008F 0020 00F4 00F2 00E3 0098 00FA 008F 0003 016F 0139 00EA 0020 017B 0096 00F7 017C 0096 00DE 017D 0092 008F 00E3 00E9 00E6 0003 009F 00FD 00E5 00E4 009A 00E3 00DE 0020 00C0 00DE 00DD 00BD 009B 00FA 00E3 00E0 00EF 00F9 0096 0021 0008 0000
M201.ETC	0	51	0814D	014C 017E 017F 00E6 0020 0180 0177 00E5 00BB 00D9 0096 00DE 0172 00F9 00E5 00FD 00E3 0003 0148 0096 00E9 0020 0159 0181 00FA 00E6 00E1 0096 00DE 0092 00E5 0092 00E3 00DE 009D 0003 00A5 00A5 00A5 00E6 009C 00E3 00F3 0020 00C9 00D8 00E9 0092 0092 00BB 00D9 00E0 00DE 0021 0008 0000
M201.ETC	0	52	0817E	0091 00F8 008C 00F8 008C 0020 0092 0097 00E5 00F8 00C0 00DE 00DD 00BD 00E4 00EA 0003 0177 0182 00E6 009C 00E3 0020 010A 0183 00E5 00BB 00D9 00E3 00DE 009D 00E8 008A 0003 0092 00E2 00EF 00E3 00DE 0095 00E4 00DE 00F9 0096 0020 0129 00E3 00F6 008F 00E4 0021 0008 0000
M201.ETC	0	53	081AD	009A 00FA 00EA 0020 00BB 00D9 00E0 00DE 00F6 00E5 0091 00A5 00A5 00A5 0003 0184 00EF 00E3 00DE 0020 00F4 008F 00E3 00F9 008F 00E3 009A 00E4 00EA 0003 00BB 00B0 00B6 00BD 0096 00F7 0020 00E6 0099 00DE 00E0 00E9 0096 00F3 0021 0008 0000
M201.ETC	0	54	081D4	00EF 0091 0020 0096 00FC 0092 0092 0020 0095 00BB 00D9 009B 00FD 00E0 00DE 00FC 0003 00E3 00DE 00F3 00A5 00A5 00A5 0096 00FC 0092 0092 008F 00E3 0092 0093 00E6 00EA 0003 00E1 008E 008F 00E4 0020 0177 0097 009D 0097 00DE 00F9 0140 00F3 009D 00F9 00FC 00A1 0008 0000
M201.ETC	0	55	08201	0097 008C 00B0 008F 0020 00E0 00DE 00FA 0096 00B0 008F 0020 0185 0099 00E3 00B0 008F 0003 00A5 00A5 00A5 008F 00E3 0020 0095 00E4 00DE 00FB 0092 00E3 00F0 00E0 0099 00E4 00DE 0003 00EB 00E0 009D 00F7 0020 0095 00E4 00DE 008F 00E3 0092 00F9 00E0 00DE 0099 00E0 00DE 00FC 00A1 0008 0000
M201.ETC	0	56	08230	0186 0187 00E9 0157 00FC 00F8 013F 00EA 0020 00E4 00DE 00FD 00E5 014E 0097 014F 00F3 0003 00E0 009C 0096 00E6 0020 0188 0096 00FA 00F9 00F3 00E9 00E0 00DE 0099 00E4 00DE 0003 009A 00FA 00EA 0020 00E1 008E 008F 00E4 0020 0188 0096 00FA 009D 0097 00DE 00F6 00A1 0008 0000
M201.ETC	0	57	0825F	00CE 00CE 00CE 0020 000A 0020 0091 00E5 00E0 00E0 00DE 008F 00E0 00E9 003F 0003 0006 00F6 0098 0020 0189 00E9 00E5 009F 00DE 0086 018A 0097 018B 0096 009C 00E0 00F3 00E9 00E8 0005 0000
M201.ETC	0	58	08281	0169 00E0 00E1 00E9 018C 018D 0096 00DE 0020 009C 00DE 008C 00EF 009B 00FA 00E5 0092 00F6 0093 00E6 0003 00CE 00CB 00DE 00AF 00C4 00E0 00E1 0086 0020 018E 009C 00DE 009A 00F2 00E3 0095 0098 00E0 00F2 0003 009E 008F 0096 0098 0020 018F 008F 00E0 0190 0191 00E0 00DE 008F 00E0 00E9 00E6 00E8 00A1 0008 0000
M201.ETC	0	59	082B7	0091 00E5 00E0 00E9 0135 008F 00E3 0092 00F9 0020 009F 00E9 00B5 00B0 00CC 00DE 00EA 003F 0003 0006 00A5 00A5 00A5 0192 00E4 0193 00E9 00B5 00B0 00CC 00DE 0086 0135 008F 00E3 0092 00F9 00E9 00EA 0003 00CA 00DE 00DD 00CE 00DE 00E4 00B8 00DE 00B4 00B2 00C4 00DE 0096 00DE 0020 0194 009B 00FA 00E0 008F 00E3 009A 00E4 0021 0008 0000
M201.ETC	0	60	082F0	0091 00E5 00E0 0096 00DE 0020 009F 009A 00EF 00E3 00DE 0195 0098 00E5 00F9 00E9 00E0 00DE 008F 00E0 00F7 0003 0196 00E9 0190 0191 00E3 00DE 0020 0194 009C 00E3 0095 0098 00E9 00E0 00DE 008F 00E0 00FC 00E8 0005 0000
M201.ETC	0	61	08314	0092 0092 00E3 00DE 009C 008E 0093 0020 0197 0127 00E6 00E4 008F 00E3 010A 010B 00EA 00E5 0092 00FC 0003 00CA 00DE 00DD 00CE 00DE 00E4 00B8 00DE 00B4 00B2 00C4 00DE 0086 0020 0194 009C 00E0 0198 0086 0111 008F 00E3 0003 00E4 00DE 009A 00EF 00E3 00DE 00F4 00FA 00F9 0096 0020 0199 009C 00E3 0129 009E 00E3 009A 00DE 00F7 00FD 0021 0008 0000
M211.ETC	0	0	06872	00B9 00DE 00B0 00D1 0086 0020 00E1 008D 0093 00E0 00DE 00FD 009C 00EF 009D 0003 00F6 00FB 009C 0092 00E3 00DE 009D 0096 003F 0000
M211.ETC	0	1	06889	0015 0002 00C3 00DE 00B0 00C0 0086 0100 00FD 00E3 00DE 0098 00E0 00DE 009B 0092 0000
M211.ETC	0	2	06899	0015 0002 0101 0102 0086 0100 00FD 00E3 00DE 0098 00E0 00DE 009B 0092 0000
M211.ETC	0	3	068A9	0015 0002 00CA 00DE 00AF 00B8 00B1 00AF 00CC 00DF 0052 0041 004D 0086 0100 00FD 00E3 00DE 0098 00E0 00DE 009B 0092 0000
M211.ETC	0	4	068C1	0015 0002 009A 00E9 00C3 00DE 00B0 00C0 0086 0020 0103 009C 00E3 00F6 00FB 009C 0092 00E3 00DE 009D 0096 003F 0000
M211.ETC	0	5	068D6	0015 0002 009A 00E9 00C3 00DE 00B0 00C0 0086 0020 0104 0105 009C 00EF 009D 0096 003F 0000
M211.ETC	0	6	068E7	0015 0002 0106 0107 0052 0041 004D 00E9 0108 0109 0096 00DE 0020 010A 010B 009C 00E3 0092 00EF 009D 0008 0000
M211.ETC	0	7	068FB	0015 0002 00B6 00B0 00C4 00D8 00AF 00BC 00DE 0052 0041 004D 00E9 0108 0109 0096 00DE 0020 010A 010B 009C 00E3 0092 00EF 009D 0008 0000
M211.ETC	0	8	06914	0015 0002 0108 0109 010A 010B 00E9 00E0 00F2 0020 00BA 00CB 00DF 00B0 00E3 00DE 0097 00EF 009E 00FD 0008 0000
M211.ETC	0	9	06929	0015 0002 0108 0109 010A 010B 00E9 00E0 00F2 0020 0105 010C 00E9 00BE 00B0 00CC 00DE 00EA 00E3 00DE 0097 00EF 009E 00FD 0008 0000
M211.ETC	0	10	06941	0015 0002 00B6 00B0 00C4 00D8 00AF 00BC 00DE 0052 0041 004D 0096 00DE 0020 0091 00F8 00EF 009E 00FD 0008 0000
M211.ETC	0	11	06956	0015 0002 00B6 00B0 00C4 00D8 00AF 00BC 00DE 0052 0041 004D 00E6 00EA 0020 010D 0097 010E 00F0 00E3 00DE 0097 00EF 009E 00FD 0008 0000
M211.ETC	0	12	06970	0015 0002 010F 0097 00FB 0098 00E9 009C 008E 0110 0086 0020 00EB 00E4 00E2 0111 008F 00E3 0003 009A 009A 00EF 00E3 00DE 00E9 0112 0113 0086 0020 0114 0115 009D 00F9 009A 00E4 0096 00DE 00E3 00DE 0097 00EF 009D 00A1 0003 0114 0115 009C 00EF 009D 0096 003F 0000
M211.ETC	0	13	0699C	0015 0009 0007 0114 0115 0086 0116 0117 009D 00F9 00E0 00F2 00E6 0031 0037 00E9 0118 0097 0108 0109 0096 00DE 0119 011A 00E3 00DE 009D 00A1 0003 009A 00E9 00EF 00EF 00B9 00DE 00B0 00D1 0086 00BD 00C0 00B0 00C4 009B 009E 00E0 011B 011C 0003 0114 0115 0086 0116 0117 009D 00F9 009A 00E4 0096 00DE 00E3 00DE 0097 00EF 009E 00FD 0005 0003 0112 0113 00E9 0114 0115 0086 0116 0117 009C 00E0 0092 011B 011C 00EA 0003 0116 0117 00C3 00DE 00B0 00C0 011D 0102 011E 011F 00E3 00DE 00C3 00DE 00B0 00C0 0086 0120 0102 009C 00E3 0003 00B9 00DE 00B0 00D1 0086 0121 00BD 00C0 00B0 00C4 009C 00E3 0098 00E0 00DE 009B 0092 00A1 0008 0000
M211.ETC	0	14	06A06	0015 0002 0009 0007 010D 0097 010E 00F0 00E6 0122 0123 009C 00EF 009C 00E0 0008 0000
M211.ETC	0	15	06A18	0015 0002 00CA 00DE 00AF 00B8 00B1 00AF 00CC 00DF 00C3 00DE 00B0 00C0 00EA 0091 00F8 00EF 009E 00FD 0000
M211.ETC	0	16	06A2D	0015 0009 0007 0106 0107 0052 0041 004D 00E9 0124 0125 0096 00DE 0020 00E3 00DE 0097 00E3 0092 00EF 009E 00FD 00A1 0003 0116 0117 00C3 00DE 00B0 00C0 011D 0102 011E 011F 00E3 00DE 0020 0126 00E3 00E9 0114 0115 0086 0103 009C 0003 00B9 00DE 00B0 00D1 0086 0020 0121 00BD 00C0 00B0 00C4 009C 00E3 0098 00E0 00DE 009B 0092 00A1 0000
M211.ETC	0	17	06A65	0015 0009 0007 00B6 00B0 00C4 00D8 00AF 00BC 00DE 0052 0041 004D 00E9 0124 0125 0096 00DE 0020 00E3 00DE 0097 00E3 0092 00EF 009E 00FD 00A1 0003 0116 0117 00C3 00DE 00B0 00C0 011D 0102 011E 011F 00E3 00DE 0020 0126 00E3 00E9 0114 0115 0086 0103 009C 0003 00B9 00DE 00B0 00D1 0086 0020 0121 00BD 00C0 00B0 00C4 009C 00E3 0098 00E0 00DE 009B 0092 00A1 0000
M211.ETC	0	18	06AA2	0015 000E 0086 0127 00E6 0128 00FA 00E0 0004 0000
M211.ETC	0	19	06AAE	0015 000A 00EA 0020 00CA 00DE 00C4 00D9 00BF 00B0 00C4 00DE 0086 0129 00E2 0099 00E3 0003 00BC 00AE 00B0 00C4 00BF 00B0 00C4 00DE 0086 0020 012A 012B 00E6 0095 0092 00E0 00A1 0008 0000
M211.ETC	0	20	06AD0	0015 012C 0096 00DE 0096 0096 008F 00E3 0092 00F9 0008 0000
M211.ETC	0	21	06ADB	009F 00FA 00EA 0020 0020 00B4 00D9 00CC 00E6 012D 00FC 00F9 012E 012F 0130 00A5 00A5 00A5 0003 0097 008F 00E4 0020 0020 000A 00E6 0131 0132 00E2 00EA 009D 00DE 00E0 00DE 0005 0000
M211.ETC	0	22	06AFC	009A 00E9 0133 00EA 0020 0020 00B7 00D0 00E6 00EA 00EF 00E0 00DE 0134 0102 00E0 00DE 0003 009F 00FA 0086 0135 008F 00E3 0020 0020 0136 00E6 0137 00F8 00E5 009B 0092 0003 0092 009D 00DE 00FA 0138 0093 0139 00EF 00E3 00DE 00A5 00A5 00A5 009B 00F7 00EA 00DE 00E0 00DE 00A1 0008 0000
M211.ETC	0	23	06B2B	00EF 0091 0020 000A 013A 008F 00E0 00F7 00A5 00A5 00A5 0003 013B 013C 0086 0020 0095 013D 00E6 009B 00FA 00F9 00E5 00FD 00E3 0003 013E 013F 008F 0140 0096 00DE 0020 0095 0091 00F8 00E5 00FD 00E3 00DE 009D 009A 00E4 0021 0008 0000
M211.ETC	0	24	06B51	0093 00EC 00EC 00A5 00A5 00A5 000A 013A 00EA 0003 0141 0142 00E9 0143 0144 00E6 0020 0095 00E5 00F8 00E6 00E5 008F 00E3 00F3 0003 0096 009B 00DE 00F8 0140 00E9 00E5 0092 0020 0145 0146 00E3 00DE 009D 00E9 00E8 003F 0008 0000
M211.ETC	0	25	06B78	000A 013A 00E9 0020 0095 0147 00FA 00E9 013B 013C 00EA 0003 00E4 00DE 00E1 00F7 00E3 00DE 0020 0129 00E2 0099 00F7 00FA 00E0 00E9 00E3 00DE 009D 003F 0003 0148 00E0 00DE 0096 0020 00E4 008F 00E3 00F3 0140 0149 0096 00DE 0091 00F8 00EF 009D 00FC 00A1 0008 0000
M211.ETC	0	26	06BA3	00BA 00CE 00DD 00A5 00A5 00A5 014A 009C 014B 0099 00DE 00E3 0095 0097 00EF 009D 0096 00DE 0003 014C 014D 00E6 0020 014E 0097 014F 0086 0135 00E1 010E 00F1 009A 00E4 00EA 0003 0096 00E0 0098 0150 009C 00DE 00F7 00FA 00E3 0095 00F8 00EF 009D 0020 00CA 00B2 00A1 0008 0000
M211.ETC	0	27	06BD3	0095 00F4 0020 000A 0151 00E9 0095 013D 00EA 00A5 00A5 00A5 0003 00F3 009C 00F4 0020 013B 013C 00E3 00DE 00EA 0091 00F8 00EF 009E 00E7 0096 00E5 0003 00ED 0094 0094 0020 009F 0093 0092 0093 0020 009C 008D 0152 00E3 00DE 009D 0096 003F 0008 0000
M211.ETC	0	28	06BFE	0091 00FA 00EF 0091 0020 013B 013C 0086 0153 0094 00E3 00E9 0154 014C 00E4 00EA 0003 0092 008F 00E0 0092 0020 00E4 00DE 00E9 00F6 0093 00E5 0155 0156 00E3 00DE 009D 0096 00E5 003F 0003 009A 00FA 00EF 00E0 0020 0157 00FC 008F 00E0 0095 013D 00E0 00DE 009A 00E4 00A5 00A5 00A5 00A1 0008 0000
M211.ETC	0	29	06C2E	0148 00E3 00DE 009D 0096 00A5 00A5 00A5 000A 0151 003F 0003 00F4 00F4 0020 00F3 009C 00F4 0020 009F 00E9 013B 013C 0086 0003 0158 0102 009C 00E3 0098 00FA 00E4 0020 0092 00FC 00FA 00EF 009D 0096 003F 0008 0000
M211.ETC	0	30	06C52	0095 0159 00EA 0020 0141 0142 00E6 015A 015B 009C 00E0 009A 00E4 00E3 00DE 0003 00E4 00DE 009A 0096 0020 0095 0096 009C 0098 00E5 008F 00E0 00E9 0096 003F 0003 00E0 00DE 008F 00E3 0020 009F 00FA 0020 013B 013C 00E0 00DE 00F6 00E5 0091 00A1 0008 0000
M211.ETC	0	31	06C7B	000A 0096 00DE 0020 0112 0113 00E6 015A 00E3 00F9 00E4 015C 0092 00E3 0003 00E4 00DE 00FD 00E5 009A 00E4 0086 0020 00F4 008F 00E3 0098 00F9 0096 00E4 015D 008F 00E0 00F7 0003 00A5 00A5 00A5 013B 013C 0086 0020 009B 0096 00DE 009C 00E3 0098 00F9 009A 00E4 00E4 00EA 0021 0008 0000
M211.ETC	0	32	06CA9	0095 00FA 00EA 0020 000A 00E9 015A 015B 00E9 015E 00F7 009E 0086 0003 015F 0160 00E6 0020 00F6 00FB 009A 00FD 00E3 00DE 0092 00E0 00FD 00E0 00DE 0099 00E4 00DE 00A5 00A5 00A5 0003 013B 013C 0086 0153 0094 00F9 0020 0095 0159 0129 00F9 00E4 0020 00B6 00DE 00AF 00B6 00D8 00E0 00DE 00A1 0008 0000
M211.ETC	0	33	06CDB	000A 0151 00EA 0020 0141 0142 00E6 00E5 00F7 00FA 00E3 0003 00EF 009D 00EF 009D 0020 00E0 0098 00EF 009C 0098 00E5 008F 00E0 00A5 00A5 00A5 0096 00DE 0003 00CC 00DF 00CC 00DF 00AF 0020 0095 013D 00E6 013B 013C 00E4 00EA 0020 00B9 00AF 00BB 00B8 00E0 00DE 0021 0008 0000
M211.ETC	0	34	06D0A	0021 0020 0020 000A 013A 00EA 0020 00EA 009D 00DE 0096 009C 0098 00E5 0092 00E9 0096 003F 0003 0141 0142 00E0 00F9 0161 0096 00DE 0020 013B 013C 0086 0153 0094 00F9 00E4 00EA 00A5 00A5 00A5 0003 00B5 00C3 00DE 00B6 00DE 00DD 00E9 0141 0142 00F3 0020 0162 00E6 0163 00E1 00E0 00E5 0091 00A1 0008 0000
M211.ETC	0	35	06D3C	000A 013A 00E9 0020 0164 00FB 00E6 0092 00F9 00E9 00EA 0003 013B 013C 00E3 00DE 009D 0099 00E4 00DE 00A5 00A5 00A5 00EA 00EA 0091 00A5 00A5 00A5 0003 0141 0142 00E9 0112 0113 00E4 0020 0165 0166 0096 00DE 0091 00F9 00FD 00E3 00DE 009C 008E 003F 0008 0000
M211.ETC	0	36	06D66	000A 013A 00EA 0020 013B 013C 0086 0167 00FC 00FA 00E0 00E9 003F 0003 00E3 00DE 00F3 0020 00E5 00FD 00E3 0097 00FA 0092 00E5 013B 013C 00E5 00FD 00E3 00DE 009C 008E 0021 0003 009F 00FA 00E6 0020 0140 0149 00E6 0091 00EC 00FA 00E3 0092 00F9 00FC 00F6 00A1 0008 0000
M211.ETC	0	37	06D93	000A 013A 00E4 0020 013B 013C 00E9 0168 00F8 011C 00FC 009E 003F 0003 00F0 00FD 00E5 00EA 0020 0095 0096 009C 0098 015D 0093 00E3 00DE 009C 008E 0093 0099 00E4 00DE 0003 0169 00EA 00A5 00A5 00A5 009D 009A 00DE 0098 00BD 00C3 00B7 00E0 00DE 00E4 015D 0093 00A1 0008 0000
M211.ETC	0	38	06DC2	0141 0142 00E6 00E5 00F7 00FA 00E0 0020 000A 013A 00E3 00DE 009D 00E8 003F 0003 009F 00FD 00E5 0143 0144 00E9 016A 0096 00DE 0020 0091 00F7 0020 0092 00F4 00E0 00DE 00FC 0091 0003 013B 013C 0096 00DE 0020 0164 0086 00E2 0099 00E3 0097 00E3 0092 00EF 009D 00FC 00F6 00A1 0008 0000
M211.ETC	0	39	06DF1	00ED 008A 008A 0020 00CE 00DD 00C4 00E6 016B 0136 00E0 00DE 00E5 0091 00A5 00A5 00A5 0003 000A 0096 00DE 0020 013B 013C 0086 0153 0094 00E3 016C 0098 00E5 00FD 00E3 0003 0092 00EF 00EF 00E3 00DE 00E9 00B7 00D0 0096 00F7 00EA 0020 016D 0094 00F7 00FA 00E5 0092 00F6 00A1 0008 0000
M211.ETC	0	40	06E22	0093 0020 0093 00FD 003F 0020 00E5 00FD 00E0 00DE 00BB 00D9 009C 00DE 008C 00E5 0092 0096 0021 0003 015A 015B 00E9 00C1 00AC 00DD 00BD 0086 0020 00E9 0096 00DE 009C 00E0 00CE 00DE 00B8 0086 0003 00E5 0098 00DE 009B 00F2 00E6 0020 0097 00E3 0098 00FA 00E0 00FD 00E0 00DE 00E8 0020 0098 00DE 00B0 00A1 0008 0000
M211.ETC	0	41	06E57	00EF 0091 0020 0096 00FC 0092 0092 0020 0095 00BB 00D9 009B 00FD 0003 0097 008F 00E4 0020 0095 016E 00E3 00DE 00F3 009D 0092 00E0 00FD 00E3 00DE 009C 008E 003F 0003 00E3 00DE 00F3 016F 0020 00CA 00DE 00C5 00C5 00EA 0135 008F 00E3 0092 00E5 0092 00E9 00A1 0008 0000
M211.ETC	0	42	06E84	0091 00F7 00B2 00D4 00E0 00DE 00FC 0020 00BB 00D9 009C 00DE 008C 00E5 0092 00E9 00F6 0003 00BB 00D9 00EA 0020 009D 0098 00DE 00B2 00C0 00BD 00DE 00D7 009D 00F9 0096 00F7 0003 00B7 00D7 00B2 00E5 00E9 00F6 00E8 008A 0020 00BC 00AF 00BC 0020 00BC 00AF 00BC 00A1 0008 0000
M211.ETC	0	43	06EB6	0095 014C 00E6 0020 0095 00BB 00D9 009B 00FD 0096 00DE 0098 00F9 00E5 00FD 00E3 0003 0097 008F 00E4 0020 00EA 009C 00DE 00F2 00E3 00E9 009A 00E4 009C 00DE 008C 00E5 0092 003F 0003 0099 0092 00EB 00DE 0170 00EA 0020 0148 009C 00E3 00F9 00E9 0096 009C 00F7 0021 0008 0000
M211.ETC	0	44	06EE4	00BA 00CE 00DD 00A5 00A5 00A5 014A 009C 014B 0099 00DE 00E3 0095 0097 00EF 009D 0096 00DE 0003 00B5 00C3 00DE 00B6 00DE 00DD 014C 00E3 00DE 00EA 0020 014E 0097 014F 00E9 0128 014C 00EA 0003 0096 00E0 0098 0020 0095 0171 00F8 014A 009C 014B 0099 00DE 00E3 0095 00F8 00EF 009D 009F 00DE 00A1 0008 0000
M211.ETC	0	45	06F17	0095 0092 0020 00BB 00D9 0021 0020 00E4 00DE 009A 0096 00F7 0172 00E0 00FD 00E0 00DE 0003 009F 00FD 00E5 0173 00E3 00DE 0020 00C0 00DE 00DD 00BD 0086 009C 00E3 00E5 0092 00E3 00DE 0003 0174 00F1 0096 00F7 0020 014C 0096 00F7 015A 00E3 0175 008F 00E3 0098 00FA 0021 0008 0000
M211.ETC	0	46	06F45	00EE 00EE 0093 0020 009A 00FA 0096 00DE 00D3 00DD 00B7 00B0 00C0 00DE 00DD 00BD 0021 0003 00E1 00EF 00E0 00E9 0020 0176 0161 00E0 00E1 00E9 0091 0092 00E0 00DE 00E3 00DE 00EA 0003 0177 0178 0175 00E9 0020 0095 00E4 00DE 00F8 00E4 015C 0097 00EF 009C 00E0 00A1 0008 0000
M211.ETC	0	47	06F74	0091 00F8 008C 0020 009A 00F8 008C 00EF 00E0 00A5 00A5 00A5 00A5 0003 00E3 00DE 008F 0096 0092 00BB 00D9 0096 00DE 0020 00F4 008F 00E3 0097 00E0 009F 00DE 0003 00E4 00DE 0093 00F4 008F 00E3 0020 0158 0102 009D 00F9 00E9 0096 00E5 0091 003F 0008 0000
M211.ETC	0	48	06F9D	009A 0092 00E2 0020 00B5 00DA 00E9 0159 00E3 00DE 00C0 00DE 00DD 00BD 00E4 00EA 0021 0003 0127 0179 0086 0132 00E3 00E5 0092 0020 00B5 00DA 00E9 009A 00E4 0086 0003 00CA 00DE 00B6 00E6 009C 00E3 00F9 00F0 00E0 0092 00E3 00DE 0020 0098 00F4 009C 0092 009E 00DE 00A1 0008 0000
M211.ETC	0	49	06FCD	00C0 00DE 00DD 00BC 00DD 00B8 00DE 0020 00C0 00DE 00DD 00BC 00DD 00B8 00DE 0021 0003 009A 00F8 008C 00EF 00E0 0020 009D 0099 00DE 008A 00D8 00BD 00DE 00D1 017A 00E0 00DE 00E5 0003 00B5 00DA 00F3 0020 00D1 00BD 00DE 00D1 00BD 00DE 009C 00E3 0097 00E0 009E 00DE 0021 0008 0000
M211.ETC	0	50	06FFE	0091 0091 0020 00F4 00F2 00FB 008F 0020 00F4 00F2 00E3 0098 00FA 008F 0003 016F 0139 00EA 0020 017B 0096 00F7 017C 0096 00DE 017D 0092 008F 00E3 00E9 00E6 0003 009F 00FD 00E5 00E4 009A 00E3 00DE 0020 00C0 00DE 00DD 00BD 009B 00FA 00E3 00E0 00EF 00F9 0096 0021 0008 0000
M211.ETC	0	51	0702C	014C 017E 017F 00E6 0020 0180 0177 00E5 00BB 00D9 0096 00DE 0172 00F9 00E5 00FD 00E3 0003 0148 0096 00E9 0020 0159 0181 00FA 00E6 00E1 0096 00DE 0092 00E5 0092 00E3 00DE 009D 0003 00A5 00A5 00A5 00E6 009C 00E3 00F3 0020 00C9 00D8 00E9 0092 0092 00BB 00D9 00E0 00DE 0021 0008 0000
M211.ETC	0	52	0705C	0091 00F8 008C 00F8 008C 0020 0092 0097 00E5 00F8 00C0 00DE 00DD 00BD 00E4 00EA 0003 0177 0182 00E6 009C 00E3 0020 010A 0183 00E5 00BB 00D9 00E3 00DE 009D 00E8 008A 0003 0092 00E2 00EF 00E3 00DE 0095 00E4 00DE 00F9 0096 0020 0129 00E3 00F6 008F 00E4 0021 0008 0000
M211.ETC	0	53	0708A	009A 00FA 00EA 0020 00BB 00D9 00E0 00DE 00F6 00E5 0091 00A5 00A5 00A5 0003 0184 00EF 00E3 00DE 0020 00F4 008F 00E3 00F9 008F 00E3 009A 00E4 00EA 0003 00BB 00B0 00B6 00BD 0096 00F7 0020 00E6 0099 00DE 00E0 00E9 0096 00F3 0021 0008 0000
M211.ETC	0	54	070B1	00EF 0091 0020 0096 00FC 0092 0092 0020 0095 00BB 00D9 009B 00FD 00E0 00DE 00FC 0003 00E3 00DE 00F3 00A5 00A5 00A5 0096 00FC 0092 0092 008F 00E3 0092 0093 00E6 00EA 0003 00E1 008E 008F 00E4 0020 0177 0097 009D 0097 00DE 00F9 0140 00F3 009D 00F9 00FC 00A1 0008 0000
M211.ETC	0	55	070DD	0097 008C 00B0 008F 0020 00E0 00DE 00FA 0096 00B0 008F 0020 0185 0099 00E3 00B0 008F 0003 00A5 00A5 00A5 008F 00E3 0020 0095 00E4 00DE 00FB 0092 00E3 00F0 00E0 0099 00E4 00DE 0003 00EB 00E0 009D 00F7 0020 0095 00E4 00DE 008F 00E3 0092 00F9 00E0 00DE 0099 00E0 00DE 00FC 00A1 0008 0000
M211.ETC	0	56	0710C	0186 0187 00E9 0157 00FC 00F8 013F 00EA 0020 00E4 00DE 00FD 00E5 014E 0097 014F 00F3 0003 00E0 009C 0096 00E6 0020 0188 0096 00FA 00F9 00F3 00E9 00E0 00DE 0099 00E4 00DE 0003 009A 00FA 00EA 0020 00E1 008E 008F 00E4 0020 0188 0096 00FA 009D 0097 00DE 00F6 00A1 0008 0000
M212.ETC	0	0	06972	00B9 00DE 00B0 00D1 0086 0020 00E1 008D 0093 00E0 00DE 00FD 009C 00EF 009D 0003 00F6 00FB 009C 0092 00E3 00DE 009D 0096 003F 0000
M212.ETC	0	1	06989	0015 0002 00C3 00DE 00B0 00C0 0086 0100 00FD 00E3 00DE 0098 00E0 00DE 009B 0092 0000
M212.ETC	0	2	06999	0015 0002 0101 0102 0086 0100 00FD 00E3 00DE 0098 00E0 00DE 009B 0092 0000
M212.ETC	0	3	069A9	0015 0002 00CA 00DE 00AF 00B8 00B1 00AF 00CC 00DF 0052 0041 004D 0086 0100 00FD 00E3 00DE 0098 00E0 00DE 009B 0092 0000
M212.ETC	0	4	069C1	0015 0002 009A 00E9 00C3 00DE 00B0 00C0 0086 0020 0103 009C 00E3 00F6 00FB 009C 0092 00E3 00DE 009D 0096 003F 0000
M212.ETC	0	5	069D6	0015 0002 009A 00E9 00C3 00DE 00B0 00C0 0086 0020 0104 0105 009C 00EF 009D 0096 003F 0000
M212.ETC	0	6	069E7	0015 0002 0106 0107 0052 0041 004D 00E9 0108 0109 0096 00DE 0020 010A 010B 009C 00E3 0092 00EF 009D 0008 0000
M212.ETC	0	7	069FB	0015 0002 00B6 00B0 00C4 00D8 00AF 00BC 00DE 0052 0041 004D 00E9 0108 0109 0096 00DE 0020 010A 010B 009C 00E3 0092 00EF 009D 0008 0000
M212.ETC	0	8	06A14	0015 0002 0108 0109 010A 010B 00E9 00E0 00F2 0020 00BA 00CB 00DF 00B0 00E3 00DE 0097 00EF 009E 00FD 0008 0000
M212.ETC	0	9	06A29	0015 0002 0108 0109 010A 010B 00E9 00E0 00F2 0020 0105 010C 00E9 00BE 00B0 00CC 00DE 00EA 00E3 00DE 0097 00EF 009E 00FD 0008 0000
M212.ETC	0	10	06A41	0015 0002 00B6 00B0 00C4 00D8 00AF 00BC 00DE 0052 0041 004D 0096 00DE 0020 0091 00F8 00EF 009E 00FD 0008 0000
M212.ETC	0	11	06A56	0015 0002 00B6 00B0 00C4 00D8 00AF 00BC 00DE 0052 0041 004D 00E6 00EA 0020 010D 0097 010E 00F0 00E3 00DE 0097 00EF 009E 00FD 0008 0000
M212.ETC	0	12	06A70	0015 0002 010F 0097 00FB 0098 00E9 009C 008E 0110 0086 0020 00EB 00E4 00E2 0111 008F 00E3 0003 009A 009A 00EF 00E3 00DE 00E9 0112 0113 0086 0020 0114 0115 009D 00F9 009A 00E4 0096 00DE 00E3 00DE 0097 00EF 009D 00A1 0003 0114 0115 009C 00EF 009D 0096 003F 0000
M212.ETC	0	13	06A9C	0015 0009 0007 0114 0115 0086 0116 0117 009D 00F9 00E0 00F2 00E6 0031 0037 00E9 0118 0097 0108 0109 0096 00DE 0119 011A 00E3 00DE 009D 00A1 0003 009A 00E9 00EF 00EF 00B9 00DE 00B0 00D1 0086 00BD 00C0 00B0 00C4 009B 009E 00E0 011B 011C 0003 0114 0115 0086 0116 0117 009D 00F9 009A 00E4 0096 00DE 00E3 00DE 0097 00EF 009E 00FD 0005 0003 0112 0113 00E9 0114 0115 0086 0116 0117 009C 00E0 0092 011B 011C 00EA 0003 0116 0117 00C3 00DE 00B0 00C0 011D 0102 011E 011F 00E3 00DE 00C3 00DE 00B0 00C0 0086 0120 0102 009C 00E3 0003 00B9 00DE 00B0 00D1 0086 0121 00BD 00C0 00B0 00C4 009C 00E3 0098 00E0 00DE 009B 0092 00A1 0008 0000
M212.ETC	0	14	06B06	0015 0002 0009 0007 010D 0097 010E 00F0 00E6 0122 0123 009C 00EF 009C 00E0 0008 0000
M212.ETC	0	15	06B18	0015 0002 00CA 00DE 00AF 00B8 00B1 00AF 00CC 00DF 00C3 00DE 00B0 00C0 00EA 0091 00F8 00EF 009E 00FD 0000
M212.ETC	0	16	06B2D	0015 0009 0007 0106 0107 0052 0041 004D 00E9 0124 0125 0096 00DE 0020 00E3 00DE 0097 00E3 0092 00EF 009E 00FD 00A1 0003 0116 0117 00C3 00DE 00B0 00C0 011D 0102 011E 011F 00E3 00DE 0020 0126 00E3 00E9 0114 0115 0086 0103 009C 0003 00B9 00DE 00B0 00D1 0086 0020 0121 00BD 00C0 00B0 00C4 009C 00E3 0098 00E0 00DE 009B 0092 00A1 0000
M212.ETC	0	17	06B65	0015 0009 0007 00B6 00B0 00C4 00D8 00AF 00BC 00DE 0052 0041 004D 00E9 0124 0125 0096 00DE 0020 00E3 00DE 0097 00E3 0092 00EF 009E 00FD 00A1 0003 0116 0117 00C3 00DE 00B0 00C0 011D 0102 011E 011F 00E3 00DE 0020 0126 00E3 00E9 0114 0115 0086 0103 009C 0003 00B9 00DE 00B0 00D1 0086 0020 0121 00BD 00C0 00B0 00C4 009C 00E3 0098 00E0 00DE 009B 0092 00A1 0000
M212.ETC	0	18	06BA2	0015 000E 0086 0127 00E6 0128 00FA 00E0 0004 0000
M212.ETC	0	19	06BAE	0015 000A 00EA 0020 00CA 00DE 00C4 00D9 00BF 00B0 00C4 00DE 0086 0129 00E2 0099 00E3 0003 00BC 00AE 00B0 00C4 00BF 00B0 00C4 00DE 0086 0020 012A 012B 00E6 0095 0092 00E0 00A1 0008 0000
M212.ETC	0	20	06BD0	0015 012C 0096 00DE 0096 0096 008F 00E3 0092 00F9 0008 0000
M212.ETC	0	21	06BDB	009F 00FA 00EA 0020 0020 00B4 00D9 00CC 00E6 012D 00FC 00F9 012E 012F 0130 00A5 00A5 00A5 0003 0097 008F 00E4 0020 0020 000A 00E6 0131 0132 00E2 00EA 009D 00DE 00E0 00DE 0005 0000
M212.ETC	0	22	06BFC	009A 00E9 0133 00EA 0020 0020 00B7 00D0 00E6 00EA 00EF 00E0 00DE 0134 0102 00E0 00DE 0003 009F 00FA 0086 0135 008F 00E3 0020 0020 0136 00E6 0137 00F8 00E5 009B 0092 0003 0092 009D 00DE 00FA 0138 0093 0139 00EF 00E3 00DE 00A5 00A5 00A5 009B 00F7 00EA 00DE 00E0 00DE 00A1 0008 0000
M212.ETC	0	23	06C2B	00EF 0091 0020 000A 013A 008F 00E0 00F7 00A5 00A5 00A5 0003 013B 013C 0086 0020 0095 013D 00E6 009B 00FA 00F9 00E5 00FD 00E3 0003 013E 013F 008F 0140 0096 00DE 0020 0095 0091 00F8 00E5 00FD 00E3 00DE 009D 009A 00E4 0021 0008 0000
M212.ETC	0	24	06C51	0093 00EC 00EC 00A5 00A5 00A5 000A 013A 00EA 0003 0141 0142 00E9 0143 0144 00E6 0020 0095 00E5 00F8 00E6 00E5 008F 00E3 00F3 0003 0096 009B 00DE 00F8 0140 00E9 00E5 0092 0020 0145 0146 00E3 00DE 009D 00E9 00E8 003F 0008 0000
M212.ETC	0	25	06C78	000A 013A 00E9 0020 0095 0147 00FA 00E9 013B 013C 00EA 0003 00E4 00DE 00E1 00F7 00E3 00DE 0020 0129 00E2 0099 00F7 00FA 00E0 00E9 00E3 00DE 009D 003F 0003 0148 00E0 00DE 0096 0020 00E4 008F 00E3 00F3 0140 0149 0096 00DE 0091 00F8 00EF 009D 00FC 00A1 0008 0000
M212.ETC	0	26	06CA3	00BA 00CE 00DD 00A5 00A5 00A5 014A 009C 014B 0099 00DE 00E3 0095 0097 00EF 009D 0096 00DE 0003 014C 014D 00E6 0020 014E 0097 014F 0086 0135 00E1 010E 00F1 009A 00E4 00EA 0003 0096 00E0 0098 0150 009C 00DE 00F7 00FA 00E3 0095 00F8 00EF 009D 0020 00CA 00B2 00A1 0008 0000
M212.ETC	0	27	06CD3	0095 00F4 0020 000A 0151 00E9 0095 013D 00EA 00A5 00A5 00A5 0003 00F3 009C 00F4 0020 013B 013C 00E3 00DE 00EA 0091 00F8 00EF 009E 00E7 0096 00E5 0003 00ED 0094 0094 0020 009F 0093 0092 0093 0020 009C 008D 0152 00E3 00DE 009D 0096 003F 0008 0000
M212.ETC	0	28	06CFE	0091 00FA 00EF 0091 0020 013B 013C 0086 0153 0094 00E3 00E9 0154 014C 00E4 00EA 0003 0092 008F 00E0 0092 0020 00E4 00DE 00E9 00F6 0093 00E5 0155 0156 00E3 00DE 009D 0096 00E5 003F 0003 009A 00FA 00EF 00E0 0020 0157 00FC 008F 00E0 0095 013D 00E0 00DE 009A 00E4 00A5 00A5 00A5 00A1 0008 0000
M212.ETC	0	29	06D2E	0148 00E3 00DE 009D 0096 00A5 00A5 00A5 000A 0151 003F 0003 00F4 00F4 0020 00F3 009C 00F4 0020 009F 00E9 013B 013C 0086 0003 0158 0102 009C 00E3 0098 00FA 00E4 0020 0092 00FC 00FA 00EF 009D 0096 003F 0008 0000
M212.ETC	0	30	06D52	0095 0159 00EA 0020 0141 0142 00E6 015A 015B 009C 00E0 009A 00E4 00E3 00DE 0003 00E4 00DE 009A 0096 0020 0095 0096 009C 0098 00E5 008F 00E0 00E9 0096 003F 0003 00E0 00DE 008F 00E3 0020 009F 00FA 0020 013B 013C 00E0 00DE 00F6 00E5 0091 00A1 0008 0000
M212.ETC	0	31	06D7B	000A 0096 00DE 0020 0112 0113 00E6 015A 00E3 00F9 00E4 015C 0092 00E3 0003 00E4 00DE 00FD 00E5 009A 00E4 0086 0020 00F4 008F 00E3 0098 00F9 0096 00E4 015D 008F 00E0 00F7 0003 00A5 00A5 00A5 013B 013C 0086 0020 009B 0096 00DE 009C 00E3 0098 00F9 009A 00E4 00E4 00EA 0021 0008 0000
M212.ETC	0	32	06DA9	0095 00FA 00EA 0020 000A 00E9 015A 015B 00E9 015E 00F7 009E 0086 0003 015F 0160 00E6 0020 00F6 00FB 009A 00FD 00E3 00DE 0092 00E0 00FD 00E0 00DE 0099 00E4 00DE 00A5 00A5 00A5 0003 013B 013C 0086 0153 0094 00F9 0020 0095 0159 0129 00F9 00E4 0020 00B6 00DE 00AF 00B6 00D8 00E0 00DE 00A1 0008 0000
M212.ETC	0	33	06DDB	000A 0151 00EA 0020 0141 0142 00E6 00E5 00F7 00FA 00E3 0003 00EF 009D 00EF 009D 0020 00E0 0098 00EF 009C 0098 00E5 008F 00E0 00A5 00A5 00A5 0096 00DE 0003 00CC 00DF 00CC 00DF 00AF 0020 0095 013D 00E6 013B 013C 00E4 00EA 0020 00B9 00AF 00BB 00B8 00E0 00DE 0021 0008 0000
M212.ETC	0	34	06E0A	0021 0020 0020 000A 013A 00EA 0020 00EA 009D 00DE 0096 009C 0098 00E5 0092 00E9 0096 003F 0003 0141 0142 00E0 00F9 0161 0096 00DE 0020 013B 013C 0086 0153 0094 00F9 00E4 00EA 00A5 00A5 00A5 0003 00B5 00C3 00DE 00B6 00DE 00DD 00E9 0141 0142 00F3 0020 0162 00E6 0163 00E1 00E0 00E5 0091 00A1 0008 0000
M212.ETC	0	35	06E3C	000A 013A 00E9 0020 0164 00FB 00E6 0092 00F9 00E9 00EA 0003 013B 013C 00E3 00DE 009D 0099 00E4 00DE 00A5 00A5 00A5 00EA 00EA 0091 00A5 00A5 00A5 0003 0141 0142 00E9 0112 0113 00E4 0020 0165 0166 0096 00DE 0091 00F9 00FD 00E3 00DE 009C 008E 003F 0008 0000
M212.ETC	0	36	06E66	000A 013A 00EA 0020 013B 013C 0086 0167 00FC 00FA 00E0 00E9 003F 0003 00E3 00DE 00F3 0020 00E5 00FD 00E3 0097 00FA 0092 00E5 013B 013C 00E5 00FD 00E3 00DE 009C 008E 0021 0003 009F 00FA 00E6 0020 0140 0149 00E6 0091 00EC 00FA 00E3 0092 00F9 00FC 00F6 00A1 0008 0000
M212.ETC	0	37	06E93	000A 013A 00E4 0020 013B 013C 00E9 0168 00F8 011C 00FC 009E 003F 0003 00F0 00FD 00E5 00EA 0020 0095 0096 009C 0098 015D 0093 00E3 00DE 009C 008E 0093 0099 00E4 00DE 0003 0169 00EA 00A5 00A5 00A5 009D 009A 00DE 0098 00BD 00C3 00B7 00E0 00DE 00E4 015D 0093 00A1 0008 0000
M212.ETC	0	38	06EC2	0141 0142 00E6 00E5 00F7 00FA 00E0 0020 000A 013A 00E3 00DE 009D 00E8 003F 0003 009F 00FD 00E5 0143 0144 00E9 016A 0096 00DE 0020 0091 00F7 0020 0092 00F4 00E0 00DE 00FC 0091 0003 013B 013C 0096 00DE 0020 0164 0086 00E2 0099 00E3 0097 00E3 0092 00EF 009D 00FC 00F6 00A1 0008 0000
M212.ETC	0	39	06EF1	00ED 008A 008A 0020 00CE 00DD 00C4 00E6 016B 0136 00E0 00DE 00E5 0091 00A5 00A5 00A5 0003 000A 0096 00DE 0020 013B 013C 0086 0153 0094 00E3 016C 0098 00E5 00FD 00E3 0003 0092 00EF 00EF 00E3 00DE 00E9 00B7 00D0 0096 00F7 00EA 0020 016D 0094 00F7 00FA 00E5 0092 00F6 00A1 0008 0000
M212.ETC	0	40	06F22	0093 0020 0093 00FD 003F 0020 00E5 00FD 00E0 00DE 00BB 00D9 009C 00DE 008C 00E5 0092 0096 0021 0003 015A 015B 00E9 00C1 00AC 00DD 00BD 0086 0020 00E9 0096 00DE 009C 00E0 00CE 00DE 00B8 0086 0003 00E5 0098 00DE 009B 00F2 00E6 0020 0097 00E3 0098 00FA 00E0 00FD 00E0 00DE 00E8 0020 0098 00DE 00B0 00A1 0008 0000
M212.ETC	0	41	06F57	00EF 0091 0020 0096 00FC 0092 0092 0020 0095 00BB 00D9 009B 00FD 0003 0097 008F 00E4 0020 0095 016E 00E3 00DE 00F3 009D 0092 00E0 00FD 00E3 00DE 009C 008E 003F 0003 00E3 00DE 00F3 016F 0020 00CA 00DE 00C5 00C5 00EA 0135 008F 00E3 0092 00E5 0092 00E9 00A1 0008 0000
M212.ETC	0	42	06F84	0091 00F7 00B2 00D4 00E0 00DE 00FC 0020 00BB 00D9 009C 00DE 008C 00E5 0092 00E9 00F6 0003 00BB 00D9 00EA 0020 009D 0098 00DE 00B2 00C0 00BD 00DE 00D7 009D 00F9 0096 00F7 0003 00B7 00D7 00B2 00E5 00E9 00F6 00E8 008A 0020 00BC 00AF 00BC 0020 00BC 00AF 00BC 00A1 0008 0000
M212.ETC	0	43	06FB6	0095 014C 00E6 0020 0095 00BB 00D9 009B 00FD 0096 00DE 0098 00F9 00E5 00FD 00E3 0003 0097 008F 00E4 0020 00EA 009C 00DE 00F2 00E3 00E9 009A 00E4 009C 00DE 008C 00E5 0092 003F 0003 0099 0092 00EB 00DE 0170 00EA 0020 0148 009C 00E3 00F9 00E9 0096 009C 00F7 0021 0008 0000
M212.ETC	0	44	06FE4	00BA 00CE 00DD 00A5 00A5 00A5 014A 009C 014B 0099 00DE 00E3 0095 0097 00EF 009D 0096 00DE 0003 00B5 00C3 00DE 00B6 00DE 00DD 014C 00E3 00DE 00EA 0020 014E 0097 014F 00E9 0128 014C 00EA 0003 0096 00E0 0098 0020 0095 0171 00F8 014A 009C 014B 0099 00DE 00E3 0095 00F8 00EF 009D 009F 00DE 00A1 0008 0000
M212.ETC	0	45	07017	0095 0092 0020 00BB 00D9 0021 0020 00E4 00DE 009A 0096 00F7 0172 00E0 00FD 00E0 00DE 0003 009F 00FD 00E5 0173 00E3 00DE 0020 00C0 00DE 00DD 00BD 0086 009C 00E3 00E5 0092 00E3 00DE 0003 0174 00F1 0096 00F7 0020 014C 0096 00F7 015A 00E3 0175 008F 00E3 0098 00FA 0021 0008 0000
M212.ETC	0	46	07045	00EE 00EE 0093 0020 009A 00FA 0096 00DE 00D3 00DD 00B7 00B0 00C0 00DE 00DD 00BD 0021 0003 00E1 00EF 00E0 00E9 0020 0176 0161 00E0 00E1 00E9 0091 0092 00E0 00DE 00E3 00DE 00EA 0003 0177 0178 0175 00E9 0020 0095 00E4 00DE 00F8 00E4 015C 0097 00EF 009C 00E0 00A1 0008 0000
M212.ETC	0	47	07074	0091 00F8 008C 0020 009A 00F8 008C 00EF 00E0 00A5 00A5 00A5 00A5 0003 00E3 00DE 008F 0096 0092 00BB 00D9 0096 00DE 0020 00F4 008F 00E3 0097 00E0 009F 00DE 0003 00E4 00DE 0093 00F4 008F 00E3 0020 0158 0102 009D 00F9 00E9 0096 00E5 0091 003F 0008 0000
M212.ETC	0	48	0709D	009A 0092 00E2 0020 00B5 00DA 00E9 0159 00E3 00DE 00C0 00DE 00DD 00BD 00E4 00EA 0021 0003 0127 0179 0086 0132 00E3 00E5 0092 0020 00B5 00DA 00E9 009A 00E4 0086 0003 00CA 00DE 00B6 00E6 009C 00E3 00F9 00F0 00E0 0092 00E3 00DE 0020 0098 00F4 009C 0092 009E 00DE 00A1 0008 0000
M212.ETC	0	49	070CD	00C0 00DE 00DD 00BC 00DD 00B8 00DE 0020 00C0 00DE 00DD 00BC 00DD 00B8 00DE 0021 0003 009A 00F8 008C 00EF 00E0 0020 009D 0099 00DE 008A 00D8 00BD 00DE 00D1 017A 00E0 00DE 00E5 0003 00B5 00DA 00F3 0020 00D1 00BD 00DE 00D1 00BD 00DE 009C 00E3 0097 00E0 009E 00DE 0021 0008 0000
M212.ETC	0	50	070FE	0091 0091 0020 00F4 00F2 00FB 008F 0020 00F4 00F2 00E3 0098 00FA 008F 0003 016F 0139 00EA 0020 017B 0096 00F7 017C 0096 00DE 017D 0092 008F 00E3 00E9 00E6 0003 009F 00FD 00E5 00E4 009A 00E3 00DE 0020 00C0 00DE 00DD 00BD 009B 00FA 00E3 00E0 00EF 00F9 0096 0021 0008 0000
M212.ETC	0	51	0712C	014C 017E 017F 00E6 0020 0180 0177 00E5 00BB 00D9 0096 00DE 0172 00F9 00E5 00FD 00E3 0003 0148 0096 00E9 0020 0159 0181 00FA 00E6 00E1 0096 00DE 0092 00E5 0092 00E3 00DE 009D 0003 00A5 00A5 00A5 00E6 009C 00E3 00F3 0020 00C9 00D8 00E9 0092 0092 00BB 00D9 00E0 00DE 0021 0008 0000
M212.ETC	0	52	0715C	0091 00F8 008C 00F8 008C 0020 0092 0097 00E5 00F8 00C0 00DE 00DD 00BD 00E4 00EA 0003 0177 0182 00E6 009C 00E3 0020 010A 0183 00E5 00BB 00D9 00E3 00DE 009D 00E8 008A 0003 0092 00E2 00EF 00E3 00DE 0095 00E4 00DE 00F9 0096 0020 0129 00E3 00F6 008F 00E4 0021 0008 0000
M212.ETC	0	53	0718A	009A 00FA 00EA 0020 00BB 00D9 00E0 00DE 00F6 00E5 0091 00A5 00A5 00A5 0003 0184 00EF 00E3 00DE 0020 00F4 008F 00E3 00F9 008F 00E3 009A 00E4 00EA 0003 00BB 00B0 00B6 00BD 0096 00F7 0020 00E6 0099 00DE 00E0 00E9 0096 00F3 0021 0008 0000
M212.ETC	0	54	071B1	00EF 0091 0020 0096 00FC 0092 0092 0020 0095 00BB 00D9 009B 00FD 00E0 00DE 00FC 0003 00E3 00DE 00F3 00A5 00A5 00A5 0096 00FC 0092 0092 008F 00E3 0092 0093 00E6 00EA 0003 00E1 008E 008F 00E4 0020 0177 0097 009D 0097 00DE 00F9 0140 00F3 009D 00F9 00FC 00A1 0008 0000
M212.ETC	0	55	071DD	0097 008C 00B0 008F 0020 00E0 00DE 00FA 0096 00B0 008F 0020 0185 0099 00E3 00B0 008F 0003 00A5 00A5 00A5 008F 00E3 0020 0095 00E4 00DE 00FB 0092 00E3 00F0 00E0 0099 00E4 00DE 0003 00EB 00E0 009D 00F7 0020 0095 00E4 00DE 008F 00E3 0092 00F9 00E0 00DE 0099 00E0 00DE 00FC 00A1 0008 0000
M212.ETC	0	56	0720C	0186 0187 00E9 0157 00FC 00F8 013F 00EA 0020 00E4 00DE 00FD 00E5 014E 0097 014F 00F3 0003 00E0 009C 0096 00E6 0020 0188 0096 00FA 00F9 00F3 00E9 00E0 00DE 0099 00E4 00DE 0003 009A 00FA 00EA 0020 00E1 008E 008F 00E4 0020 0188 0096 00FA 009D 0097 00DE 00F6 00A1 0008 0000
M213.ETC	0	0	05B92	00B9 00DE 00B0 00D1 0086 0020 00E1 008D 0093 00E0 00DE 00FD 009C 00EF 009D 0003 00F6 00FB 009C 0092 00E3 00DE 009D 0096 003F 0000
M213.ETC	0	1	05BA9	0015 0002 00C3 00DE 00B0 00C0 0086 0100 00FD 00E3 00DE 0098 00E0 00DE 009B 0092 0000
M213.ETC	0	2	05BB9	0015 0002 0101 0102 0086 0100 00FD 00E3 00DE 0098 00E0 00DE 009B 0092 0000
M213.ETC	0	3	05BC9	0015 0002 00CA 00DE 00AF 00B8 00B1 00AF 00CC 00DF 0052 0041 004D 0086 0100 00FD 00E3 00DE 0098 00E0 00DE 009B 0092 0000
M213.ETC	0	4	05BE1	0015 0002 009A 00E9 00C3 00DE 00B0 00C0 0086 0020 0103 009C 00E3 00F6 00FB 009C 0092 00E3 00DE 009D 0096 003F 0000
M213.ETC	0	5	05BF6	0015 0002 009A 00E9 00C3 00DE 00B0 00C0 0086 0020 0104 0105 009C 00EF 009D 0096 003F 0000
M213.ETC	0	6	05C07	0015 0002 0106 0107 0052 0041 004D 00E9 0108 0109 0096 00DE 0020 010A 010B 009C 00E3 0092 00EF 009D 0008 0000
M213.ETC	0	7	05C1B	0015 0002 00B6 00B0 00C4 00D8 00AF 00BC 00DE 0052 0041 004D 00E9 0108 0109 0096 00DE 0020 010A 010B 009C 00E3 0092 00EF 009D 0008 0000
M213.ETC	0	8	05C34	0015 0002 0108 0109 010A 010B 00E9 00E0 00F2 0020 00BA 00CB 00DF 00B0 00E3 00DE 0097 00EF 009E 00FD 0008 0000
M213.ETC	0	9	05C49	0015 0002 0108 0109 010A 010B 00E9 00E0 00F2 0020 0105 010C 00E9 00BE 00B0 00CC 00DE 00EA 00E3 00DE 0097 00EF 009E 00FD 0008 0000
M213.ETC	0	10	05C61	0015 0002 00B6 00B0 00C4 00D8 00AF 00BC 00DE 0052 0041 004D 0096 00DE 0020 0091 00F8 00EF 009E 00FD 0008 0000
M213.ETC	0	11	05C76	0015 0002 00B6 00B0 00C4 00D8 00AF 00BC 00DE 0052 0041 004D 00E6 00EA 0020 010D 0097 010E 00F0 00E3 00DE 0097 00EF 009E 00FD 0008 0000
M213.ETC	0	12	05C90	0015 0002 010F 0097 00FB 0098 00E9 009C 008E 0110 0086 0020 00EB 00E4 00E2 0111 008F 00E3 0003 009A 009A 00EF 00E3 00DE 00E9 0112 0113 0086 0020 0114 0115 009D 00F9 009A 00E4 0096 00DE 00E3 00DE 0097 00EF 009D 00A1 0003 0114 0115 009C 00EF 009D 0096 003F 0000
M213.ETC	0	13	05CBC	0015 0009 0007 0114 0115 0086 0116 0117 009D 00F9 00E0 00F2 00E6 0031 0037 00E9 0118 0097 0108 0109 0096 00DE 0119 011A 00E3 00DE 009D 00A1 0003 009A 00E9 00EF 00EF 00B9 00DE 00B0 00D1 0086 00BD 00C0 00B0 00C4 009B 009E 00E0 011B 011C 0003 0114 0115 0086 0116 0117 009D 00F9 009A 00E4 0096 00DE 00E3 00DE 0097 00EF 009E 00FD 0005 0003 0112 0113 00E9 0114 0115 0086 0116 0117 009C 00E0 0092 011B 011C 00EA 0003 0116 0117 00C3 00DE 00B0 00C0 011D 0102 011E 011F 00E3 00DE 00C3 00DE 00B0 00C0 0086 0120 0102 009C 00E3 0003 00B9 00DE 00B0 00D1 0086 0121 00BD 00C0 00B0 00C4 009C 00E3 0098 00E0 00DE 009B 0092 00A1 0008 0000
M213.ETC	0	14	05D26	0015 0002 0009 0007 010D 0097 010E 00F0 00E6 0122 0123 009C 00EF 009C 00E0 0008 0000
M213.ETC	0	15	05D38	0015 0002 00CA 00DE 00AF 00B8 00B1 00AF 00CC 00DF 00C3 00DE 00B0 00C0 00EA 0091 00F8 00EF 009E 00FD 0000
M213.ETC	0	16	05D4D	0015 0009 0007 0106 0107 0052 0041 004D 00E9 0124 0125 0096 00DE 0020 00E3 00DE 0097 00E3 0092 00EF 009E 00FD 00A1 0003 0116 0117 00C3 00DE 00B0 00C0 011D 0102 011E 011F 00E3 00DE 0020 0126 00E3 00E9 0114 0115 0086 0103 009C 0003 00B9 00DE 00B0 00D1 0086 0020 0121 00BD 00C0 00B0 00C4 009C 00E3 0098 00E0 00DE 009B 0092 00A1 0000
M213.ETC	0	17	05D85	0015 0009 0007 00B6 00B0 00C4 00D8 00AF 00BC 00DE 0052 0041 004D 00E9 0124 0125 0096 00DE 0020 00E3 00DE 0097 00E3 0092 00EF 009E 00FD 00A1 0003 0116 0117 00C3 00DE 00B0 00C0 011D 0102 011E 011F 00E3 00DE 0020 0126 00E3 00E9 0114 0115 0086 0103 009C 0003 00B9 00DE 00B0 00D1 0086 0020 0121 00BD 00C0 00B0 00C4 009C 00E3 0098 00E0 00DE 009B 0092 00A1 0000
M213.ETC	0	18	05DC2	0015 000E 0086 0127 00E6 0128 00FA 00E0 0004 0000
M213.ETC	0	19	05DCE	0015 000A 00EA 0020 00CA 00DE 00C4 00D9 00BF 00B0 00C4 00DE 0086 0129 00E2 0099 00E3 0003 00BC 00AE 00B0 00C4 00BF 00B0 00C4 00DE 0086 0020 012A 012B 00E6 0095 0092 00E0 00A1 0008 0000
M213.ETC	0	20	05DF0	0015 012C 0096 00DE 0096 0096 008F 00E3 0092 00F9 0008 0000
M213.ETC	0	21	05DFB	009F 00FA 00EA 0020 0020 00B4 00D9 00CC 00E6 012D 00FC 00F9 012E 012F 0130 00A5 00A5 00A5 0003 0097 008F 00E4 0020 0020 000A 00E6 0131 0132 00E2 00EA 009D 00DE 00E0 00DE 0005 0000
M213.ETC	0	22	05E1C	009A 00E9 0133 00EA 0020 0020 00B7 00D0 00E6 00EA 00EF 00E0 00DE 0134 0102 00E0 00DE 0003 009F 00FA 0086 0135 008F 00E3 0020 0020 0136 00E6 0137 00F8 00E5 009B 0092 0003 0092 009D 00DE 00FA 0138 0093 0139 00EF 00E3 00DE 00A5 00A5 00A5 009B 00F7 00EA 00DE 00E0 00DE 00A1 0008 0000
M213.ETC	0	23	05E4B	00EF 0091 0020 000A 013A 008F 00E0 00F7 00A5 00A5 00A5 0003 013B 013C 0086 0020 0095 013D 00E6 009B 00FA 00F9 00E5 00FD 00E3 0003 013E 013F 008F 0140 0096 00DE 0020 0095 0091 00F8 00E5 00FD 00E3 00DE 009D 009A 00E4 0021 0008 0000
M213.ETC	0	24	05E71	0093 00EC 00EC 00A5 00A5 00A5 000A 013A 00EA 0003 0141 0142 00E9 0143 0144 00E6 0020 0095 00E5 00F8 00E6 00E5 008F 00E3 00F3 0003 0096 009B 00DE 00F8 0140 00E9 00E5 0092 0020 0145 0146 00E3 00DE 009D 00E9 00E8 003F 0008 0000
M213.ETC	0	25	05E98	000A 013A 00E9 0020 0095 0147 00FA 00E9 013B 013C 00EA 0003 00E4 00DE 00E1 00F7 00E3 00DE 0020 0129 00E2 0099 00F7 00FA 00E0 00E9 00E3 00DE 009D 003F 0003 0148 00E0 00DE 0096 0020 00E4 008F 00E3 00F3 0140 0149 0096 00DE 0091 00F8 00EF 009D 00FC 00A1 0008 0000
M213.ETC	0	26	05EC3	00BA 00CE 00DD 00A5 00A5 00A5 014A 009C 014B 0099 00DE 00E3 0095 0097 00EF 009D 0096 00DE 0003 014C 014D 00E6 0020 014E 0097 014F 0086 0135 00E1 010E 00F1 009A 00E4 00EA 0003 0096 00E0 0098 0150 009C 00DE 00F7 00FA 00E3 0095 00F8 00EF 009D 0020 00CA 00B2 00A1 0008 0000
M213.ETC	0	27	05EF3	0095 00F4 0020 000A 0151 00E9 0095 013D 00EA 00A5 00A5 00A5 0003 00F3 009C 00F4 0020 013B 013C 00E3 00DE 00EA 0091 00F8 00EF 009E 00E7 0096 00E5 0003 00ED 0094 0094 0020 009F 0093 0092 0093 0020 009C 008D 0152 00E3 00DE 009D 0096 003F 0008 0000
M213.ETC	0	28	05F1E	0091 00FA 00EF 0091 0020 013B 013C 0086 0153 0094 00E3 00E9 0154 014C 00E4 00EA 0003 0092 008F 00E0 0092 0020 00E4 00DE 00E9 00F6 0093 00E5 0155 0156 00E3 00DE 009D 0096 00E5 003F 0003 009A 00FA 00EF 00E0 0020 0157 00FC 008F 00E0 0095 013D 00E0 00DE 009A 00E4 00A5 00A5 00A5 00A1 0008 0000
M213.ETC	0	29	05F4E	0148 00E3 00DE 009D 0096 00A5 00A5 00A5 000A 0151 003F 0003 00F4 00F4 0020 00F3 009C 00F4 0020 009F 00E9 013B 013C 0086 0003 0158 0102 009C 00E3 0098 00FA 00E4 0020 0092 00FC 00FA 00EF 009D 0096 003F 0008 0000
M213.ETC	0	30	05F72	0095 0159 00EA 0020 0141 0142 00E6 015A 015B 009C 00E0 009A 00E4 00E3 00DE 0003 00E4 00DE 009A 0096 0020 0095 0096 009C 0098 00E5 008F 00E0 00E9 0096 003F 0003 00E0 00DE 008F 00E3 0020 009F 00FA 0020 013B 013C 00E0 00DE 00F6 00E5 0091 00A1 0008 0000
M213.ETC	0	31	05F9B	000A 0096 00DE 0020 0112 0113 00E6 015A 00E3 00F9 00E4 015C 0092 00E3 0003 00E4 00DE 00FD 00E5 009A 00E4 0086 0020 00F4 008F 00E3 0098 00F9 0096 00E4 015D 008F 00E0 00F7 0003 00A5 00A5 00A5 013B 013C 0086 0020 009B 0096 00DE 009C 00E3 0098 00F9 009A 00E4 00E4 00EA 0021 0008 0000
M213.ETC	0	32	05FC9	0095 00FA 00EA 0020 000A 00E9 015A 015B 00E9 015E 00F7 009E 0086 0003 015F 0160 00E6 0020 00F6 00FB 009A 00FD 00E3 00DE 0092 00E0 00FD 00E0 00DE 0099 00E4 00DE 00A5 00A5 00A5 0003 013B 013C 0086 0153 0094 00F9 0020 0095 0159 0129 00F9 00E4 0020 00B6 00DE 00AF 00B6 00D8 00E0 00DE 00A1 0008 0000
M213.ETC	0	33	05FFB	000A 0151 00EA 0020 0141 0142 00E6 00E5 00F7 00FA 00E3 0003 00EF 009D 00EF 009D 0020 00E0 0098 00EF 009C 0098 00E5 008F 00E0 00A5 00A5 00A5 0096 00DE 0003 00CC 00DF 00CC 00DF 00AF 0020 0095 013D 00E6 013B 013C 00E4 00EA 0020 00B9 00AF 00BB 00B8 00E0 00DE 0021 0008 0000
M213.ETC	0	34	0602A	0021 0020 0020 000A 013A 00EA 0020 00EA 009D 00DE 0096 009C 0098 00E5 0092 00E9 0096 003F 0003 0141 0142 00E0 00F9 0161 0096 00DE 0020 013B 013C 0086 0153 0094 00F9 00E4 00EA 00A5 00A5 00A5 0003 00B5 00C3 00DE 00B6 00DE 00DD 00E9 0141 0142 00F3 0020 0162 00E6 0163 00E1 00E0 00E5 0091 00A1 0008 0000
M213.ETC	0	35	0605C	000A 013A 00E9 0020 0164 00FB 00E6 0092 00F9 00E9 00EA 0003 013B 013C 00E3 00DE 009D 0099 00E4 00DE 00A5 00A5 00A5 00EA 00EA 0091 00A5 00A5 00A5 0003 0141 0142 00E9 0112 0113 00E4 0020 0165 0166 0096 00DE 0091 00F9 00FD 00E3 00DE 009C 008E 003F 0008 0000
M213.ETC	0	36	06086	000A 013A 00EA 0020 013B 013C 0086 0167 00FC 00FA 00E0 00E9 003F 0003 00E3 00DE 00F3 0020 00E5 00FD 00E3 0097 00FA 0092 00E5 013B 013C 00E5 00FD 00E3 00DE 009C 008E 0021 0003 009F 00FA 00E6 0020 0140 0149 00E6 0091 00EC 00FA 00E3 0092 00F9 00FC 00F6 00A1 0008 0000
M213.ETC	0	37	060B3	000A 013A 00E4 0020 013B 013C 00E9 0168 00F8 011C 00FC 009E 003F 0003 00F0 00FD 00E5 00EA 0020 0095 0096 009C 0098 015D 0093 00E3 00DE 009C 008E 0093 0099 00E4 00DE 0003 0169 00EA 00A5 00A5 00A5 009D 009A 00DE 0098 00BD 00C3 00B7 00E0 00DE 00E4 015D 0093 00A1 0008 0000
M213.ETC	0	38	060E2	0141 0142 00E6 00E5 00F7 00FA 00E0 0020 000A 013A 00E3 00DE 009D 00E8 003F 0003 009F 00FD 00E5 0143 0144 00E9 016A 0096 00DE 0020 0091 00F7 0020 0092 00F4 00E0 00DE 00FC 0091 0003 013B 013C 0096 00DE 0020 0164 0086 00E2 0099 00E3 0097 00E3 0092 00EF 009D 00FC 00F6 00A1 0008 0000
M213.ETC	0	39	06111	00ED 008A 008A 0020 00CE 00DD 00C4 00E6 016B 0136 00E0 00DE 00E5 0091 00A5 00A5 00A5 0003 000A 0096 00DE 0020 013B 013C 0086 0153 0094 00E3 016C 0098 00E5 00FD 00E3 0003 0092 00EF 00EF 00E3 00DE 00E9 00B7 00D0 0096 00F7 00EA 0020 016D 0094 00F7 00FA 00E5 0092 00F6 00A1 0008 0000
M213.ETC	0	40	06142	0093 0020 0093 00FD 003F 0020 00E5 00FD 00E0 00DE 00BB 00D9 009C 00DE 008C 00E5 0092 0096 0021 0003 015A 015B 00E9 00C1 00AC 00DD 00BD 0086 0020 00E9 0096 00DE 009C 00E0 00CE 00DE 00B8 0086 0003 00E5 0098 00DE 009B 00F2 00E6 0020 0097 00E3 0098 00FA 00E0 00FD 00E0 00DE 00E8 0020 0098 00DE 00B0 00A1 0008 0000
M213.ETC	0	41	06177	00EF 0091 0020 0096 00FC 0092 0092 0020 0095 00BB 00D9 009B 00FD 0003 0097 008F 00E4 0020 0095 016E 00E3 00DE 00F3 009D 0092 00E0 00FD 00E3 00DE 009C 008E 003F 0003 00E3 00DE 00F3 016F 0020 00CA 00DE 00C5 00C5 00EA 0135 008F 00E3 0092 00E5 0092 00E9 00A1 0008 0000
M213.ETC	0	42	061A4	0091 00F7 00B2 00D4 00E0 00DE 00FC 0020 00BB 00D9 009C 00DE 008C 00E5 0092 00E9 00F6 0003 00BB 00D9 00EA 0020 009D 0098 00DE 00B2 00C0 00BD 00DE 00D7 009D 00F9 0096 00F7 0003 00B7 00D7 00B2 00E5 00E9 00F6 00E8 008A 0020 00BC 00AF 00BC 0020 00BC 00AF 00BC 00A1 0008 0000
M213.ETC	0	43	061D6	0095 014C 00E6 0020 0095 00BB 00D9 009B 00FD 0096 00DE 0098 00F9 00E5 00FD 00E3 0003 0097 008F 00E4 0020 00EA 009C 00DE 00F2 00E3 00E9 009A 00E4 009C 00DE 008C 00E5 0092 003F 0003 0099 0092 00EB 00DE 0170 00EA 0020 0148 009C 00E3 00F9 00E9 0096 009C 00F7 0021 0008 0000
M213.ETC	0	44	06204	00BA 00CE 00DD 00A5 00A5 00A5 014A 009C 014B 0099 00DE 00E3 0095 0097 00EF 009D 0096 00DE 0003 00B5 00C3 00DE 00B6 00DE 00DD 014C 00E3 00DE 00EA 0020 014E 0097 014F 00E9 0128 014C 00EA 0003 0096 00E0 0098 0020 0095 0171 00F8 014A 009C 014B 0099 00DE 00E3 0095 00F8 00EF 009D 009F 00DE 00A1 0008 0000
M213.ETC	0	45	06237	0095 0092 0020 00BB 00D9 0021 0020 00E4 00DE 009A 0096 00F7 0172 00E0 00FD 00E0 00DE 0003 009F 00FD 00E5 0173 00E3 00DE 0020 00C0 00DE 00DD 00BD 0086 009C 00E3 00E5 0092 00E3 00DE 0003 0174 00F1 0096 00F7 0020 014C 0096 00F7 015A 00E3 0175 008F 00E3 0098 00FA 0021 0008 0000
M213.ETC	0	46	06265	00EE 00EE 0093 0020 009A 00FA 0096 00DE 00D3 00DD 00B7 00B0 00C0 00DE 00DD 00BD 0021 0003 00E1 00EF 00E0 00E9 0020 0176 0161 00E0 00E1 00E9 0091 0092 00E0 00DE 00E3 00DE 00EA 0003 0177 0178 0175 00E9 0020 0095 00E4 00DE 00F8 00E4 015C 0097 00EF 009C 00E0 00A1 0008 0000
M213.ETC	0	47	06294	0091 00F8 008C 0020 009A 00F8 008C 00EF 00E0 00A5 00A5 00A5 00A5 0003 00E3 00DE 008F 0096 0092 00BB 00D9 0096 00DE 0020 00F4 008F 00E3 0097 00E0 009F 00DE 0003 00E4 00DE 0093 00F4 008F 00E3 0020 0158 0102 009D 00F9 00E9 0096 00E5 0091 003F 0008 0000
M213.ETC	0	48	062BD	009A 0092 00E2 0020 00B5 00DA 00E9 0159 00E3 00DE 00C0 00DE 00DD 00BD 00E4 00EA 0021 0003 0127 0179 0086 0132 00E3 00E5 0092 0020 00B5 00DA 00E9 009A 00E4 0086 0003 00CA 00DE 00B6 00E6 009C 00E3 00F9 00F0 00E0 0092 00E3 00DE 0020 0098 00F4 009C 0092 009E 00DE 00A1 0008 0000
M213.ETC	0	49	062ED	00C0 00DE 00DD 00BC 00DD 00B8 00DE 0020 00C0 00DE 00DD 00BC 00DD 00B8 00DE 0021 0003 009A 00F8 008C 00EF 00E0 0020 009D 0099 00DE 008A 00D8 00BD 00DE 00D1 017A 00E0 00DE 00E5 0003 00B5 00DA 00F3 0020 00D1 00BD 00DE 00D1 00BD 00DE 009C 00E3 0097 00E0 009E 00DE 0021 0008 0000
M213.ETC	0	50	0631E	0091 0091 0020 00F4 00F2 00FB 008F 0020 00F4 00F2 00E3 0098 00FA 008F 0003 016F 0139 00EA 0020 017B 0096 00F7 017C 0096 00DE 017D 0092 008F 00E3 00E9 00E6 0003 009F 00FD 00E5 00E4 009A 00E3 00DE 0020 00C0 00DE 00DD 00BD 009B 00FA 00E3 00E0 00EF 00F9 0096 0021 0008 0000
M213.ETC	0	51	0634C	014C 017E 017F 00E6 0020 0180 0177 00E5 00BB 00D9 0096 00DE 0172 00F9 00E5 00FD 00E3 0003 0148 0096 00E9 0020 0159 0181 00FA 00E6 00E1 0096 00DE 0092 00E5 0092 00E3 00DE 009D 0003 00A5 00A5 00A5 00E6 009C 00E3 00F3 0020 00C9 00D8 00E9 0092 0092 00BB 00D9 00E0 00DE 0021 0008 0000
M213.ETC	0	52	0637C	0091 00F8 008C 00F8 008C 0020 0092 0097 00E5 00F8 00C0 00DE 00DD 00BD 00E4 00EA 0003 0177 0182 00E6 009C 00E3 0020 010A 0183 00E5 00BB 00D9 00E3 00DE 009D 00E8 008A 0003 0092 00E2 00EF 00E3 00DE 0095 00E4 00DE 00F9 0096 0020 0129 00E3 00F6 008F 00E4 0021 0008 0000
M213.ETC	0	53	063AA	009A 00FA 00EA 0020 00BB 00D9 00E0 00DE 00F6 00E5 0091 00A5 00A5 00A5 0003 0184 00EF 00E3 00DE 0020 00F4 008F 00E3 00F9 008F 00E3 009A 00E4 00EA 0003 00BB 00B0 00B6 00BD 0096 00F7 0020 00E6 0099 00DE 00E0 00E9 0096 00F3 0021 0008 0000
M213.ETC	0	54	063D1	00EF 0091 0020 0096 00FC 0092 0092 0020 0095 00BB 00D9 009B 00FD 00E0 00DE 00FC 0003 00E3 00DE 00F3 00A5 00A5 00A5 0096 00FC 0092 0092 008F 00E3 0092 0093 00E6 00EA 0003 00E1 008E 008F 00E4 0020 0177 0097 009D 0097 00DE 00F9 0140 00F3 009D 00F9 00FC 00A1 0008 0000
M213.ETC	0	55	063FD	0097 008C 00B0 008F 0020 00E0 00DE 00FA 0096 00B0 008F 0020 0185 0099 00E3 00B0 008F 0003 00A5 00A5 00A5 008F 00E3 0020 0095 00E4 00DE 00FB 0092 00E3 00F0 00E0 0099 00E4 00DE 0003 00EB 00E0 009D 00F7 0020 0095 00E4 00DE 008F 00E3 0092 00F9 00E0 00DE 0099 00E0 00DE 00FC 00A1 0008 0000
M213.ETC	0	56	0642C	0186 0187 00E9 0157 00FC 00F8 013F 00EA 0020 00E4 00DE 00FD 00E5 014E 0097 014F 00F3 0003 00E0 009C 0096 00E6 0020 0188 0096 00FA 00F9 00F3 00E9 00E0 00DE 0099 00E4 00DE 0003 009A 00FA 00EA 0020 00E1 008E 008F 00E4 0020 0188 0096 00FA 009D 0097 00DE 00F6 00A1 0008 0000
M214.ETC	0	0	071A6	00B9 00DE 00B0 00D1 0086 0020 00E1 008D 0093 00E0 00DE 00FD 009C 00EF 009D 0003 00F6 00FB 009C 0092 00E3 00DE 009D 0096 003F 0000
M214.ETC	0	1	071BD	0015 0002 00C3 00DE 00B0 00C0 0086 0100 00FD 00E3 00DE 0098 00E0 00DE 009B 0092 0000
M214.ETC	0	2	071CD	0015 0002 0101 0102 0086 0100 00FD 00E3 00DE 0098 00E0 00DE 009B 0092 0000
M214.ETC	0	3	071DD	0015 0002 00CA 00DE 00AF 00B8 00B1 00AF 00CC 00DF 0052 0041 004D 0086 0100 00FD 00E3 00DE 0098 00E0 00DE 009B 0092 0000
M214.ETC	0	4	071F5	0015 0002 009A 00E9 00C3 00DE 00B0 00C0 0086 0020 0103 009C 00E3 00F6 00FB 009C 0092 00E3 00DE 009D 0096 003F 0000
M214.ETC	0	5	0720A	0015 0002 009A 00E9 00C3 00DE 00B0 00C0 0086 0020 0104 0105 009C 00EF 009D 0096 003F 0000
M214.ETC	0	6	0721B	0015 0002 0106 0107 0052 0041 004D 00E9 0108 0109 0096 00DE 0020 010A 010B 009C 00E3 0092 00EF 009D 0008 0000
M214.ETC	0	7	0722F	0015 0002 00B6 00B0 00C4 00D8 00AF 00BC 00DE 0052 0041 004D 00E9 0108 0109 0096 00DE 0020 010A 010B 009C 00E3 0092 00EF 009D 0008 0000
M214.ETC	0	8	07248	0015 0002 0108 0109 010A 010B 00E9 00E0 00F2 0020 00BA 00CB 00DF 00B0 00E3 00DE 0097 00EF 009E 00FD 0008 0000
M214.ETC	0	9	0725D	0015 0002 0108 0109 010A 010B 00E9 00E0 00F2 0020 0105 010C 00E9 00BE 00B0 00CC 00DE 00EA 00E3 00DE 0097 00EF 009E 00FD 0008 0000
M214.ETC	0	10	07275	0015 0002 00B6 00B0 00C4 00D8 00AF 00BC 00DE 0052 0041 004D 0096 00DE 0020 0091 00F8 00EF 009E 00FD 0008 0000
M214.ETC	0	11	0728A	0015 0002 00B6 00B0 00C4 00D8 00AF 00BC 00DE 0052 0041 004D 00E6 00EA 0020 010D 0097 010E 00F0 00E3 00DE 0097 00EF 009E 00FD 0008 0000
M214.ETC	0	12	072A4	0015 0002 010F 0097 00FB 0098 00E9 009C 008E 0110 0086 0020 00EB 00E4 00E2 0111 008F 00E3 0003 009A 009A 00EF 00E3 00DE 00E9 0112 0113 0086 0020 0114 0115 009D 00F9 009A 00E4 0096 00DE 00E3 00DE 0097 00EF 009D 00A1 0003 0114 0115 009C 00EF 009D 0096 003F 0000
M214.ETC	0	13	072D0	0015 0009 0007 0114 0115 0086 0116 0117 009D 00F9 00E0 00F2 00E6 0031 0037 00E9 0118 0097 0108 0109 0096 00DE 0119 011A 00E3 00DE 009D 00A1 0003 009A 00E9 00EF 00EF 00B9 00DE 00B0 00D1 0086 00BD 00C0 00B0 00C4 009B 009E 00E0 011B 011C 0003 0114 0115 0086 0116 0117 009D 00F9 009A 00E4 0096 00DE 00E3 00DE 0097 00EF 009E 00FD 0005 0003 0112 0113 00E9 0114 0115 0086 0116 0117 009C 00E0 0092 011B 011C 00EA 0003 0116 0117 00C3 00DE 00B0 00C0 011D 0102 011E 011F 00E3 00DE 00C3 00DE 00B0 00C0 0086 0120 0102 009C 00E3 0003 00B9 00DE 00B0 00D1 0086 0121 00BD 00C0 00B0 00C4 009C 00E3 0098 00E0 00DE 009B 0092 00A1 0008 0000
M214.ETC	0	14	0733A	0015 0002 0009 0007 010D 0097 010E 00F0 00E6 0122 0123 009C 00EF 009C 00E0 0008 0000
M214.ETC	0	15	0734C	0015 0002 00CA 00DE 00AF 00B8 00B1 00AF 00CC 00DF 00C3 00DE 00B0 00C0 00EA 0091 00F8 00EF 009E 00FD 0000
M214.ETC	0	16	07361	0015 0009 0007 0106 0107 0052 0041 004D 00E9 0124 0125 0096 00DE 0020 00E3 00DE 0097 00E3 0092 00EF 009E 00FD 00A1 0003 0116 0117 00C3 00DE 00B0 00C0 011D 0102 011E 011F 00E3 00DE 0020 0126 00E3 00E9 0114 0115 0086 0103 009C 0003 00B9 00DE 00B0 00D1 0086 0020 0121 00BD 00C0 00B0 00C4 009C 00E3 0098 00E0 00DE 009B 0092 00A1 0000
M214.ETC	0	17	07399	0015 0009 0007 00B6 00B0 00C4 00D8 00AF 00BC 00DE 0052 0041 004D 00E9 0124 0125 0096 00DE 0020 00E3 00DE 0097 00E3 0092 00EF 009E 00FD 00A1 0003 0116 0117 00C3 00DE 00B0 00C0 011D 0102 011E 011F 00E3 00DE 0020 0126 00E3 00E9 0114 0115 0086 0103 009C 0003 00B9 00DE 00B0 00D1 0086 0020 0121 00BD 00C0 00B0 00C4 009C 00E3 0098 00E0 00DE 009B 0092 00A1 0000
M214.ETC	0	18	073D6	0015 000E 0086 0127 00E6 0128 00FA 00E0 0004 0000
M214.ETC	0	19	073E2	0015 000A 00EA 0020 00CA 00DE 00C4 00D9 00BF 00B0 00C4 00DE 0086 0129 00E2 0099 00E3 0003 00BC 00AE 00B0 00C4 00BF 00B0 00C4 00DE 0086 0020 012A 012B 00E6 0095 0092 00E0 00A1 0008 0000
M214.ETC	0	20	07404	0015 012C 0096 00DE 0096 0096 008F 00E3 0092 00F9 0008 0000
M214.ETC	0	21	0740F	009F 00FA 00EA 0020 0020 00B4 00D9 00CC 00E6 012D 00FC 00F9 012E 012F 0130 00A5 00A5 00A5 0003 0097 008F 00E4 0020 0020 000A 00E6 0131 0132 00E2 00EA 009D 00DE 00E0 00DE 0005 0000
M214.ETC	0	22	07430	009A 00E9 0133 00EA 0020 0020 00B7 00D0 00E6 00EA 00EF 00E0 00DE 0134 0102 00E0 00DE 0003 009F 00FA 0086 0135 008F 00E3 0020 0020 0136 00E6 0137 00F8 00E5 009B 0092 0003 0092 009D 00DE 00FA 0138 0093 0139 00EF 00E3 00DE 00A5 00A5 00A5 009B 00F7 00EA 00DE 00E0 00DE 00A1 0008 0000
M214.ETC	0	23	0745F	00EF 0091 0020 000A 013A 008F 00E0 00F7 00A5 00A5 00A5 0003 013B 013C 0086 0020 0095 013D 00E6 009B 00FA 00F9 00E5 00FD 00E3 0003 013E 013F 008F 0140 0096 00DE 0020 0095 0091 00F8 00E5 00FD 00E3 00DE 009D 009A 00E4 0021 0008 0000
M214.ETC	0	24	07485	0093 00EC 00EC 00A5 00A5 00A5 000A 013A 00EA 0003 0141 0142 00E9 0143 0144 00E6 0020 0095 00E5 00F8 00E6 00E5 008F 00E3 00F3 0003 0096 009B 00DE 00F8 0140 00E9 00E5 0092 0020 0145 0146 00E3 00DE 009D 00E9 00E8 003F 0008 0000
M214.ETC	0	25	074AC	000A 013A 00E9 0020 0095 0147 00FA 00E9 013B 013C 00EA 0003 00E4 00DE 00E1 00F7 00E3 00DE 0020 0129 00E2 0099 00F7 00FA 00E0 00E9 00E3 00DE 009D 003F 0003 0148 00E0 00DE 0096 0020 00E4 008F 00E3 00F3 0140 0149 0096 00DE 0091 00F8 00EF 009D 00FC 00A1 0008 0000
M214.ETC	0	26	074D7	00BA 00CE 00DD 00A5 00A5 00A5 014A 009C 014B 0099 00DE 00E3 0095 0097 00EF 009D 0096 00DE 0003 014C 014D 00E6 0020 014E 0097 014F 0086 0135 00E1 010E 00F1 009A 00E4 00EA 0003 0096 00E0 0098 0150 009C 00DE 00F7 00FA 00E3 0095 00F8 00EF 009D 0020 00CA 00B2 00A1 0008 0000
M214.ETC	0	27	07507	0095 00F4 0020 000A 0151 00E9 0095 013D 00EA 00A5 00A5 00A5 0003 00F3 009C 00F4 0020 013B 013C 00E3 00DE 00EA 0091 00F8 00EF 009E 00E7 0096 00E5 0003 00ED 0094 0094 0020 009F 0093 0092 0093 0020 009C 008D 0152 00E3 00DE 009D 0096 003F 0008 0000
M214.ETC	0	28	07532	0091 00FA 00EF 0091 0020 013B 013C 0086 0153 0094 00E3 00E9 0154 014C 00E4 00EA 0003 0092 008F 00E0 0092 0020 00E4 00DE 00E9 00F6 0093 00E5 0155 0156 00E3 00DE 009D 0096 00E5 003F 0003 009A 00FA 00EF 00E0 0020 0157 00FC 008F 00E0 0095 013D 00E0 00DE 009A 00E4 00A5 00A5 00A5 00A1 0008 0000
M214.ETC	0	29	07562	0148 00E3 00DE 009D 0096 00A5 00A5 00A5 000A 0151 003F 0003 00F4 00F4 0020 00F3 009C 00F4 0020 009F 00E9 013B 013C 0086 0003 0158 0102 009C 00E3 0098 00FA 00E4 0020 0092 00FC 00FA 00EF 009D 0096 003F 0008 0000
M214.ETC	0	30	07586	0095 0159 00EA 0020 0141 0142 00E6 015A 015B 009C 00E0 009A 00E4 00E3 00DE 0003 00E4 00DE 009A 0096 0020 0095 0096 009C 0098 00E5 008F 00E0 00E9 0096 003F 0003 00E0 00DE 008F 00E3 0020 009F 00FA 0020 013B 013C 00E0 00DE 00F6 00E5 0091 00A1 0008 0000
M214.ETC	0	31	075AF	000A 0096 00DE 0020 0112 0113 00E6 015A 00E3 00F9 00E4 015C 0092 00E3 0003 00E4 00DE 00FD 00E5 009A 00E4 0086 0020 00F4 008F 00E3 0098 00F9 0096 00E4 015D 008F 00E0 00F7 0003 00A5 00A5 00A5 013B 013C 0086 0020 009B 0096 00DE 009C 00E3 0098 00F9 009A 00E4 00E4 00EA 0021 0008 0000
M214.ETC	0	32	075DD	0095 00FA 00EA 0020 000A 00E9 015A 015B 00E9 015E 00F7 009E 0086 0003 015F 0160 00E6 0020 00F6 00FB 009A 00FD 00E3 00DE 0092 00E0 00FD 00E0 00DE 0099 00E4 00DE 00A5 00A5 00A5 0003 013B 013C 0086 0153 0094 00F9 0020 0095 0159 0129 00F9 00E4 0020 00B6 00DE 00AF 00B6 00D8 00E0 00DE 00A1 0008 0000
M214.ETC	0	33	0760F	000A 0151 00EA 0020 0141 0142 00E6 00E5 00F7 00FA 00E3 0003 00EF 009D 00EF 009D 0020 00E0 0098 00EF 009C 0098 00E5 008F 00E0 00A5 00A5 00A5 0096 00DE 0003 00CC 00DF 00CC 00DF 00AF 0020 0095 013D 00E6 013B 013C 00E4 00EA 0020 00B9 00AF 00BB 00B8 00E0 00DE 0021 0008 0000
M214.ETC	0	34	0763E	0021 0020 0020 000A 013A 00EA 0020 00EA 009D 00DE 0096 009C 0098 00E5 0092 00E9 0096 003F 0003 0141 0142 00E0 00F9 0161 0096 00DE 0020 013B 013C 0086 0153 0094 00F9 00E4 00EA 00A5 00A5 00A5 0003 00B5 00C3 00DE 00B6 00DE 00DD 00E9 0141 0142 00F3 0020 0162 00E6 0163 00E1 00E0 00E5 0091 00A1 0008 0000
M214.ETC	0	35	07670	000A 013A 00E9 0020 0164 00FB 00E6 0092 00F9 00E9 00EA 0003 013B 013C 00E3 00DE 009D 0099 00E4 00DE 00A5 00A5 00A5 00EA 00EA 0091 00A5 00A5 00A5 0003 0141 0142 00E9 0112 0113 00E4 0020 0165 0166 0096 00DE 0091 00F9 00FD 00E3 00DE 009C 008E 003F 0008 0000
M214.ETC	0	36	0769A	000A 013A 00EA 0020 013B 013C 0086 0167 00FC 00FA 00E0 00E9 003F 0003 00E3 00DE 00F3 0020 00E5 00FD 00E3 0097 00FA 0092 00E5 013B 013C 00E5 00FD 00E3 00DE 009C 008E 0021 0003 009F 00FA 00E6 0020 0140 0149 00E6 0091 00EC 00FA 00E3 0092 00F9 00FC 00F6 00A1 0008 0000
M214.ETC	0	37	076C7	000A 013A 00E4 0020 013B 013C 00E9 0168 00F8 011C 00FC 009E 003F 0003 00F0 00FD 00E5 00EA 0020 0095 0096 009C 0098 015D 0093 00E3 00DE 009C 008E 0093 0099 00E4 00DE 0003 0169 00EA 00A5 00A5 00A5 009D 009A 00DE 0098 00BD 00C3 00B7 00E0 00DE 00E4 015D 0093 00A1 0008 0000
M214.ETC	0	38	076F6	0141 0142 00E6 00E5 00F7 00FA 00E0 0020 000A 013A 00E3 00DE 009D 00E8 003F 0003 009F 00FD 00E5 0143 0144 00E9 016A 0096 00DE 0020 0091 00F7 0020 0092 00F4 00E0 00DE 00FC 0091 0003 013B 013C 0096 00DE 0020 0164 0086 00E2 0099 00E3 0097 00E3 0092 00EF 009D 00FC 00F6 00A1 0008 0000
M214.ETC	0	39	07725	00ED 008A 008A 0020 00CE 00DD 00C4 00E6 016B 0136 00E0 00DE 00E5 0091 00A5 00A5 00A5 0003 000A 0096 00DE 0020 013B 013C 0086 0153 0094 00E3 016C 0098 00E5 00FD 00E3 0003 0092 00EF 00EF 00E3 00DE 00E9 00B7 00D0 0096 00F7 00EA 0020 016D 0094 00F7 00FA 00E5 0092 00F6 00A1 0008 0000
M214.ETC	0	40	07756	0093 0020 0093 00FD 003F 0020 00E5 00FD 00E0 00DE 00BB 00D9 009C 00DE 008C 00E5 0092 0096 0021 0003 015A 015B 00E9 00C1 00AC 00DD 00BD 0086 0020 00E9 0096 00DE 009C 00E0 00CE 00DE 00B8 0086 0003 00E5 0098 00DE 009B 00F2 00E6 0020 0097 00E3 0098 00FA 00E0 00FD 00E0 00DE 00E8 0020 0098 00DE 00B0 00A1 0008 0000
M214.ETC	0	41	0778B	00EF 0091 0020 0096 00FC 0092 0092 0020 0095 00BB 00D9 009B 00FD 0003 0097 008F 00E4 0020 0095 016E 00E3 00DE 00F3 009D 0092 00E0 00FD 00E3 00DE 009C 008E 003F 0003 00E3 00DE 00F3 016F 0020 00CA 00DE 00C5 00C5 00EA 0135 008F 00E3 0092 00E5 0092 00E9 00A1 0008 0000
M214.ETC	0	42	077B8	0091 00F7 00B2 00D4 00E0 00DE 00FC 0020 00BB 00D9 009C 00DE 008C 00E5 0092 00E9 00F6 0003 00BB 00D9 00EA 0020 009D 0098 00DE 00B2 00C0 00BD 00DE 00D7 009D 00F9 0096 00F7 0003 00B7 00D7 00B2 00E5 00E9 00F6 00E8 008A 0020 00BC 00AF 00BC 0020 00BC 00AF 00BC 00A1 0008 0000
M214.ETC	0	43	077EA	0095 014C 00E6 0020 0095 00BB 00D9 009B 00FD 0096 00DE 0098 00F9 00E5 00FD 00E3 0003 0097 008F 00E4 0020 00EA 009C 00DE 00F2 00E3 00E9 009A 00E4 009C 00DE 008C 00E5 0092 003F 0003 0099 0092 00EB 00DE 0170 00EA 0020 0148 009C 00E3 00F9 00E9 0096 009C 00F7 0021 0008 0000
M214.ETC	0	44	07818	00BA 00CE 00DD 00A5 00A5 00A5 014A 009C 014B 0099 00DE 00E3 0095 0097 00EF 009D 0096 00DE 0003 00B5 00C3 00DE 00B6 00DE 00DD 014C 00E3 00DE 00EA 0020 014E 0097 014F 00E9 0128 014C 00EA 0003 0096 00E0 0098 0020 0095 0171 00F8 014A 009C 014B 0099 00DE 00E3 0095 00F8 00EF 009D 009F 00DE 00A1 0008 0000
M214.ETC	0	45	0784B	0095 0092 0020 00BB 00D9 0021 0020 00E4 00DE 009A 0096 00F7 0172 00E0 00FD 00E0 00DE 0003 009F 00FD 00E5 0173 00E3 00DE 0020 00C0 00DE 00DD 00BD 0086 009C 00E3 00E5 0092 00E3 00DE 0003 0174 00F1 0096 00F7 0020 014C 0096 00F7 015A 00E3 0175 008F 00E3 0098 00FA 0021 0008 0000
M214.ETC	0	46	07879	00EE 00EE 0093 0020 009A 00FA 0096 00DE 00D3 00DD 00B7 00B0 00C0 00DE 00DD 00BD 0021 0003 00E1 00EF 00E0 00E9 0020 0176 0161 00E0 00E1 00E9 0091 0092 00E0 00DE 00E3 00DE 00EA 0003 0177 0178 0175 00E9 0020 0095 00E4 00DE 00F8 00E4 015C 0097 00EF 009C 00E0 00A1 0008 0000
M214.ETC	0	47	078A8	0091 00F8 008C 0020 009A 00F8 008C 00EF 00E0 00A5 00A5 00A5 00A5 0003 00E3 00DE 008F 0096 0092 00BB 00D9 0096 00DE 0020 00F4 008F 00E3 0097 00E0 009F 00DE 0003 00E4 00DE 0093 00F4 008F 00E3 0020 0158 0102 009D 00F9 00E9 0096 00E5 0091 003F 0008 0000
M214.ETC	0	48	078D1	009A 0092 00E2 0020 00B5 00DA 00E9 0159 00E3 00DE 00C0 00DE 00DD 00BD 00E4 00EA 0021 0003 0127 0179 0086 0132 00E3 00E5 0092 0020 00B5 00DA 00E9 009A 00E4 0086 0003 00CA 00DE 00B6 00E6 009C 00E3 00F9 00F0 00E0 0092 00E3 00DE 0020 0098 00F4 009C 0092 009E 00DE 00A1 0008 0000
M214.ETC	0	49	07901	00C0 00DE 00DD 00BC 00DD 00B8 00DE 0020 00C0 00DE 00DD 00BC 00DD 00B8 00DE 0021 0003 009A 00F8 008C 00EF 00E0 0020 009D 0099 00DE 008A 00D8 00BD 00DE 00D1 017A 00E0 00DE 00E5 0003 00B5 00DA 00F3 0020 00D1 00BD 00DE 00D1 00BD 00DE 009C 00E3 0097 00E0 009E 00DE 0021 0008 0000
M214.ETC	0	50	07932	0091 0091 0020 00F4 00F2 00FB 008F 0020 00F4 00F2 00E3 0098 00FA 008F 0003 016F 0139 00EA 0020 017B 0096 00F7 017C 0096 00DE 017D 0092 008F 00E3 00E9 00E6 0003 009F 00FD 00E5 00E4 009A 00E3 00DE 0020 00C0 00DE 00DD 00BD 009B 00FA 00E3 00E0 00EF 00F9 0096 0021 0008 0000
M214.ETC	0	51	07960	014C 017E 017F 00E6 0020 0180 0177 00E5 00BB 00D9 0096 00DE 0172 00F9 00E5 00FD 00E3 0003 0148 0096 00E9 0020 0159 0181 00FA 00E6 00E1 0096 00DE 0092 00E5 0092 00E3 00DE 009D 0003 00A5 00A5 00A5 00E6 009C 00E3 00F3 0020 00C9 00D8 00E9 0092 0092 00BB 00D9 00E0 00DE 0021 0008 0000
M214.ETC	0	52	07990	0091 00F8 008C 00F8 008C 0020 0092 0097 00E5 00F8 00C0 00DE 00DD 00BD 00E4 00EA 0003 0177 0182 00E6 009C 00E3 0020 010A 0183 00E5 00BB 00D9 00E3 00DE 009D 00E8 008A 0003 0092 00E2 00EF 00E3 00DE 0095 00E4 00DE 00F9 0096 0020 0129 00E3 00F6 008F 00E4 0021 0008 0000
M214.ETC	0	53	079BE	009A 00FA 00EA 0020 00BB 00D9 00E0 00DE 00F6 00E5 0091 00A5 00A5 00A5 0003 0184 00EF 00E3 00DE 0020 00F4 008F 00E3 00F9 008F 00E3 009A 00E4 00EA 0003 00BB 00B0 00B6 00BD 0096 00F7 0020 00E6 0099 00DE 00E0 00E9 0096 00F3 0021 0008 0000
M214.ETC	0	54	079E5	00EF 0091 0020 0096 00FC 0092 0092 0020 0095 00BB 00D9 009B 00FD 00E0 00DE 00FC 0003 00E3 00DE 00F3 00A5 00A5 00A5 0096 00FC 0092 0092 008F 00E3 0092 0093 00E6 00EA 0003 00E1 008E 008F 00E4 0020 0177 0097 009D 0097 00DE 00F9 0140 00F3 009D 00F9 00FC 00A1 0008 0000
M214.ETC	0	55	07A11	0097 008C 00B0 008F 0020 00E0 00DE 00FA 0096 00B0 008F 0020 0185 0099 00E3 00B0 008F 0003 00A5 00A5 00A5 008F 00E3 0020 0095 00E4 00DE 00FB 0092 00E3 00F0 00E0 0099 00E4 00DE 0003 00EB 00E0 009D 00F7 0020 0095 00E4 00DE 008F 00E3 0092 00F9 00E0 00DE 0099 00E0 00DE 00FC 00A1 0008 0000
M214.ETC	0	56	07A40	0186 0187 00E9 0157 00FC 00F8 013F 00EA 0020 00E4 00DE 00FD 00E5 014E 0097 014F 00F3 0003 00E0 009C 0096 00E6 0020 0188 0096 00FA 00F9 00F3 00E9 00E0 00DE 0099 00E4 00DE 0003 009A 00FA 00EA 0020 00E1 008E 008F 00E4 0020 0188 0096 00FA 009D 0097 00DE 00F6 00A1 0008 0000
M215.ETC	0	0	049FE	00B9 00DE 00B0 00D1 0086 0020 00E1 008D 0093 00E0 00DE 00FD 009C 00EF 009D 0003 00F6 00FB 009C 0092 00E3 00DE 009D 0096 003F 0000
M215.ETC	0	1	04A16	0015 0002 00C3 00DE 00B0 00C0 0086 0100 00FD 00E3 00DE 0098 00E0 00DE 009B 0092 0000
M215.ETC	0	2	04A26	0015 0002 0101 0102 0086 0100 00FD 00E3 00DE 0098 00E0 00DE 009B 0092 0000
M215.ETC	0	3	04A36	0015 0002 00CA 00DE 00AF 00B8 00B1 00AF 00CC 00DF 0052 0041 004D 0086 0100 00FD 00E3 00DE 0098 00E0 00DE 009B 0092 0000
M215.ETC	0	4	04A4E	0015 0002 009A 00E9 00C3 00DE 00B0 00C0 0086 0020 0103 009C 00E3 00F6 00FB 009C 0092 00E3 00DE 009D 0096 003F 0000
M215.ETC	0	5	04A63	0015 0002 009A 00E9 00C3 00DE 00B0 00C0 0086 0020 0104 0105 009C 00EF 009D 0096 003F 0000
M215.ETC	0	6	04A74	0015 0002 0106 0107 0052 0041 004D 00E9 0108 0109 0096 00DE 0020 010A 010B 009C 00E3 0092 00EF 009D 0008 0000
M215.ETC	0	7	04A89	0015 0002 00B6 00B0 00C4 00D8 00AF 00BC 00DE 0052 0041 004D 00E9 0108 0109 0096 00DE 0020 010A 010B 009C 00E3 0092 00EF 009D 0008 0000
M215.ETC	0	8	04AA2	0015 0002 0108 0109 010A 010B 00E9 00E0 00F2 0020 00BA 00CB 00DF 00B0 00E3 00DE 0097 00EF 009E 00FD 0008 0000
M215.ETC	0	9	04AB7	0015 0002 0108 0109 010A 010B 00E9 00E0 00F2 0020 0105 010C 00E9 00BE 00B0 00CC 00DE 00EA 00E3 00DE 0097 00EF 009E 00FD 0008 0000
M215.ETC	0	10	04AD0	0015 0002 00B6 00B0 00C4 00D8 00AF 00BC 00DE 0052 0041 004D 0096 00DE 0020 0091 00F8 00EF 009E 00FD 0008 0000
M215.ETC	0	11	04AE6	0015 0002 00B6 00B0 00C4 00D8 00AF 00BC 00DE 0052 0041 004D 00E6 00EA 0020 010D 0097 010E 00F0 00E3 00DE 0097 00EF 009E 00FD 0008 0000
M215.ETC	0	12	04B01	0015 0002 010F 0097 00FB 0098 00E9 009C 008E 0110 0086 0020 00EB 00E4 00E2 0111 008F 00E3 0003 009A 009A 00EF 00E3 00DE 00E9 0112 0113 0086 0020 0114 0115 009D 00F9 009A 00E4 0096 00DE 00E3 00DE 0097 00EF 009D 00A1 0003 0114 0115 009C 00EF 009D 0096 003F 0000
M215.ETC	0	13	04B2F	0015 0009 0007 0114 0115 0086 0116 0117 009D 00F9 00E0 00F2 00E6 0031 0037 00E9 0118 0097 0108 0109 0096 00DE 0119 011A 00E3 00DE 009D 00A1 0003 009A 00E9 00EF 00EF 00B9 00DE 00B0 00D1 0086 00BD 00C0 00B0 00C4 009B 009E 00E0 011B 011C 0003 0114 0115 0086 0116 0117 009D 00F9 009A 00E4 0096 00DE 00E3 00DE 0097 00EF 009E 00FD 0005 0003 0112 0113 00E9 0114 0115 0086 0116 0117 009C 00E0 0092 011B 011C 00EA 0003 0116 0117 00C3 00DE 00B0 00C0 011D 0102 011E 011F 00E3 00DE 00C3 00DE 00B0 00C0 0086 0120 0102 009C 00E3 0003 00B9 00DE 00B0 00D1 0086 0121 00BD 00C0 00B0 00C4 009C 00E3 0098 00E0 00DE 009B 0092 00A1 0008 0000
M215.ETC	0	14	04B9B	0015 0002 0009 0007 010D 0097 010E 00F0 00E6 0122 0123 009C 00EF 009C 00E0 0008 0000
M215.ETC	0	15	04BAD	0015 0002 00CA 00DE 00AF 00B8 00B1 00AF 00CC 00DF 00C3 00DE 00B0 00C0 00EA 0091 00F8 00EF 009E 00FD 0000
M215.ETC	0	16	04BC2	0015 0009 0007 0106 0107 0052 0041 004D 00E9 0124 0125 0096 00DE 0020 00E3 00DE 0097 00E3 0092 00EF 009E 00FD 00A1 0003 0116 0117 00C3 00DE 00B0 00C0 011D 0102 011E 011F 00E3 00DE 0020 0126 00E3 00E9 0114 0115 0086 0103 009C 0003 00B9 00DE 00B0 00D1 0086 0020 0121 00BD 00C0 00B0 00C4 009C 00E3 0098 00E0 00DE 009B 0092 00A1 0000
M215.ETC	0	17	04BFC	0015 0009 0007 00B6 00B0 00C4 00D8 00AF 00BC 00DE 0052 0041 004D 00E9 0124 0125 0096 00DE 0020 00E3 00DE 0097 00E3 0092 00EF 009E 00FD 00A1 0003 0116 0117 00C3 00DE 00B0 00C0 011D 0102 011E 011F 00E3 00DE 0020 0126 00E3 00E9 0114 0115 0086 0103 009C 0003 00B9 00DE 00B0 00D1 0086 0020 0121 00BD 00C0 00B0 00C4 009C 00E3 0098 00E0 00DE 009B 0092 00A1 0000
M215.ETC	0	18	04C3A	0015 000E 0086 0127 00E6 0128 00FA 00E0 0004 0000
M215.ETC	0	19	04C46	0015 000A 00EA 0020 00CA 00DE 00C4 00D9 00BF 00B0 00C4 00DE 0086 0129 00E2 0099 00E3 0003 00BC 00AE 00B0 00C4 00BF 00B0 00C4 00DE 0086 0020 012A 012B 00E6 0095 0092 00E0 00A1 0008 0000
M215.ETC	0	20	04C68	0015 012C 0096 00DE 0096 0096 008F 00E3 0092 00F9 0007 0000
M215.ETC	0	21	04C74	009F 00FA 00EA 0020 00B4 00D9 00CC 00E6 012D 00FC 00F9 012E 012F 0130 00A5 00A5 00A5 0003 0097 008F 00E4 0020 000A 00E6 0131 0132 00E2 00EA 009D 00DE 00E0 00DE 0005 0000
M215.ETC	0	22	04C94	009A 00E9 0133 00EA 0020 00B7 00D0 00E6 00EA 00EF 00E0 00DE 0134 0102 00E0 00DE 0003 009F 00FA 0086 0135 008F 00E3 0020 0136 00E6 0137 00F8 00E5 009B 0092 0003 0092 009D 00DE 00FA 0138 0093 0139 00EF 00E3 00DE 00A5 00A5 00A5 009B 00F7 00EA 00DE 00E0 00DE 00A1 0008 0000
M215.ETC	0	23	04CC3	00EF 0091 0020 000A 013A 008F 00E0 00F7 00A5 00A5 00A5 0003 013B 013C 0086 0020 0095 013D 00E6 009B 00FA 00F9 00E5 00FD 00E3 0003 013E 013F 008F 0140 0096 00DE 0020 0095 0091 00F8 00E5 00FD 00E3 00DE 009D 009A 00E4 0021 0008 0000
M215.ETC	0	24	04CEA	0093 00EC 00EC 00A5 00A5 00A5 000A 013A 00EA 0003 0141 0142 00E9 0143 0144 00E6 0020 0095 00E5 00F8 00E6 00E5 008F 00E3 00F3 0003 0096 009B 00DE 00F8 0140 00E9 00E5 0092 0020 0145 0146 00E3 00DE 009D 00E9 00E8 003F 0008 0000
M215.ETC	0	25	04D12	000A 013A 00E9 0020 0095 0147 00FA 00E9 013B 013C 00EA 0003 00E4 00DE 00E1 00F7 00E3 00DE 0020 0129 00E2 0099 00F7 00FA 00E0 00E9 00E3 00DE 009D 003F 0003 0148 00E0 00DE 0096 0020 00E4 008F 00E3 00F3 0140 0149 0096 00DE 0091 00F8 00EF 009D 00FC 00A1 0008 0000
M215.ETC	0	26	04D3E	00BA 00CE 00DD 00A5 00A5 00A5 014A 009C 014B 0099 00DE 00E3 0095 0097 00EF 009D 0096 00DE 0003 014C 014D 00E6 0020 014E 0097 014F 0086 0135 00E1 010E 00F1 009A 00E4 00EA 0003 0096 00E0 0098 0150 009C 00DE 00F7 00FA 00E3 0095 00F8 00EF 009D 0020 00CA 00B2 00A1 0008 0000
M215.ETC	0	27	04D6E	0095 00F4 0020 000A 0151 00E9 0095 013D 00EA 00A5 00A5 00A5 0003 00F3 009C 00F4 0020 013B 013C 00E3 00DE 00EA 0091 00F8 00EF 009E 00E7 0096 00E5 0003 00ED 0094 0094 0020 009F 0093 0092 0093 0020 009C 008D 0152 00E3 00DE 009D 0096 003F 0008 0000
M215.ETC	0	28	04D9A	0091 00FA 00EF 0091 0020 013B 013C 0086 0153 0094 00E3 00E9 0154 014C 00E4 00EA 0003 0092 008F 00E0 0092 0020 00E4 00DE 00E9 00F6 0093 00E5 0155 0156 00E3 00DE 009D 0096 00E5 003F 0003 009A 00FA 00EF 00E0 0020 0157 00FC 008F 00E0 0095 013D 00E0 00DE 009A 00E4 00A5 00A5 00A5 00A1 0008 0000
M215.ETC	0	29	04DCA	0148 00E3 00DE 009D 0096 00A5 00A5 00A5 000A 0151 003F 0003 00F4 00F4 0020 00F3 009C 00F4 0020 009F 00E9 013B 013C 0086 0003 0158 0102 009C 00E3 0098 00FA 00E4 0020 0092 00FC 00FA 00EF 009D 0096 003F 0008 0000
M215.ETC	0	30	04DEE	0095 0159 00EA 0020 0141 0142 00E6 015A 015B 009C 00E0 009A 00E4 00E3 00DE 0003 00E4 00DE 009A 0096 0020 0095 0096 009C 0098 00E5 008F 00E0 00E9 0096 003F 0003 00E0 00DE 008F 00E3 0020 009F 00FA 0020 013B 013C 00E0 00DE 00F6 00E5 0091 00A1 0008 0000
M215.ETC	0	31	04E17	000A 0096 00DE 0020 0112 0113 00E6 015A 00E3 00F9 00E4 015C 0092 00E3 0003 00E4 00DE 00FD 00E5 009A 00E4 0086 0020 00F4 008F 00E3 0098 00F9 0096 00E4 015D 008F 00E0 00F7 0003 00A5 00A5 00A5 013B 013C 0086 0020 009B 0096 00DE 009C 00E3 0098 00F9 009A 00E4 00E4 00EA 0021 0008 0000
M215.ETC	0	32	04E45	0095 00FA 00EA 0020 000A 00E9 015A 015B 00E9 015E 00F7 009E 0086 0003 015F 0160 00E6 0020 00F6 00FB 009A 00FD 00E3 00DE 0092 00E0 00FD 00E0 00DE 0099 00E4 00DE 00A5 00A5 00A5 0003 013B 013C 0086 0153 0094 00F9 0020 0095 0159 0129 00F9 00E4 0020 00B6 00DE 00AF 00B6 00D8 00E0 00DE 00A1 0008 0000
M215.ETC	0	33	04E77	000A 0151 00EA 0020 0141 0142 00E6 00E5 00F7 00FA 00E3 0003 00EF 009D 00EF 009D 0020 00E0 0098 00EF 009C 0098 00E5 008F 00E0 00A5 00A5 00A5 0096 00DE 0003 00CC 00DF 00CC 00DF 00AF 0020 0095 013D 00E6 013B 013C 00E4 00EA 0020 00B9 00AF 00BB 00B8 00E0 00DE 0021 0008 0000
M215.ETC	0	34	04EA5	0021 0020 000A 013A 00EA 0020 00EA 009D 00DE 0096 009C 0098 00E5 0092 00E9 0096 003F 0003 0141 0142 00E0 00F9 0161 0096 00DE 0020 013B 013C 0086 0153 0094 00F9 00E4 00EA 00A5 00A5 00A5 0003 00B5 00C3 00DE 00B6 00DE 00DD 00E9 0141 0142 00F3 0020 0162 00E6 0163 00E1 00E0 00E5 0091 00A1 0008 0000
M215.ETC	0	35	04ED7	000A 013A 00E9 0020 0164 00FB 00E6 0092 00F9 00E9 00EA 0003 013B 013C 00E3 00DE 009D 0099 00E4 00DE 00A5 00A5 00A5 00EA 00EA 0091 00A5 00A5 00A5 0003 0141 0142 00E9 0112 0113 00E4 0020 0165 0166 0096 00DE 0091 00F9 00FD 00E3 00DE 009C 008E 003F 0008 0000
M215.ETC	0	36	04F01	000A 013A 00EA 0020 013B 013C 0086 0167 00FC 00FA 00E0 00E9 003F 0003 00E3 00DE 00F3 0020 00E5 00FD 00E3 0097 00FA 0092 00E5 013B 013C 00E5 00FD 00E3 00DE 009C 008E 0021 0003 009F 00FA 00E6 0020 0140 0149 00E6 0091 00EC 00FA 00E3 0092 00F9 00FC 00F6 00A1 0008 0000
M215.ETC	0	37	04F2E	000A 013A 00E4 0020 013B 013C 00E9 0168 00F8 011C 00FC 009E 003F 0003 00F0 00FD 00E5 00EA 0020 0095 0096 009C 0098 015D 0093 00E3 00DE 009C 008E 0093 0099 00E4 00DE 0003 0169 00EA 00A5 00A5 00A5 009D 009A 00DE 0098 00BD 00C3 00B7 00E0 00DE 00E4 015D 0093 00A1 0008 0000
M215.ETC	0	38	04F5D	0141 0142 00E6 00E5 00F7 00FA 00E0 0020 000A 013A 00E3 00DE 009D 00E8 003F 0003 009F 00FD 00E5 0143 0144 00E9 016A 0096 00DE 0020 0091 00F7 0020 0092 00F4 00E0 00DE 00FC 0091 0003 013B 013C 0096 00DE 0020 0164 0086 00E2 0099 00E3 0097 00E3 0092 00EF 009D 00FC 00F6 00A1 0008 0000
M215.ETC	0	39	04F8D	00ED 008A 008A 0020 00CE 00DD 00C4 00E6 016B 0136 00E0 00DE 00E5 0091 00A5 00A5 00A5 0003 000A 0096 00DE 0020 013B 013C 0086 0153 0094 00E3 016C 0098 00E5 00FD 00E3 0003 0092 00EF 00EF 00E3 00DE 00E9 00B7 00D0 0096 00F7 00EA 0020 016D 0094 00F7 00FA 00E5 0092 00F6 00A1 0008 0000
M215.ETC	0	40	04FBE	0093 0020 0093 00FD 003F 0020 00E5 00FD 00E0 00DE 00BB 00D9 009C 00DE 008C 00E5 0092 0096 0021 0003 015A 015B 00E9 00C1 00AC 00DD 00BD 0086 0020 00E9 0096 00DE 009C 00E0 00CE 00DE 00B8 0086 0003 00E5 0098 00DE 009B 00F2 00E6 0020 0097 00E3 0098 00FA 00E0 00FD 00E0 00DE 00E8 0020 0098 00DE 00B0 00A1 0008 0000
M215.ETC	0	41	04FF3	00EF 0091 0020 0096 00FC 0092 0092 0020 0095 00BB 00D9 009B 00FD 0003 0097 008F 00E4 0020 0095 016E 00E3 00DE 00F3 009D 0092 00E0 00FD 00E3 00DE 009C 008E 003F 0003 00E3 00DE 00F3 016F 0020 00CA 00DE 00C5 00C5 00EA 0135 008F 00E3 0092 00E5 0092 00E9 00A1 0008 0000
M215.ETC	0	42	05021	0091 00F7 00B2 00D4 00E0 00DE 00FC 0020 00BB 00D9 009C 00DE 008C 00E5 0092 00E9 00F6 0003 00BB 00D9 00EA 0020 009D 0098 00DE 00B2 00C0 00BD 00DE 00D7 009D 00F9 0096 00F7 0003 00B7 00D7 00B2 00E5 00E9 00F6 00E8 008A 0020 00BC 00AF 00BC 0020 00BC 00AF 00BC 00A1 0008 0000
M215.ETC	0	43	05053	0095 014C 00E6 0020 0095 00BB 00D9 009B 00FD 0096 00DE 0098 00F9 00E5 00FD 00E3 0003 0097 008F 00E4 0020 00EA 009C 00DE 00F2 00E3 00E9 009A 00E4 009C 00DE 008C 00E5 0092 003F 0003 0099 0092 00EB 00DE 0170 00EA 0020 0148 009C 00E3 00F9 00E9 0096 009C 00F7 0021 0008 0000
M215.ETC	0	44	05082	00BA 00CE 00DD 00A5 00A5 00A5 014A 009C 014B 0099 00DE 00E3 0095 0097 00EF 009D 0096 00DE 0003 00B5 00C3 00DE 00B6 00DE 00DD 014C 00E3 00DE 00EA 0020 014E 0097 014F 00E9 0128 014C 00EA 0003 0096 00E0 0098 0020 0095 0171 00F8 014A 009C 014B 0099 00DE 00E3 0095 00F8 00EF 009D 009F 00DE 00A1 0008 0000
M215.ETC	0	45	050B6	0095 0092 0020 00BB 00D9 0021 0020 00E4 00DE 009A 0096 00F7 0172 00E0 00FD 00E0 00DE 0003 009F 00FD 00E5 0173 00E3 00DE 0020 00C0 00DE 00DD 00BD 0086 009C 00E3 00E5 0092 00E3 00DE 0003 0174 00F1 0096 00F7 0020 014C 0096 00F7 015A 00E3 0175 008F 00E3 0098 00FA 0021 0008 0000
M215.ETC	0	46	050E5	00EE 00EE 0093 0020 009A 00FA 0096 00DE 00D3 00DD 00B7 00B0 00C0 00DE 00DD 00BD 0021 0003 00E1 00EF 00E0 00E9 0020 0176 0161 00E0 00E1 00E9 0091 0092 00E0 00DE 00E3 00DE 00EA 0003 0177 0178 0175 00E9 0020 0095 00E4 00DE 00F8 00E4 015C 0097 00EF 009C 00E0 00A1 0008 0000
M215.ETC	0	47	05115	0091 00F8 008C 0020 009A 00F8 008C 00EF 00E0 00A5 00A5 00A5 00A5 0003 00E3 00DE 008F 0096 0092 00BB 00D9 0096 00DE 0020 00F4 008F 00E3 0097 00E0 009F 00DE 0003 00E4 00DE 0093 00F4 008F 00E3 0020 0158 0102 009D 00F9 00E9 0096 00E5 0091 003F 0008 0000
M215.ETC	0	48	0513F	009A 0092 00E2 0020 00B5 00DA 00E9 0159 00E3 00DE 00C0 00DE 00DD 00BD 00E4 00EA 0021 0003 0127 0179 0086 0132 00E3 00E5 0092 0020 00B5 00DA 00E9 009A 00E4 0086 0003 00CA 00DE 00B6 00E6 009C 00E3 00F9 00F0 00E0 0092 00E3 00DE 0020 0098 00F4 009C 0092 009E 00DE 00A1 0008 0000
M215.ETC	0	49	05170	00C0 00DE 00DD 00BC 00DD 00B8 00DE 0020 00C0 00DE 00DD 00BC 00DD 00B8 00DE 0021 0003 009A 00F8 008C 00EF 00E0 0020 009D 0099 00DE 008A 00D8 00BD 00DE 00D1 017A 00E0 00DE 00E5 0003 00B5 00DA 00F3 0020 00D1 00BD 00DE 00D1 00BD 00DE 009C 00E3 0097 00E0 009E 00DE 0021 0008 0000
M215.ETC	0	50	051A2	0091 0091 0020 00F4 00F2 00FB 008F 0020 00F4 00F2 00E3 0098 00FA 008F 0003 016F 0139 00EA 0020 017B 0096 00F7 017C 0096 00DE 017D 0092 008F 00E3 00E9 00E6 0003 009F 00FD 00E5 00E4 009A 00E3 00DE 0020 00C0 00DE 00DD 00BD 009B 00FA 00E3 00E0 00EF 00F9 0096 0021 0008 0000
M215.ETC	0	51	051D0	014C 017E 017F 00E6 0020 0180 0177 00E5 00BB 00D9 0096 00DE 0172 00F9 00E5 00FD 00E3 0003 0148 0096 00E9 0020 0159 0181 00FA 00E6 00E1 0096 00DE 0092 00E5 0092 00E3 00DE 009D 0003 00A5 00A5 00A5 00E6 009C 00E3 00F3 0020 00C9 00D8 00E9 0092 0092 00BB 00D9 00E0 00DE 0021 0008 0000
M215.ETC	0	52	05200	0091 00F8 008C 00F8 008C 0020 0092 0097 00E5 00F8 00C0 00DE 00DD 00BD 00E4 00EA 0003 0177 0182 00E6 009C 00E3 0020 010A 0183 00E5 00BB 00D9 00E3 00DE 009D 00E8 008A 0003 0092 00E2 00EF 00E3 00DE 0095 00E4 00DE 00F9 0096 0020 0129 00E3 00F6 008F 00E4 0021 0008 0000
M215.ETC	0	53	05230	009A 00FA 00EA 0020 00BB 00D9 00E0 00DE 00F6 00E5 0091 00A5 00A5 00A5 0003 0184 00EF 00E3 00DE 0020 00F4 008F 00E3 00F9 008F 00E3 009A 00E4 00EA 0003 00BB 00B0 00B6 00BD 0096 00F7 0020 00E6 0099 00DE 00E0 00E9 0096 00F3 0021 0008 0000
M215.ETC	0	54	05257	00EF 0091 0020 0096 00FC 0092 0092 0020 0095 00BB 00D9 009B 00FD 00E0 00DE 00FC 0003 00E3 00DE 00F3 00A5 00A5 00A5 0096 00FC 0092 0092 008F 00E3 0092 0093 00E6 00EA 0003 00E1 008E 008F 00E4 0020 0177 0097 009D 0097 00DE 00F9 0140 00F3 009D 00F9 00FC 00A1 0008 0000
M215.ETC	0	55	05284	0097 008C 00B0 008F 0020 00E0 00DE 00FA 0096 00B0 008F 0020 0185 0099 00E3 00B0 008F 0003 00A5 00A5 00A5 008F 00E3 0020 0095 00E4 00DE 00FB 0092 00E3 00F0 00E0 0099 00E4 00DE 0003 00EB 00E0 009D 00F7 0020 0095 00E4 00DE 008F 00E3 0092 00F9 00E0 00DE 0099 00E0 00DE 00FC 00A1 0008 0000
M215.ETC	0	56	052B3	0186 0187 00E9 0157 00FC 00F8 013F 00EA 0020 00E4 00DE 00FD 00E5 014E 0097 014F 00F3 0003 00E0 009C 0096 00E6 0020 0188 0096 00FA 00F9 00F3 00E9 00E0 00DE 0099 00E4 00DE 0003 009A 00FA 00EA 0020 00E1 008E 008F 00E4 0020 0188 0096 00FA 009D 0097 00DE 00F6 00A1 0008 0000
M215.ETC	0	57	052E3	00A5 00A5 00A5 0172 00E3 0098 00FA 00E0 0096 0020 000A 0021 0003 00A5 00A5 00A5 00CE 00DE 00B8 00EA 0020 009A 00DE 00F7 00FD 00E9 0189 00F8 009B 0003 0180 018A 00E9 012E 012F 00E3 00DE 0020 00E0 00E0 0097 00E9 00F2 009B 00FA 00E0 00F6 0005 0000
M215.ETC	0	58	0530C	00CA 00DF 00BF 00DE 00B0 00C4 00F2 00A5 00A5 00A5 0180 018A 00E9 0127 00E9 00EB 00F7 00E3 00DE 0003 009C 00DE 00EF 00FD 009F 0093 00E6 0020 018B 008F 00E3 0092 00F4 0096 00DE 008F 00E0 0021 00A5 00A5 00A5 0008 0000
M215.ETC	0	59	05330	0180 018A 0086 00A5 00A5 00A5 00E4 00DE 0093 00E6 0096 009D 00F9 00E0 00F2 00E6 00EA 0003 00F4 00EA 00F8 0020 00BC 00DE 00DD 0086 018C 018D 009C 00E5 0099 00FA 00EA 00DE 00C0 00DE 00D2 00E0 00DE 0003 00E3 00DE 00E5 0092 00E4 0020 00CA 00DF 00BF 00DE 00B0 00C4 00E6 00F3 0127 0096 00DE 015A 009E 00E5 0092 0005 0000
M215.ETC	0	60	05367	009F 00FA 0096 00DE 00E3 00DE 0097 00F9 00E9 00EA 0020 00B7 00D0 00E0 00DE 0099 00E0 00DE 00A5 00A5 00A5 0003 00F4 008F 00E3 0098 00FA 00F9 00E8 0020 000A 0021 0008 0000
M215.ETC	0	61	05384	0098 009F 00A5 00A5 00A5 00F4 008F 00EA 00DF 00F8 0143 0107 0096 00DE 0093 009A 00DE 0096 00E5 0092 0003 00CE 00DE 00B8 00E6 0096 00EF 00FC 009D 00DE 00A5 00A5 00A5 0175 008F 00E3 0098 00FA 0021 0003 00BC 00DE 00DD 00EA 0020 018E 018F 00E9 00E4 00DE 009A 0096 00E6 0092 00F9 00EA 009D 00DE 00E0 00DE 00A5 00A5 00A5 00A1 0008 0000
M215.ETC	0	62	053BA	009F 0093 0096 0021 0020 00BC 00DE 00DD 0086 018C 018D 009C 00E0 0096 0021 0003 009A 00FA 00E3 00DE 0020 0180 018A 00E9 0190 0191 0086 0098 0092 0192 00F2 00E0 0005 0000
M215.ETC	0	63	053D9	00F6 0093 009C 0020 0193 00F9 00EA 00CA 00DF 00BF 00DE 00B0 00C4 00EB 00E4 00F8 00E0 00DE 0003 0180 018A 00E9 012E 012F 00E6 009B 0094 0020 00BC 00DE 00AC 00CF 009B 00FA 00E5 0099 00FA 00EA 00DE 0003 00D4 00C2 0086 0194 009D 0020 0195 0196 00E9 00C1 00AC 00DD 00BD 00E0 00DE 00A5 00A5 00A5 0005 0000
M215.ETC	0	64	05411	009A 00FD 00E5 0197 00E6 0020 0198 0099 00E5 0092 00E5 00FD 00E3 00A5 00A5 00A5 0003 009C 0096 009C 0020 00CA 00DF 00BF 00DE 00B0 00C4 0086 0199 0096 00DE 009C 00E3 00EA 00C0 00DE 00D2 00E0 00DE 0003 0174 00F1 009F 00DE 000A 0020 00D4 00C2 0086 0194 009C 00E3 0098 00FA 0021 0008 0000
M215.ETC	0	65	05443	0098 00DE 00FC 0091 0091 0091 0091 00A5 00A5 00A5 00A5 00A5 00A5 00A1 0008 0000
M215.ETC	0	66	05450	000A 0096 00DE 00A5 00A5 00A5 019A 008F 00E0 00E9 0096 00A5 00A5 00A5 0003 0091 00E9 00A5 00A5 00A5 019B 00FB 009C 0092 00CA 00DF 00BF 00DE 00B0 00C4 00E6 003F 0008 0000
M215.ETC	0	67	0546C	0169 00E9 019C 0099 00E0 00DE 00F6 0020 000A 00A5 00A5 00A5 0003 00B5 00C3 00DE 00B6 00DE 00DD 00E9 019D 0161 00E9 019E 019F 00E4 0092 0093 01A0 010D 0097 00EA 0003 00C0 00DE 00C3 009C 00DE 008C 00E5 0096 008F 00E0 00A5 00A5 00A5 00E4 0092 0093 009A 00E4 00E0 00DE 00A1 0008 0000
M215.ETC	0	68	0549D	00F4 008F 00EA 00DF 00F8 00A5 00A5 00A5 019A 008F 00E0 00FD 00E0 00DE 00A5 00A5 00A5 00A1 0008 0000
M215.ETC	0	69	054AE	00F3 0093 009D 0098 00DE 0169 00EA 0020 012E 01A1 00E6 0092 0098 00E0 00DE 00FB 0093 00A5 00A5 00A5 0003 01A2 01A3 00E9 00B5 00AF 00C4 00DE 00A5 00A5 00A5 00B1 00B2 00E4 01A4 009C 00DE 00F6 0093 00E6 0003 00E4 00DE 00FD 00E5 0173 0096 00A5 00A5 00A5 01A5 009C 00F0 00E0 00DE 0020 0093 0098 00DE 0098 00DE 00A1 0008 0000
M215.ETC	0	70	054E4	00A5 00A5 00A5 0091 00E9 01A6 0092 00E6 00CA 00DF 00BF 00DE 00B0 00C4 0096 00DE 0092 00E0 00F7 0003 00CA 00DF 00D9 00D2 00B7 00B1 01A6 01A7 00E9 0020 01A8 01A9 00EA 01AA 00E0 00DE 008F 00E0 0003 01AB 0096 00DE 0020 00FC 00FA 00FC 00FA 00E6 0152 016A 009C 00E0 00FD 00E0 00DE 00A5 00A5 00A5 00A1 0008 0000
M215.ETC	0	71	05519	00B8 00AF 00B8 00AF 00B8 00AF 0020 009C 0096 009C 0020 01AC 018A 00E3 00DE 00EA 00E5 0092 0003 000A 00F6 0020 0095 0159 00F3 0092 008F 009C 008E 00E6 00E0 00DE 0003 0095 0159 00F3 0020 01AD 0147 00FA 00E0 00DE 009F 00DE 0020 00E7 00FC 0091 0091 0091 00B0 008F 0021 0008 0000
M215.ETC	0	72	05549	00E5 00E6 0021 0020 000A 00A5 00A5 00A5 00A1 0008 0000
M215.ETC	0	73	05553	000A 00A5 00A5 00A5 0021 0008 0000
M215.ETC	0	74	0555A	009F 0093 00E0 00DE 00A5 00A5 00A5 000A 00EA 0092 008F 00E0 0092 003F 0008 0000
M221.ETC	0	0	04326	00B9 00DE 00B0 00D1 0086 0020 00E1 008D 0093 00E0 00DE 00FD 009C 00EF 009D 0003 00F6 00FB 009C 0092 00E3 00DE 009D 0096 003F 0000
M221.ETC	0	1	0433D	0015 0002 00C3 00DE 00B0 00C0 0086 0100 00FD 00E3 00DE 0098 00E0 00DE 009B 0092 0000
M221.ETC	0	2	0434D	0015 0002 0101 0102 0086 0100 00FD 00E3 00DE 0098 00E0 00DE 009B 0092 0000
M221.ETC	0	3	0435D	0015 0002 00CA 00DE 00AF 00B8 00B1 00AF 00CC 00DF 0052 0041 004D 0086 0100 00FD 00E3 00DE 0098 00E0 00DE 009B 0092 0000
M221.ETC	0	4	04375	0015 0002 009A 00E9 00C3 00DE 00B0 00C0 0086 0020 0103 009C 00E3 00F6 00FB 009C 0092 00E3 00DE 009D 0096 003F 0000
M221.ETC	0	5	0438A	0015 0002 009A 00E9 00C3 00DE 00B0 00C0 0086 0020 0104 0105 009C 00EF 009D 0096 003F 0000
M221.ETC	0	6	0439B	0015 0002 0106 0107 0052 0041 004D 00E9 0108 0109 0096 00DE 0020 010A 010B 009C 00E3 0092 00EF 009D 0008 0000
M221.ETC	0	7	043AF	0015 0002 00B6 00B0 00C4 00D8 00AF 00BC 00DE 0052 0041 004D 00E9 0108 0109 0096 00DE 0020 010A 010B 009C 00E3 0092 00EF 009D 0008 0000
M221.ETC	0	8	043C8	0015 0002 0108 0109 010A 010B 00E9 00E0 00F2 0020 00BA 00CB 00DF 00B0 00E3 00DE 0097 00EF 009E 00FD 0008 0000
M221.ETC	0	9	043DD	0015 0002 0108 0109 010A 010B 00E9 00E0 00F2 0020 0105 010C 00E9 00BE 00B0 00CC 00DE 00EA 00E3 00DE 0097 00EF 009E 00FD 0008 0000
M221.ETC	0	10	043F5	0015 0002 00B6 00B0 00C4 00D8 00AF 00BC 00DE 0052 0041 004D 0096 00DE 0020 0091 00F8 00EF 009E 00FD 0008 0000
M221.ETC	0	11	0440A	0015 0002 00B6 00B0 00C4 00D8 00AF 00BC 00DE 0052 0041 004D 00E6 00EA 0020 010D 0097 010E 00F0 00E3 00DE 0097 00EF 009E 00FD 0008 0000
M221.ETC	0	12	04424	0015 0002 010F 0097 00FB 0098 00E9 009C 008E 0110 0086 0020 00EB 00E4 00E2 0111 008F 00E3 0003 009A 009A 00EF 00E3 00DE 00E9 0112 0113 0086 0020 0114 0115 009D 00F9 009A 00E4 0096 00DE 00E3 00DE 0097 00EF 009D 00A1 0003 0114 0115 009C 00EF 009D 0096 003F 0000
M221.ETC	0	13	04450	0015 0009 0007 0114 0115 0086 0116 0117 009D 00F9 00E0 00F2 00E6 0031 0037 00E9 0118 0097 0108 0109 0096 00DE 0119 011A 00E3 00DE 009D 00A1 0003 009A 00E9 00EF 00EF 00B9 00DE 00B0 00D1 0086 00BD 00C0 00B0 00C4 009B 009E 00E0 011B 011C 0003 0114 0115 0086 0116 0117 009D 00F9 009A 00E4 0096 00DE 00E3 00DE 0097 00EF 009E 00FD 0005 0003 0112 0113 00E9 0114 0115 0086 0116 0117 009C 00E0 0092 011B 011C 00EA 0003 0116 0117 00C3 00DE 00B0 00C0 011D 0102 011E 011F 00E3 00DE 00C3 00DE 00B0 00C0 0086 0120 0102 009C 00E3 0003 00B9 00DE 00B0 00D1 0086 0121 00BD 00C0 00B0 00C4 009C 00E3 0098 00E0 00DE 009B 0092 00A1 0008 0000
M221.ETC	0	14	044BA	0015 0002 0009 0007 010D 0097 010E 00F0 00E6 0122 0123 009C 00EF 009C 00E0 0008 0000
M221.ETC	0	15	044CC	0015 0002 00CA 00DE 00AF 00B8 00B1 00AF 00CC 00DF 00C3 00DE 00B0 00C0 00EA 0091 00F8 00EF 009E 00FD 0000
M221.ETC	0	16	044E1	0015 0009 0007 0106 0107 0052 0041 004D 00E9 0124 0125 0096 00DE 0020 00E3 00DE 0097 00E3 0092 00EF 009E 00FD 00A1 0003 0116 0117 00C3 00DE 00B0 00C0 011D 0102 011E 011F 00E3 00DE 0020 0126 00E3 00E9 0114 0115 0086 0103 009C 0003 00B9 00DE 00B0 00D1 0086 0020 0121 00BD 00C0 00B0 00C4 009C 00E3 0098 00E0 00DE 009B 0092 00A1 0000
M221.ETC	0	17	04519	0015 0009 0007 00B6 00B0 00C4 00D8 00AF 00BC 00DE 0052 0041 004D 00E9 0124 0125 0096 00DE 0020 00E3 00DE 0097 00E3 0092 00EF 009E 00FD 00A1 0003 0116 0117 00C3 00DE 00B0 00C0 011D 0102 011E 011F 00E3 00DE 0020 0126 00E3 00E9 0114 0115 0086 0103 009C 0003 00B9 00DE 00B0 00D1 0086 0020 0121 00BD 00C0 00B0 00C4 009C 00E3 0098 00E0 00DE 009B 0092 00A1 0000
M221.ETC	0	18	04556	0015 000E 0086 0127 00E6 0128 00FA 00E0 0004 0000
M221.ETC	0	19	04562	0015 000A 00EA 0020 00CA 00DE 00C4 00D9 00BF 00B0 00C4 00DE 0086 0129 00E2 0099 00E3 0003 00BC 00AE 00B0 00C4 00BF 00B0 00C4 00DE 0086 0020 012A 012B 00E6 0095 0092 00E0 00A1 0008 0000
M221.ETC	0	20	04584	0015 012C 0096 00DE 0096 0096 008F 00E3 0092 00F9 0008 0000
M221.ETC	0	21	0458F	009F 00FA 00EA 0020 0020 00B4 00D9 00CC 00E6 012D 00FC 00F9 012E 012F 0130 00A5 00A5 00A5 0003 0097 008F 00E4 0020 0020 000A 00E6 0131 0132 00E2 00EA 009D 00DE 00E0 00DE 0005 0000
M221.ETC	0	22	045B0	009A 00E9 0133 00EA 0020 0020 00B7 00D0 00E6 00EA 00EF 00E0 00DE 0134 0102 00E0 00DE 0003 009F 00FA 0086 0135 008F 00E3 0020 0020 0136 00E6 0137 00F8 00E5 009B 0092 0003 0092 009D 00DE 00FA 0138 0093 0139 00EF 00E3 00DE 00A5 00A5 00A5 009B 00F7 00EA 00DE 00E0 00DE 00A1 0008 0000
M221.ETC	0	23	045DF	00EF 0091 0020 000A 013A 008F 00E0 00F7 00A5 00A5 00A5 0003 013B 013C 0086 0020 0095 013D 00E6 009B 00FA 00F9 00E5 00FD 00E3 0003 013E 013F 008F 0140 0096 00DE 0020 0095 0091 00F8 00E5 00FD 00E3 00DE 009D 009A 00E4 0021 0008 0000
M221.ETC	0	24	04605	0093 00EC 00EC 00A5 00A5 00A5 000A 013A 00EA 0003 0141 0142 00E9 0143 0144 00E6 0020 0095 00E5 00F8 00E6 00E5 008F 00E3 00F3 0003 0096 009B 00DE 00F8 0140 00E9 00E5 0092 0020 0145 0146 00E3 00DE 009D 00E9 00E8 003F 0008 0000
M221.ETC	0	25	0462C	000A 013A 00E9 0020 0095 0147 00FA 00E9 013B 013C 00EA 0003 00E4 00DE 00E1 00F7 00E3 00DE 0020 0129 00E2 0099 00F7 00FA 00E0 00E9 00E3 00DE 009D 003F 0003 0148 00E0 00DE 0096 0020 00E4 008F 00E3 00F3 0140 0149 0096 00DE 0091 00F8 00EF 009D 00FC 00A1 0008 0000
M221.ETC	0	26	04657	00BA 00CE 00DD 00A5 00A5 00A5 014A 009C 014B 0099 00DE 00E3 0095 0097 00EF 009D 0096 00DE 0003 014C 014D 00E6 0020 014E 0097 014F 0086 0135 00E1 010E 00F1 009A 00E4 00EA 0003 0096 00E0 0098 0150 009C 00DE 00F7 00FA 00E3 0095 00F8 00EF 009D 0020 00CA 00B2 00A1 0008 0000
M221.ETC	0	27	04687	0095 00F4 0020 000A 0151 00E9 0095 013D 00EA 00A5 00A5 00A5 0003 00F3 009C 00F4 0020 013B 013C 00E3 00DE 00EA 0091 00F8 00EF 009E 00E7 0096 00E5 0003 00ED 0094 0094 0020 009F 0093 0092 0093 0020 009C 008D 0152 00E3 00DE 009D 0096 003F 0008 0000
M221.ETC	0	28	046B2	0091 00FA 00EF 0091 0020 013B 013C 0086 0153 0094 00E3 00E9 0154 014C 00E4 00EA 0003 0092 008F 00E0 0092 0020 00E4 00DE 00E9 00F6 0093 00E5 0155 0156 00E3 00DE 009D 0096 00E5 003F 0003 009A 00FA 00EF 00E0 0020 0157 00FC 008F 00E0 0095 013D 00E0 00DE 009A 00E4 00A5 00A5 00A5 00A1 0008 0000
M221.ETC	0	29	046E2	0148 00E3 00DE 009D 0096 00A5 00A5 00A5 000A 0151 003F 0003 00F4 00F4 0020 00F3 009C 00F4 0020 009F 00E9 013B 013C 0086 0003 0158 0102 009C 00E3 0098 00FA 00E4 0020 0092 00FC 00FA 00EF 009D 0096 003F 0008 0000
M221.ETC	0	30	04706	0095 0159 00EA 0020 0141 0142 00E6 015A 015B 009C 00E0 009A 00E4 00E3 00DE 0003 00E4 00DE 009A 0096 0020 0095 0096 009C 0098 00E5 008F 00E0 00E9 0096 003F 0003 00E0 00DE 008F 00E3 0020 009F 00FA 0020 013B 013C 00E0 00DE 00F6 00E5 0091 00A1 0008 0000
M221.ETC	0	31	0472F	000A 0096 00DE 0020 0112 0113 00E6 015A 00E3 00F9 00E4 015C 0092 00E3 0003 00E4 00DE 00FD 00E5 009A 00E4 0086 0020 00F4 008F 00E3 0098 00F9 0096 00E4 015D 008F 00E0 00F7 0003 00A5 00A5 00A5 013B 013C 0086 0020 009B 0096 00DE 009C 00E3 0098 00F9 009A 00E4 00E4 00EA 0021 0008 0000
M221.ETC	0	32	0475D	0095 00FA 00EA 0020 000A 00E9 015A 015B 00E9 015E 00F7 009E 0086 0003 015F 0160 00E6 0020 00F6 00FB 009A 00FD 00E3 00DE 0092 00E0 00FD 00E0 00DE 0099 00E4 00DE 00A5 00A5 00A5 0003 013B 013C 0086 0153 0094 00F9 0020 0095 0159 0129 00F9 00E4 0020 00B6 00DE 00AF 00B6 00D8 00E0 00DE 00A1 0008 0000
M221.ETC	0	33	0478F	000A 0151 00EA 0020 0141 0142 00E6 00E5 00F7 00FA 00E3 0003 00EF 009D 00EF 009D 0020 00E0 0098 00EF 009C 0098 00E5 008F 00E0 00A5 00A5 00A5 0096 00DE 0003 00CC 00DF 00CC 00DF 00AF 0020 0095 013D 00E6 013B 013C 00E4 00EA 0020 00B9 00AF 00BB 00B8 00E0 00DE 0021 0008 0000
M221.ETC	0	34	047BE	0021 0020 0020 000A 013A 00EA 0020 00EA 009D 00DE 0096 009C 0098 00E5 0092 00E9 0096 003F 0003 0141 0142 00E0 00F9 0161 0096 00DE 0020 013B 013C 0086 0153 0094 00F9 00E4 00EA 00A5 00A5 00A5 0003 00B5 00C3 00DE 00B6 00DE 00DD 00E9 0141 0142 00F3 0020 0162 00E6 0163 00E1 00E0 00E5 0091 00A1 0008 0000
M221.ETC	0	35	047F0	000A 013A 00E9 0020 0164 00FB 00E6 0092 00F9 00E9 00EA 0003 013B 013C 00E3 00DE 009D 0099 00E4 00DE 00A5 00A5 00A5 00EA 00EA 0091 00A5 00A5 00A5 0003 0141 0142 00E9 0112 0113 00E4 0020 0165 0166 0096 00DE 0091 00F9 00FD 00E3 00DE 009C 008E 003F 0008 0000
M221.ETC	0	36	0481A	000A 013A 00EA 0020 013B 013C 0086 0167 00FC 00FA 00E0 00E9 003F 0003 00E3 00DE 00F3 0020 00E5 00FD 00E3 0097 00FA 0092 00E5 013B 013C 00E5 00FD 00E3 00DE 009C 008E 0021 0003 009F 00FA 00E6 0020 0140 0149 00E6 0091 00EC 00FA 00E3 0092 00F9 00FC 00F6 00A1 0008 0000
M221.ETC	0	37	04847	000A 013A 00E4 0020 013B 013C 00E9 0168 00F8 011C 00FC 009E 003F 0003 00F0 00FD 00E5 00EA 0020 0095 0096 009C 0098 015D 0093 00E3 00DE 009C 008E 0093 0099 00E4 00DE 0003 0169 00EA 00A5 00A5 00A5 009D 009A 00DE 0098 00BD 00C3 00B7 00E0 00DE 00E4 015D 0093 00A1 0008 0000
M221.ETC	0	38	04876	0141 0142 00E6 00E5 00F7 00FA 00E0 0020 000A 013A 00E3 00DE 009D 00E8 003F 0003 009F 00FD 00E5 0143 0144 00E9 016A 0096 00DE 0020 0091 00F7 0020 0092 00F4 00E0 00DE 00FC 0091 0003 013B 013C 0096 00DE 0020 0164 0086 00E2 0099 00E3 0097 00E3 0092 00EF 009D 00FC 00F6 00A1 0008 0000
M221.ETC	0	39	048A5	00ED 008A 008A 0020 00CE 00DD 00C4 00E6 016B 0136 00E0 00DE 00E5 0091 00A5 00A5 00A5 0003 000A 0096 00DE 0020 013B 013C 0086 0153 0094 00E3 016C 0098 00E5 00FD 00E3 0003 0092 00EF 00EF 00E3 00DE 00E9 00B7 00D0 0096 00F7 00EA 0020 016D 0094 00F7 00FA 00E5 0092 00F6 00A1 0008 0000
M221.ETC	0	40	048D6	0093 0020 0093 00FD 003F 0020 00E5 00FD 00E0 00DE 00BB 00D9 009C 00DE 008C 00E5 0092 0096 0021 0003 015A 015B 00E9 00C1 00AC 00DD 00BD 0086 0020 00E9 0096 00DE 009C 00E0 00CE 00DE 00B8 0086 0003 00E5 0098 00DE 009B 00F2 00E6 0020 0097 00E3 0098 00FA 00E0 00FD 00E0 00DE 00E8 0020 0098 00DE 00B0 00A1 0008 0000
M221.ETC	0	41	0490B	00EF 0091 0020 0096 00FC 0092 0092 0020 0095 00BB 00D9 009B 00FD 0003 0097 008F 00E4 0020 0095 016E 00E3 00DE 00F3 009D 0092 00E0 00FD 00E3 00DE 009C 008E 003F 0003 00E3 00DE 00F3 016F 0020 00CA 00DE 00C5 00C5 00EA 0135 008F 00E3 0092 00E5 0092 00E9 00A1 0008 0000
M221.ETC	0	42	04938	0091 00F7 00B2 00D4 00E0 00DE 00FC 0020 00BB 00D9 009C 00DE 008C 00E5 0092 00E9 00F6 0003 00BB 00D9 00EA 0020 009D 0098 00DE 00B2 00C0 00BD 00DE 00D7 009D 00F9 0096 00F7 0003 00B7 00D7 00B2 00E5 00E9 00F6 00E8 008A 0020 00BC 00AF 00BC 0020 00BC 00AF 00BC 00A1 0008 0000
M221.ETC	0	43	0496A	0095 014C 00E6 0020 0095 00BB 00D9 009B 00FD 0096 00DE 0098 00F9 00E5 00FD 00E3 0003 0097 008F 00E4 0020 00EA 009C 00DE 00F2 00E3 00E9 009A 00E4 009C 00DE 008C 00E5 0092 003F 0003 0099 0092 00EB 00DE 0170 00EA 0020 0148 009C 00E3 00F9 00E9 0096 009C 00F7 0021 0008 0000
M221.ETC	0	44	04998	00BA 00CE 00DD 00A5 00A5 00A5 014A 009C 014B 0099 00DE 00E3 0095 0097 00EF 009D 0096 00DE 0003 00B5 00C3 00DE 00B6 00DE 00DD 014C 00E3 00DE 00EA 0020 014E 0097 014F 00E9 0128 014C 00EA 0003 0096 00E0 0098 0020 0095 0171 00F8 014A 009C 014B 0099 00DE 00E3 0095 00F8 00EF 009D 009F 00DE 00A1 0008 0000
M221.ETC	0	45	049CB	0095 0092 0020 00BB 00D9 0021 0020 00E4 00DE 009A 0096 00F7 0172 00E0 00FD 00E0 00DE 0003 009F 00FD 00E5 0173 00E3 00DE 0020 00C0 00DE 00DD 00BD 0086 009C 00E3 00E5 0092 00E3 00DE 0003 0174 00F1 0096 00F7 0020 014C 0096 00F7 015A 00E3 0175 008F 00E3 0098 00FA 0021 0008 0000
M221.ETC	0	46	049F9	00EE 00EE 0093 0020 009A 00FA 0096 00DE 00D3 00DD 00B7 00B0 00C0 00DE 00DD 00BD 0021 0003 00E1 00EF 00E0 00E9 0020 0176 0161 00E0 00E1 00E9 0091 0092 00E0 00DE 00E3 00DE 00EA 0003 0177 0178 0175 00E9 0020 0095 00E4 00DE 00F8 00E4 015C 0097 00EF 009C 00E0 00A1 0008 0000
M221.ETC	0	47	04A28	0091 00F8 008C 0020 009A 00F8 008C 00EF 00E0 00A5 00A5 00A5 00A5 0003 00E3 00DE 008F 0096 0092 00BB 00D9 0096 00DE 0020 00F4 008F 00E3 0097 00E0 009F 00DE 0003 00E4 00DE 0093 00F4 008F 00E3 0020 0158 0102 009D 00F9 00E9 0096 00E5 0091 003F 0008 0000
M221.ETC	0	48	04A51	009A 0092 00E2 0020 00B5 00DA 00E9 0159 00E3 00DE 00C0 00DE 00DD 00BD 00E4 00EA 0021 0003 0127 0179 0086 0132 00E3 00E5 0092 0020 00B5 00DA 00E9 009A 00E4 0086 0003 00CA 00DE 00B6 00E6 009C 00E3 00F9 00F0 00E0 0092 00E3 00DE 0020 0098 00F4 009C 0092 009E 00DE 00A1 0008 0000
M221.ETC	0	49	04A81	00C0 00DE 00DD 00BC 00DD 00B8 00DE 0020 00C0 00DE 00DD 00BC 00DD 00B8 00DE 0021 0003 009A 00F8 008C 00EF 00E0 0020 009D 0099 00DE 008A 00D8 00BD 00DE 00D1 017A 00E0 00DE 00E5 0003 00B5 00DA 00F3 0020 00D1 00BD 00DE 00D1 00BD 00DE 009C 00E3 0097 00E0 009E 00DE 0021 0008 0000
M221.ETC	0	50	04AB2	0091 0091 0020 00F4 00F2 00FB 008F 0020 00F4 00F2 00E3 0098 00FA 008F 0003 016F 0139 00EA 0020 017B 0096 00F7 017C 0096 00DE 017D 0092 008F 00E3 00E9 00E6 0003 009F 00FD 00E5 00E4 009A 00E3 00DE 0020 00C0 00DE 00DD 00BD 009B 00FA 00E3 00E0 00EF 00F9 0096 0021 0008 0000
M221.ETC	0	51	04AE0	014C 017E 017F 00E6 0020 0180 0177 00E5 00BB 00D9 0096 00DE 0172 00F9 00E5 00FD 00E3 0003 0148 0096 00E9 0020 0159 0181 00FA 00E6 00E1 0096 00DE 0092 00E5 0092 00E3 00DE 009D 0003 00A5 00A5 00A5 00E6 009C 00E3 00F3 0020 00C9 00D8 00E9 0092 0092 00BB 00D9 00E0 00DE 0021 0008 0000
M221.ETC	0	52	04B10	0091 00F8 008C 00F8 008C 0020 0092 0097 00E5 00F8 00C0 00DE 00DD 00BD 00E4 00EA 0003 0177 0182 00E6 009C 00E3 0020 010A 0183 00E5 00BB 00D9 00E3 00DE 009D 00E8 008A 0003 0092 00E2 00EF 00E3 00DE 0095 00E4 00DE 00F9 0096 0020 0129 00E3 00F6 008F 00E4 0021 0008 0000
M221.ETC	0	53	04B3E	009A 00FA 00EA 0020 00BB 00D9 00E0 00DE 00F6 00E5 0091 00A5 00A5 00A5 0003 0184 00EF 00E3 00DE 0020 00F4 008F 00E3 00F9 008F 00E3 009A 00E4 00EA 0003 00BB 00B0 00B6 00BD 0096 00F7 0020 00E6 0099 00DE 00E0 00E9 0096 00F3 0021 0008 0000
M221.ETC	0	54	04B65	00EF 0091 0020 0096 00FC 0092 0092 0020 0095 00BB 00D9 009B 00FD 00E0 00DE 00FC 0003 00E3 00DE 00F3 00A5 00A5 00A5 0096 00FC 0092 0092 008F 00E3 0092 0093 00E6 00EA 0003 00E1 008E 008F 00E4 0020 0177 0097 009D 0097 00DE 00F9 0140 00F3 009D 00F9 00FC 00A1 0008 0000
M221.ETC	0	55	04B91	0097 008C 00B0 008F 0020 00E0 00DE 00FA 0096 00B0 008F 0020 0185 0099 00E3 00B0 008F 0003 00A5 00A5 00A5 008F 00E3 0020 0095 00E4 00DE 00FB 0092 00E3 00F0 00E0 0099 00E4 00DE 0003 00EB 00E0 009D 00F7 0020 0095 00E4 00DE 008F 00E3 0092 00F9 00E0 00DE 0099 00E0 00DE 00FC 00A1 0008 0000
M221.ETC	0	56	04BC0	0186 0187 00E9 0157 00FC 00F8 013F 00EA 0020 00E4 00DE 00FD 00E5 014E 0097 014F 00F3 0003 00E0 009C 0096 00E6 0020 0188 0096 00FA 00F9 00F3 00E9 00E0 00DE 0099 00E4 00DE 0003 009A 00FA 00EA 0020 00E1 008E 008F 00E4 0020 0188 0096 00FA 009D 0097 00DE 00F6 00A1 0008 0000
M231.ETC	0	0	049E7	00B9 00DE 00B0 00D1 0086 0020 00E1 008D 0093 00E0 00DE 00FD 009C 00EF 009D 0003 00F6 00FB 009C 0092 00E3 00DE 009D 0096 003F 0000
M231.ETC	0	1	049FE	0015 0002 00C3 00DE 00B0 00C0 0086 0100 00FD 00E3 00DE 0098 00E0 00DE 009B 0092 0000
M231.ETC	0	2	04A0E	0015 0002 0101 0102 0086 0100 00FD 00E3 00DE 0098 00E0 00DE 009B 0092 0000
M231.ETC	0	3	04A1E	0015 0002 00CA 00DE 00AF 00B8 00B1 00AF 00CC 00DF 0052 0041 004D 0086 0100 00FD 00E3 00DE 0098 00E0 00DE 009B 0092 0000
M231.ETC	0	4	04A37	0015 0002 009A 00E9 00C3 00DE 00B0 00C0 0086 0020 0103 009C 00E3 00F6 00FB 009C 0092 00E3 00DE 009D 0096 003F 0000
M231.ETC	0	5	04A4C	0015 0002 009A 00E9 00C3 00DE 00B0 00C0 0086 0020 0104 0105 009C 00EF 009D 0096 003F 0000
M231.ETC	0	6	04A5D	0015 0002 0106 0107 0052 0041 004D 00E9 0108 0109 0096 00DE 0020 010A 010B 009C 00E3 0092 00EF 009D 0008 0000
M231.ETC	0	7	04A72	0015 0002 00B6 00B0 00C4 00D8 00AF 00BC 00DE 0052 0041 004D 00E9 0108 0109 0096 00DE 0020 010A 010B 009C 00E3 0092 00EF 009D 0008 0000
M231.ETC	0	8	04A8C	0015 0002 0108 0109 010A 010B 00E9 00E0 00F2 0020 00BA 00CB 00DF 00B0 00E3 00DE 0097 00EF 009E 00FD 0008 0000
M231.ETC	0	9	04AA2	0015 0002 0108 0109 010A 010B 00E9 00E0 00F2 0020 0105 010C 00E9 00BE 00B0 00CC 00DE 00EA 00E3 00DE 0097 00EF 009E 00FD 0008 0000
M231.ETC	0	10	04ABB	0015 0002 00B6 00B0 00C4 00D8 00AF 00BC 00DE 0052 0041 004D 0096 00DE 0020 0091 00F8 00EF 009E 00FD 0008 0000
M231.ETC	0	11	04AD1	0015 0002 00B6 00B0 00C4 00D8 00AF 00BC 00DE 0052 0041 004D 00E6 00EA 0020 010D 0097 010E 00F0 00E3 00DE 0097 00EF 009E 00FD 0008 0000
M231.ETC	0	12	04AEC	0015 0002 010F 0097 00FB 0098 00E9 009C 008E 0110 0086 0020 00EB 00E4 00E2 0111 008F 00E3 0003 009A 009A 00EF 00E3 00DE 00E9 0112 0113 0086 0020 0114 0115 009D 00F9 009A 00E4 0096 00DE 00E3 00DE 0097 00EF 009D 00A1 0003 0114 0115 009C 00EF 009D 0096 003F 0000
M231.ETC	0	13	04B19	0015 0009 0007 0114 0115 0086 0116 0117 009D 00F9 00E0 00F2 00E6 0031 0037 00E9 0118 0097 0108 0109 0096 00DE 0119 011A 00E3 00DE 009D 00A1 0003 009A 00E9 00EF 00EF 00B9 00DE 00B0 00D1 0086 00BD 00C0 00B0 00C4 009B 009E 00E0 011B 011C 0003 0114 0115 0086 0116 0117 009D 00F9 009A 00E4 0096 00DE 00E3 00DE 0097 00EF 009E 00FD 0005 0003 0112 0113 00E9 0114 0115 0086 0116 0117 009C 00E0 0092 011B 011C 00EA 0003 0116 0117 00C3 00DE 00B0 00C0 011D 0102 011E 011F 00E3 00DE 00C3 00DE 00B0 00C0 0086 0120 0102 009C 00E3 0003 00B9 00DE 00B0 00D1 0086 0121 00BD 00C0 00B0 00C4 009C 00E3 0098 00E0 00DE 009B 0092 00A1 0008 0000
M231.ETC	0	14	04B88	0015 0002 0009 0007 010D 0097 010E 00F0 00E6 0122 0123 009C 00EF 009C 00E0 0008 0000
M231.ETC	0	15	04B9A	0015 0002 00CA 00DE 00AF 00B8 00B1 00AF 00CC 00DF 00C3 00DE 00B0 00C0 00EA 0091 00F8 00EF 009E 00FD 0000
M231.ETC	0	16	04BAF	0015 0009 0007 0106 0107 0052 0041 004D 00E9 0124 0125 0096 00DE 0020 00E3 00DE 0097 00E3 0092 00EF 009E 00FD 00A1 0003 0116 0117 00C3 00DE 00B0 00C0 011D 0102 011E 011F 00E3 00DE 0020 0126 00E3 00E9 0114 0115 0086 0103 009C 0003 00B9 00DE 00B0 00D1 0086 0020 0121 00BD 00C0 00B0 00C4 009C 00E3 0098 00E0 00DE 009B 0092 00A1 0000
M231.ETC	0	17	04BEA	0015 0009 0007 00B6 00B0 00C4 00D8 00AF 00BC 00DE 0052 0041 004D 00E9 0124 0125 0096 00DE 0020 00E3 00DE 0097 00E3 0092 00EF 009E 00FD 00A1 0003 0116 0117 00C3 00DE 00B0 00C0 011D 0102 011E 011F 00E3 00DE 0020 0126 00E3 00E9 0114 0115 0086 0103 009C 0003 00B9 00DE 00B0 00D1 0086 0020 0121 00BD 00C0 00B0 00C4 009C 00E3 0098 00E0 00DE 009B 0092 00A1 0000
M231.ETC	0	18	04C2A	0015 000E 0086 0127 00E6 0128 00FA 00E0 0004 0000
M231.ETC	0	19	04C36	0015 000A 00EA 0020 00CA 00DE 00C4 00D9 00BF 00B0 00C4 00DE 0086 0129 00E2 0099 00E3 0003 00BC 00AE 00B0 00C4 00BF 00B0 00C4 00DE 0086 0020 012A 012B 00E6 0095 0092 00E0 00A1 0008 0000
M231.ETC	0	20	04C5A	0015 012C 0096 00DE 0096 0096 008F 00E3 0092 00F9 0007 0000
M231.ETC	0	21	04C66	009F 00FA 00EA 0020 00B4 00D9 00CC 00E6 012D 00FC 00F9 012E 012F 0130 00A5 00A5 00A5 0003 0097 008F 00E4 0020 000A 00E6 0131 0132 00E2 00EA 009D 00DE 00E0 00DE 0005 0000
M231.ETC	0	22	04C87	009A 00E9 0133 00EA 0020 00B7 00D0 00E6 00EA 00EF 00E0 00DE 0134 0102 00E0 00DE 0003 009F 00FA 0086 0135 008F 00E3 0020 0136 00E6 0137 00F8 00E5 009B 0092 0003 0092 009D 00DE 00FA 0138 0093 0139 00EF 00E3 00DE 00A5 00A5 00A5 009B 00F7 00EA 00DE 00E0 00DE 00A1 0008 0000
M231.ETC	0	23	04CB6	00EF 0091 0020 000A 013A 008F 00E0 00F7 00A5 00A5 00A5 0003 013B 013C 0086 0020 0095 013D 00E6 009B 00FA 00F9 00E5 00FD 00E3 0003 013E 013F 008F 0140 0096 00DE 0020 0095 0091 00F8 00E5 00FD 00E3 00DE 009D 009A 00E4 0021 0008 0000
M231.ETC	0	24	04CDD	0093 00EC 00EC 00A5 00A5 00A5 000A 013A 00EA 0003 0141 0142 00E9 0143 0144 00E6 0020 0095 00E5 00F8 00E6 00E5 008F 00E3 00F3 0003 0096 009B 00DE 00F8 0140 00E9 00E5 0092 0020 0145 0146 00E3 00DE 009D 00E9 00E8 003F 0008 0000
M231.ETC	0	25	04D05	000A 013A 00E9 0020 0095 0147 00FA 00E9 013B 013C 00EA 0003 00E4 00DE 00E1 00F7 00E3 00DE 0020 0129 00E2 0099 00F7 00FA 00E0 00E9 00E3 00DE 009D 003F 0003 0148 00E0 00DE 0096 0020 00E4 008F 00E3 00F3 0140 0149 0096 00DE 0091 00F8 00EF 009D 00FC 00A1 0008 0000
M231.ETC	0	26	04D31	00BA 00CE 00DD 00A5 00A5 00A5 014A 009C 014B 0099 00DE 00E3 0095 0097 00EF 009D 0096 00DE 0003 014C 014D 00E6 0020 014E 0097 014F 0086 0135 00E1 010E 00F1 009A 00E4 00EA 0003 0096 00E0 0098 0150 009C 00DE 00F7 00FA 00E3 0095 00F8 00EF 009D 0020 00CA 00B2 00A1 0008 0000
M231.ETC	0	27	04D61	0095 00F4 0020 000A 0151 00E9 0095 013D 00EA 00A5 00A5 00A5 0003 00F3 009C 00F4 0020 013B 013C 00E3 00DE 00EA 0091 00F8 00EF 009E 00E7 0096 00E5 0003 00ED 0094 0094 0020 009F 0093 0092 0093 0020 009C 008D 0152 00E3 00DE 009D 0096 003F 0008 0000
M231.ETC	0	28	04D8D	0091 00FA 00EF 0091 0020 013B 013C 0086 0153 0094 00E3 00E9 0154 014C 00E4 00EA 0003 0092 008F 00E0 0092 0020 00E4 00DE 00E9 00F6 0093 00E5 0155 0156 00E3 00DE 009D 0096 00E5 003F 0003 009A 00FA 00EF 00E0 0020 0157 00FC 008F 00E0 0095 013D 00E0 00DE 009A 00E4 00A5 00A5 00A5 00A1 0008 0000
M231.ETC	0	29	04DBE	0148 00E3 00DE 009D 0096 00A5 00A5 00A5 000A 0151 003F 0003 00F4 00F4 0020 00F3 009C 00F4 0020 009F 00E9 013B 013C 0086 0003 0158 0102 009C 00E3 0098 00FA 00E4 0020 0092 00FC 00FA 00EF 009D 0096 003F 0008 0000
M231.ETC	0	30	04DE2	0095 0159 00EA 0020 0141 0142 00E6 015A 015B 009C 00E0 009A 00E4 00E3 00DE 0003 00E4 00DE 009A 0096 0020 0095 0096 009C 0098 00E5 008F 00E0 00E9 0096 003F 0003 00E0 00DE 008F 00E3 0020 009F 00FA 0020 013B 013C 00E0 00DE 00F6 00E5 0091 00A1 0008 0000
M231.ETC	0	31	04E0B	000A 0096 00DE 0020 0112 0113 00E6 015A 00E3 00F9 00E4 015C 0092 00E3 0003 00E4 00DE 00FD 00E5 009A 00E4 0086 0020 00F4 008F 00E3 0098 00F9 0096 00E4 015D 008F 00E0 00F7 0003 00A5 00A5 00A5 013B 013C 0086 0020 009B 0096 00DE 009C 00E3 0098 00F9 009A 00E4 00E4 00EA 0021 0008 0000
M231.ETC	0	32	04E3A	0095 00FA 00EA 0020 000A 00E9 015A 015B 00E9 015E 00F7 009E 0086 0003 015F 0160 00E6 0020 00F6 00FB 009A 00FD 00E3 00DE 0092 00E0 00FD 00E0 00DE 0099 00E4 00DE 00A5 00A5 00A5 0003 013B 013C 0086 0153 0094 00F9 0020 0095 0159 0129 00F9 00E4 0020 00B6 00DE 00AF 00B6 00D8 00E0 00DE 00A1 0008 0000
M231.ETC	0	33	04E6D	000A 0151 00EA 0020 0141 0142 00E6 00E5 00F7 00FA 00E3 0003 00EF 009D 00EF 009D 0020 00E0 0098 00EF 009C 0098 00E5 008F 00E0 00A5 00A5 00A5 0096 00DE 0003 00CC 00DF 00CC 00DF 00AF 0020 0095 013D 00E6 013B 013C 00E4 00EA 0020 00B9 00AF 00BB 00B8 00E0 00DE 0021 0008 0000
M231.ETC	0	34	04E9C	0021 0020 000A 013A 00EA 0020 00EA 009D 00DE 0096 009C 0098 00E5 0092 00E9 0096 003F 0003 0141 0142 00E0 00F9 0161 0096 00DE 0020 013B 013C 0086 0153 0094 00F9 00E4 00EA 00A5 00A5 00A5 0003 00B5 00C3 00DE 00B6 00DE 00DD 00E9 0141 0142 00F3 0020 0162 00E6 0163 00E1 00E0 00E5 0091 00A1 0008 0000
M231.ETC	0	35	04ECF	000A 013A 00E9 0020 0164 00FB 00E6 0092 00F9 00E9 00EA 0003 013B 013C 00E3 00DE 009D 0099 00E4 00DE 00A5 00A5 00A5 00EA 00EA 0091 00A5 00A5 00A5 0003 0141 0142 00E9 0112 0113 00E4 0020 0165 0166 0096 00DE 0091 00F9 00FD 00E3 00DE 009C 008E 003F 0008 0000
M231.ETC	0	36	04EFA	000A 013A 00EA 0020 013B 013C 0086 0167 00FC 00FA 00E0 00E9 003F 0003 00E3 00DE 00F3 0020 00E5 00FD 00E3 0097 00FA 0092 00E5 013B 013C 00E5 00FD 00E3 00DE 009C 008E 0021 0003 009F 00FA 00E6 0020 0140 0149 00E6 0091 00EC 00FA 00E3 0092 00F9 00FC 00F6 00A1 0008 0000
M231.ETC	0	37	04F28	000A 013A 00E4 0020 013B 013C 00E9 0168 00F8 011C 00FC 009E 003F 0003 00F0 00FD 00E5 00EA 0020 0095 0096 009C 0098 015D 0093 00E3 00DE 009C 008E 0093 0099 00E4 00DE 0003 0169 00EA 00A5 00A5 00A5 009D 009A 00DE 0098 00BD 00C3 00B7 00E0 00DE 00E4 015D 0093 00A1 0008 0000
M231.ETC	0	38	04F57	0141 0142 00E6 00E5 00F7 00FA 00E0 0020 000A 013A 00E3 00DE 009D 00E8 003F 0003 009F 00FD 00E5 0143 0144 00E9 016A 0096 00DE 0020 0091 00F7 0020 0092 00F4 00E0 00DE 00FC 0091 0003 013B 013C 0096 00DE 0020 0164 0086 00E2 0099 00E3 0097 00E3 0092 00EF 009D 00FC 00F6 00A1 0008 0000
M231.ETC	0	39	04F86	00ED 008A 008A 0020 00CE 00DD 00C4 00E6 016B 0136 00E0 00DE 00E5 0091 00A5 00A5 00A5 0003 000A 0096 00DE 0020 013B 013C 0086 0153 0094 00E3 016C 0098 00E5 00FD 00E3 0003 0092 00EF 00EF 00E3 00DE 00E9 00B7 00D0 0096 00F7 00EA 0020 016D 0094 00F7 00FA 00E5 0092 00F6 00A1 0008 0000
M231.ETC	0	40	04FB9	0093 0020 0093 00FD 003F 0020 00E5 00FD 00E0 00DE 00BB 00D9 009C 00DE 008C 00E5 0092 0096 0021 0003 015A 015B 00E9 00C1 00AC 00DD 00BD 0086 0020 00E9 0096 00DE 009C 00E0 00CE 00DE 00B8 0086 0003 00E5 0098 00DE 009B 00F2 00E6 0020 0097 00E3 0098 00FA 00E0 00FD 00E0 00DE 00E8 0020 0098 00DE 00B0 00A1 0008 0000
M231.ETC	0	41	04FEF	00EF 0091 0020 0096 00FC 0092 0092 0020 0095 00BB 00D9 009B 00FD 0003 0097 008F 00E4 0020 0095 016E 00E3 00DE 00F3 009D 0092 00E0 00FD 00E3 00DE 009C 008E 003F 0003 00E3 00DE 00F3 016F 0020 00CA 00DE 00C5 00C5 00EA 0135 008F 00E3 0092 00E5 0092 00E9 00A1 0008 0000
M231.ETC	0	42	0501D	0091 00F7 00B2 00D4 00E0 00DE 00FC 0020 00BB 00D9 009C 00DE 008C 00E5 0092 00E9 00F6 0003 00BB 00D9 00EA 0020 009D 0098 00DE 00B2 00C0 00BD 00DE 00D7 009D 00F9 0096 00F7 0003 00B7 00D7 00B2 00E5 00E9 00F6 00E8 008A 0020 00BC 00AF 00BC 0020 00BC 00AF 00BC 00A1 0008 0000
M231.ETC	0	43	05050	0095 014C 00E6 0020 0095 00BB 00D9 009B 00FD 0096 00DE 0098 00F9 00E5 00FD 00E3 0003 0097 008F 00E4 0020 00EA 009C 00DE 00F2 00E3 00E9 009A 00E4 009C 00DE 008C 00E5 0092 003F 0003 0099 0092 00EB 00DE 0170 00EA 0020 0148 009C 00E3 00F9 00E9 0096 009C 00F7 0021 0008 0000
M231.ETC	0	44	0507F	00BA 00CE 00DD 00A5 00A5 00A5 014A 009C 014B 0099 00DE 00E3 0095 0097 00EF 009D 0096 00DE 0003 00B5 00C3 00DE 00B6 00DE 00DD 014C 00E3 00DE 00EA 0020 014E 0097 014F 00E9 0128 014C 00EA 0003 0096 00E0 0098 0020 0095 0171 00F8 014A 009C 014B 0099 00DE 00E3 0095 00F8 00EF 009D 009F 00DE 00A1 0008 0000
M231.ETC	0	45	050B3	0095 0092 0020 00BB 00D9 0021 0020 00E4 00DE 009A 0096 00F7 0172 00E0 00FD 00E0 00DE 0003 009F 00FD 00E5 0173 00E3 00DE 0020 00C0 00DE 00DD 00BD 0086 009C 00E3 00E5 0092 00E3 00DE 0003 0174 00F1 0096 00F7 0020 014C 0096 00F7 015A 00E3 0175 008F 00E3 0098 00FA 0021 0008 0000
M231.ETC	0	46	050E2	00EE 00EE 0093 0020 009A 00FA 0096 00DE 00D3 00DD 00B7 00B0 00C0 00DE 00DD 00BD 0021 0003 00E1 00EF 00E0 00E9 0020 0176 0161 00E0 00E1 00E9 0091 0092 00E0 00DE 00E3 00DE 00EA 0003 0177 0178 0175 00E9 0020 0095 00E4 00DE 00F8 00E4 015C 0097 00EF 009C 00E0 00A1 0008 0000
M231.ETC	0	47	05113	0091 00F8 008C 0020 009A 00F8 008C 00EF 00E0 00A5 00A5 00A5 00A5 0003 00E3 00DE 008F 0096 0092 00BB 00D9 0096 00DE 0020 00F4 008F 00E3 0097 00E0 009F 00DE 0003 00E4 00DE 0093 00F4 008F 00E3 0020 0158 0102 009D 00F9 00E9 0096 00E5 0091 003F 0008 0000
M231.ETC	0	48	0513D	009A 0092 00E2 0020 00B5 00DA 00E9 0159 00E3 00DE 00C0 00DE 00DD 00BD 00E4 00EA 0021 0003 0127 0179 0086 0132 00E3 00E5 0092 0020 00B5 00DA 00E9 009A 00E4 0086 0003 00CA 00DE 00B6 00E6 009C 00E3 00F9 00F0 00E0 0092 00E3 00DE 0020 0098 00F4 009C 0092 009E 00DE 00A1 0008 0000
M231.ETC	0	49	0516E	00C0 00DE 00DD 00BC 00DD 00B8 00DE 0020 00C0 00DE 00DD 00BC 00DD 00B8 00DE 0021 0003 009A 00F8 008C 00EF 00E0 0020 009D 0099 00DE 008A 00D8 00BD 00DE 00D1 017A 00E0 00DE 00E5 0003 00B5 00DA 00F3 0020 00D1 00BD 00DE 00D1 00BD 00DE 009C 00E3 0097 00E0 009E 00DE 0021 0008 0000
M231.ETC	0	50	051A0	0091 0091 0020 00F4 00F2 00FB 008F 0020 00F4 00F2 00E3 0098 00FA 008F 0003 016F 0139 00EA 0020 017B 0096 00F7 017C 0096 00DE 017D 0092 008F 00E3 00E9 00E6 0003 009F 00FD 00E5 00E4 009A 00E3 00DE 0020 00C0 00DE 00DD 00BD 009B 00FA 00E3 00E0 00EF 00F9 0096 0021 0008 0000
M231.ETC	0	51	051CF	014C 017E 017F 00E6 0020 0180 0177 00E5 00BB 00D9 0096 00DE 0172 00F9 00E5 00FD 00E3 0003 0148 0096 00E9 0020 0159 0181 00FA 00E6 00E1 0096 00DE 0092 00E5 0092 00E3 00DE 009D 0003 00A5 00A5 00A5 00E6 009C 00E3 00F3 0020 00C9 00D8 00E9 0092 0092 00BB 00D9 00E0 00DE 0021 0008 0000
M231.ETC	0	52	05200	0091 00F8 008C 00F8 008C 0020 0092 0097 00E5 00F8 00C0 00DE 00DD 00BD 00E4 00EA 0003 0177 0182 00E6 009C 00E3 0020 010A 0183 00E5 00BB 00D9 00E3 00DE 009D 00E8 008A 0003 0092 00E2 00EF 00E3 00DE 0095 00E4 00DE 00F9 0096 0020 0129 00E3 00F6 008F 00E4 0021 0008 0000
M231.ETC	0	53	0522F	009A 00FA 00EA 0020 00BB 00D9 00E0 00DE 00F6 00E5 0091 00A5 00A5 00A5 0003 0184 00EF 00E3 00DE 0020 00F4 008F 00E3 00F9 008F 00E3 009A 00E4 00EA 0003 00BB 00B0 00B6 00BD 0096 00F7 0020 00E6 0099 00DE 00E0 00E9 0096 00F3 0021 0008 0000
M231.ETC	0	54	05257	00EF 0091 0020 0096 00FC 0092 0092 0020 0095 00BB 00D9 009B 00FD 00E0 00DE 00FC 0003 00E3 00DE 00F3 00A5 00A5 00A5 0096 00FC 0092 0092 008F 00E3 0092 0093 00E6 00EA 0003 00E1 008E 008F 00E4 0020 0177 0097 009D 0097 00DE 00F9 0140 00F3 009D 00F9 00FC 00A1 0008 0000
M231.ETC	0	55	05285	0097 008C 00B0 008F 0020 00E0 00DE 00FA 0096 00B0 008F 0020 0185 0099 00E3 00B0 008F 0003 00A5 00A5 00A5 008F 00E3 0020 0095 00E4 00DE 00FB 0092 00E3 00F0 00E0 0099 00E4 00DE 0003 00EB 00E0 009D 00F7 0020 0095 00E4 00DE 008F 00E3 0092 00F9 00E0 00DE 0099 00E0 00DE 00FC 00A1 0008 0000
M231.ETC	0	56	052B5	0186 0187 00E9 0157 00FC 00F8 013F 00EA 0020 00E4 00DE 00FD 00E5 014E 0097 014F 00F3 0003 00E0 009C 0096 00E6 0020 0188 0096 00FA 00F9 00F3 00E9 00E0 00DE 0099 00E4 00DE 0003 009A 00FA 00EA 0020 00E1 008E 008F 00E4 0020 0188 0096 00FA 009D 0097 00DE 00F6 00A1 0008 0000
M231.ETC	0	57	052E5	0091 00E5 00E0 00E8 00A5 00A5 00A5 0020 0006 0093 00E5 009B 00FA 00E3 0092 00E0 00E9 00EA 003F 0000
M231.ETC	0	58	052F7	0189 00FB 009C 0092 018A 018B 00E6 0020 018C 018D 009C 00E3 009C 00EF 0093 00E5 00FD 00E3 0006 0000
M231.ETC	0	59	0530B	0097 008F 00E4 00A5 00A5 00A5 0006 00B6 00DD 0096 00DE 018E 0092 00FD 00E0 00DE 00FC 0021 0005 0000
M231.ETC	0	60	0531E	00E3 00DE 00F3 0006 0020 009F 00E9 00B6 00DD 00E9 018E 009B 00EA 00A5 00A5 00A5 0020 0006 0091 00E5 00E0 0086 0000
M231.ETC	0	61	05333	00E2 00F7 0092 018F 0190 00E6 0020 0191 0096 00FC 009E 00F9 0096 00F3 015E 00FA 00E5 0092 003F 0005 0000
M231.ETC	0	62	05348	0002 009B 0091 0020 0091 00E5 00E0 00E9 0192 00F0 0086 0003 0193 0094 00E3 00E1 008E 0093 00E0 00DE 0092 00A1 0006 0000
M231.ETC	0	63	0535F	0002 0091 00E5 00E0 00E9 0020 0095 0194 0159 0086 0193 0094 00E3 00E1 008E 0093 00E0 00DE 0092 00A1 0006 0000
M231.ETC	0	64	05375	000A 008F 00E3 0020 0194 0159 00E5 00E9 00E8 003F 0003 0195 0196 00E9 00B2 00BC 00AC 00CA 00A5 00B6 00AF 00C4 013A 00E6 0020 0197 00FC 00FA 00E3 0003 0091 00E5 00E0 00E6 0020 0138 0092 00E6 0172 00E3 0198 0096 008F 00E0 0021 0005 0000
M231.ETC	0	65	053A0	016F 0139 00EA 0020 00B5 00C3 00DE 00B6 00DE 00DD 014C 00E6 0199 00F2 00E3 0175 0098 0139 00A5 00A5 00A5 0006 0003 014C 00E3 00DE 0148 0096 00DE 019A 009A 008F 00E3 00F3 0020 0091 0097 00F7 00F2 00E1 008C 00E0 00DE 00F2 00F6 0005 0000
M231.ETC	0	66	053CB	009F 009C 00E3 00A5 00A5 00A5 0020 0006 0097 008F 00E4 0020 00EF 00E0 0138 0092 00EF 009C 008E 0021 0004 0000
M231.ETC	0	67	053DF	00E4 00DE 009A 0096 00F7 0020 019B 0099 00F9 00E9 0096 009C 00F7 003F 0000
M231.ETC	0	68	053ED	009F 0093 00A5 00A5 00A5 00FC 0096 008F 00E0 00FC 0003 0098 00FA 0098 00DE 00FA 00F3 0020 0140 0086 00E2 0099 00F9 00E9 00F6 00A1 0007 0000
M231.ETC	0	69	05407	00E4 00DE 00FA 0086 0020 019C 009D 00E9 0096 009C 00F7 003F 0000
M231.ETC	0	70	05413	00E4 00DE 009A 00E6 0020 019C 009D 00E9 0096 009C 00F7 003F 0000
M231.ETC	0	71	0541F	019C 009C 00E0 00FC 00A5 00A5 00A5 00A1 0005 0000
M231.ETC	0	72	0542A	00E4 00DE 00FA 0086 0020 0103 009D 00E9 0096 009C 00F7 003F 0000
M231.ETC	0	73	05436	0106 019D 00E6 0020 0103 009C 00E3 009C 00EF 008F 00E3 0020 0092 0092 00E9 00E8 003F 0000
M231.ETC	0	74	05447	0103 0094 00E3 009C 00EF 008F 00E0 00FC 00A5 00A5 00A5 00A1 0005 0000
M231.ETC	0	75	05455	0112 0113 00E9 019B 0097 00EA 0020 00EF 00E0 019E 0139 00A5 00A5 00A5 00A1 0006 0003 0095 00F4 009D 00F0 00E5 009B 0092 0020 000A 00A1 0003 00EF 00E0 0138 0094 00F9 00E9 0086 0020 019F 009C 00F0 00E6 009C 00E3 0092 00F9 00FC 0007 0000
M231.ETC	0	76	05480	009A 0093 009C 00E3 0020 00B5 00C3 00DE 00B6 00DE 00DD 01A0 00E9 01A1 01A2 00EA 0003 000A 013A 00E9 0020 0177 01A3 01A4 00E6 00F6 008F 00E3 0003 00B7 00DE 00D8 00B7 00DE 00D8 00E9 0173 00E3 00DE 0020 01A5 00FC 00FA 00E0 00E9 00E3 00DE 009C 00E0 00A1 0004 0000
M231.ETC	0	77	054AE	00B4 00D9 00CC 01A6 00E9 0020 00B6 00BD 00DE 00DD 013A 00E4 00BB 00D7 013A 00EA 0003 000A 013A 00E9 0020 0134 01A7 0086 01A8 01A9 009C 00E3 0003 00B8 00DE 00D7 00DD 00BC 00B0 00D9 00ED 00E4 0020 01AA 0132 00E1 00EF 009C 00E0 00A1 0004 0000
M231.ETC	0	78	054DC	00E3 00DE 00F3 00A5 00A5 00A5 0020 0169 00E9 01AB 009E 00E5 0139 01AC 00EA 0003 00A5 00A5 00A5 01AD 0098 00EA 0020 019B 0097 00EF 009E 00FD 00E3 00DE 009C 00E0 00A1 0004 0000
M231.ETC	0	79	054FB	000A 013A 00EA 0020 01AA 0132 008F 00E0 00E9 00E3 00DE 009D 0003 00A5 00A5 00A5 0195 0196 0086 0020 01A5 0093 00E0 00F2 00E6 00A5 00A5 00A5 0003 00EF 008F 00E0 0098 0020 0091 00E3 00F3 00E5 0092 00E4 0092 0093 00E9 00E6 00A1 0004 0000
M231.ETC	0	80	05523	00E3 00DE 00F3 0020 0091 00E9 000A 013A 00E9 009A 00E4 00E3 00DE 009D 0003 0097 008F 00E4 0020 0195 0196 00E9 01AE 01AF 0086 0129 00E2 0099 00E0 00DE 009C 00E3 0003 013F 01B0 0086 01B1 00E0 009C 0020 0137 008F 00E3 0097 00EF 009D 00FC 0021 0004 0000
M231.ETC	0	81	0554E	0023 0069 0066 0020 0030 0000
M231.ETC	0	82	05557	0169 00EA 0020 01B2 01B3 0095 00F3 00E1 008C 00BC 00AE 00B0 00E9 0003 00BC 00AC 00B2 00C6 00DD 00B8 00DE 00A5 00B3 00A8 00BD 00DE 00C0 00DE 00D1 00E9 01B4 01B5 0131 0003 00C0 00DE 00B0 00B8 00B4 00D9 00CC 00E9 00B6 00B0 00D8 00B0 00E3 00DE 009D 0005 0000
M231.ETC	0	83	0558A	009F 00FA 009C 00DE 008C 0091 0020 00CC 00DF 00DA 00B2 009C 00E0 0092 00CF 00AF 00CC 00DF 0086 0100 00FD 00E3 00DE 00E8 0000
M231.ETC	0	84	055A3	0002 010F 0188 01B6 0177 01B7 01B8 00DA 00B0 00BD 0021 0110 0003 012A 012B 00E9 014D 00E6 0020 0128 008F 00E3 0092 00F9 00B1 00B2 00C3 00D1 00E3 00DE 0003 0175 0099 00F9 00E4 009A 00FB 0096 00DE 0020 00C4 00DE 00DD 00C4 00DE 00DD 01B9 0094 00F9 00E9 0005 0000
M231.ETC	0	85	055D4	00B1 00B2 00C3 00D1 00E9 0111 0092 016A 0086 0020 00F6 0098 016D 0094 00E3 0003 01BA 00F8 00C0 00B2 00D1 0096 00DE 0020 0030 00E6 00E5 00F9 0159 00E6 0003 01BB 01B2 00E9 00B9 00DE 00B0 00C4 00E6 01BC 0099 00EA 00DE 0020 0177 01BD 01BE 0021 0005 0000
M231.ETC	0	86	05603	009B 0091 0020 01BF 01C0 00EA 0092 0092 0096 009C 00F7 003F 0003 009F 00FA 009C 00DE 008C 0091 0020 00BC 00AC 00B2 00C6 00DD 00B8 00DE 00A5 00B3 00A8 00BD 00DE 00C0 00DE 00D1 0021 0006 0003 00DA 00C3 00DE 00A8 00A5 00A5 00A5 0006 0020 00BA 00DE 00B0 00AF 0021 0021 0006 0000
M231.ETC	0	87	05637	0002 010F 01AE 01AF 00E6 01C1 009B 00FA 00E0 0020 012A 014F 0086 0129 00E2 0099 00E0 00DE 009E 0021 0110 0003 01C2 0199 00E6 0020 00CD 00DF 00B6 00DE 00BB 00BD 00CD 00D9 00D1 0086 01C3 009C 00E3 0003 01C4 00E4 01C5 00E9 0020 00B6 00B7 00DE 0086 0129 00E2 0099 00E3 00E8 0005 0000
M231.ETC	0	88	0566D	00B1 00B2 00C3 00D1 00E9 0111 0092 016A 0086 0020 00F6 0098 016D 0094 00E3 0003 01C4 0092 00CF 00B0 00B8 00E9 0020 00C4 00CB 00DE 00D7 00E9 014D 00E6 0091 00F9 0003 012A 012B 0086 0168 00F9 009A 00E4 0096 00DE 00E3 00DE 0097 00E0 00F7 0020 0177 01BD 01BE 0005 0000
M231.ETC	0	89	0569E	009B 0091 0020 01BF 01C0 00EA 0092 0092 0096 009C 00F7 003F 0003 009F 00FA 009C 00DE 008C 0091 0020 00BC 00AC 00B2 00C6 00DD 00B8 00DE 00A5 00B3 00A8 00BD 00DE 00C0 00DE 00D1 0021 0006 0003 00DA 00C3 00DE 00A8 00A5 00A5 00A5 0006 0020 00BA 00DE 00B0 00AF 0021 0021 0006 0000
M231.ETC	0	90	056D2	0095 00F0 009A 00DE 00E4 0021 0020 0177 01BD 01BE 00E8 0003 00E4 008F 00E3 00F3 0021 0020 019F 009C 0096 008F 00E0 00E3 00DE 009C 008E 003F 0003 00E3 00DE 00F3 0106 01C6 00EA 0020 00F3 008F 00E4 009D 009A 00DE 0092 00E9 00F6 0005 0000
M231.ETC	0	91	056FB	016F 01C7 00EA 0020 01C8 01C9 00F0 00E6 0138 0092 00EF 009C 008E 0003 009F 00E9 01CA 0086 0020 019F 009C 00F0 00E6 009C 00E3 0092 00E3 00E8 0003 009F 00FA 00EF 00E3 00DE 00A5 00A5 00A5 0020 00B3 00CC 00CC 0020 009B 00F6 00E5 00F7 0008 0000
M231.ETC	0	92	05726	0093 00B0 00FD 0020 01BA 01CB 00E0 00DE 008F 00E0 00FC 00E8 0003 00E1 008E 008F 00E4 0020 01CC 009C 0096 008F 00E0 0096 00E5 0091 0003 00E3 00DE 00F3 0020 00B6 00DE 00AF 00B6 00D8 009C 00E5 0092 00E3 00DE 00E8 0005 0000
M231.ETC	0	93	0574C	009A 009A 008F 00E3 00A5 00A5 00A5 0020 0106 019D 00EA 0003 0164 01CD 00E9 0020 01CC 009C 0092 011B 0173 00E0 00DE 008F 00E0 00E9 0003 01CE 00FA 009D 00DE 00E6 0020 00CC 00DF 00DA 00B2 009C 00E0 00FD 009C 00DE 008C 00E8 0094 00A5 00A5 00A5 0005 0000
M231.ETC	0	94	05778	011F 013B 009B 0096 00DE 0020 00FC 0096 008F 00E3 00F3 00F7 0094 00E0 0096 0003 009D 008F 009A 00DE 0098 0020 0155 01CF 00E6 00E5 008F 00E1 008C 008F 00E0 0099 00E4 00DE 0003 01D0 00EA 0020 01C8 01C9 00F0 00E6 0020 009C 00DE 008F 0098 00F8 01B6 00FD 00E3 00DE 00E8 0008 0000
M231.ETC	0	95	057A8	0023 0065 006E 0064 0069 0066 0000
M232.ETC	0	0	077FF	00B9 00DE 00B0 00D1 0086 0020 00E1 008D 0093 00E0 00DE 00FD 009C 00EF 009D 0003 00F6 00FB 009C 0092 00E3 00DE 009D 0096 003F 0000
M232.ETC	0	1	07816	0015 0002 00C3 00DE 00B0 00C0 0086 0100 00FD 00E3 00DE 0098 00E0 00DE 009B 0092 0000
M232.ETC	0	2	07826	0015 0002 0101 0102 0086 0100 00FD 00E3 00DE 0098 00E0 00DE 009B 0092 0000
M232.ETC	0	3	07836	0015 0002 00CA 00DE 00AF 00B8 00B1 00AF 00CC 00DF 0052 0041 004D 0086 0100 00FD 00E3 00DE 0098 00E0 00DE 009B 0092 0000
M232.ETC	0	4	0784F	0015 0002 009A 00E9 00C3 00DE 00B0 00C0 0086 0020 0103 009C 00E3 00F6 00FB 009C 0092 00E3 00DE 009D 0096 003F 0000
M232.ETC	0	5	07864	0015 0002 009A 00E9 00C3 00DE 00B0 00C0 0086 0020 0104 0105 009C 00EF 009D 0096 003F 0000
M232.ETC	0	6	07875	0015 0002 0106 0107 0052 0041 004D 00E9 0108 0109 0096 00DE 0020 010A 010B 009C 00E3 0092 00EF 009D 0008 0000
M232.ETC	0	7	0788A	0015 0002 00B6 00B0 00C4 00D8 00AF 00BC 00DE 0052 0041 004D 00E9 0108 0109 0096 00DE 0020 010A 010B 009C 00E3 0092 00EF 009D 0008 0000
M232.ETC	0	8	078A4	0015 0002 0108 0109 010A 010B 00E9 00E0 00F2 0020 00BA 00CB 00DF 00B0 00E3 00DE 0097 00EF 009E 00FD 0008 0000
M232.ETC	0	9	078BA	0015 0002 0108 0109 010A 010B 00E9 00E0 00F2 0020 0105 010C 00E9 00BE 00B0 00CC 00DE 00EA 00E3 00DE 0097 00EF 009E 00FD 0008 0000
M232.ETC	0	10	078D3	0015 0002 00B6 00B0 00C4 00D8 00AF 00BC 00DE 0052 0041 004D 0096 00DE 0020 0091 00F8 00EF 009E 00FD 0008 0000
M232.ETC	0	11	078E9	0015 0002 00B6 00B0 00C4 00D8 00AF 00BC 00DE 0052 0041 004D 00E6 00EA 0020 010D 0097 010E 00F0 00E3 00DE 0097 00EF 009E 00FD 0008 0000
M232.ETC	0	12	07904	0015 0002 010F 0097 00FB 0098 00E9 009C 008E 0110 0086 0020 00EB 00E4 00E2 0111 008F 00E3 0003 009A 009A 00EF 00E3 00DE 00E9 0112 0113 0086 0020 0114 0115 009D 00F9 009A 00E4 0096 00DE 00E3 00DE 0097 00EF 009D 00A1 0003 0114 0115 009C 00EF 009D 0096 003F 0000
M232.ETC	0	13	07931	0015 0009 0007 0114 0115 0086 0116 0117 009D 00F9 00E0 00F2 00E6 0031 0037 00E9 0118 0097 0108 0109 0096 00DE 0119 011A 00E3 00DE 009D 00A1 0003 009A 00E9 00EF 00EF 00B9 00DE 00B0 00D1 0086 00BD 00C0 00B0 00C4 009B 009E 00E0 011B 011C 0003 0114 0115 0086 0116 0117 009D 00F9 009A 00E4 0096 00DE 00E3 00DE 0097 00EF 009E 00FD 0005 0003 0112 0113 00E9 0114 0115 0086 0116 0117 009C 00E0 0092 011B 011C 00EA 0003 0116 0117 00C3 00DE 00B0 00C0 011D 0102 011E 011F 00E3 00DE 00C3 00DE 00B0 00C0 0086 0120 0102 009C 00E3 0003 00B9 00DE 00B0 00D1 0086 0121 00BD 00C0 00B0 00C4 009C 00E3 0098 00E0 00DE 009B 0092 00A1 0008 0000
M232.ETC	0	14	079A0	0015 0002 0009 0007 010D 0097 010E 00F0 00E6 0122 0123 009C 00EF 009C 00E0 0008 0000
M232.ETC	0	15	079B2	0015 0002 00CA 00DE 00AF 00B8 00B1 00AF 00CC 00DF 00C3 00DE 00B0 00C0 00EA 0091 00F8 00EF 009E 00FD 0000
M232.ETC	0	16	079C7	0015 0009 0007 0106 0107 0052 0041 004D 00E9 0124 0125 0096 00DE 0020 00E3 00DE 0097 00E3 0092 00EF 009E 00FD 00A1 0003 0116 0117 00C3 00DE 00B0 00C0 011D 0102 011E 011F 00E3 00DE 0020 0126 00E3 00E9 0114 0115 0086 0103 009C 0003 00B9 00DE 00B0 00D1 0086 0020 0121 00BD 00C0 00B0 00C4 009C 00E3 0098 00E0 00DE 009B 0092 00A1 0000
M232.ETC	0	17	07A02	0015 0009 0007 00B6 00B0 00C4 00D8 00AF 00BC 00DE 0052 0041 004D 00E9 0124 0125 0096 00DE 0020 00E3 00DE 0097 00E3 0092 00EF 009E 00FD 00A1 0003 0116 0117 00C3 00DE 00B0 00C0 011D 0102 011E 011F 00E3 00DE 0020 0126 00E3 00E9 0114 0115 0086 0103 009C 0003 00B9 00DE 00B0 00D1 0086 0020 0121 00BD 00C0 00B0 00C4 009C 00E3 0098 00E0 00DE 009B 0092 00A1 0000
M232.ETC	0	18	07A42	0015 000E 0086 0127 00E6 0128 00FA 00E0 0004 0000
M232.ETC	0	19	07A4E	0015 000A 00EA 0020 00CA 00DE 00C4 00D9 00BF 00B0 00C4 00DE 0086 0129 00E2 0099 00E3 0003 00BC 00AE 00B0 00C4 00BF 00B0 00C4 00DE 0086 0020 012A 012B 00E6 0095 0092 00E0 00A1 0008 0000
M232.ETC	0	20	07A72	0015 012C 0096 00DE 0096 0096 008F 00E3 0092 00F9 0007 0000
M232.ETC	0	21	07A7E	009F 00FA 00EA 0020 00B4 00D9 00CC 00E6 012D 00FC 00F9 012E 012F 0130 00A5 00A5 00A5 0003 0097 008F 00E4 0020 000A 00E6 0131 0132 00E2 00EA 009D 00DE 00E0 00DE 0005 0000
M232.ETC	0	22	07A9F	009A 00E9 0133 00EA 0020 00B7 00D0 00E6 00EA 00EF 00E0 00DE 0134 0102 00E0 00DE 0003 009F 00FA 0086 0135 008F 00E3 0020 0136 00E6 0137 00F8 00E5 009B 0092 0003 0092 009D 00DE 00FA 0138 0093 0139 00EF 00E3 00DE 00A5 00A5 00A5 009B 00F7 00EA 00DE 00E0 00DE 00A1 0008 0000
M232.ETC	0	23	07ACE	00EF 0091 0020 000A 013A 008F 00E0 00F7 00A5 00A5 00A5 0003 013B 013C 0086 0020 0095 013D 00E6 009B 00FA 00F9 00E5 00FD 00E3 0003 013E 013F 008F 0140 0096 00DE 0020 0095 0091 00F8 00E5 00FD 00E3 00DE 009D 009A 00E4 0021 0008 0000
M232.ETC	0	24	07AF5	0093 00EC 00EC 00A5 00A5 00A5 000A 013A 00EA 0003 0141 0142 00E9 0143 0144 00E6 0020 0095 00E5 00F8 00E6 00E5 008F 00E3 00F3 0003 0096 009B 00DE 00F8 0140 00E9 00E5 0092 0020 0145 0146 00E3 00DE 009D 00E9 00E8 003F 0008 0000
M232.ETC	0	25	07B1D	000A 013A 00E9 0020 0095 0147 00FA 00E9 013B 013C 00EA 0003 00E4 00DE 00E1 00F7 00E3 00DE 0020 0129 00E2 0099 00F7 00FA 00E0 00E9 00E3 00DE 009D 003F 0003 0148 00E0 00DE 0096 0020 00E4 008F 00E3 00F3 0140 0149 0096 00DE 0091 00F8 00EF 009D 00FC 00A1 0008 0000
M232.ETC	0	26	07B49	00BA 00CE 00DD 00A5 00A5 00A5 014A 009C 014B 0099 00DE 00E3 0095 0097 00EF 009D 0096 00DE 0003 014C 014D 00E6 0020 014E 0097 014F 0086 0135 00E1 010E 00F1 009A 00E4 00EA 0003 0096 00E0 0098 0150 009C 00DE 00F7 00FA 00E3 0095 00F8 00EF 009D 0020 00CA 00B2 00A1 0008 0000
M232.ETC	0	27	07B79	0095 00F4 0020 000A 0151 00E9 0095 013D 00EA 00A5 00A5 00A5 0003 00F3 009C 00F4 0020 013B 013C 00E3 00DE 00EA 0091 00F8 00EF 009E 00E7 0096 00E5 0003 00ED 0094 0094 0020 009F 0093 0092 0093 0020 009C 008D 0152 00E3 00DE 009D 0096 003F 0008 0000
M232.ETC	0	28	07BA5	0091 00FA 00EF 0091 0020 013B 013C 0086 0153 0094 00E3 00E9 0154 014C 00E4 00EA 0003 0092 008F 00E0 0092 0020 00E4 00DE 00E9 00F6 0093 00E5 0155 0156 00E3 00DE 009D 0096 00E5 003F 0003 009A 00FA 00EF 00E0 0020 0157 00FC 008F 00E0 0095 013D 00E0 00DE 009A 00E4 00A5 00A5 00A5 00A1 0008 0000
M232.ETC	0	29	07BD6	0148 00E3 00DE 009D 0096 00A5 00A5 00A5 000A 0151 003F 0003 00F4 00F4 0020 00F3 009C 00F4 0020 009F 00E9 013B 013C 0086 0003 0158 0102 009C 00E3 0098 00FA 00E4 0020 0092 00FC 00FA 00EF 009D 0096 003F 0008 0000
M232.ETC	0	30	07BFA	0095 0159 00EA 0020 0141 0142 00E6 015A 015B 009C 00E0 009A 00E4 00E3 00DE 0003 00E4 00DE 009A 0096 0020 0095 0096 009C 0098 00E5 008F 00E0 00E9 0096 003F 0003 00E0 00DE 008F 00E3 0020 009F 00FA 0020 013B 013C 00E0 00DE 00F6 00E5 0091 00A1 0008 0000
M232.ETC	0	31	07C23	000A 0096 00DE 0020 0112 0113 00E6 015A 00E3 00F9 00E4 015C 0092 00E3 0003 00E4 00DE 00FD 00E5 009A 00E4 0086 0020 00F4 008F 00E3 0098 00F9 0096 00E4 015D 008F 00E0 00F7 0003 00A5 00A5 00A5 013B 013C 0086 0020 009B 0096 00DE 009C 00E3 0098 00F9 009A 00E4 00E4 00EA 0021 0008 0000
M232.ETC	0	32	07C52	0095 00FA 00EA 0020 000A 00E9 015A 015B 00E9 015E 00F7 009E 0086 0003 015F 0160 00E6 0020 00F6 00FB 009A 00FD 00E3 00DE 0092 00E0 00FD 00E0 00DE 0099 00E4 00DE 00A5 00A5 00A5 0003 013B 013C 0086 0153 0094 00F9 0020 0095 0159 0129 00F9 00E4 0020 00B6 00DE 00AF 00B6 00D8 00E0 00DE 00A1 0008 0000
M232.ETC	0	33	07C85	000A 0151 00EA 0020 0141 0142 00E6 00E5 00F7 00FA 00E3 0003 00EF 009D 00EF 009D 0020 00E0 0098 00EF 009C 0098 00E5 008F 00E0 00A5 00A5 00A5 0096 00DE 0003 00CC 00DF 00CC 00DF 00AF 0020 0095 013D 00E6 013B 013C 00E4 00EA 0020 00B9 00AF 00BB 00B8 00E0 00DE 0021 0008 0000
M232.ETC	0	34	07CB4	0021 0020 000A 013A 00EA 0020 00EA 009D 00DE 0096 009C 0098 00E5 0092 00E9 0096 003F 0003 0141 0142 00E0 00F9 0161 0096 00DE 0020 013B 013C 0086 0153 0094 00F9 00E4 00EA 00A5 00A5 00A5 0003 00B5 00C3 00DE 00B6 00DE 00DD 00E9 0141 0142 00F3 0020 0162 00E6 0163 00E1 00E0 00E5 0091 00A1 0008 0000
M232.ETC	0	35	07CE7	000A 013A 00E9 0020 0164 00FB 00E6 0092 00F9 00E9 00EA 0003 013B 013C 00E3 00DE 009D 0099 00E4 00DE 00A5 00A5 00A5 00EA 00EA 0091 00A5 00A5 00A5 0003 0141 0142 00E9 0112 0113 00E4 0020 0165 0166 0096 00DE 0091 00F9 00FD 00E3 00DE 009C 008E 003F 0008 0000
M232.ETC	0	36	07D12	000A 013A 00EA 0020 013B 013C 0086 0167 00FC 00FA 00E0 00E9 003F 0003 00E3 00DE 00F3 0020 00E5 00FD 00E3 0097 00FA 0092 00E5 013B 013C 00E5 00FD 00E3 00DE 009C 008E 0021 0003 009F 00FA 00E6 0020 0140 0149 00E6 0091 00EC 00FA 00E3 0092 00F9 00FC 00F6 00A1 0008 0000
M232.ETC	0	37	07D40	000A 013A 00E4 0020 013B 013C 00E9 0168 00F8 011C 00FC 009E 003F 0003 00F0 00FD 00E5 00EA 0020 0095 0096 009C 0098 015D 0093 00E3 00DE 009C 008E 0093 0099 00E4 00DE 0003 0169 00EA 00A5 00A5 00A5 009D 009A 00DE 0098 00BD 00C3 00B7 00E0 00DE 00E4 015D 0093 00A1 0008 0000
M232.ETC	0	38	07D6F	0141 0142 00E6 00E5 00F7 00FA 00E0 0020 000A 013A 00E3 00DE 009D 00E8 003F 0003 009F 00FD 00E5 0143 0144 00E9 016A 0096 00DE 0020 0091 00F7 0020 0092 00F4 00E0 00DE 00FC 0091 0003 013B 013C 0096 00DE 0020 0164 0086 00E2 0099 00E3 0097 00E3 0092 00EF 009D 00FC 00F6 00A1 0008 0000
M232.ETC	0	39	07D9E	00ED 008A 008A 0020 00CE 00DD 00C4 00E6 016B 0136 00E0 00DE 00E5 0091 00A5 00A5 00A5 0003 000A 0096 00DE 0020 013B 013C 0086 0153 0094 00E3 016C 0098 00E5 00FD 00E3 0003 0092 00EF 00EF 00E3 00DE 00E9 00B7 00D0 0096 00F7 00EA 0020 016D 0094 00F7 00FA 00E5 0092 00F6 00A1 0008 0000
M232.ETC	0	40	07DD1	0093 0020 0093 00FD 003F 0020 00E5 00FD 00E0 00DE 00BB 00D9 009C 00DE 008C 00E5 0092 0096 0021 0003 015A 015B 00E9 00C1 00AC 00DD 00BD 0086 0020 00E9 0096 00DE 009C 00E0 00CE 00DE 00B8 0086 0003 00E5 0098 00DE 009B 00F2 00E6 0020 0097 00E3 0098 00FA 00E0 00FD 00E0 00DE 00E8 0020 0098 00DE 00B0 00A1 0008 0000
M232.ETC	0	41	07E07	00EF 0091 0020 0096 00FC 0092 0092 0020 0095 00BB 00D9 009B 00FD 0003 0097 008F 00E4 0020 0095 016E 00E3 00DE 00F3 009D 0092 00E0 00FD 00E3 00DE 009C 008E 003F 0003 00E3 00DE 00F3 016F 0020 00CA 00DE 00C5 00C5 00EA 0135 008F 00E3 0092 00E5 0092 00E9 00A1 0008 0000
M232.ETC	0	42	07E35	0091 00F7 00B2 00D4 00E0 00DE 00FC 0020 00BB 00D9 009C 00DE 008C 00E5 0092 00E9 00F6 0003 00BB 00D9 00EA 0020 009D 0098 00DE 00B2 00C0 00BD 00DE 00D7 009D 00F9 0096 00F7 0003 00B7 00D7 00B2 00E5 00E9 00F6 00E8 008A 0020 00BC 00AF 00BC 0020 00BC 00AF 00BC 00A1 0008 0000
M232.ETC	0	43	07E68	0095 014C 00E6 0020 0095 00BB 00D9 009B 00FD 0096 00DE 0098 00F9 00E5 00FD 00E3 0003 0097 008F 00E4 0020 00EA 009C 00DE 00F2 00E3 00E9 009A 00E4 009C 00DE 008C 00E5 0092 003F 0003 0099 0092 00EB 00DE 0170 00EA 0020 0148 009C 00E3 00F9 00E9 0096 009C 00F7 0021 0008 0000
M232.ETC	0	44	07E97	00BA 00CE 00DD 00A5 00A5 00A5 014A 009C 014B 0099 00DE 00E3 0095 0097 00EF 009D 0096 00DE 0003 00B5 00C3 00DE 00B6 00DE 00DD 014C 00E3 00DE 00EA 0020 014E 0097 014F 00E9 0128 014C 00EA 0003 0096 00E0 0098 0020 0095 0171 00F8 014A 009C 014B 0099 00DE 00E3 0095 00F8 00EF 009D 009F 00DE 00A1 0008 0000
M232.ETC	0	45	07ECB	0095 0092 0020 00BB 00D9 0021 0020 00E4 00DE 009A 0096 00F7 0172 00E0 00FD 00E0 00DE 0003 009F 00FD 00E5 0173 00E3 00DE 0020 00C0 00DE 00DD 00BD 0086 009C 00E3 00E5 0092 00E3 00DE 0003 0174 00F1 0096 00F7 0020 014C 0096 00F7 015A 00E3 0175 008F 00E3 0098 00FA 0021 0008 0000
M232.ETC	0	46	07EFA	00EE 00EE 0093 0020 009A 00FA 0096 00DE 00D3 00DD 00B7 00B0 00C0 00DE 00DD 00BD 0021 0003 00E1 00EF 00E0 00E9 0020 0176 0161 00E0 00E1 00E9 0091 0092 00E0 00DE 00E3 00DE 00EA 0003 0177 0178 0175 00E9 0020 0095 00E4 00DE 00F8 00E4 015C 0097 00EF 009C 00E0 00A1 0008 0000
M232.ETC	0	47	07F2B	0091 00F8 008C 0020 009A 00F8 008C 00EF 00E0 00A5 00A5 00A5 00A5 0003 00E3 00DE 008F 0096 0092 00BB 00D9 0096 00DE 0020 00F4 008F 00E3 0097 00E0 009F 00DE 0003 00E4 00DE 0093 00F4 008F 00E3 0020 0158 0102 009D 00F9 00E9 0096 00E5 0091 003F 0008 0000
M232.ETC	0	48	07F55	009A 0092 00E2 0020 00B5 00DA 00E9 0159 00E3 00DE 00C0 00DE 00DD 00BD 00E4 00EA 0021 0003 0127 0179 0086 0132 00E3 00E5 0092 0020 00B5 00DA 00E9 009A 00E4 0086 0003 00CA 00DE 00B6 00E6 009C 00E3 00F9 00F0 00E0 0092 00E3 00DE 0020 0098 00F4 009C 0092 009E 00DE 00A1 0008 0000
M232.ETC	0	49	07F86	00C0 00DE 00DD 00BC 00DD 00B8 00DE 0020 00C0 00DE 00DD 00BC 00DD 00B8 00DE 0021 0003 009A 00F8 008C 00EF 00E0 0020 009D 0099 00DE 008A 00D8 00BD 00DE 00D1 017A 00E0 00DE 00E5 0003 00B5 00DA 00F3 0020 00D1 00BD 00DE 00D1 00BD 00DE 009C 00E3 0097 00E0 009E 00DE 0021 0008 0000
M232.ETC	0	50	07FB8	0091 0091 0020 00F4 00F2 00FB 008F 0020 00F4 00F2 00E3 0098 00FA 008F 0003 016F 0139 00EA 0020 017B 0096 00F7 017C 0096 00DE 017D 0092 008F 00E3 00E9 00E6 0003 009F 00FD 00E5 00E4 009A 00E3 00DE 0020 00C0 00DE 00DD 00BD 009B 00FA 00E3 00E0 00EF 00F9 0096 0021 0008 0000
M232.ETC	0	51	07FE7	014C 017E 017F 00E6 0020 0180 0177 00E5 00BB 00D9 0096 00DE 0172 00F9 00E5 00FD 00E3 0003 0148 0096 00E9 0020 0159 0181 00FA 00E6 00E1 0096 00DE 0092 00E5 0092 00E3 00DE 009D 0003 00A5 00A5 00A5 00E6 009C 00E3 00F3 0020 00C9 00D8 00E9 0092 0092 00BB 00D9 00E0 00DE 0021 0008 0000
M232.ETC	0	52	08018	0091 00F8 008C 00F8 008C 0020 0092 0097 00E5 00F8 00C0 00DE 00DD 00BD 00E4 00EA 0003 0177 0182 00E6 009C 00E3 0020 010A 0183 00E5 00BB 00D9 00E3 00DE 009D 00E8 008A 0003 0092 00E2 00EF 00E3 00DE 0095 00E4 00DE 00F9 0096 0020 0129 00E3 00F6 008F 00E4 0021 0008 0000
M232.ETC	0	53	08047	009A 00FA 00EA 0020 00BB 00D9 00E0 00DE 00F6 00E5 0091 00A5 00A5 00A5 0003 0184 00EF 00E3 00DE 0020 00F4 008F 00E3 00F9 008F 00E3 009A 00E4 00EA 0003 00BB 00B0 00B6 00BD 0096 00F7 0020 00E6 0099 00DE 00E0 00E9 0096 00F3 0021 0008 0000
M232.ETC	0	54	0806F	00EF 0091 0020 0096 00FC 0092 0092 0020 0095 00BB 00D9 009B 00FD 00E0 00DE 00FC 0003 00E3 00DE 00F3 00A5 00A5 00A5 0096 00FC 0092 0092 008F 00E3 0092 0093 00E6 00EA 0003 00E1 008E 008F 00E4 0020 0177 0097 009D 0097 00DE 00F9 0140 00F3 009D 00F9 00FC 00A1 0008 0000
M232.ETC	0	55	0809D	0097 008C 00B0 008F 0020 00E0 00DE 00FA 0096 00B0 008F 0020 0185 0099 00E3 00B0 008F 0003 00A5 00A5 00A5 008F 00E3 0020 0095 00E4 00DE 00FB 0092 00E3 00F0 00E0 0099 00E4 00DE 0003 00EB 00E0 009D 00F7 0020 0095 00E4 00DE 008F 00E3 0092 00F9 00E0 00DE 0099 00E0 00DE 00FC 00A1 0008 0000
M232.ETC	0	56	080CD	0186 0187 00E9 0157 00FC 00F8 013F 00EA 0020 00E4 00DE 00FD 00E5 014E 0097 014F 00F3 0003 00E0 009C 0096 00E6 0020 0188 0096 00FA 00F9 00F3 00E9 00E0 00DE 0099 00E4 00DE 0003 009A 00FA 00EA 0020 00E1 008E 008F 00E4 0020 0188 0096 00FA 009D 0097 00DE 00F6 00A1 0008 0000
M232.ETC	0	57	080FD	0091 00E5 00E0 00E8 00A5 00A5 00A5 0020 0006 0093 00E5 009B 00FA 00E3 0092 00E0 00E9 00EA 003F 0000
M232.ETC	0	58	0810F	0189 00FB 009C 0092 018A 018B 00E6 0020 018C 018D 009C 00E3 009C 00EF 0093 00E5 00FD 00E3 0006 0000
M232.ETC	0	59	08123	0097 008F 00E4 00A5 00A5 00A5 0006 00B6 00DD 0096 00DE 018E 0092 00FD 00E0 00DE 00FC 0021 0005 0000
M232.ETC	0	60	08136	00E3 00DE 00F3 0006 0020 009F 00E9 00B6 00DD 00E9 018E 009B 00EA 00A5 00A5 00A5 0020 0006 0091 00E5 00E0 0086 0000
M232.ETC	0	61	0814B	00E2 00F7 0092 018F 0190 00E6 0020 0191 0096 00FC 009E 00F9 0096 00F3 015E 00FA 00E5 0092 003F 0005 0000
M232.ETC	0	62	08160	0002 009B 0091 0020 0091 00E5 00E0 00E9 0192 00F0 0086 0003 0193 0094 00E3 00E1 008E 0093 00E0 00DE 0092 00A1 0006 0000
M232.ETC	0	63	08177	0002 0091 00E5 00E0 00E9 0020 0095 0194 0159 0086 0193 0094 00E3 00E1 008E 0093 00E0 00DE 0092 00A1 0006 0000
M232.ETC	0	64	0818D	000A 008F 00E3 0020 0194 0159 00E5 00E9 00E8 003F 0003 0195 0196 00E9 00B2 00BC 00AC 00CA 00A5 00B6 00AF 00C4 013A 00E6 0020 0197 00FC 00FA 00E3 0003 0091 00E5 00E0 00E6 0020 0138 0092 00E6 0172 00E3 0198 0096 008F 00E0 0021 0005 0000
M232.ETC	0	65	081B8	016F 0139 00EA 0020 00B5 00C3 00DE 00B6 00DE 00DD 014C 00E6 0199 00F2 00E3 0175 0098 0139 00A5 00A5 00A5 0006 0003 014C 00E3 00DE 0148 0096 00DE 019A 009A 008F 00E3 00F3 0020 0091 0097 00F7 00F2 00E1 008C 00E0 00DE 00F2 00F6 0005 0000
M232.ETC	0	66	081E3	009F 009C 00E3 00A5 00A5 00A5 0020 0006 0097 008F 00E4 0020 00EF 00E0 0138 0092 00EF 009C 008E 0021 0004 0000
M232.ETC	0	67	081F7	00E4 00DE 009A 0096 00F7 0020 019B 0099 00F9 00E9 0096 009C 00F7 003F 0000
M232.ETC	0	68	08205	009F 0093 00A5 00A5 00A5 00FC 0096 008F 00E0 00FC 0003 0098 00FA 0098 00DE 00FA 00F3 0020 0140 0086 00E2 0099 00F9 00E9 00F6 00A1 0007 0000
M232.ETC	0	69	0821F	00E4 00DE 00FA 0086 0020 019C 009D 00E9 0096 009C 00F7 003F 0000
M232.ETC	0	70	0822B	00E4 00DE 009A 00E6 0020 019C 009D 00E9 0096 009C 00F7 003F 0000
M232.ETC	0	71	08237	019C 009C 00E0 00FC 00A5 00A5 00A5 00A1 0005 0000
M232.ETC	0	72	08242	00E4 00DE 00FA 0086 0020 0103 009D 00E9 0096 009C 00F7 003F 0000
M232.ETC	0	73	0824E	0106 019D 00E6 0020 0103 009C 00E3 009C 00EF 008F 00E3 0020 0092 0092 00E9 00E8 003F 0000
M232.ETC	0	74	0825F	0103 0094 00E3 009C 00EF 008F 00E0 00FC 00A5 00A5 00A5 00A1 0005 0000
M232.ETC	0	75	0826D	0112 0113 00E9 019B 0097 00EA 0020 00EF 00E0 019E 0139 00A5 00A5 00A5 00A1 0006 0003 0095 00F4 009D 00F0 00E5 009B 0092 0020 000A 00A1 0003 00EF 00E0 0138 0094 00F9 00E9 0086 0020 019F 009C 00F0 00E6 009C 00E3 0092 00F9 00FC 0007 0000
M232.ETC	0	76	08298	009A 0093 009C 00E3 0020 00B5 00C3 00DE 00B6 00DE 00DD 01A0 00E9 01A1 01A2 00EA 0003 000A 013A 00E9 0020 0177 01A3 01A4 00E6 00F6 008F 00E3 0003 00B7 00DE 00D8 00B7 00DE 00D8 00E9 0173 00E3 00DE 0020 01A5 00FC 00FA 00E0 00E9 00E3 00DE 009C 00E0 00A1 0004 0000
M232.ETC	0	77	082C6	00B4 00D9 00CC 01A6 00E9 0020 00B6 00BD 00DE 00DD 013A 00E4 00BB 00D7 013A 00EA 0003 000A 013A 00E9 0020 0134 01A7 0086 01A8 01A9 009C 00E3 0003 00B8 00DE 00D7 00DD 00BC 00B0 00D9 00ED 00E4 0020 01AA 0132 00E1 00EF 009C 00E0 00A1 0004 0000
M232.ETC	0	78	082F4	00E3 00DE 00F3 00A5 00A5 00A5 0020 0169 00E9 01AB 009E 00E5 0139 01AC 00EA 0003 00A5 00A5 00A5 01AD 0098 00EA 0020 019B 0097 00EF 009E 00FD 00E3 00DE 009C 00E0 00A1 0004 0000
M232.ETC	0	79	08313	000A 013A 00EA 0020 01AA 0132 008F 00E0 00E9 00E3 00DE 009D 0003 00A5 00A5 00A5 0195 0196 0086 0020 01A5 0093 00E0 00F2 00E6 00A5 00A5 00A5 0003 00EF 008F 00E0 0098 0020 0091 00E3 00F3 00E5 0092 00E4 0092 0093 00E9 00E6 00A1 0004 0000
M232.ETC	0	80	0833B	00E3 00DE 00F3 0020 0091 00E9 000A 013A 00E9 009A 00E4 00E3 00DE 009D 0003 0097 008F 00E4 0020 0195 0196 00E9 01AE 01AF 0086 0129 00E2 0099 00E0 00DE 009C 00E3 0003 013F 01B0 0086 01B1 00E0 009C 0020 0137 008F 00E3 0097 00EF 009D 00FC 0021 0004 0000
M232.ETC	0	81	08366	0023 0069 0066 0020 0030 0000
M232.ETC	0	82	0836F	0169 00EA 0020 01B2 01B3 0095 00F3 00E1 008C 00BC 00AE 00B0 00E9 0003 00BC 00AC 00B2 00C6 00DD 00B8 00DE 00A5 00B3 00A8 00BD 00DE 00C0 00DE 00D1 00E9 01B4 01B5 0131 0003 00C0 00DE 00B0 00B8 00B4 00D9 00CC 00E9 00B6 00B0 00D8 00B0 00E3 00DE 009D 0005 0000
M232.ETC	0	83	083A2	009F 00FA 009C 00DE 008C 0091 0020 00CC 00DF 00DA 00B2 009C 00E0 0092 00CF 00AF 00CC 00DF 0086 0100 00FD 00E3 00DE 00E8 0000
M232.ETC	0	84	083BB	0002 010F 0188 01B6 0177 01B7 01B8 00DA 00B0 00BD 0021 0110 0003 012A 012B 00E9 014D 00E6 0020 0128 008F 00E3 0092 00F9 00B1 00B2 00C3 00D1 00E3 00DE 0003 0175 0099 00F9 00E4 009A 00FB 0096 00DE 0020 00C4 00DE 00DD 00C4 00DE 00DD 01B9 0094 00F9 00E9 0005 0000
M232.ETC	0	85	083EC	00B1 00B2 00C3 00D1 00E9 0111 0092 016A 0086 0020 00F6 0098 016D 0094 00E3 0003 01BA 00F8 00C0 00B2 00D1 0096 00DE 0020 0030 00E6 00E5 00F9 0159 00E6 0003 01BB 01B2 00E9 00B9 00DE 00B0 00C4 00E6 01BC 0099 00EA 00DE 0020 0177 01BD 01BE 0021 0005 0000
M232.ETC	0	86	0841B	009B 0091 0020 01BF 01C0 00EA 0092 0092 0096 009C 00F7 003F 0003 009F 00FA 009C 00DE 008C 0091 0020 00BC 00AC 00B2 00C6 00DD 00B8 00DE 00A5 00B3 00A8 00BD 00DE 00C0 00DE 00D1 0021 0006 0003 00DA 00C3 00DE 00A8 00A5 00A5 00A5 0006 0020 00BA 00DE 00B0 00AF 0021 0021 0006 0000
M232.ETC	0	87	0844F	0002 010F 01AE 01AF 00E6 01C1 009B 00FA 00E0 0020 012A 014F 0086 0129 00E2 0099 00E0 00DE 009E 0021 0110 0003 01C2 0199 00E6 0020 00CD 00DF 00B6 00DE 00BB 00BD 00CD 00D9 00D1 0086 01C3 009C 00E3 0003 01C4 00E4 01C5 00E9 0020 00B6 00B7 00DE 0086 0129 00E2 0099 00E3 00E8 0005 0000
M232.ETC	0	88	08485	00B1 00B2 00C3 00D1 00E9 0111 0092 016A 0086 0020 00F6 0098 016D 0094 00E3 0003 01C4 0092 00CF 00B0 00B8 00E9 0020 00C4 00CB 00DE 00D7 00E9 014D 00E6 0091 00F9 0003 012A 012B 0086 0168 00F9 009A 00E4 0096 00DE 00E3 00DE 0097 00E0 00F7 0020 0177 01BD 01BE 0005 0000
M232.ETC	0	89	084B6	009B 0091 0020 01BF 01C0 00EA 0092 0092 0096 009C 00F7 003F 0003 009F 00FA 009C 00DE 008C 0091 0020 00BC 00AC 00B2 00C6 00DD 00B8 00DE 00A5 00B3 00A8 00BD 00DE 00C0 00DE 00D1 0021 0006 0003 00DA 00C3 00DE 00A8 00A5 00A5 00A5 0006 0020 00BA 00DE 00B0 00AF 0021 0021 0006 0000
M232.ETC	0	90	084EA	0095 00F0 009A 00DE 00E4 0021 0020 0177 01BD 01BE 00E8 0003 00E4 008F 00E3 00F3 0021 0020 019F 009C 0096 008F 00E0 00E3 00DE 009C 008E 003F 0003 00E3 00DE 00F3 0106 01C6 00EA 0020 00F3 008F 00E4 009D 009A 00DE 0092 00E9 00F6 0005 0000
M232.ETC	0	91	08513	016F 01C7 00EA 0020 01C8 01C9 00F0 00E6 0138 0092 00EF 009C 008E 0003 009F 00E9 01CA 0086 0020 019F 009C 00F0 00E6 009C 00E3 0092 00E3 00E8 0003 009F 00FA 00EF 00E3 00DE 00A5 00A5 00A5 0020 00B3 00CC 00CC 0020 009B 00F6 00E5 00F7 0008 0000
M232.ETC	0	92	0853E	0093 00B0 00FD 0020 01BA 01CB 00E0 00DE 008F 00E0 00FC 00E8 0003 00E1 008E 008F 00E4 0020 01CC 009C 0096 008F 00E0 0096 00E5 0091 0003 00E3 00DE 00F3 0020 00B6 00DE 00AF 00B6 00D8 009C 00E5 0092 00E3 00DE 00E8 0005 0000
M232.ETC	0	93	08564	009A 009A 008F 00E3 00A5 00A5 00A5 0020 0106 019D 00EA 0003 0164 01CD 00E9 0020 01CC 009C 0092 011B 0173 00E0 00DE 008F 00E0 00E9 0003 01CE 00FA 009D 00DE 00E6 0020 00CC 00DF 00DA 00B2 009C 00E0 00FD 009C 00DE 008C 00E8 0094 00A5 00A5 00A5 0005 0000
M232.ETC	0	94	08590	011F 013B 009B 0096 00DE 0020 00FC 0096 008F 00E3 00F3 00F7 0094 00E0 0096 0003 009D 008F 009A 00DE 0098 0020 0155 01CF 00E6 00E5 008F 00E1 008C 008F 00E0 0099 00E4 00DE 0003 01D0 00EA 0020 01C8 01C9 00F0 00E6 0020 009C 00DE 008F 0098 00F8 01B6 00FD 00E3 00DE 00E8 0008 0000
M232.ETC	0	95	085C0	0023 0065 006E 0064 0069 0066 0000
M241.ETC	0	0	04CEB	00B9 00DE 00B0 00D1 0086 0020 00E1 008D 0093 00E0 00DE 00FD 009C 00EF 009D 0003 00F6 00FB 009C 0092 00E3 00DE 009D 0096 003F 0000
M241.ETC	0	1	04D02	0015 0002 00C3 00DE 00B0 00C0 0086 0100 00FD 00E3 00DE 0098 00E0 00DE 009B 0092 0000
M241.ETC	0	2	04D12	0015 0002 0101 0102 0086 0100 00FD 00E3 00DE 0098 00E0 00DE 009B 0092 0000
M241.ETC	0	3	04D22	0015 0002 00CA 00DE 00AF 00B8 00B1 00AF 00CC 00DF 0052 0041 004D 0086 0100 00FD 00E3 00DE 0098 00E0 00DE 009B 0092 0000
M241.ETC	0	4	04D3A	0015 0002 009A 00E9 00C3 00DE 00B0 00C0 0086 0020 0103 009C 00E3 00F6 00FB 009C 0092 00E3 00DE 009D 0096 003F 0000
M241.ETC	0	5	04D4E	0015 0002 009A 00E9 00C3 00DE 00B0 00C0 0086 0020 0104 0105 009C 00EF 009D 0096 003F 0000
M241.ETC	0	6	04D5F	0015 0002 0106 0107 0052 0041 004D 00E9 0108 0109 0096 00DE 0020 010A 010B 009C 00E3 0092 00EF 009D 0008 0000
M241.ETC	0	7	04D74	0015 0002 00B6 00B0 00C4 00D8 00AF 00BC 00DE 0052 0041 004D 00E9 0108 0109 0096 00DE 0020 010A 010B 009C 00E3 0092 00EF 009D 0008 0000
M241.ETC	0	8	04D8D	0015 0002 0108 0109 010A 010B 00E9 00E0 00F2 0020 00BA 00CB 00DF 00B0 00E3 00DE 0097 00EF 009E 00FD 0008 0000
M241.ETC	0	9	04DA2	0015 0002 0108 0109 010A 010B 00E9 00E0 00F2 0020 0105 010C 00E9 00BE 00B0 00CC 00DE 00EA 00E3 00DE 0097 00EF 009E 00FD 0008 0000
M241.ETC	0	10	04DBA	0015 0002 00B6 00B0 00C4 00D8 00AF 00BC 00DE 0052 0041 004D 0096 00DE 0020 0091 00F8 00EF 009E 00FD 0008 0000
M241.ETC	0	11	04DCF	0015 0002 00B6 00B0 00C4 00D8 00AF 00BC 00DE 0052 0041 004D 00E6 00EA 0020 010D 0097 010E 00F0 00E3 00DE 0097 00EF 009E 00FD 0008 0000
M241.ETC	0	12	04DE9	0015 0002 010F 0097 00FB 0098 00E9 009C 008E 0110 0086 0020 00EB 00E4 00E2 0111 008F 00E3 0003 009A 009A 00EF 00E3 00DE 00E9 0112 0113 0086 0020 0114 0115 009D 00F9 009A 00E4 0096 00DE 00E3 00DE 0097 00EF 009D 00A1 0003 0114 0115 009C 00EF 009D 0096 003F 0000
M241.ETC	0	13	04E16	0015 0009 0007 0114 0115 0086 0116 0117 009D 00F9 00E0 00F2 00E6 0031 0037 00E9 0118 0097 0108 0109 0096 00DE 0119 011A 00E3 00DE 009D 00A1 0003 009A 00E9 00EF 00EF 00B9 00DE 00B0 00D1 0086 00BD 00C0 00B0 00C4 009B 009E 00E0 011B 011C 0003 0114 0115 0086 0116 0117 009D 00F9 009A 00E4 0096 00DE 00E3 00DE 0097 00EF 009E 00FD 0005 0003 0112 0113 00E9 0114 0115 0086 0116 0117 009C 00E0 0092 011B 011C 00EA 0003 0116 0117 00C3 00DE 00B0 00C0 011D 0102 011E 011F 00E3 00DE 00C3 00DE 00B0 00C0 0086 0120 0102 009C 00E3 0003 00B9 00DE 00B0 00D1 0086 0121 00BD 00C0 00B0 00C4 009C 00E3 0098 00E0 00DE 009B 0092 00A1 0008 0000
M241.ETC	0	14	04E80	0015 0002 0009 0007 010D 0097 010E 00F0 00E6 0122 0123 009C 00EF 009C 00E0 0008 0000
M241.ETC	0	15	04E92	0015 0002 00CA 00DE 00AF 00B8 00B1 00AF 00CC 00DF 00C3 00DE 00B0 00C0 00EA 0091 00F8 00EF 009E 00FD 0000
M241.ETC	0	16	04EA7	0015 0009 0007 0106 0107 0052 0041 004D 00E9 0124 0125 0096 00DE 0020 00E3 00DE 0097 00E3 0092 00EF 009E 00FD 00A1 0003 0116 0117 00C3 00DE 00B0 00C0 011D 0102 011E 011F 00E3 00DE 0020 0126 00E3 00E9 0114 0115 0086 0103 009C 0003 00B9 00DE 00B0 00D1 0086 0020 0121 00BD 00C0 00B0 00C4 009C 00E3 0098 00E0 00DE 009B 0092 00A1 0000
M241.ETC	0	17	04EE1	0015 0009 0007 00B6 00B0 00C4 00D8 00AF 00BC 00DE 0052 0041 004D 00E9 0124 0125 0096 00DE 0020 00E3 00DE 0097 00E3 0092 00EF 009E 00FD 00A1 0003 0116 0117 00C3 00DE 00B0 00C0 011D 0102 011E 011F 00E3 00DE 0020 0126 00E3 00E9 0114 0115 0086 0103 009C 0003 00B9 00DE 00B0 00D1 0086 0020 0121 00BD 00C0 00B0 00C4 009C 00E3 0098 00E0 00DE 009B 0092 00A1 0000
M241.ETC	0	18	04F1F	0015 000E 0086 0127 00E6 0128 00FA 00E0 0004 0000
M241.ETC	0	19	04F2B	0015 000A 00EA 0020 00CA 00DE 00C4 00D9 00BF 00B0 00C4 00DE 0086 0129 00E2 0099 00E3 0003 00BC 00AE 00B0 00C4 00BF 00B0 00C4 00DE 0086 0020 012A 012B 00E6 0095 0092 00E0 00A1 0008 0000
M241.ETC	0	20	04F4D	0015 012C 0096 00DE 0096 0096 008F 00E3 0092 00F9 0007 0000
M241.ETC	0	21	04F59	009F 00FA 00EA 0020 00B4 00D9 00CC 00E6 012D 00FC 00F9 012E 012F 0130 00A5 00A5 00A5 0003 0097 008F 00E4 0020 000A 00E6 0131 0132 00E2 00EA 009D 00DE 00E0 00DE 0005 0000
M241.ETC	0	22	04F79	009A 00E9 0133 00EA 0020 00B7 00D0 00E6 00EA 00EF 00E0 00DE 0134 0102 00E0 00DE 0003 009F 00FA 0086 0135 008F 00E3 0020 0136 00E6 0137 00F8 00E5 009B 0092 0003 0092 009D 00DE 00FA 0138 0093 0139 00EF 00E3 00DE 00A5 00A5 00A5 009B 00F7 00EA 00DE 00E0 00DE 00A1 0008 0000
M241.ETC	0	23	04FA8	00EF 0091 0020 000A 013A 008F 00E0 00F7 00A5 00A5 00A5 0003 013B 013C 0086 0020 0095 013D 00E6 009B 00FA 00F9 00E5 00FD 00E3 0003 013E 013F 008F 0140 0096 00DE 0020 0095 0091 00F8 00E5 00FD 00E3 00DE 009D 009A 00E4 0021 0008 0000
M241.ETC	0	24	04FCF	0093 00EC 00EC 00A5 00A5 00A5 000A 013A 00EA 0003 0141 0142 00E9 0143 0144 00E6 0020 0095 00E5 00F8 00E6 00E5 008F 00E3 00F3 0003 0096 009B 00DE 00F8 0140 00E9 00E5 0092 0020 0145 0146 00E3 00DE 009D 00E9 00E8 003F 0008 0000
M241.ETC	0	25	04FF7	000A 013A 00E9 0020 0095 0147 00FA 00E9 013B 013C 00EA 0003 00E4 00DE 00E1 00F7 00E3 00DE 0020 0129 00E2 0099 00F7 00FA 00E0 00E9 00E3 00DE 009D 003F 0003 0148 00E0 00DE 0096 0020 00E4 008F 00E3 00F3 0140 0149 0096 00DE 0091 00F8 00EF 009D 00FC 00A1 0008 0000
M241.ETC	0	26	05022	00BA 00CE 00DD 00A5 00A5 00A5 014A 009C 014B 0099 00DE 00E3 0095 0097 00EF 009D 0096 00DE 0003 014C 014D 00E6 0020 014E 0097 014F 0086 0135 00E1 010E 00F1 009A 00E4 00EA 0003 0096 00E0 0098 0150 009C 00DE 00F7 00FA 00E3 0095 00F8 00EF 009D 0020 00CA 00B2 00A1 0008 0000
M241.ETC	0	27	05052	0095 00F4 0020 000A 0151 00E9 0095 013D 00EA 00A5 00A5 00A5 0003 00F3 009C 00F4 0020 013B 013C 00E3 00DE 00EA 0091 00F8 00EF 009E 00E7 0096 00E5 0003 00ED 0094 0094 0020 009F 0093 0092 0093 0020 009C 008D 0152 00E3 00DE 009D 0096 003F 0008 0000
M241.ETC	0	28	0507D	0091 00FA 00EF 0091 0020 013B 013C 0086 0153 0094 00E3 00E9 0154 014C 00E4 00EA 0003 0092 008F 00E0 0092 0020 00E4 00DE 00E9 00F6 0093 00E5 0155 0156 00E3 00DE 009D 0096 00E5 003F 0003 009A 00FA 00EF 00E0 0020 0157 00FC 008F 00E0 0095 013D 00E0 00DE 009A 00E4 00A5 00A5 00A5 00A1 0008 0000
M241.ETC	0	29	050AE	0148 00E3 00DE 009D 0096 00A5 00A5 00A5 000A 0151 003F 0003 00F4 00F4 0020 00F3 009C 00F4 0020 009F 00E9 013B 013C 0086 0003 0158 0102 009C 00E3 0098 00FA 00E4 0020 0092 00FC 00FA 00EF 009D 0096 003F 0008 0000
M241.ETC	0	30	050D2	0095 0159 00EA 0020 0141 0142 00E6 015A 015B 009C 00E0 009A 00E4 00E3 00DE 0003 00E4 00DE 009A 0096 0020 0095 0096 009C 0098 00E5 008F 00E0 00E9 0096 003F 0003 00E0 00DE 008F 00E3 0020 009F 00FA 0020 013B 013C 00E0 00DE 00F6 00E5 0091 00A1 0008 0000
M241.ETC	0	31	050FA	000A 0096 00DE 0020 0112 0113 00E6 015A 00E3 00F9 00E4 015C 0092 00E3 0003 00E4 00DE 00FD 00E5 009A 00E4 0086 0020 00F4 008F 00E3 0098 00F9 0096 00E4 015D 008F 00E0 00F7 0003 00A5 00A5 00A5 013B 013C 0086 0020 009B 0096 00DE 009C 00E3 0098 00F9 009A 00E4 00E4 00EA 0021 0008 0000
M241.ETC	0	32	05129	0095 00FA 00EA 0020 000A 00E9 015A 015B 00E9 015E 00F7 009E 0086 0003 015F 0160 00E6 0020 00F6 00FB 009A 00FD 00E3 00DE 0092 00E0 00FD 00E0 00DE 0099 00E4 00DE 00A5 00A5 00A5 0003 013B 013C 0086 0153 0094 00F9 0020 0095 0159 0129 00F9 00E4 0020 00B6 00DE 00AF 00B6 00D8 00E0 00DE 00A1 0008 0000
M241.ETC	0	33	0515B	000A 0151 00EA 0020 0141 0142 00E6 00E5 00F7 00FA 00E3 0003 00EF 009D 00EF 009D 0020 00E0 0098 00EF 009C 0098 00E5 008F 00E0 00A5 00A5 00A5 0096 00DE 0003 00CC 00DF 00CC 00DF 00AF 0020 0095 013D 00E6 013B 013C 00E4 00EA 0020 00B9 00AF 00BB 00B8 00E0 00DE 0021 0008 0000
M241.ETC	0	34	0518A	0021 0020 000A 013A 00EA 0020 00EA 009D 00DE 0096 009C 0098 00E5 0092 00E9 0096 003F 0003 0141 0142 00E0 00F9 0161 0096 00DE 0020 013B 013C 0086 0153 0094 00F9 00E4 00EA 00A5 00A5 00A5 0003 00B5 00C3 00DE 00B6 00DE 00DD 00E9 0141 0142 00F3 0020 0162 00E6 0163 00E1 00E0 00E5 0091 00A1 0008 0000
M241.ETC	0	35	051BC	000A 013A 00E9 0020 0164 00FB 00E6 0092 00F9 00E9 00EA 0003 013B 013C 00E3 00DE 009D 0099 00E4 00DE 00A5 00A5 00A5 00EA 00EA 0091 00A5 00A5 00A5 0003 0141 0142 00E9 0112 0113 00E4 0020 0165 0166 0096 00DE 0091 00F9 00FD 00E3 00DE 009C 008E 003F 0008 0000
M241.ETC	0	36	051E7	000A 013A 00EA 0020 013B 013C 0086 0167 00FC 00FA 00E0 00E9 003F 0003 00E3 00DE 00F3 0020 00E5 00FD 00E3 0097 00FA 0092 00E5 013B 013C 00E5 00FD 00E3 00DE 009C 008E 0021 0003 009F 00FA 00E6 0020 0140 0149 00E6 0091 00EC 00FA 00E3 0092 00F9 00FC 00F6 00A1 0008 0000
M241.ETC	0	37	05214	000A 013A 00E4 0020 013B 013C 00E9 0168 00F8 011C 00FC 009E 003F 0003 00F0 00FD 00E5 00EA 0020 0095 0096 009C 0098 015D 0093 00E3 00DE 009C 008E 0093 0099 00E4 00DE 0003 0169 00EA 00A5 00A5 00A5 009D 009A 00DE 0098 00BD 00C3 00B7 00E0 00DE 00E4 015D 0093 00A1 0008 0000
M241.ETC	0	38	05243	0141 0142 00E6 00E5 00F7 00FA 00E0 0020 000A 013A 00E3 00DE 009D 00E8 003F 0003 009F 00FD 00E5 0143 0144 00E9 016A 0096 00DE 0020 0091 00F7 0020 0092 00F4 00E0 00DE 00FC 0091 0003 013B 013C 0096 00DE 0020 0164 0086 00E2 0099 00E3 0097 00E3 0092 00EF 009D 00FC 00F6 00A1 0008 0000
M241.ETC	0	39	05272	00ED 008A 008A 0020 00CE 00DD 00C4 00E6 016B 0136 00E0 00DE 00E5 0091 00A5 00A5 00A5 0003 000A 0096 00DE 0020 013B 013C 0086 0153 0094 00E3 016C 0098 00E5 00FD 00E3 0003 0092 00EF 00EF 00E3 00DE 00E9 00B7 00D0 0096 00F7 00EA 0020 016D 0094 00F7 00FA 00E5 0092 00F6 00A1 0008 0000
M241.ETC	0	40	052A3	0093 0020 0093 00FD 003F 0020 00E5 00FD 00E0 00DE 00BB 00D9 009C 00DE 008C 00E5 0092 0096 0021 0003 015A 015B 00E9 00C1 00AC 00DD 00BD 0086 0020 00E9 0096 00DE 009C 00E0 00CE 00DE 00B8 0086 0003 00E5 0098 00DE 009B 00F2 00E6 0020 0097 00E3 0098 00FA 00E0 00FD 00E0 00DE 00E8 0020 0098 00DE 00B0 00A1 0008 0000
M241.ETC	0	41	052D8	00EF 0091 0020 0096 00FC 0092 0092 0020 0095 00BB 00D9 009B 00FD 0003 0097 008F 00E4 0020 0095 016E 00E3 00DE 00F3 009D 0092 00E0 00FD 00E3 00DE 009C 008E 003F 0003 00E3 00DE 00F3 016F 0020 00CA 00DE 00C5 00C5 00EA 0135 008F 00E3 0092 00E5 0092 00E9 00A1 0008 0000
M241.ETC	0	42	05306	0091 00F7 00B2 00D4 00E0 00DE 00FC 0020 00BB 00D9 009C 00DE 008C 00E5 0092 00E9 00F6 0003 00BB 00D9 00EA 0020 009D 0098 00DE 00B2 00C0 00BD 00DE 00D7 009D 00F9 0096 00F7 0003 00B7 00D7 00B2 00E5 00E9 00F6 00E8 008A 0020 00BC 00AF 00BC 0020 00BC 00AF 00BC 00A1 0008 0000
M241.ETC	0	43	05337	0095 014C 00E6 0020 0095 00BB 00D9 009B 00FD 0096 00DE 0098 00F9 00E5 00FD 00E3 0003 0097 008F 00E4 0020 00EA 009C 00DE 00F2 00E3 00E9 009A 00E4 009C 00DE 008C 00E5 0092 003F 0003 0099 0092 00EB 00DE 0170 00EA 0020 0148 009C 00E3 00F9 00E9 0096 009C 00F7 0021 0008 0000
M241.ETC	0	44	05365	00BA 00CE 00DD 00A5 00A5 00A5 014A 009C 014B 0099 00DE 00E3 0095 0097 00EF 009D 0096 00DE 0003 00B5 00C3 00DE 00B6 00DE 00DD 014C 00E3 00DE 00EA 0020 014E 0097 014F 00E9 0128 014C 00EA 0003 0096 00E0 0098 0020 0095 0171 00F8 014A 009C 014B 0099 00DE 00E3 0095 00F8 00EF 009D 009F 00DE 00A1 0008 0000
M241.ETC	0	45	05398	0095 0092 0020 00BB 00D9 0021 0020 00E4 00DE 009A 0096 00F7 0172 00E0 00FD 00E0 00DE 0003 009F 00FD 00E5 0173 00E3 00DE 0020 00C0 00DE 00DD 00BD 0086 009C 00E3 00E5 0092 00E3 00DE 0003 0174 00F1 0096 00F7 0020 014C 0096 00F7 015A 00E3 0175 008F 00E3 0098 00FA 0021 0008 0000
M241.ETC	0	46	053C6	00EE 00EE 0093 0020 009A 00FA 0096 00DE 00D3 00DD 00B7 00B0 00C0 00DE 00DD 00BD 0021 0003 00E1 00EF 00E0 00E9 0020 0176 0161 00E0 00E1 00E9 0091 0092 00E0 00DE 00E3 00DE 00EA 0003 0177 0178 0175 00E9 0020 0095 00E4 00DE 00F8 00E4 015C 0097 00EF 009C 00E0 00A1 0008 0000
M241.ETC	0	47	053F6	0091 00F8 008C 0020 009A 00F8 008C 00EF 00E0 00A5 00A5 00A5 00A5 0003 00E3 00DE 008F 0096 0092 00BB 00D9 0096 00DE 0020 00F4 008F 00E3 0097 00E0 009F 00DE 0003 00E4 00DE 0093 00F4 008F 00E3 0020 0158 0102 009D 00F9 00E9 0096 00E5 0091 003F 0008 0000
M241.ETC	0	48	05420	009A 0092 00E2 0020 00B5 00DA 00E9 0159 00E3 00DE 00C0 00DE 00DD 00BD 00E4 00EA 0021 0003 0127 0179 0086 0132 00E3 00E5 0092 0020 00B5 00DA 00E9 009A 00E4 0086 0003 00CA 00DE 00B6 00E6 009C 00E3 00F9 00F0 00E0 0092 00E3 00DE 0020 0098 00F4 009C 0092 009E 00DE 00A1 0008 0000
M241.ETC	0	49	05450	00C0 00DE 00DD 00BC 00DD 00B8 00DE 0020 00C0 00DE 00DD 00BC 00DD 00B8 00DE 0021 0003 009A 00F8 008C 00EF 00E0 0020 009D 0099 00DE 008A 00D8 00BD 00DE 00D1 017A 00E0 00DE 00E5 0003 00B5 00DA 00F3 0020 00D1 00BD 00DE 00D1 00BD 00DE 009C 00E3 0097 00E0 009E 00DE 0021 0008 0000
M241.ETC	0	50	05481	0091 0091 0020 00F4 00F2 00FB 008F 0020 00F4 00F2 00E3 0098 00FA 008F 0003 016F 0139 00EA 0020 017B 0096 00F7 017C 0096 00DE 017D 0092 008F 00E3 00E9 00E6 0003 009F 00FD 00E5 00E4 009A 00E3 00DE 0020 00C0 00DE 00DD 00BD 009B 00FA 00E3 00E0 00EF 00F9 0096 0021 0008 0000
M241.ETC	0	51	054B0	014C 017E 017F 00E6 0020 0180 0177 00E5 00BB 00D9 0096 00DE 0172 00F9 00E5 00FD 00E3 0003 0148 0096 00E9 0020 0159 0181 00FA 00E6 00E1 0096 00DE 0092 00E5 0092 00E3 00DE 009D 0003 00A5 00A5 00A5 00E6 009C 00E3 00F3 0020 00C9 00D8 00E9 0092 0092 00BB 00D9 00E0 00DE 0021 0008 0000
M241.ETC	0	52	054E1	0091 00F8 008C 00F8 008C 0020 0092 0097 00E5 00F8 00C0 00DE 00DD 00BD 00E4 00EA 0003 0177 0182 00E6 009C 00E3 0020 010A 0183 00E5 00BB 00D9 00E3 00DE 009D 00E8 008A 0003 0092 00E2 00EF 00E3 00DE 0095 00E4 00DE 00F9 0096 0020 0129 00E3 00F6 008F 00E4 0021 0008 0000
M241.ETC	0	53	05510	009A 00FA 00EA 0020 00BB 00D9 00E0 00DE 00F6 00E5 0091 00A5 00A5 00A5 0003 0184 00EF 00E3 00DE 0020 00F4 008F 00E3 00F9 008F 00E3 009A 00E4 00EA 0003 00BB 00B0 00B6 00BD 0096 00F7 0020 00E6 0099 00DE 00E0 00E9 0096 00F3 0021 0008 0000
M241.ETC	0	54	05538	00EF 0091 0020 0096 00FC 0092 0092 0020 0095 00BB 00D9 009B 00FD 00E0 00DE 00FC 0003 00E3 00DE 00F3 00A5 00A5 00A5 0096 00FC 0092 0092 008F 00E3 0092 0093 00E6 00EA 0003 00E1 008E 008F 00E4 0020 0177 0097 009D 0097 00DE 00F9 0140 00F3 009D 00F9 00FC 00A1 0008 0000
M241.ETC	0	55	05565	0097 008C 00B0 008F 0020 00E0 00DE 00FA 0096 00B0 008F 0020 0185 0099 00E3 00B0 008F 0003 00A5 00A5 00A5 008F 00E3 0020 0095 00E4 00DE 00FB 0092 00E3 00F0 00E0 0099 00E4 00DE 0003 00EB 00E0 009D 00F7 0020 0095 00E4 00DE 008F 00E3 0092 00F9 00E0 00DE 0099 00E0 00DE 00FC 00A1 0008 0000
M241.ETC	0	56	05594	0186 0187 00E9 0157 00FC 00F8 013F 00EA 0020 00E4 00DE 00FD 00E5 014E 0097 014F 00F3 0003 00E0 009C 0096 00E6 0020 0188 0096 00FA 00F9 00F3 00E9 00E0 00DE 0099 00E4 00DE 0003 009A 00FA 00EA 0020 00E1 008E 008F 00E4 0020 0188 0096 00FA 009D 0097 00DE 00F6 00A1 0008 0000
M241.ETC	0	57	055C3	00A5 00A5 00A5 0189 00EA 0020 018A 00FC 00E5 0099 00FA 00EA 00DE 00E5 00F7 00E7 018B 0096 00DE 0091 00F9 0003 000A 00F6 0020 00F5 0099 0021 0020 0175 008F 00E3 018C 018D 0086 0003 009F 00E9 0127 00E6 0020 00E2 0096 00F1 00E9 009C 00DE 008C 0021 0005 0000
M241.ETC	0	58	055F1	0002 00D9 00B0 00D9 00EA 0020 015E 008F 00E3 0095 00F9 00E5 003F 0000
M241.ETC	0	59	055FE	0002 00EF 00E0 00DE 018E 008F 00E3 0095 00F7 00FD 0096 008F 00E0 0096 003F 0020 00EF 0091 00F6 0092 00A1 0003 0033 018F 018C 0190 0021 0020 0191 0096 00F7 0192 00F8 00E0 00F7 0122 0146 009C 00DE 008C 00A1 0003 0193 0094 00E0 0096 003F 0000
M241.ETC	0	60	05627	0002 0148 0194 00F3 018E 00FC 009E 00F9 00E3 00DE 00E5 0092 0021 0020 00EF 0091 00F6 0092 00A1 0003 0033 018F 018C 0190 0021 0020 0191 0096 00F7 0192 00F8 00E0 00F7 0122 0146 009C 00DE 008C 00A1 0003 0193 0094 00E0 0096 003F 0000
M241.ETC	0	61	05650	0002 0092 0092 0096 0099 00DE 00FD 00E6 009E 00FD 0096 0021 0020 00EF 0091 00F6 0092 00A1 0003 0033 018F 018C 0190 0021 0020 0191 0096 00F7 0192 00F8 00E0 00F7 0122 0146 009C 00DE 008C 00A1 0003 016F 0194 009A 009F 0020 0193 0094 00E0 00E5 003F 0000
M241.ETC	0	62	0567B	0002 00F3 0093 00F6 0092 00FC 0021 0005 0000
M241.ETC	0	63	05685	0155 009C 00E3 0096 0096 00FA 0092 0021 0003 00E1 00E5 00F0 00E6 0020 00BA 00B0 00BD 00DA 00BA 00B0 00C4 00DE 00EA 0003 0010 0144 0000
M241.ETC	0	64	0569F	0001 0010 0195 0000
M241.ETC	0	65	056A6	0001 0010 009C 00DE 008C 0096 00F7 00E9 0005 0000
M241.ETC	0	66	056B1	00F6 009C 000A 0020 00BD 00C0 00B0 00C4 009C 00DE 008C 0021 0003 0196 00E6 00E5 008F 00E3 009A 0092 0021 0008 0000
M241.ETC	0	67	056C6	000A 0021 0020 0105 0114 0115 009C 00DE 008C 0021 0003 00FC 009C 00F3 0020 0197 0096 00DE 0198 0092 009F 00DE 0021 0008 0000
M241.ETC	0	68	056DC	009C 00DE 008C 0096 00DE 00A5 00A5 00A5 0095 0159 0086 0129 00E3 0092 00E0 00F7 0003 00EF 00E0 0020 0199 0086 00EB 00E8 008F 00E0 00F7 009C 0092 00A5 00A5 00A5 0003 019A 008F 00E3 00CD 00DE 00AF 00C4 00DE 00E3 00DE 00A5 00A5 00A5 019B 00E6 00E5 00FB 0093 0096 00E9 00A5 00A5 00A5 00A1 0008 0000
M241.ETC	0	69	0570E	00EF 00E0 00DE 00EF 00E0 00DE 019C 0175 0096 00DE 0020 010B 00F8 00FD 00F6 0093 009C 00DE 008C 00E9 00A5 00A5 00A5 0008 0000
M241.ETC	0	70	05723	009A 00F8 008C 0020 0191 0096 00F7 0192 00F8 00E0 00F7 0122 0146 009C 00DE 008C 00E4 0003 018E 008F 00E0 00E3 00DE 00EA 00E5 0092 0096 00A1 0020 00EF 0091 00F6 0092 00A1 0020 019A 00F9 009F 00DE 00A1 0005 0000
M241.ETC	0	71	05747	0095 0095 0020 000A 0021 0003 00F0 009A 00DE 00E4 0020 0196 00E6 00E5 008F 00E0 00E5 0005 0000
M241.ETC	0	72	05759	00DC 00BC 0096 00DE 009F 00E9 019D 0020 019E 015E 00FA 009D 00DE 00E0 00DE 009C 00E0 0114 0115 0086 0003 019F 00F9 00E4 00EA 0020 00E0 0092 009C 00E0 00F3 00E9 00E0 00DE 0005 0000
M241.ETC	0	73	05778	00EE 0093 00EB 00DE 00E6 01A0 0096 00DE 01A1 00E9 012A 0020 00BD 00D3 00B0 00D9 00B5 00B0 00CC 00DE 0086 01A2 0099 00F6 0093 0005 0000
M241.ETC	0	74	05792	000A 00EA 0020 00BD 00D3 00B0 00D9 00B5 00B0 00CC 00DE 0086 0127 00E6 0128 00FA 00E0 0005 0000
M241.ETC	0	75	057A5	00B7 00AC 00B0 00B7 00AC 00B0 0006 0000
