#번호	파일	문장	원문	개수	번역
00001	M001.ETC	0.0	ゲームを ちゅうだんします\nよろしいですか?	42	
00002	M001.ETC	0.1	{0015}{0002}データを選んでください	42	
00003	M001.ETC	0.2	{0015}{0002}処理を選んでください	42	
00004	M001.ETC	0.3	{0015}{0002}バックアップRAMを選んでください	42	
00005	M001.ETC	0.4	{0015}{0002}このデータを 消してよろしいですか?	42	
00006	M001.ETC	0.5	{0015}{0002}このデータを 更新しますか?	42	
00007	M001.ETC	0.6	{0015}{0002}本体RAMの容量が 不足しています{0008}	42	
00008	M001.ETC	0.7	{0015}{0002}カートリッジRAMの容量が 不足しています{0008}	42	
00009	M001.ETC	0.8	{0015}{0002}容量不足のため コピーできません{0008}	42	
00010	M001.ETC	0.9	{0015}{0002}容量不足のため 新規のセーブはできません{0008}	42	
00011	M001.ETC	0.10	{0015}{0002}カートリッジRAMが ありません{0008}	42	
00012	M001.ETC	0.11	{0015}{0002}カートリッジRAMには 書き込みできません{0008}	42	
00013	M001.ETC	0.12	{0015}{0002}「きろくのしょ」を ひとつ使って\nここまでの冒険を 記録することができます。\n記録しますか?	42	
00014	M001.ETC	0.13	{0015}{0009}{0007}記録を保存するために17の空き容量が必要です。\nこのままゲームをスタートさせた場合\n記録を保存することができません{0005}\n冒険の記録を保存したい場合は\n保存データ管理画面でデータを整理して\nゲームを再スタートしてください。{0008}	42	
00015	M001.ETC	0.14	{0015}{0002}{0009}{0007}書き込みに失敗しました{0008}	42	
00016	M001.ETC	0.15	{0015}{0002}バックアップデータはありません	42	
00017	M001.ETC	0.16	{0015}{0009}{0007}本体RAMの準備が できていません。\n保存データ管理画面で 全ての記録を消し\nゲームを 再スタートしてください。	42	
00018	M001.ETC	0.17	{0015}{0009}{0007}カートリッジRAMの準備が できていません。\n保存データ管理画面で 全ての記録を消し\nゲームを 再スタートしてください。	42	
00019	M001.ETC	0.18	{0015}{000E}を手に入れた{0004}	42	
00020	M001.ETC	0.19	{0015}{000A}は バトルソードを見つけて\nショートソードを 宝箱においた。{0008}	42	
00021	M001.ETC	0.20	{0015}鍵がかかっている{0007}	12	
00022	M001.ETC	0.21	それは エルフに伝わる魔法石・・・\nきっと {000A}に役立つはずだ{0005}	21	
00023	M001.ETC	0.22	この先は キミにはまだ無理だ\nそれを持って 外に戻りなさい\nいずれ会う日まで・・・さらばだ。{0008}	21	
00024	M001.ETC	0.23	まあ {000A}様ったら・・・\n白鳥を お供にされるなんて\n茶目っ気が おありなんですこと!{0008}	42	
00025	M001.ETC	0.24	うふふ・・・{000A}様は\n剣士の身分に おなりになっても\nかざり気のない 性格ですのね?{0008}	42	
00026	M001.ETC	0.25	{000A}様の お連れの白鳥は\nどちらで 見つけられたのです?\n何だか とっても気品がありますわ。{0008}	42	
00027	M001.ETC	0.26	コホン・・・申し上げておきますが\n城中に 生き物を持ち込むことは\nかたく禁じられております ハイ。{0008}	42	
00028	M001.ETC	0.27	おや {000A}殿のお供は・・・\nもしや 白鳥ではありませぬかな\nへええ そういう しゅ味ですか?{0008}	42	
00029	M001.ETC	0.28	あれまあ 白鳥を従えての登城とは\nいったい どのような心境ですかな?\nこれまた 変わったお供だこと・・・。{0008}	42	
00030	M001.ETC	0.29	何ですか・・・{000A}殿?\nやや もしや その白鳥を\n料理してくれと いわれますか?{0008}	42	
00031	M001.ETC	0.30	お前は 剣士に出世したことで\nどこか おかしくなったのか?\nだって それ 白鳥だよなあ。{0008}	42	
00032	M001.ETC	0.31	{000A}が 冒険に出てると聞いて\nどんなことを やってくるかと思ったら\n・・・白鳥を さがしてくることとは!{0008}	42	
00033	M001.ETC	0.32	おれは {000A}の出世の知らせを\n素直に よろこんでいたんだけど・・・\n白鳥を従える お前見ると ガッカリだ。{0008}	30	
00034	M001.ETC	0.33	{000A}殿は 剣士になられて\nますます たくましくなった・・・が\nププッ お供に白鳥とは ケッサクだ!{0008}	42	
00035	M001.ETC	0.34	! {000A}様は はずかしくないのか?\n剣士たる者が 白鳥を従えるとは・・・\nオデガンの剣士も 地に落ちたなあ。{0008}	21	
00036	M001.ETC	0.35	{000A}様の 後ろにいるのは\n白鳥ですけど・・・ははあ・・・\n剣士の冒険と 関係があるんでしょ?{0008}	42	
00037	M001.ETC	0.36	{000A}様は 白鳥を飼われたの?\nでも なんてきれいな白鳥なんでしょ!\nそれに 気品にあふれているわよ。{0008}	42	
00038	M001.ETC	0.37	{000A}様と 白鳥の取り合わせ?\nみんなは おかしく思うでしょうけど\n私は・・・すごくステキだと思う。{0008}	42	
00039	M001.ETC	0.38	剣士になられた {000A}様ですね?\nそんな身分の方が あら いやだわあ\n白鳥が 後をつけてきていますわよ。{0008}	42	
00040	M001.ETC	0.39	へぇぇ ホントに以外だなあ・・・\n{000A}が 白鳥を従えて歩くなんて\nいままでのキミからは 考えられないよ。{0008}	42	
00041	M001.ETC	0.40	う うん? なんだサルじゃないか!\n出世のチャンスを のがしたボクを\nなぐさめに きてくれたんだね ぐー。{0008}	42	
00042	M001.ETC	0.41	まあ かわいい おサルさん\nきっと お腹でもすいたんでしょ?\nでも今 バナナは持っていないの。{0008}	42	
00043	M001.ETC	0.42	あらイヤだわ サルじゃないのよ\nサルは すぐイタズラするから\nキライなのよねぇ シッシ シッシ。{0008}	42	
00044	M001.ETC	0.43	お城に おサルさんがくるなんて\nきっと はじめてのことじゃない?\nけいび兵は 何してるのかしら!{0008}	42	
00045	M001.ETC	0.44	コホン・・・申し上げておきますが\nオデガン城では 生き物の入城は\nかたく お断り申し上げておりますぞ。{0008}	42	
00046	M001.ETC	0.45	おい サル! どこから来たんだ\nそんな所で ダンスをしてないで\n頼むから 城から出て行ってくれ!{0008}	42	
00047	M001.ETC	0.46	ほほう これがモンキーダンス!\nちまたの 若者たちのあいだでは\n大流行の おどりと聞きました。{0008}	42	
00048	M001.ETC	0.47	ありゃ こりゃまた・・・・\nでっかいサルが やってきたぞ\nどうやって 料理するのかなあ?{0008}	42	
00049	M001.ETC	0.48	こいつ オレの前でダンスとは!\n手柄を立てない オレのことを\nバカにしてるみたいで くやしいぜ。{0008}	42	
00050	M001.ETC	0.49	ダンシング ダンシング!\nこりゃまた すげぇリズム感だな\nオレも ムズムズしてきたぜ!{0008}	42	
00051	M001.ETC	0.50	ああ やめろっ やめてくれっ\n今日は 朝から頭が痛いってのに\nそんなとこで ダンスされてたまるか!{0008}	42	
00052	M001.ETC	0.51	城下町に 巨大なサルが来るなんて\n何かの 前触れにちがいないです\n・・・にしても ノリのいいサルだ!{0008}	42	
00053	M001.ETC	0.52	ありゃりゃ いきなりダンスとは\n大胆にして 不敵なサルですねぇ\nいつまでおどるか 見てよっと!{0008}	42	
00054	M001.ETC	0.53	これは サルだよなあ・・・\n芸まで やってるってことは\nサーカスから にげたのかも!{0008}	42	
00055	M001.ETC	0.54	まあ かわいい おサルさんだわ\nでも・・・かわいいっていうには\nちょっと 大きすぎる気もするわ。{0008}	42	
00056	M001.ETC	0.55	きゃーっ だれかーっ 助けてーっ\n・・・って おどろいてみたけど\nひたすら おどっているだけだわ。{0008}	42	
00057	M001.ETC	0.56	季節の変わり目は どんな生き物も\nたしかに 浮かれるものだけど\nこれは ちょっと 浮かれすぎよ。{0008}	42	
00058	M001.ETC	0.57	モンスターはヘビーシューズを持っていた{0006}	1	
00059	M001.ETC	0.58	{000A}はヘビーシューズを手に入れた{0005}	1	
00060	M001.ETC	0.59	サテラ王女よ よくぞまいられた\n心より 歓迎しましょうぞ。{0008}	1	
00061	M001.ETC	0.60	オデガン王にも 困ったものだ\n私の願いさえ かなえてくれたなら\nこんな手荒なマネは しなかったろう。{0008}	1	
00062	M001.ETC	0.61	たとえ 聖なるティアラで守られていようと\n魔力によって 呼び寄せてしまえば\n王家の力も 何の意味もなくなる{0005}	1	
00063	M001.ETC	0.62	サテラ王女の命に 別状がなければ!と\nオデガン王たちは 考えたろうが\nそこに 油断も生まれたということだ。{0008}	1	
00064	M001.ETC	0.63	カーリー!{0008}	1	
00065	M001.ETC	0.64	全能なる 地の底におわすお方よ\n我に力を 貸したまえ・・・\nこの娘の美を 与えたまえ!{0008}	1	
00066	M001.ETC	0.65	・・・パゾート様\nいかがで ございましょう?{0008}	1	
00067	M001.ETC	0.66	みごとだ カーリー!{0007}\nさて 後は・・・{0005}	1	
00068	M001.ETC	0.67	王女を 助けにやってきた\n向こう見ずな 新米兵士殿に\n活躍して もらうとしようか?{0008}	1	
00069	M001.ETC	0.68	お前の言っていた 新米兵士とは\nこの少年のことだな バンボ?{0008}	1	
00070	M001.ETC	0.69	はい パゾート様\nまちがいございません!{0008}	1	
00071	M001.ETC	0.70	さて 次の計画のために\nだれに 相手をさせようかな?{0008}	1	
00072	M001.ETC	0.71	これは 私のアイデアですから\nぜひ・・・私におまかせを!{0008}	1	
00073	M001.ETC	0.72	バンボ・・・お前にか・・・{0006}\nよかろう! やって みるがいい。{0008}	1	
00074	M001.ETC	0.73	やっぱり やってきたんですね\n精神力の強い 新米兵士君?{0005}	1	
00075	M001.ETC	0.74	みごと 王女様を助けられるか\n私が 試して上げましょう{0006}\nさあ かかっていらっしゃい!{0008}	1	
00076	M001.ETC	0.75	ホッホ 戦いを 放きして\n王女を 助けようなんて\nルールいはんは いけませんね。{0008}	1	
00077	M001.ETC	0.76	こぞう よくぞバンボに勝ったな?\n・・・水がなければ頼りないとは\nバンボも ぶざまなものよな!{0008}	1	
00078	M001.ETC	0.77	・・・私としたことが\nゆだんとはいえ おはずかしい。{0008}	1	
00079	M001.ETC	0.78	ほう・・・まだいしきがあるとは\nバンボのいう通り 大したものだ{0006}\nしかし それも長くはもつまい!{0008}	1	
00080	M001.ETC	0.79	・・・ここは どこでしょう?{0008}	1	
00081	M001.ETC	0.80	あ あなたは 私・・・\nそんな・・・いいえ ちがうわ\nオデガン王女サテラは 私よ。{0008}	1	
00082	M001.ETC	0.81	そう・・・しかし 今夜限りです\n明日から その者がサテラ王女となり\nオデガン城で くらすことになります。{0008}	1	
00083	M001.ETC	0.82	そ そんな・・・どうやって?{0006}\n私は・・・どうなるのです・・・。{0008}	1	
00084	M001.ETC	0.83	ふっふっふ あなた・・・ですか?{0006}\nあなたはいまから 白鳥にでもなり\n永遠に 迷いの森をさまようのです。{0008}	1	
00085	M001.ETC	0.84	いやっ いやよ!\nあなたは だれ?\n何を たくらんでいるの?{0008}	1	
00086	M001.ETC	0.85	私は 魔導師パゾート!\n世界を 闇に変える者だ!{0008}	1	
00087	M011.ETC	0.20	{0015}鍵がかかっている{0008}	18	
00088	M011.ETC	0.21	それは  エルフに伝わる魔法石・・・\nきっと  {000A}に役立つはずだ{0005}	21	
00089	M011.ETC	0.22	この先は  キミにはまだ無理だ\nそれを持って  外に戻りなさい\nいずれ会う日まで・・・さらばだ。{0008}	21	
00090	M011.ETC	0.34	!  {000A}様は はずかしくないのか?\n剣士たる者が 白鳥を従えるとは・・・\nオデガンの剣士も 地に落ちたなあ。{0008}	21	
00091	M011.ETC	0.57	ホホホ やって来たわね {000A}!{0008}	1	
00092	M011.ETC	0.58	でも・・・残念だわね\n土のジンは 解放されたわ!{0008}	1	
00093	M011.ETC	0.59	ホホホ くやしいかしら?\n私を 倒したいことでしょうね!{0008}	1	
00094	M011.ETC	0.60	ダメダメ {0006}今は戦ってるヒマがないわ\n・・・そう 私はホビットの村に行くの\nホビットの村の 仕事を片づけるのよ{0005}	1	
00095	M011.ETC	0.61	戦いたければ そこにいらっしゃい\nあなたが望むだけ 戦ってあげるわ。{0008}	1	
00096	M011.ETC	0.62	いいことを 教えて上げましょう!\nジンの宝玉は 土のジンを解放して\n彼を守っている 怪物にあげたの{0005}	1	
00097	M011.ETC	0.63	もしも あれがほしいのだったら\nそこの サンドウォームと戦うのね\nそれじゃ がんばりなさいな!{0008}	1	
00098	M011.ETC	0.64	「迷宮に眠る ジンに会いたいと願うなら\n 砂が石になる時 現れる石の女神像を\n 最上階のコロシアムの 扉にはめるのだ。」{0008}	1	
00099	M011.ETC	0.65	どこからともなく 声がする・・・\n「砂が石に変わるとき 砂に埋ずもれし女神\nその姿を 現わすであろう」{0008}	1	
00100	M011.ETC	0.66	扉に文字が 刻まれている・・・\n「固く閉ざされし 我が心\n女神のほほえみにより 開かれん」{0008}	1	
00101	M021.ETC	0.57	ひょっとして・・・ キミは\n千年樹の仙人に 会いに来たの?	1	
00102	M021.ETC	0.58	そうだよね キミの体重じゃあ・・・\n木のヘソを どんなにふんだって\n葉っぱを おどろかせられないもの。{0005}	1	
00103	M021.ETC	0.59	でもね 頂上の仙人に頼めば\nどんな病にも 効く薬といわれる\n千年樹の樹液を 分けてくれるんだって!{0008}	1	
00104	M021.ETC	0.60	千年樹の幹に 意地悪な葉が広がってて\n先に行こうとしても 通れないんだよ{0005}\n大きな葉っぱを おどろかすには\n木のヘソと呼ばれる でっぱりのところに\n大きなショックを 与えればいいんだよ。{0008}	1	
00105	M021.ETC	0.61	お客さんとは めずらしいの・・・。{0008}	2	
00106	M021.ETC	0.62	わざわざ ここまで来たって事は\n何かワシに 用事があってのことじゃろ?{0005}	2	
00107	M021.ETC	0.63	千年樹を登ってきた 根性にめんじて\nワシにできることは かなえてやろう\nさあ 言ってみるがいい。{0008}	1	
00108	M021.ETC	0.64	お前さんが 何か困っているのは\nその顔を見れば よくわかるが\nいま 助けてやれることはないのう{0005}	2	
00109	M021.ETC	0.65	そうだ・・・樹液がほしのであろう\nそのボトルを ちょっと かしなさい\nさっそく 入れちゃるぞ。{0008}	1	
00110	M021.ETC	0.66	仙人は {000A}のボトルに\n樹液の薬を つめこんだ。{0008}	2	
00111	M021.ETC	0.67	さあ それを持って 帰るがいい。{0008}	2	
00112	M021.ETC	0.69	ワシの専門は 魔法を解くことじゃから\n必要になったら いつでも来なさい\nいくらでも 直して進ぜようぞ。{0008}	1	
00113	M021.ETC	0.72	おや その白鳥は・・・かわいそうに\nだれかに 魔法をかけられたのじゃな?\n前に出なさい 直してあげるぞ。{0008}	1	
00114	M021.ETC	0.73	少しの しんぼうじゃから\n怖がらんで ええんじゃぞ!{0008}	1	
00115	M021.ETC	0.74	どうじゃな? 元にもどったじゃろ?{0008}	1	
00116	M021.ETC	0.75	私・・・もどったのね・・・\n元のサテラに もどれたのね?{0008}	1	
00117	M021.ETC	0.76	ああ 仙人様 私・・・私は\nどのように かんしゃすればいいのか!{0008}	1	
00118	M021.ETC	0.77	フォフォフォ{0006} 何もせんでよい・・・\nそれより 少しでも早く城にもどり\nオデガン王に 見せてやるがいい。{0008}	1	
00119	M021.ETC	0.78	それじゃ 仙人様は・・・\n最初から 私のことを?{0008}	1	
00120	M021.ETC	0.79	フォフォフォ これでも仙人じゃでな\n大抵のことは 見通しているつもりだ\nさあ 急いで オデガン城にお帰り!{0008}	1	
00121	M021.ETC	0.80	そうか・・・樹液がほしかったかいの\nそのボトルを ちょっと かしなさい\nさっそく 入れちゃるぞ。{0008}	1	
00122	M021.ETC	0.83	妖精のうわさでは ダークエルフが\nジンの宝玉で 巨人を復活させる気じゃ\nヤツに盗まれぬよう 気を付けたがよい。{0008}	1	
00123	M021.ETC	0.84	お前さんは ホビットを知っとるか?{0008}	1	
00124	M021.ETC	0.85	ホビットたちも かわいそうに・・・\nダークエルフの 手下のワナによって\n彼らの村が 大変なことになっとるぞ{0005}	1	
00125	M021.ETC	0.86	ちょうど ここで見ておったんじゃが\n村全体が 光に包まれての・・・\n彼らの姿が 見えなくなったのじゃ。{0008}	1	
00126	M021.ETC	0.87	オデガンの 西の地方の水辺に住む\n小柄で せいじつな種族なのじゃが\nどうも ワナにはまったようなのじゃ。{0008}	1	
00127	M021.ETC	0.88	ダークエルフどもは よりにもよって\nとんでもないことを しでかしおった\n迷宮のジンたちを 解放するとはの!{0005}	1	
00128	M021.ETC	0.89	お前さんは オデガン城に急ぐんじゃ\nあの地底に眠る巨人が 目覚める前に\nジンを 封じなければエライこっちゃ!{0008}	1	
00129	M021.ETC	0.90	王女の姿が 元にもどったか!\n急いで オデガン城に帰って\nカーリー様に 知らせなければ!{0008}	1	
00130	M021.ETC	0.91	成長しそうな つたの芽があるぞ\nなにか 使ってみる?	1	
00131	M021.ETC	0.92	なにも おこらなかったようだ{0008}	1	
00132	M021.ETC	0.93	ほんのすこし 芽が伸びたような気がした{0008}	1	
00133	M021.ETC	0.94	わかりにくいけど また少し芽が伸びた\nもうすこし伸びれば 登れそうだぞ{0008}	1	
00134	M021.ETC	0.95	芽は 元気いっぱい\nあとは 伸びるのを気長に待とう。{0008}	1	
00135	M030.ETC	0.20	{0015}鍵がかかっている{0004}	12	
00136	M030.ETC	0.32	おれは {000A}の出世の知らせを\n素直に よろこんでいたんだけど・・・\n白鳥を従える お前を見ると ガッカリだ。{0008}	12	
00137	M030.ETC	0.57	ここは 仮眠用のベッドで\n眠ることが できます\n眠りますか?	2	
00138	M030.ETC	0.58	おお 戻ったか {000A}!\n・・・いや 何もいわんでよいぞ\nせいいっぱい やった結果なのだ{0005}	1	
00139	M030.ETC	0.59	砂の迷宮で ダメだったからには\n{000A}にも 西の地方に行って\n残りの迷宮を 回ってもらうしかない{0005}	1	
00140	M030.ETC	0.60	水 火 空気の どの迷宮でも棈わぬ\nやつらの 野望をくい止めてくれ!\n私は {000A}を信じておるぞ。{0008}	1	
00141	M030.ETC	0.61	おお 戻ったか {000A}!\n・・・いや 何もいわんでよいぞ\n私は 成功のほうこくを待っている{0005}	1	
00142	M030.ETC	0.62	その顔つきでは 失敗だったようだな?\n自分のために オデガン国があぶないと\nそう思っているなら それはまちがいだ{0005}	1	
00143	M030.ETC	0.63	お前の父親は どんな時もくじけずに\nいつも前向きに 全てを考えてたぞ\n過去をふり帰らず 前を見て進むんだ。{0008}	1	
00144	M030.ETC	0.64	どうした {000A}にしちゃあ\nずいぶん 元気がないじゃないか?{0005}	1	
00145	M030.ETC	0.65	王様も われわれ オデガン国民も\nお前に 運命をあずけているのだから\nそんな顔で 心配させないでおくれ。{0008}	1	
00146	M030.ETC	0.66	{000A}様 会いに来て下さったのね\nサテラは {000A}様が心配です\nもっと 元気を出して下さいませ。{0008}	1	
00147	M030.ETC	0.67	{000A} オーブを手に入れたか?\nじゃあ 魔法は使えるようになったか!{0008}	1	
00148	M030.ETC	0.68	おや? {000A}じゃないか!\n久しぶりに 会いに来てくれたんだ\nボクは 相変わらず夜のけいびだよ。{0008}	1	
00149	M030.ETC	0.69	グゴーッ・・・グゴーッ・・・\nスヤスヤ・・・スヤスヤ・・・。{0008}	6	
00150	M030.ETC	0.70	こうなってみると やっぱり気になる!\nあの夜に見た 西の方向の光は\nダークエルフの しわざにちがいない。{0008}	1	
00151	M030.ETC	0.71	オレたちが こうしている間にも\n破減が 近づいているのか・・・\nイヤ そんなこと言っちゃいけないな。{0008}	1	
00152	M030.ETC	0.72	ここにいると 色々なことがわかって\nこうしてちゃ いけない気がします\n・・・でも 何をすればいいのかしら。{0008}	1	
00153	M030.ETC	0.73	王女様も {000A}様に気があるなら\n・・・強敵現るって 感じなんですわ\nでも 私もぜったい 負けないんだから。{0008}	1	
00154	M030.ETC	0.74	オデガン国に 破減の日が近づいても\n何だか 実感がないんだなあ・・・\n私たち女の子って ドライなんです。{0008}	1	
00155	M030.ETC	0.75	王様ったら 不安がいっぱいでしょうに\nかえって 明るく振る舞われたりして!\nああ 母性本能が くすぐられますわ。{0008}	1	
00156	M030.ETC	0.76	こうなったからには 私も男です\n巨人が現れる日まで 王様に仕え\nジタバタしないで 運命を待ちましょう。{0008}	1	
00157	M030.ETC	0.77	{000A}殿が 気落ちされたのでは\nここで待つ者は どうなりましょう?\n残されたチャンスを つかみましょうな。{0008}	1	
00158	M030.ETC	0.78	西の地方に 出陣した者たちは\nホビットの村に ついたでしょうか?\nそれさえも わからないのですなあ。{0008}	1	
00159	M030.ETC	0.79	昔 あれだけ か弱かった王女様が\n{000A}殿との 旅の後からは\nすっかり きじょうな方になられて!{0008}	1	
00160	M030.ETC	0.80	{000A} 西の地方に行ったら\nオデガン軍のことも 気に止めて\nわかったことを 教えてくれよな。{0008}	1	
00161	M030.ETC	0.81	ダークエルフたちは もう来ないと\nわかっちゃいるんだけどさあ・・・\nどうしても 気持ちが抜けないんだ。{0008}	1	
00162	M030.ETC	0.82	王女様は {000A}様が気がかりで\nかわいそうなほど・・・なんですわ\nあんな王女様・・・見てられない。{0008}	1	
00163	M030.ETC	0.83	最近・・・お前の人気が上がってると\n兵士仲間でも ウワサになってるよ\nなんで オレの人気は上がらないんだ。{0008}	1	
00164	M030.ETC	0.84	おお 戻ったか {000A}!\n・・・風のジンは解放されたか・・・。{0008}	1	
00165	M030.ETC	0.85	・・・・・・。{0008}	11	
00166	M030.ETC	0.86	お前に すべてをたくしていたのに\n4つも チャンスを失敗しおって!\nこ この役立たずが わ 私は・・・。{0008}	1	
00167	M030.ETC	0.87	よさんか! 大臣!{0008}	1	
00168	M030.ETC	0.88	{000A}を見てみろ・・・。{0008}	1	
00169	M030.ETC	0.89	キズだらけに なりながら・・・\n迷宮をさぐり パゾート一味と戦い\n4つの宝玉を うばい返してきた!{0005}	1	
00170	M030.ETC	0.90	これ以上 何を彼に求められよう?\n私は かんしゃの気持ちでいっぱいだ。{0008}	1	
00171	M030.ETC	0.91	オデガン国は まだ破減していない!\n少しでも チャンスがあるのならば\nそれに 前向きに取り組もうぞ!{0008}	1	
00172	M030.ETC	0.92	{000A}よ ジンが解放された今\n残された道は ジンを封じることだけだ\n早速だが 地底の沼に向かってくれ!{0008}	1	
00173	M030.ETC	0.93	カズンが 地底の沼にいったまま・・・\n消息も わからなくなっています\n十分に 注意して行って下さい{0005}	1	
00174	M030.ETC	0.94	そして もしどこかで見つけたら\nどうか彼を・・・お願いします。{0008}	1	
00175	M030.ETC	0.95	さあ 行くがいい{000A}!\nオデガンの 勇者の血を引きし者よ\nお前の力を 見せてやるがよい!{0008}	1	
00176	M030.ETC	0.96	4つのジンさえも 討ち果たす剣\nシャイニングソードも 用意はいいな\n忘れずに 持って行かねばならんぞ{0005}	1	
00177	M030.ETC	0.97	地底の沼には パゾートもいるはず\nけっして 油断してはならんぞ!{0008}	1	
00178	M030.ETC	0.98	シャイニングソードの 用意はいいな?\n地底の沼には パゾートもいるはず\nけっして 油断してはならんぞ!{0008}	1	
00179	M030.ETC	0.99	カズンが 地底の沼に行ったままなのです\nまさか パゾートに出会って・・・\nあいつの 怖ろしい魔法に・・・。{0008}	1	
00180	M030.ETC	0.100	風のジンまで 解放されてしまうとは!\n残されたのは わずかな時間で\n4つのジンを 封じることだけだ。{0008}	1	
00181	M030.ETC	0.101	ここにいれば きっと会えると・・・\nパゾートを追って 地底の沼に行っても\nどうか・・・必ず帰ってきて下さい。{0008}	1	
00182	M030.ETC	0.102	ホビットの村から 客人が来てるが\n2人のエルフの内で 男の方は\n見かけないが どこかに行ったかな?{0008}	1	
00183	M030.ETC	0.103	スースー・・・スースー・・・\nほ ほこらに・・・男が・・・\nダメだよ 入っちゃ・・・スースー。{0008}	1	
00184	M030.ETC	0.105	かつて オレが見た怪しげな光は\nホビットの村から とどいたんだよ\nあの光で 鏡の迷宮に封じられたんだ。{0008}	1	
00185	M030.ETC	0.106	風のジンが 西の空から飛んできた頃\n大きな物が 落ちたような音がした\nジンが 地下にもぐった音だったか!{0008}	1	
00186	M030.ETC	0.107	すべてのジンが 解放されたからには\nオデガン国も 終わりなんでしょうか?\nグスン 何だか涙が出てきちゃったわ。{0008}	1	
00187	M030.ETC	0.108	4つのジンを 封じこめるために\n今度は 地底の沼に行かれますのね\nああ なんて男らしいんでしょう。{0008}	1	
00188	M030.ETC	0.109	みんな {000A}様に頼ってるけど\nその責任で 苦しまないで下さいね。{0008}	1	
00189	M030.ETC	0.110	あのカッコイイ エルフの殿方は\nあの女性と どんな関係なんでしょ?\nウフ 私って 気が多いかしらね。{0008}	1	
00190	M030.ETC	0.111	この前は カッコつけてしまいましたが\n本当に ジンが解放されてしまいますと\n正直言って 死ぬのは怖いのです・・・。{0008}	1	
00191	M030.ETC	0.112	{000A}殿 ドンマイでございます!\nジンが 解放されたぐらいでなんです\nラストチャンスで 逆転しましょうな。{0008}	1	
00192	M030.ETC	0.113	あのエルフの女性は お美しい!\nこんなことでもなければ出会えぬ\nはかない・・・恋でしょうがな。{0008}	1	
00193	M030.ETC	0.114	光の迷宮は 見つかりましたかな?\n伝説の剣 シャイニングソードは\nもはや 手に入れましたでしょうな!{0008}	1	
00194	M030.ETC	0.115	オデガン軍が 帰ってこないように\nお前とも 会えないかと思ってた!\n元気そうで 本当に安心したよ。{0008}	1	
00195	M030.ETC	0.116	オデガン城の かくし通路の話は\nやっぱり 本当だったんだなあ\n玉座のウラに かくしてあったんだ!{0008}	1	
00196	M030.ETC	0.117	玉座にいれば {000A}様に会えると\nサテラ様は 行かれたままなのですわ\n王女様も 今はウブなタダの娘です。{0008}	1	
00197	M030.ETC	0.118	お前のように モテるようになるには\n強くならないと ダメなんだろうなあ\nじゃあ オレにはエンがなさそうだ。{0008}	1	
00198	M030.ETC	0.119	あっ カズン殿ではありませんか!{0008}	1	
00199	M030.ETC	0.120	聞きましたよ ごかつやくのこと!\n巨人の復活を くい止めたそうですね\nいやあ 本当に めでたい日ですよ!{0008}	1	
00200	M030.ETC	0.122	{000A}は 失敗続きですから\nちょっと 心配だったんですが\nいや 本当にありがとう!{0008}	1	
00201	M030.ETC	0.123	いや・・・どういたしまして・・・\nそれを聞いたら 功労者の・・・\n天国の{000A}も よろこびましょう。{0008}	1	
00202	M030.ETC	0.124	功労者のって? それじゃあいつが!{0004}\nえっ ちょっと 待って下さいよ\n天国って それじゃ あいつ・・・。{0008}	1	
00203	M030.ETC	0.125	カズン殿 お帰りなさい\nいやあ やってくれましたね!{0008}	1	
00204	M030.ETC	0.126	オデガンも・・・おしまいかと・・・\nそれを こうやって笑える日が来て\nなんと 礼を申せばいいやら・・・。{0008}	1	
00205	M030.ETC	0.127	ねえ カズン殿・・・頼みます\n地底の沼での 冒険の話とかを\nちょっと 聞かせてくれませんか?{0008}	1	
00206	M030.ETC	0.128	今度の手柄が あなただということで\nオレは ムネがスーッとしたんです!{0008}	1	
00207	M030.ETC	0.129	だって{000A}は 新米のクセに\nオレたちより 出世しやがってさ\nつけ上がってるんです あいつ!{0008}	1	
00208	M030.ETC	0.130	{000A}は {000A}は・・・\nきさまらのような ヤツのために\n命をかけて 戦ってきたのか・・・。{0008}	1	
00209	M030.ETC	0.131	ど どうしたんです・・・か?{0008}	1	
00210	M030.ETC	0.132	あいつは・・・もったいないよ・・・\nきさまらのような・・・ばかどもの命を\n・・・救うために・・・散った・・・。{0008}	1	
00211	M030.ETC	0.133	けっ なんだい えばりやがって!\nフン だからエルフは きらいなんだ!{0008}	1	
00212	M030.ETC	0.134	・・・まあ ここはガマンてことよ\nどうせ あいつは 帰っちまうんだ\n{000A}も 散ったんだしさあ・・・。{0008}	1	
00213	M030.ETC	0.135	おそいですなあ・・・\nカズン殿は まだですかな!{0008}	1	
00214	M030.ETC	0.136	巨人を くい止めたとは聞いても\n本人から 直接でないと・・・\n早く 安心したいものですな。{0008}	1	
00215	M030.ETC	0.137	お前たちが やきもきしている間に\n向こうを よく見てみるがよいぞ\nカズン殿が やってまいられた!{0008}	1	
00216	M030.ETC	0.138	カズン ただいま戻りました!{0008}	1	
00217	M030.ETC	0.139	うむ ごくろうでありました\nでは・・・早速ですが・・・\n首尾について お聞かせいただこう!{0008}	1	
00218	M030.ETC	0.140	4つのジンを 再び封印することで\n巨人の復活を くい止める使命は!{0008}	1	
00219	M030.ETC	0.141	おお くい止める使命は・・・。{0008}	1	
00220	M030.ETC	0.142	成功・・・いたしました・・・。{0008}	1	
00221	M030.ETC	0.143	そうか! 成功いたしましたか!{0008}	1	
00222	M030.ETC	0.144	さらに パゾートも倒しました!{0008}	1	
00223	M030.ETC	0.145	なんと パゾートも倒したか?\nこりゃめでたい こりゃめでたい!{0008}	1	
00224	M030.ETC	0.146	やったわね カズン!\nあなた 大手柄じゃない?\n私・・・見直しちゃった!{0008}	1	
00225	M030.ETC	0.147	あの・・・カズン様・・・\n私は {000A}様のこと・・・。{0008}	1	
00226	M030.ETC	0.148	あっ いえ・・・それは・・・・。{0008}	1	
00227	M030.ETC	0.149	違うんだよ サラ・・・違うんだ!\n{000A}なんだよ・・・みんな!\n{000A}が やってくれたんだ!{0008}	1	
00228	M030.ETC	0.150	そういえば・・・{000A}・・・\nあいつは どうしたのですか?{0008}	1	
00229	M030.ETC	0.151	そうか・・・そうだった・・・\n{000A}も 行ってましたな・・・。{0008}	1	
00230	M030.ETC	0.152	オデガンが 救われたよろこびで\n{000A}を 忘れておった・・・。{0008}	1	
00231	M030.ETC	0.153	みんな・・・{000A}がやったって?\nそれ・・・どういうこと・・・。{0008}	1	
00232	M030.ETC	0.154	{000A}様が・・・やったのですか?\nジンの封印も・・・パゾートも・・・。{0008}	1	
00233	M030.ETC	0.155	オデガンが・・・国が減びなければ\nそれに立ち向かった・・・者のことは\nどうだって・・・いいんですか王様?{0008}	1	
00234	M030.ETC	0.156	サテラ王女・・・あなたの言葉で\n{000A}も 報われるでしょう\nきっと・・・やすらかに うううっ。{0008}	1	
00235	M030.ETC	0.157	そんな・・・どうして・・・\nなぜ・・・泣くのです・・・。{0008}	1	
00236	M030.ETC	0.158	まさか・・・{000A}様が?\nし 死んだの・・・ですか・・・。{0008}	1	
00237	M030.ETC	0.159	{000A}は 立派でした・・・\nパゾートまでも・・・倒して・・・\n私は・・・くやしくてたまらない!{0008}	1	
00238	M030.ETC	0.160	うそ・・・うそでしょ・・・\nねえ 言ってよ・・・\nうそだと 言って・・・。{0008}	1	
00239	M030.ETC	0.161	国の無事を よろこぶ前に・・・\n戦いに出かけた者を 案ずる人が\nサテラ王女 一人だなんて・・・。{0008}	1	
00240	M030.ETC	0.162	私は・・・そうなのかも知れん・・・\nあれほど 国民のためと思いながら\n{000A}を・・・考えないとは!{0008}	1	
00241	M030.ETC	0.163	そんな・・・それは確かに・・・\nでも こんな時に・・・\nだれが 考えられましょうか?{0008}	1	
00242	M030.ETC	0.164	そうか {000A}が命をかけて\nオデガンを 救ってくれましたか?\nなのに・・・この私は・・・。{0008}	1	
00243	M030.ETC	0.165	カイパ殿・・・あなたまで・・・。{0008}	1	
00244	M030.ETC	0.166	オデガンは・・・冷たい国だ・・・\n私は・・・こんな所はたくさんだ。{0008}	1	
00245	M030.ETC	0.167	帰ろう サラ・・・グランシールへ!\nなつかしい ボウイや仲間たちの所へ。{0008}	1	
00246	M030.ETC	0.168	もう その辺でよかろう・・・\nカズンよ 許して上げなさい!{0008}	1	
00247	M030.ETC	0.169	あなたの 気持ちもわかるが・・・\nそれほど 悲観したものでも・・・\nないかも知れませんぞ カズン殿!{0008}	1	
00248	M030.ETC	0.170	先ほど・・・いわれましたこと・・・\nまさか・・・まだ {000A}が\n生きていると・・・いうことですか?{0008}	1	
00249	M030.ETC	0.171	どう 説明したらよいかのう・・・。{0008}	1	
00250	M030.ETC	0.172	仙人が 先ほど私に語られたことを\n説明されるのが よろしいでしょう!{0008}	1	
00251	M030.ETC	0.173	おお そうか・・・そうじゃのう\nそれが わかりやすいじゃろうな!{0008}	1	
00252	M030.ETC	0.174	さよう あれは・・・ジンの気が消えて\nしばらくして すごい魔法の力と力が\nぶつかり合って いるときじゃった。{0008}	1	
00253	M030.ETC	0.175	きっと {000A}とパゾートが戦って\n魔法を ぶつけ合っているんじゃろうと\nわしは・・・そう思ったんじゃよ。{0008}	1	
00254	M030.ETC	0.176	わしは 並の戦いでないことを感じて\n{000A}に力を貸そうと・・・な\n谷の精を・・・さそいに行ったんじゃ。{0008}	1	
00255	M030.ETC	0.177	ところが グドーに着いた時に\n大きな生命の火が 消えたのじゃ!{0008}	1	
00256	M030.ETC	0.178	わしらの出番は なかったと言って\n谷の精霊と話していた・・・その時\nもう一つの生命が 消えそうになった!{0008}	1	
00257	M030.ETC	0.179	あの時ですよ・・・きっと・・・\n最後の パゾートの声がした直後!\n{000A}を 道連れにしたんです。{0008}	1	
00258	M030.ETC	0.180	そうなる前なら 手を貸せるが・・・\n運命のつきた者に 手は貸せない!\nこれは 自然界のおきて・・・なんじゃ。{0008}	1	
00259	M030.ETC	0.181	残念ながら・・・そうでしたな・・・\nそのおきては どんな精霊であろうと\nやぶっては・・・ならないのでしたな。{0008}	1	
00260	M030.ETC	0.182	パルメキア戦争の 後に知りましたが\nそれをやぶった時は 天バツが下って\n全ての力をうばわれ 迷宮に封じられる。{0008}	1	
00261	M030.ETC	0.183	そうじゃ 怖ろしいばつが待っている\nところが・・・グドーの精霊は行った\n{000A}の所へ 行きおったんじゃ!{0008}	1	
00262	M030.ETC	0.184	それじゃあ {000A}を救いに?\n{000A}は 助かるのですか!{0008}	1	
00263	M030.ETC	0.185	さあ・・・どうじゃろうのう・・・\n様子を見に行った だけかも知れん。{0008}	1	
00264	M030.ETC	0.186	しかし・・・じょうしきで考えれば\nグドーの精も ムチャはせんじゃろな。{0008}	1	
00265	M030.ETC	0.187	カズンの いかりをしずめるために\n気がかりなことを 大きく話しただけ\n・・・それが 本当の所でしょうなあ。{0008}	1	
00266	M030.ETC	0.188	いいえ・・・きっと精霊は・・・\nおきてを 破られたと思いますわ!{0008}	1	
00267	M030.ETC	0.189	サテラの気持ちは よくわかる・・・\nしかし あまり期待せぬ方がよいぞ。{0008}	1	
00268	M030.ETC	0.190	そんな・・・だったら・・・\nその目の前の {000A}様は?\nみなさんには 見えないのですか!{0008}	1	
00269	M030.ETC	0.191	な なんと! {000A}!{0008}	1	
00270	M030.ETC	0.192	{000A}!{0008}	3	
00271	M030.ETC	0.195	あなたなのね {000A}!{0008}	1	
00272	M030.ETC	0.196	ほんに・・・{000A}じゃ!{0008}	1	
00273	M030.ETC	0.197	帰ってきたか {000A}!{0008}	1	
00274	M030.ETC	0.198	{000A}・・・様・・・。{0004}	1	
00275	M030.ETC	0.199	{000A}様・・・。{0004}	1	
00276	M030.ETC	0.200	{000A}!{0004}	1	
00277	M031.ETC	0.57	お前は 新入りの{000A}だな?{0006}\nカイパ様が さっきからお待ちだぜ。\n今は右の通路で 大臣とお話中さ。{0008}	1	
00278	M031.ETC	0.58	この2・3日 おかしいんだ・・・{0006}\n城のけいびを きびしくしてるけど\nいったい 何があったんだろう?{0008}	1	
00279	M031.ETC	0.59	遅いなあ・・・まだかなあ・・・{0006}\nカイパ様に 頼まれたんだけど・・・\n道にでも 迷ったのかも知れない。{0008}	1	
00280	M031.ETC	0.60	英雄ジャイルズ様の 息子ってのが\n今日から 城に来るらしいんだ・・・\nきっと 熊みたいにでかいんだろう?{0008}	1	
00281	M031.ETC	0.61	けいびが 異常にきつくなったけど\n城の東の棟で 何があったんだ?\n我々さえも 通してくれない・・・。{0008}	1	
00282	M031.ETC	0.62	城の東は 王女様のお部屋があるけど\nまさか・・・サテラ王女のお身体に?\nなんて・・・あるわけがないよなあ。{0008}	1	
00283	M031.ETC	0.63	城の西の中庭には ほこらがあるが\nカギがかかっていて 入れないんだ\nあそこには 何があるのかな・・・。{0008}	1	
00284	M031.ETC	0.64	城の西の棟は 兵士の棟になっていて\n非番の者が 自由に休めるんだけど\n男ばかりでは イヤになっちまうよ。{0008}	1	
00285	M031.ETC	0.65	まったく オデガンの兵士ときたら\nグウタラのくせに イバリ散らして\nいざとなったら 頼りになるのかな?{0008}	1	
00286	M031.ETC	0.66	大臣と カイパ様の話を聞いた?\nサテラ王女が ご病気だそうで\n眠りから 目覚めないらしいよ。{0008}	1	
00287	M031.ETC	0.67	この先は オデガン王家の宝物庫だ\n許しのない者は 立ち去るがよい!{0008}	1	
00288	M031.ETC	0.68	この地下にある オデガン王家の宝は\nオデガン国にとって 重要な物らしい\nどんなことがあろうと 守り抜くのだ。{0008}	1	
00289	M031.ETC	0.69	いったい 急にどうしたんだろ?\n城の守りを 固めろとの命令で\n城内は けいびでいっぱいだぜ。{0008}	1	
00290	M031.ETC	0.70	今日 ホビット村の村長たちが\n王様に 会いに来る約朿なんだけど\n追い返せと 命令があったんだ{0005}	1	
00291	M031.ETC	0.71	でも なんかおかしいよ・・・{0006}\nあんなに 仲の良かったホビットに\n王様が 会おうとしないだなんて。{0008}	1	
00292	M031.ETC	0.72	ホビットの村は 北の洞窟を越えた\nずっと 西の方にあるんだけど・・・{0006}\n彼らは 何の用事でやってくるのかな?{0008}	1	
00293	M031.ETC	0.73	本当はオレ 今日は休みなのに\nけいびの仕事を やらされてるんだ\nああ いやになっちまうよ・・・。{0008}	1	
00294	M031.ETC	0.74	サテラ王女は 毎日 歌いながら\n中庭の花をつむのが 日課でした・・・{0006}\nでも3日ほど 歌が聞こえないのです。{0008}	1	
00295	M031.ETC	0.75	あれほど 食欲の進んでいた王様が\n好物のシチューを ほとんど残された{0006}\n・・・おなかの具合でも 悪いのかな?{0008}	1	
00296	M031.ETC	0.76	うーん・・・どの本を調べたところで\n眠り続ける奇病など どこにもない!{0005}	1	
00297	M031.ETC	0.77	お身体を調べても 異常はないし・・・{0006}\n王様も何かをかくしていらっしゃるし\nなんともはや 困り果てましたぞ!{0008}	1	
00298	M031.ETC	0.78	いま 話し中だから\nちょっと 待っててくれ!{0008}	1	
00299	M031.ETC	0.79	その後・・・パゾートからは\n連銘してこない・・・{0006}らしい。{0008}	1	
00300	M031.ETC	0.80	ホビットたちと 連銘を取れば\nサテラ様の・・・保証しないとか?\nいったい 何が狙いなのでしょう。{0008}	1	
00301	M031.ETC	0.81	・・・まるで ジャイルズに\nそっくりなヤツ・・・{0006}まてよ?{0008}	1	
00302	M031.ETC	0.82	おまえは ジャイルズの息子\n・・・{000A}に間違いない!\nそうだな? {000A}だよな!	1	
00303	M031.ETC	0.83	{0002}ハハハッ ウソをついてもわかるぞ\nお前は ジャイルズにそっくりだ。{0008}	1	
00304	M031.ETC	0.84	{0002}ワハハッ やっぱり{000A}だったか!\nお前は ジャイルズにそっくりだ。{0008}	1	
00305	M031.ETC	0.85	彼が 先程話しました{000A}!\n今日から 城に勤めることになる\nジャイルズの 息子でございます。{0008}	1	
00306	M031.ETC	0.86	ほほう お前が{000A}!\nあのジャイルズの 血を引きし者か!{0008}	1	
00307	M031.ETC	0.87	アルフッ アルフッ{0006}\nアルフレッドは いないか!{0008}	1	
00308	M031.ETC	0.88	はい ここにおります!{0008}	1	
00309	M031.ETC	0.89	ちょっと こっちに 来てくれないか!{0008}	1	
00310	M031.ETC	0.90	はい ただいま まいります。{0008}	1	
00311	M031.ETC	0.91	私は 何かと忙しいので\n当面のことは 彼に頼んである\nしばらくは アルフと行動してくれ!{0008}	1	
00312	M031.ETC	0.92	大臣 大変お待たせしました\nそれでは 王様の所にまいりましょう。{0008}	1	
00313	M031.ETC	0.93	はじめまして ボクはアルフレッド\nまだ 入ったばかりの新米兵士なんだ{0005}	1	
00314	M031.ETC	0.94	そうか キミが{000A}だったのか・・・\nもっとデカくて 強そうな人かと思った{0006}\nキミとなら 気が合いそうな気がする。{0008}	1	
00315	M031.ETC	0.95	ボクらは 夜の警備の仕事なんだけど\nまだ時間があるから 色々見てきたら?{0005}	1	
00316	M031.ETC	0.96	ファー・・・ボクは 一足先に\n夜勤用の ベッドルームへ行ってるね。{0008}	1	
00317	M031.ETC	0.97	・・・ホビット族の長老達が\n王様に会わせろと 帰らないんだ!{0008}	1	
00318	M031.ETC	0.98	ホビット族の長老を 追い帰せって\n命令する方は 楽だろうさ・・・{0006}\n自分で やってみろってんだよ!{0008}	1	
00319	M031.ETC	0.99	ホビットの長老は 西の王と呼ばれ\nオデガン西の地方を 支配している\nそれは 力のある種族の長なんだ。{0008}	1	
00320	M031.ETC	0.100	王様が お会いできないことは\n長老に ご連銘ずみのはずです\nどうか お引き取り下さい!{0008}	1	
00321	M031.ETC	0.101	いいや 絶対 帰らんぞ!\nオデガンの地の 一大事の時に\nどうして 帰れるというのじゃ。{0008}	1	
00322	M031.ETC	0.102	そなたらも ワシと王との仲は\n十分 承知しておろうが?{0008}	1	
00323	M031.ETC	0.103	だったら はよう取り次がんかい!{0008}	1	
00324	M031.ETC	0.104	・・・ですから 何度も言うように\n本日は 王様の体調が悪いので\n日を改めて 頂きたいのです!{0008}	1	
00325	M031.ETC	0.105	うんにゃ ワシは引き下がらん\nオデガン王と 会見できるまで\n一歩も ここを動かんからな!{0008}	1	
00326	M031.ETC	0.106	ホビットの長老が やってきたのか?\n城の正門のあたりが さわがしいな。{0008}	2	
00327	M031.ETC	0.107	くそっ どうしたら帰ってくれるんだ?\nまったく・・・こんなイヤな役目を\nオレたちに 押しつけやがって!{0008}	1	
00328	M031.ETC	0.108	ファー 家で寝ると良く眠れるよ\nでも・・・夕べの夜勤の者たちは\n仕事のくせに 寝てたんだってな?{0008}	1	
00329	M031.ETC	0.109	夕べは 夜勤だったんだけど・・・\n眠ってしまって 気がついたら朝だろ\n今から 眠れやしないから困ったよ。{0008}	1	
00330	M031.ETC	0.110	朝 オデガン城に やってきたら\nみんな寝てるんで ビックリさ!\nまったく みんな だらしがないぜ!{0008}	1	
00331	M031.ETC	0.111	王様に呼ばれて・・・道順がわかるか?\nここは まるで迷路のようだからなあ\nよし オレが道順を教えてやるよ!{0005}	1	
00332	M031.ETC	0.112	そこを南に行って 部屋の階段を上って\n2階を東に行くと 大広間に出るから\n中央の階段をよけて 北に行けばいい。{0008}	1	
00333	M031.ETC	0.113	突然 キリが流れてきたんだ・・・\nそしたら 頭がボーッとしてきて\n気がついたら・・・朝になってた。{0008}	1	
00334	M031.ETC	0.114	夕べ この城の西側の者たちが\n全員 眠ってたことを知って・・・\n大臣も カイパ様もおこってたなあ。{0008}	1	
00335	M031.ETC	0.115	夕べは 城の西側の建物の方だけ\nキリが かかっていたらしいんだよ\nあれは・・・エルフの魔法だって?{0008}	1	
00336	M031.ETC	0.116	西側の兵士が 眠らされてたとか・・・\n数日前にも そんなことがありましたが\nあの時は 東側の建物でしたよね?{0008}	1	
00337	M031.ETC	0.117	眠らされるとは 情けないヤツらだ\n宝を守る 私のようなエリート兵士は\n魔法などに 屈しないぞ わはははっ。{0008}	1	
00338	M031.ETC	0.118	エルフ族が使う 眠りの魔法は\nとても 強力なものだと聞いているが\nかけられたら どんな気持ちなのかな?{0008}	1	
00339	M031.ETC	0.119	きのうは ホビットの長老のおかげで\n正門の兵士は 大変な思いをしたんだ。{0008}	1	
00340	M031.ETC	0.120	えっ 目の回りにアザができてる?\nそうだよ 名よのふしょうだよ・・・{0005}	1	
00341	M031.ETC	0.121	ホビットの長老を 帰そうとしたら\nコウフンした長老に なぐられたのさ。{0008}	1	
00342	M031.ETC	0.122	おい そいつの顔を見ても 笑うなよ\nホビットの長老に なぐられたアザで\nすごく 気が立っているはずだからさ。{0008}	1	
00343	M031.ETC	0.123	ここの所 オデガン城では色々起こるな\nホビットの長老が 押し掛けたと思えば\n夕べは エルフの魔法事件だもんな!{0008}	1	
00344	M031.ETC	0.124	メシ メシって どうなってるんだ?\n今日はまた 兵士たちが腹を滅らして\n兵士の数が 倍にでもなったみたいだ。{0008}	1	
00345	M031.ETC	0.125	また おかわりを もらいに来たのか?\n残念だけど 今日は売れ行きが良くて\n何も残ってないんだ 帰った 帰った!{0008}	1	
00346	M031.ETC	0.126	うーん・・・うーん・・・\nやはり どの本を調べてみても\n眠り続ける病は 記されていない{0005}	1	
00347	M031.ETC	0.127	こうやって 調べている間に\n王女の病が 直ってたらいいなあ\nトホホ・・・ホントに どうしよう。{0008}	1	
00348	M031.ETC	0.128	{0015}死んだように 眠っている{0008}	1	
00349	M031.ETC	0.129	{000A}が 事件を解決したから\nオデガンも 平和に戻るだろう・・・\nああ 出世のチャンスを逃したぜ。{0008}	1	
00350	M031.ETC	0.130	ああ また ひどい目にあったよ\nまさか・・・あのパゾートたちが\nこのオデガン城に 押し入るとは!{0008}	1	
00351	M031.ETC	0.131	まだ オデガンに勤めたばかりの\nお前が ダークエルフを倒した?\nウーン どうも信じられないぞ。{0008}	1	
00352	M031.ETC	0.132	お前は 活躍したからいいけど\nオレは 眠らされて頭を打ったのか?\nコブができちゃったんだ おお痛ぇ。{0008}	1	
00353	M031.ETC	0.133	あの魔法は キリの魔法なのか?\nオレが 魔法で眠らされる時は\n直前に いつもキリが出てきた!{0008}	1	
00354	M031.ETC	0.134	今度の手柄で お前の位が上がったら\nもう けいびの仕事はやらないだろう?\nだけど 気軽に話しかけてくれよな。{0008}	1	
00355	M031.ETC	0.135	{000A}殿は ほかの兵士たちとは\nものがちがうと 思ってましたが\nやっぱり やってくれましたね。{0008}	1	
00356	M031.ETC	0.136	手柄を お立てになった{000A}殿は\nきっと エラくなられることになって\n自分をみがく 仕事が与えられるはず!{0005}	1	
00357	M031.ETC	0.137	もしも 城でわからないことがあれば\nギルドの連中を たずねてみて下さい\n魔法使いは 物知りですからねぇ。{0008}	1	
00358	M031.ETC	0.138	ダークエルフの 魔法の前に\n我々も 眠ったといわれますかな?{0005}	1	
00359	M031.ETC	0.139	まあ 何といわれても けっこう!\n宝物庫の宝は 無事だったのです。{0008}	1	
00360	M031.ETC	0.140	眠りの魔法に かけられた気持ちは\nとても ひとくちじゃ言えないけど\nもう一度・・・かかってもいいなあ。{0008}	1	
00361	M031.ETC	0.141	この国は ホントに不思議な所さ!\nこの前は もやした大木の下から\nどうくつが見つかったものなあ。{0008}	1	
00362	M031.ETC	0.142	パゾートの使う 眠りの魔法は\nなんて 強力な魔法なんだろう\n城の者すべてを 眠らすなんて!{0008}	1	
00363	M031.ETC	0.143	城をさわがせた 事件が解決したなら\n外に出て 地面でもほってみようかな?\nたまに 宝が見つかることがあるんだ。{0008}	1	
00364	M031.ETC	0.144	ダークエルフを 追い払ったと聞いて\nゆだんして 守りを甘くしていたら\nまた 変なヤツにねらわれますぞ。{0008}	1	
00365	M031.ETC	0.145	王様が 昔のように食欲をもどして\nすごいいきおいで 食事を取られる\nそのおかげで また忙しいんです。{0008}	1	
00366	M031.ETC	0.146	{000A}殿! 大活躍だったそうですね!\nダークエルフから サテラ王女を守り\nやつらを 追い払ったって聞きましたよ。{0008}	1	
00367	M031.ETC	0.147	{000A}殿 ありがとうございます\nあなたのおかげで 王女がめざめて\n私も仕事を 続けることができます。{0008}	1	
00368	M031.ETC	0.148	お帰り {000A}!\n剣士の冒険は 順調かい?\nオレも そういうのが仕事ならな。{0008}	1	
00369	M031.ETC	0.149	夕べ 王家の墓の方に向かう\nサテラ王女を 見た者がいる・・・\nまあ そんなことはあり得ないけど。{0008}	1	
00370	M031.ETC	0.150	あれは たしかにサテラ王女だった\n・・・でも それをみんなに話しても\nだれも信じてくれん さみしいぜ。{0008}	1	
00371	M031.ETC	0.151	サテラ王女が 夜中に歩き回るなんて\nだれが 信じられるかってんだよ!\nなあ お前も そう思うだろ?{0008}	1	
00372	M031.ETC	0.152	夜中の城内で サテラ王女を見たけど\nどうせ だれも信じちゃくれないさ\nやっぱり 言わなくてよかったな!{0008}	1	
00373	M031.ETC	0.153	サテラ王女が 王家の墓から帰って\n万事が うまく済んだと思ったけど\n何だか おかしな具合になってるなあ。{0008}	1	
00374	M031.ETC	0.154	えっ 何ですか 私がそんな・・・\n王女様を うたがうわけがありません\nそれとも しょうこでもありますか!{0008}	1	
00375	M031.ETC	0.155	私は 正直に申し上げますが・・・\n王女様は行動といい おかしすぎます\n外見は本物でも 中身はどうですか?{0008}	1	
00376	M031.ETC	0.156	私は・・・サテラ王女のためなら\nどんなことでも 従います・・・\n私は・・・王女のしもべです。{0008}	1	
00377	M031.ETC	0.157	お美しい・・・サテラ王女・・・\nなんなりと お申しつけ下さい・・・\n必ず お役に立って見せます・・・。{0008}	1	
00378	M031.ETC	0.158	王女様が 町に出かけたという話を\n{000A}は 聞いてたかい・・・\nでも いま お帰りになったんだ。{0008}	1	
00379	M031.ETC	0.159	うーん 王女様は いつもお美しい\nこんなに近くで 会えるなんて・・・\nあれ? お一人で外出だったのかな?{0008}	1	
00380	M031.ETC	0.160	王様も 寛大になったんだなあ・・・\nあんなに かわいがってた王女様が\nお一人で外に出るのを 許可したんだ。{0008}	1	
00381	M031.ETC	0.161	オデガン城の 危険が去ったからって\nみんな ゆだんをしすぎてる気がする\nだから 王女まで一人で外出するのさ。{0008}	1	
00382	M031.ETC	0.162	最近 王様が食欲のない分だけ\n王女様が よくお食べになってます\nこの前は 牛1頭をペロッですから!{0008}	1	
00383	M031.ETC	0.163	王女様が ダークエルフから助けられ\n昔のように 美しく歌われると思ったら\nお声が・・・ハスキーに変わってました。{0008}	1	
00384	M031.ETC	0.164	王様の病気も 治せないのかって\nまた どなられちゃいましたよ\nええ ええ どうせそうですとも!{0008}	1	
00385	M031.ETC	0.165	ガクガクガク・・・ブルブルブル\n私がふるえてるのは 武者ぶるいです\n怖がってるわけでは ありませんぞ。{0008}	1	
00386	M031.ETC	0.166	この真っ昼間に 敵がやってくるとは\nあなた方が ふがいないからですぞ\nキズを負ったら どうしてくれます!{0008}	1	
00387	M031.ETC	0.167	大臣の命令で 守りを固めたが・・・\nまさか 宝物庫のけいびの者たちが\nジンのオーブを 持ち去るなんて!{0008}	1	
00388	M031.ETC	0.168	こっちは だいじょうぶだから\n安心して 敵を追ってくれ!\nアリの子1匹 通さないからな!{0008}	1	
00389	M031.ETC	0.169	女エルフが 王女に化けてたなんて\nとんでもないこと しでかしやがる!\n{000A} そいつを逃がすなよ。{0008}	1	
00390	M031.ETC	0.170	兵士仲間が 敵に手を貸すなんて\nオデガン兵の 面よごしだってんだ\nでも 操られてる だけなんだろ?{0008}	1	
00391	M031.ETC	0.171	イヤ こっちには 敵は来なかった!\n王家の墓方面に 向かったはずだから\nあっちの中庭を 抜けてくのがいいぜ。{0008}	1	
00392	M031.ETC	0.172	おそかったじゃないか {000A}!\nお前が迷ってるかと 待ってたんだよ\nここを東に 王家の墓方面に行くんだ。{0008}	1	
00393	M031.ETC	0.173	あれ なんで こっちに来るんだよ\nそのまま 東側の出口を抜けるんだ\n王家の墓方面だって 聞かなかったか?{0008}	1	
00394	M031.ETC	0.174	お前って 方向オンチだったのか?\nこんなとこで ゆっくりしてたら\n女エルフに 逃げられちまうぜ!{0008}	1	
00395	M031.ETC	0.175	けっこうな人数の オデガン兵士が\n西の地方の ジンの迷宮に向かった\n危険な所らしいが だいじょうぶかな?{0008}	1	
00396	M031.ETC	0.176	いやあ イザというじたいにもなると\nオデガン兵士も 見上げたものですな\n西の地方に 出かけていきましたぞ。{0008}	1	
00397	M031.ETC	0.177	これは ホンのウワサなのですが\n西の地方に向かう どうくつ近くには\n空中を進める すごい宝があるとか!{0005}	1	
00398	M031.ETC	0.178	ただし そのどうくつに入っても\n並の力では 奥まで進めぬほどの\nキケンが 待ち受けているそうです。{0008}	1	
00399	M031.ETC	0.179	大臣から 命令を受けてるから\n安心して 宝を持って行くがいいさ{0005}	1	
00400	M031.ETC	0.180	でも これまで命がけで守った宝を\n{000A}が 持って行っちまうとは\n何だか すごくフクザツな心境だぜ。{0008}	1	
00401	M031.ETC	0.181	ジンのオーブと 呼ばれる宝玉が\nパゾートたちに うばわれたせいで\n多くの兵が 西の地方に向かった{0005}	1	
00402	M031.ETC	0.182	やつらとは 長いつきあいだったが\nまた 酒をくみ交わせるかどうか?{0008}	1	
00403	M031.ETC	0.183	オレたちは 平和の意味さえもわすれ\nいままで 変化ばかりを求めてきたが\nそんなもんじゃ なかったんだ・・・{0005}	1	
00404	M031.ETC	0.184	こうして わざわいが起こって\n初めて 平和のとうとさを知ったよ。{0008}	1	
00405	M031.ETC	0.185	オデガン軍が 進軍するからといって\nコックまで 連れて行かなくてもねぇ\nああ 今日から 私も一人ですよ。{0008}	1	
00406	M031.ETC	0.186	うばわれた宝玉を とりもどしに\n多くの兵が 西へ向かったそうだ\nこれで ひと安心・・・かな?{0008}	1	
00407	M031.ETC	0.187	あんな ヘンな生き物が\nペットだなんて・・・{0005}	1	
00408	M031.ETC	0.188	カーリーってやつの まわりには\nあんなのが たくさんいるのかな?\nああ オレは理解に苦しむぞ。{0008}	1	
00409	M031.ETC	0.189	まさか 宝を守るエリート兵士が\nカーリーとかいう ダークエルフに\nあやつられて 宝を盗まれるなんて。{0008}	1	
00410	M031.ETC	0.190	ジンが 解放されたことによって\n伝説の巨人が 活動をはじめたんだ\n・・・みんな ウワサしているよ。{0008}	1	
00411	M031.ETC	0.191	このゆれは 気味が悪くてたまりません\n毎日 少しづつ大きくなっていくようで\n巨人の復活も 間近ですかなあ・・・。{0008}	1	
00412	M031.ETC	0.192	王様の顔色が 日増しに悪くなって\nあのままでは 倒れてしまわれる!\nしかし 私では どうにもなりません。{0008}	1	
00413	M031.ETC	0.193	宝物庫の宝を 守る必要がなくなると\nいけないと思っても 気が抜けるんだ\nオレは ここで何をけいびするんだ?{0008}	1	
00414	M031.ETC	0.194	{000A}は 責任を感じる必要ない\nお前は いっしょうけんめいやってて\nオレたちも わかってるんだからさ。{0008}	1	
00415	M031.ETC	0.195	ここまでの オデガンのピンチは\nいままでも なかったけどさ・・・{0005}	1	
00416	M031.ETC	0.196	わが軍が ホビット村についていれば\n長老が 何か いってくると思ってた\nそんなに はくじょうだったのかな?{0008}	1	
00417	M031.ETC	0.197	王様の食が 日増しに細ってるから\n精力のつくものを 食べてもらうんだ\nさあて 何を食べてもらおうか・・・。{0008}	1	
00418	M031.ETC	0.198	西の地方に行った オデガン軍は\nいったい 何やってるんだろう?\nあいつら・・・ダメだったのかなあ。{0008}	1	
00419	M031.ETC	0.199	城の西にある ほこらの奥には\nいったい 何がかくされてんだ!\nあの辺が やけにゆれる気がする。{0008}	1	
00420	M031.ETC	0.200	この前 風のジンが飛んできた日から\nあのユレが 収まってしまったんだ\nこれはいったい どういうことだろう?{0008}	1	
00421	M031.ETC	0.201	ホビットの長老が やってきた時\n一緒に来ていた エルフ族の若者が\n長老の使いだといって 来ているのです。{0008}	1	
00422	M031.ETC	0.202	巨人の沈んだ 地底の沼というのが\n城の地下にあると 知ってましたか?\n災厄が 足下にありましたとは・・・。{0008}	1	
00423	M031.ETC	0.203	宝物庫を 一緒に守っていた仲間は\n西の地方に 進軍してから帰らない\nうーむ やられちゃったのかなあ。{0008}	1	
00424	M031.ETC	0.204	ホビットと やってきたエルフ族は\nわが国の 味方だったんだな・・・\n最初は けいかいしたんだけどさ。{0008}	1	
00425	M031.ETC	0.205	怖ろしい パゾートの4人の手下を\n{000A}が やっつけたのかよ\nお前・・・本当に強かったんだなあ。{0008}	1	
00426	M031.ETC	0.206	風のジンが 飛んできたってことは\n4つのジンが ヤツらに解放されて\n巨人を 復活させてるってことだろ。{0008}	1	
00427	M031.ETC	0.207	ブルブルブル・・・ガタガタガタ\n巨人が 復活しようとしてると思うと\nどうにも ふるえが止まらないんだよ。{0008}	1	
00428	M031.ETC	0.208	西のほこらで 怪しいかげを見たんだ\nパゾートの手下が 倒されたとしたら\nあれは・・・パゾートだったのか!{0008}	1	
00429	M031.ETC	0.209	カズン殿 聞きましたよ!\n巨人の復活を くい止めたそうで\nやってくれましたなあ わっはっは。{0008}	1	
00430	M031.ETC	0.210	いや やったのは私ではなく\n巨人は 封ぜられましたが・・・。{0008}	1	
00431	M031.ETC	0.211	どうしたのです カズン殿・・・\nこんな ゆかいな日はありませんぞ\nオデガンが 平和になったのです!{0008}	1	
00432	M031.ETC	0.212	そ そうですね・・・それでは・・・\n私は 王様に報告にまいりますので!{0008}	1	
00433	M031.ETC	0.213	剣士様に出世した {000A}殿も\nカズン殿には かなわなかったとは!\nまあ あいつにも いい薬ですなあ。{0008}	1	
00434	M031.ETC	0.214	{000A}は {000A}は・・・\nううっ 何がわかる ううっ・・・。{0008}	1	
00435	M031.ETC	0.215	なあ おい・・・オレ・・・\nいま 何か変なこと言ったか?{0008}	1	
00436	M031.ETC	0.216	いやあ・・・どうかなあ・・・。{0008}	1	
00437	M031.ETC	0.217	古代のほこらの マグマの先へ!\nジャンプシューズの ジャンプ力では\nマグマの運河は渡れない と書いてある。{0008}	1	
00438	M031.ETC	0.218	ヘビーシューズの 利用と効力\nその場ジャンプで ヒビの床を割り\n移動キックで 木のブロックを動かす。{0008}	1	
00439	M031.ETC	0.219	エルフ族の持つ 魔法の道具!\nエルフの 初歩の眠りの魔法は\n目覚めの石で バッチリ対抗だ!{0008}	1	
00440	M031.ETC	0.220	砂の迷宮の 仕切りの中の宝箱は?\n上下の地形を じっくり考えて\n真上から 落ちてみたりするのも手だ。{0008}	1	
00441	M031.ETC	0.221	雲のモンスターの 傾向と対策は?\n上空にいるときは ひたすら逃げて\n低空のときに すかさず斬りつけろ!{0008}	1	
00442	M031.ETC	0.222	動く石像で 動かぬ石像が動くとき!\n王家の墓の 動く石像を押してみると\n地ひびきと共に じゃまな石像が動く。{0008}	1	
00443	M031.ETC	0.223	パッセージミラーの ナゾにせまる!\n火の迷宮に かくされた魔法の鏡は\n魔法の鏡に合わせると 鏡の迷宮に?{0008}	1	
00444	M031.ETC	0.224	炎の もえさかる通路を抜けろ!\nヘビーシューズと ブラストの魔法だ\nどうしても 通れない壁にも試したら。{0008}	1	
00445	M031.ETC	0.225	グドーの精霊は いたずら好き?\nまず人前に 本当の姿を現さないで\n変化の姿で 色々な場所に出没する。{0008}	1	
00446	M031.ETC	0.226	トゲトゲサボテンと 出会ったら?\n足をすくって 横倒しにしてみるのだ\nトゲを引っ込めたら すかさず攻撃開始。{0008}	1	
00447	M031.ETC	0.227	パワーグラブ そのおどろきの力!\nその魔法のグラブに 秘められし力は\n石像や爆弾や火山弾さえ 投げられるぞ!{0008}	1	
00448	M031.ETC	0.228	ホビットは オデガン西の水辺の住人!\n千年樹の先の 川向こうに住んでいて\nその近くに 水の迷宮などがあるのだ。{0008}	1	
00449	M031.ETC	0.229	グドーの迷宮は ヒビの床に落ちてみろ!\n一段上がった 高台の地形に上るには\nヒビの床に穴をあけ 落ちてみることさ。{0008}	1	
00450	M031.ETC	0.230	砂の迷宮の宝 モグラハンドの活用!\n砂が続く場所ならば どこであろうと\n壁の中さえも もぐっていけるのだ!{0008}	1	
00451	M031.ETC	0.231	迷いの森の 忘れられた古代の宝!\nものぐさな 古代人の発明した宝は\n座ったまま物が取れる 第2の手だ。{0008}	1	
00452	M031.ETC	0.232	ライフストックの 回復の方法!\n現在の ライフ以外を保存する器は\n宿に泊まることで 回復する器だ。{0008}	1	
00453	M031.ETC	0.233	水辺のカメとの 賢いつきあい方!\n大きなユレでひっくり返したカメは\n押すと勢いよく滑り ミゾにはまるぞ。{0008}	1	
00454	M032.ETC	0.57	ここは 夜勤の者のための\n仮眠用の ベッドルームだ\n利用する者は 申告してくれ。{0008}	1	
00455	M032.ETC	0.58	ムニャムニャ・・・スースー{0008}	1	
00456	M032.ETC	0.59	頼むから 起こさないでくれ・・・\nオレ 寝付きがすごく悪いから\n必死に 寝ようとしてるんだ・・・。{0008}	1	
00457	M032.ETC	0.60	カイパ様は けいびを強化すると\nこんな所まで 兵を配備したが\nここを 守る必要があるのかな?{0008}	1	
00458	M032.ETC	0.61	はい なんでしょう・・・?\n王様に ご用事があるのでしょうが\n今は 誰とも会われないそうですわ。{0008}	1	
00459	M032.ETC	0.62	私・・・王様を見ていられません\nサテラ王女のことで 心を痛めて\n食事も ノドを通らないのですわ。{0008}	1	
00460	M032.ETC	0.63	王様を こんな目にあわせたのは\nダークエルフの パゾートですって!\nあなたは その人をご存じですか?{0008}	1	
00461	M032.ETC	0.64	王様は ホビットたちと会えると\nあんなに 楽しみにされていたのに\nどうして 追い返すことにしたのかしら。{0008}	1	
00462	M032.ETC	0.65	王様は 誰ともお会いになりません!\nこんなことになったのも 元を正せば\n兵士たちが なまけていたおかげですぞ。{0008}	1	
00463	M032.ETC	0.66	魔法使いの パゾートの狙いは・・・\nオデガンに対する 挑戦に違いない\nヤツは オデガン軍をなめているのです。{0008}	1	
00464	M032.ETC	0.67	王様とホビットを 会見させないのには\nヤツの企みと・・・関係がありますぞ\nうむ きっと そうに違いありません。{0008}	1	
00465	M032.ETC	0.68	学者殿は どうされましたか・・・\n眠り続ける病について 調べに行って\n3日ほど 戻って来られませんなあ。{0008}	1	
00466	M032.ETC	0.69	この先は 玉座になっている!\nたとえ 我がオデガン兵士であろうと\nむだんで進ませる わけにはまいらん。{0008}	1	
00467	M032.ETC	0.70	どうも お前は新入りらしいから\n王様に 会ってみたいのだろうが\n今日のところは あきらめるんだな。{0008}	1	
00468	M032.ETC	0.71	ここは サテラ王女のお部屋です\n殿方の出入りは 許されません\nどうか お戻り下さい。{0008}	2	
00469	M032.ETC	0.72	サテラ王女は とても気さくな方で\n声をかけて頂くのが 楽しみなのだ\nでもこの数日・・・姿を見ないな。{0008}	1	
00470	M032.ETC	0.73	ムームムムッ パゾートめぇぇっ\n私の大事な サテラ王女に何を!{0005}	1	
00471	M032.ETC	0.74	私は約朿通り ホビットに会わんぞ\n・・・しかし あのオーブは渡せん\n王家の宝 魔法のオーブだけは・・・。{0008}	1	
00472	M032.ETC	0.75	ウ ウーン・・・スヤスヤ・・・。{0008}	1	
00473	M032.ETC	0.76	お前さんは 新米の{000A}だな?\nアルフレッドから 申告は受けてる\n空いてるベッドを 利用してくれ。{0008}	1	
00474	M032.ETC	0.77	ここは 仮眠用のベッドで\n眠ることが できます\n夜まで 眠りますか?	1	
00475	M032.ETC	0.78	・・・う うーん・・・。{0008}	1	
00476	M032.ETC	0.79	やあ {000A}・・・\nもう 色々と見てきたのかい?{0005}	1	
00477	M032.ETC	0.80	だったら テーブルの兵士に話して\nベッドで 眠ったらいいよ・・・\nそれじゃ おやすみ・・・すやすや。{0008}	1	
00478	M032.ETC	0.81	・・・う うーん・・・\nぐーぐー すやすや・・・。{0008}	1	
00479	M032.ETC	0.82	あいつら・・・夕べ寝てたはずなのに\nまた 仮眠ベッドで寝ちまったんだ\nよく眠れるなあ ウン ビックリだ。{0008}	1	
00480	M032.ETC	0.83	あ あ キリが・・・キリが・・・\nなんだか・・・気持ちがいい・・・\nグーッ・・・スヤスヤ・・・。{0008}	1	
00481	M032.ETC	0.84	毛布は・・・いいよなあ・・・\n夕べは・・・地面だったから・・・\nやっぱりベッドさ・・・ぐーぐー。{0008}	1	
00482	M032.ETC	0.85	夕べは エルフの眠りの魔法で\n大変だったらしいのに・・・\nお前たちは 大丈夫だったんだって?{0008}	1	
00483	M032.ETC	0.86	はじめて 王様と会われるのならば\n南の正面から まっすぐ入ってらして!\nそして まず王様と会われますように。{0008}	1	
00484	M032.ETC	0.87	大臣をはじめ みなさん集まって\n{000A}殿を お待ちになってます\nどうぞ 王様の所まで お急ぎ下さい。{0008}	1	
00485	M032.ETC	0.88	強力なエルフの魔法に 負けない方って\nいったい どんな強者なのかと思ったら\n意外とかわいいので おどろいちゃった。{0008}	1	
00486	M032.ETC	0.89	{000A}殿で ございますね?\n王様をはじめ みなさん心配してますわ\n城の中を 迷ったんじゃないかって!{0008}	1	
00487	M032.ETC	0.90	あなたが エルフの魔法に打ち勝つ\n強力な精神力の持ち主 {000A}殿?\nははあ・・・イメージが狂いましたな。{0008}	1	
00488	M032.ETC	0.91	あなた方の 存在を知った王様は\n少しだけ 元気を取り戻しました\n早く 正面から まっすぐ王様の所へ!{0008}	1	
00489	M032.ETC	0.92	魔法に打ち勝つ 精神力を持つのは\nなるほど ジャイルズ様の血筋ですか!\nまずは正面から 王様のところへお急ぎを。{0008}	1	
00490	M032.ETC	0.93	{000A}殿は 血筋の良さを感じます\nしかし あのアルフレッドという兵士は\n本当に 頼りになりますかなあ ウーム。{0008}	1	
00491	M032.ETC	0.94	{000A}殿は 中に進むがよい\n・・・その前に 教えてほしいのだ{0005}	1	
00492	M032.ETC	0.95	エルフの魔法に 耐えられたらしいけど\n・・・本当に だいじょうぶだったのか!\nオレにも コツを教えてくれんかな?{0008}	1	
00493	M032.ETC	0.96	コッホン どうぞ 王様が待ってるよ\n・・・早速 王様にお目通り願えるとは\nまったく お前は 本当についてるぜ。{0008}	1	
00494	M032.ETC	0.98	おかしい・・・どうしてだろうか?\nサテラ王女が 今日も出てこないのは\nどう考えても ふつうとは思えんぞ。{0008}	1	
00495	M032.ETC	0.99	夕べは エルフの魔法があったのに\n夜の間 けいびを続けたそうだな?\n{000A}よ 本当にでかしたぞ!{0008}	1	
00496	M032.ETC	0.100	アルフレッドの話が まことの事なら\nお前たちは 願ってもない人材だぞ\nさあ 王様の前に 進むがいい!{0008}	1	
00497	M032.ETC	0.101	・・・{000A}が 遅いものだから\n来ないんじゃないかと 心配したよ\n頼むから・・・話を合わせてよね!{0008}	1	
00498	M032.ETC	0.102	本当に 何もなかったのだな?{0008}	1	
00499	M032.ETC	0.103	だが・・・西の門の衛兵は\nエルフに 眠らされていた・・・。{0008}	1	
00500	M032.ETC	0.104	王様! エルフの眠りの魔法が\n彼らに 効かなかったのでしょうか?{0008}	1	
00501	M032.ETC	0.105	わからん・・・わからんが\nやつらが侵入を 企んだからには\nサテラのけいびを 強化しなければ!{0008}	1	
00502	M032.ETC	0.106	王様に 申し上げます\n{000A}殿が まいりました。{0008}	1	
00503	M032.ETC	0.107	おそいぞ {000A}!\nさあ 早く こちらに来なさい。{0008}	1	
00504	M032.ETC	0.108	そちが {000A}だな?\n・・・待ちかねたぞ!{0008}	1	
00505	M032.ETC	0.109	王様 いかがでございましょう?{0008}	1	
00506	M032.ETC	0.110	ウム そちの言う通りじゃ\nジャイルズに よく似ておるの。{0008}	1	
00507	M032.ETC	0.111	あの悪夢のような ドラゴンの日から\nやがて 10年にもなるかな・・・{0005}	1	
00508	M032.ETC	0.112	そちを見ていると 不思議な気分だ\nまるで あの勇者ジャイルズが\nオデガンに 戻ったようで・・・。{0008}	1	
00509	M032.ETC	0.113	夕べ 城の西側で異変が起こった。\n衛兵が 眠らされていたのだ!{0008}	1	
00510	M032.ETC	0.114	我々が 今朝 登城してみると・・・\n西側の者が 眠らされていたのだ・・・\nどうも エルフの魔法によるものらしい。{0008}	1	
00511	M032.ETC	0.115	あのダークエルフめが・・・\nサテラ姫だけでは もの足りず\nこんなことまで たくらみおって!{0008}	1	
00512	M032.ETC	0.116	大臣! そこまでだ。{0008}	1	
00513	M032.ETC	0.117	これは 私としたことが・・・{0006}\nよけいなことまで ペラペラ・・・{0006}\nたいへん 申し訳ございません。{0008}	1	
00514	M032.ETC	0.118	{000A}! キミは\nだいじょうぶだったそうだな?	1	
00515	M032.ETC	0.119	{0002}おかしいな? アルフがいうには\n君たちに 異常がなかったというが\nアルフの言っていたのは 本当か?	1	
00516	M032.ETC	0.120	{0002}やはり そうなのだな!{0008}	1	
00517	M032.ETC	0.121	王様! 王女を・・・\n彼らにまかせて よろしいですね?{0008}	1	
00518	M032.ETC	0.122	{000A}! アルフレッド!\n今晩より 姫のけいびを命ずる!{0008}	1	
00519	M032.ETC	0.123	サテラ王女を お守りするということは\n世界の命運を にぎることにもつながる{0005}	2	
00520	M032.ETC	0.124	よいか! それだけ重要な役目なのだ\nこの役目を 見事果たしてくれよ!\nさあ 夜に備えて よく眠っておけ!{0008}	2	
00521	M032.ETC	0.125	まだ わからないことだらけだろうが\nカイパの言うことは まことのことだ\n頼んだぞ・・・さあ 行くがいい。{0008}	1	
00522	M032.ETC	0.126	ち ちょっと {000A}・・・\nボクのウソが元で 大変な事になった{0005}	1	
00523	M032.ETC	0.127	いまさら 言ってもはじまらないけど\nど どうしたらいい・・・こまったな\nとにかく ベッドルームに行ってるね。{0008}	1	
00524	M032.ETC	0.130	サテラ王女は・・・かわいそうに\nあのダークエルフのために・・・{0005}	1	
00525	M032.ETC	0.131	しかし どんなことがあっても\nあれだけは 渡す訳にはいかん\n世界を 売り渡すことになってしまう。{0008}	1	
00526	M032.ETC	0.132	王様も カイパ殿も甘すぎる!\n私はまだ お前たちのことを\n信じてはいないのだ 忘れるな!{0008}	1	
00527	M032.ETC	0.133	弱ったなあ・・・困ったなあ・・・{0007}\nでも もうやるしかないんだろうな?\n夜に備えて 寝ようね{0006} グーグー。{0008}	1	
00528	M032.ETC	0.134	グーグー・・・スヤスヤ・・・。{0008}	1	
00529	M032.ETC	0.135	アルフレッドから 話は聞いたよ\n大変な命令を 受けたんだって?\nベッドなら 好きなだけ使ってくれ。{0008}	1	
00530	M032.ETC	0.136	オデガン城って とても広いから\n私なんて まだ覚えきれないのよ\n新米のあなたは なおさらよねえ!{0008}	1	
00531	M032.ETC	0.137	お城の情報を 集めはじめるなんて・・・\n{000A}殿は 若いのに似合わず\n世渡りのコツを 身につけてらっしゃる。{0008}	1	
00532	M032.ETC	0.138	王様に 初めて会見した その日に\n私たちに 声をかけた人ははじめてよ\nプレイボーイの血が 流れているのね。{0008}	1	
00533	M032.ETC	0.139	王女様のことは ここだけのヒミツです\nまあ ジャイルズ様の 血筋ですから\n口は 軽くないと信じておりますけど。{0008}	1	
00534	M032.ETC	0.140	魔法に打ち勝つ 精神力を持つのは\nなるほど ジャイルズ様の血筋ですか!\nそういう人物を 待っていたのですよ。{0008}	1	
00535	M032.ETC	0.141	いくら勇者の 血筋とはいってもさあ\n・・・早速 王様にお目通り願えるとは\nまったく お前は 本当についてるぜ。{0008}	1	
00536	M032.ETC	0.142	ここは 仮眠用のベッドで\n眠ることが できます\n夜まで 眠りますか?{0008}	1	
00537	M032.ETC	0.143	{0015}死んだように 眠っている・・・。{0008}	4	
00538	M032.ETC	0.144	・・・ウウン・・・ウウン・・・。{0008}	1	
00539	M032.ETC	0.145	王様! {000A}がまいりました!{0008}	1	
00540	M032.ETC	0.146	なんと {000A}がきたか!\nおお {000A}だ {000A}だ\nさあさ 早く中に入っておくれ!{0008}	1	
00541	M032.ETC	0.147	・・・サテラ王女から 全てを聞いた\n{000A}よ よくやってくれたな!{0008}	1	
00542	M032.ETC	0.148	あの憎むべき ダークエルフめが!\nオデガン城に 魔法をかけた上で\nサテラ王女の 誘拐をくわだてるとは!{0008}	1	
00543	M032.ETC	0.149	もしも サテラが連れ去られていたら\n・・・私は サテラ王女と引き替えに\nこの国の平和を あきらめていたろう{0005}	1	
00544	M032.ETC	0.150	その全ては {000A}よ\nお前によって 救われたのだ!{0008}	1	
00545	M032.ETC	0.151	お前は 王女をお助けした上に\nパゾート一味を 追い払ったそうな?\nまた 大変な手柄を上げたものだな!{0008}	1	
00546	M032.ETC	0.152	{000A}様は パゾートに戦いをいどみ\nやつらから 私を助けてくれました!{0008}	1	
00547	M032.ETC	0.153	あの恐ろしい ダークエルフたちを\nこの国から 追放した{000A}様に\nごほうびを 差し上げて頂けませんか?{0008}	1	
00548	M032.ETC	0.154	ははは 当然考えてあるとも!{0008}	1	
00549	M032.ETC	0.155	{000A}には 今度のかつやくで\n剣士の称号を 与えることにした!{0008}	1	
00550	M032.ETC	0.156	剣士の称号を受けた {000A}は\nこれにより 兵士の任がとかれた\nこれ以後は 冒険がお前の仕事だ。{0008}	1	
00551	M032.ETC	0.157	お父さま・・・いえ 王様・・・。{0008}	1	
00552	M032.ETC	0.158	さて{000A}の最初の冒険は\nオデガン北東の グドーの谷に行って\n谷の妖精に会ってくることだ{0005}	1	
00553	M032.ETC	0.159	グドーの谷の ナゾを解き明かし\n谷の妖精に 会うことができたなら\n妖精から 贈り物がさずけられようぞ{0008}	1	
00554	M032.ETC	0.160	その中の カギを持っていけば\n迷宮の扉を 開けることができる\nさあそれを持って出かけるのだ!{0008}	1	
00555	M032.ETC	0.161	アルフレッドなら そこのベッドさ\nせっかく つかんだチャンスを生かせず\n自分に いや気がさしているってことだ。{0008}	2	
00556	M032.ETC	0.163	毛布は・・・いいよなあ・・・\nオレは 夕べも地面のベッドだったから\n身体が 冷えちまった ヘックション!{0008}	2	
00557	M032.ETC	0.164	ここのところの 一連の怪事件は\nダークエルフの しわざだったのか!\nそれを お前が解決したんだってな?{0008}	2	
00558	M032.ETC	0.165	あらン・・・これは {000A}様\n王女様を お救いになられるなんて\nまるで おとぎ話みたいで ステキ!{0008}	1	
00559	M032.ETC	0.166	まあ・・・{000A}様・・・\nとつぜん 話しかけられても\n心の準備が できてませんわ。{0008}	1	
00560	M032.ETC	0.167	ダークエルフの パゾートという人は\nパルメキア大陸で 有名な魔導師でしょ\nその割には 以外と弱かったのねえ。{0008}	1	
00561	M032.ETC	0.168	城には たくさんの兵士がいたのに\nみんな 魔法にかかっちゃうなんて\nだらしがないわよ ゲンメツだわ。{0008}	1	
00562	M032.ETC	0.169	これは ダークエルフを追い払った\nオデガン国の英雄 {000A}殿!\n王様をはじめ みなさんがお待ちです。{0008}	1	
00563	M032.ETC	0.170	あの有名な ダークエルフのパゾートを\nこらしめたのが こんな少年兵士とは!\n人は 年れいだけではないのですなあ。{0008}	1	
00564	M032.ETC	0.171	{000A}殿は この前王様に会われ\n気に入られた ばかりにもかかわらず\nもう 大変な手柄を上げられましたか!{0008}	1	
00565	M032.ETC	0.172	王様は 頼りないオデガンの兵士に\nいつも 頭をなやましていました{0005}	1	
00566	M032.ETC	0.173	そうしたことから 考えても\n今回の {000A}殿の手柄なら\n位が上がるのは 当然の話です。{0008}	1	
00567	M032.ETC	0.174	王家の墓は・・・しかけだらけの\nおそろしい場所と 聞いていたが\nあそこで 何があったんだよ。{0008}	1	
00568	M032.ETC	0.175	今回の事件を まきおこしたのは\nあの魔導師の パゾートだったのか?\nそれをお前一人で? そんなばかな。{0008}	2	
00569	M032.ETC	0.176	王女様が さらわれました・・・が\nもう もどって来られたのですから\nおどろいているヒマも ありませんわ。{0008}	1	
00570	M032.ETC	0.177	王女様が 姿を見せなかったのは\nパゾートの 呪いのせいだったとは!{0008}	2	
00571	M032.ETC	0.178	・・・やあ・・・{000A}か・・・\nダークエルフから 王女を助けたって?\n・・・おめでとうを いわせてもらうよ。{0008}	2	
00572	M032.ETC	0.179	パゾートは 王家の宝によって\n伝説の巨人を 復活させようとした\nよくぞ ヤツを追い払ってくれたな!{0005}	1	
00573	M032.ETC	0.180	お前の父親の 剣士ジャイルズも\n冒険によって 勇者となっていった\nお前の成長も 楽しみにしているぞ。{0008}	1	
00574	M032.ETC	0.181	ダークエルフの パゾートを\nお前が 倒したとは・・・\nとても 信じられんぞ!{0005}	1	
00575	M032.ETC	0.182	ヤツは 恐るべき魔導師として知られる\nパルメキアいちの 魔法の使い手だとか?\n簡単に目的を あきらめる訳がない。{0008}	1	
00576	M032.ETC	0.183	パゾートは 私を魔法にかけて\n魔法のオーブを 手に入れようと\nお父さまを おどしていたらしいわ{0005}	1	
00577	M032.ETC	0.184	でも もうだいじょうぶよね・・・\n{000A}が ヤツらを追い払ったから!\nフフフ 平和って すばらしいわね。{0008}	1	
00578	M032.ETC	0.185	でかしたぞ {000A}!\nサテラ王女より 話は聞いたが\nまず 王様の前に行くがいい。{0008}	1	
00579	M032.ETC	0.186	オデガンで 剣士の称号を受けし者は\n大事に備え 経験をつまねばならん\nそれが 剣士に課せられた仕事なのだ{0005}	1	
00580	M032.ETC	0.187	まず最初に お前に課せられた冒険は\nグドーの谷の 迷宮の中にいるという\n谷を守る妖精に 会ってくることだ{0005}	1	
00581	M032.ETC	0.188	妖精は 迷宮の奥にやって来た者には\nその者の 知恵と勇気をたたえて\n自然の声を聞く力を 与えてくれるのだ。{0008}	1	
00582	M032.ETC	0.189	ただし・・・谷のなぞをとくカギは\n迷いの森にも かくされているらしい\n迷宮に詰まったら 行ってみることだ。{0008}	1	
00583	M032.ETC	0.190	谷の妖精に 会うことはできたかな?\nグドーの谷の迷宮で行きづまったなら\n迷いの森に 行ってみるといい。{0008}	1	
00584	M032.ETC	0.191	{000A}は 金貨50枚を受け取った{0008}	1	
00585	M032.ETC	0.192	キャッ {000A}さまですわン・・・\n町では あなたを王子様あつかいですし\nウワサって 大きくなりますわねぇ。{0008}	2	
00586	M032.ETC	0.193	まあ {000A}様 ポーッ・・・\nほんのちょっと 見ない間に\nますます たくましくなられて!{0008}	2	
00587	M032.ETC	0.194	あの事件の日から 王様は・・・\n少しづつ おやつれになられて\nそしてついに お倒れになったのです。{0008}	2	
00588	M032.ETC	0.195	王女様の ご様子がおかしいことは\nみんな 気づいていると思います{0005}	2	
00589	M032.ETC	0.196	王様が お倒れになる前の日には\n宝箱のカギを せがんでおいででした\n何で 宝箱のカギなんかを・・・?{0008}	2	
00590	M032.ETC	0.197	王女様の行動が おかしいことは\n私も 承知しているのです・・・\nあんなことの あった後ですからな。{0008}	2	
00591	M032.ETC	0.198	いやあ {000A}殿のおかげで\nオデガン城も 平和になりました\n王様も 気がぬけただけですとも。{0008}	2	
00592	M032.ETC	0.199	王様が お倒れになった原因は\nいま 学者たちが調べておりますが\nオデガンの学者は あてになりません。{0008}	2	
00593	M032.ETC	0.200	{000A}殿の 剣士としての冒険が\nきっといつか オデガンに役立ちます\n私は それを楽しみにしておりますぞ。{0008}	2	
00594	M032.ETC	0.201	おお お前ってやつは すごいな!\nダークエルフを のしちまったって?\n今度 その時のことを 聞かせてよ。{0008}	2	
00595	M032.ETC	0.202	王女様は・・・お帰りになられてから\nまるで 人が変わったようですわ{0005}	2	
00596	M032.ETC	0.203	これは 兵士の方から聞いたのですが\n夜の宝物庫に 入ろうとしたとか・・・。{0008}	2	
00597	M032.ETC	0.204	王様が とつぜんお倒れになったのだ\nあれ以来 王女様の様子もおかしいし\n・・・ああ 心配のタネはつきない。{0008}	2	
00598	M033.ETC	0.57	王様の おかわいそうなこと・・・\n寝言で サテラ王女の名をよばれては\n夜中に 目をおさましになられるのです{0005}	1	
00599	M033.ETC	0.58	こんなじょうたいが 長く続いたら\nお倒れに なってしまわれます・・・。{0008}	1	
00600	M033.ETC	0.59	サテラ王女が ねらわれるなんて・・・\nダークエルフは なんてひきょうなんだ{0005}	1	
00601	M033.ETC	0.60	しかし まだ 少しの時間はあるはず!\n聖なるティアラで 守られている限り\nだれも王女には 簡単に手を出せないさ。{0008}	1	
00602	M033.ETC	0.62	{000A}殿 王様に会われましたか?\n王女様が 元気に帰ってこられて・・・\n久しぶりに うれしそうでしたよ!{0008}	1	
00603	M033.ETC	0.63	王女様が お元気になったおかげで\n病のことで なやまずにすみます\n・・・あいつも 帰ってくるでしょう。{0008}	1	
00604	M033.ETC	0.64	{000A}様に 渡すようにと\n王様から ごほうびを預かってます\nどうか これをお受け取り下さい。{0008}	1	
00605	M033.ETC	0.65	シルバーボトルを 手に入れた。{0008}	1	
00606	M033.ETC	0.66	王女様の 病が治ったと思ったら\n今度は・・・王様が倒れました\n学者殿は 何をやっているのやら?{0008}	1	
00607	M033.ETC	0.67	やや {000A}よ でかした!\nそれこそ お前に与えた使命のあかし\n谷の精の持つ ささやきの貝だ!{0005}	1	
00608	M033.ETC	0.68	これでお前も お前の父に近づいたな\n私か? 私は 体調をくずしただけだ\nわっはっは・・・ゲッホ ゲホゲホッ。{0008}	1	
00609	M033.ETC	0.69	次は 王様が不思議な病にかかって\n早く直せと いわれ続けています\n私は 医者じゃないんだけどなあ。{0008}	1	
00610	M033.ETC	0.70	王女が 私のことを心配して\n宝箱のカギを 渡すようにいうのだ{0005}	1	
00611	M033.ETC	0.71	しかし オデガンの宝を守るのは\nオデガン国王の 私の勤めなのだ\nこれだけは だれにも預けはしない。{0008}	1	
00612	M033.ETC	0.72	王女様の振るまいは 目に余ります\n王様の命が 長くないのだから\nカギをよこせとは 何事ですか!{0008}	1	
00613	M033.ETC	0.73	王様の病は 毒だと思うのです\nでも・・・王女様が 毒味をしてるし\nやっぱり ちがうのでしょうねぇ。{0008}	1	
00614	M033.ETC	0.74	私が 王女のことをうたがうとは\n父親としての 情がうすいためかな?{0005}	1	
00615	M033.ETC	0.75	お前に従う その白鳥の方が・・・\nどうにも いとおしく感じるのだ\nはは・・・私も どうかしているな。{0008}	1	
00616	M033.ETC	0.76	わはは サルが見まいに来るとは!{0005}\nオデガンの 領土の者たちは\n情にあつくて うれしく思うぞ。{0008}	1	
00617	M033.ETC	0.77	争う物音が したと思ったら・・・\nやはり あの王女様はニセ者でしたか?\nしかも 宝箱のカギまで盗まれるとは!{0008}	1	
00618	M033.ETC	0.78	王様の お毒味をしていた王女様が\nパゾートの手下・・・するとやはり\nヤツが 王様の食事に毒を入れたのです。{0008}	1	
00619	M033.ETC	0.79	みんなは 災いを恐れていますが\n私は ここに何が起ころうとも\n王様を お守りするつもりです。{0008}	1	
00620	M033.ETC	0.80	砂の迷宮の ジンの神殿に入るには\n何かの像を はめ込まねばならないと\nどれかの本で 読んだきおくがあります。{0008}	1	
00621	M033.ETC	0.81	災いだ最悪だと さわいでも・・・\n勇者が現れて 世界を救ってくれると\nみんな人ごとのように 考えています。{0008}	1	
00622	M033.ETC	0.82	みんな・・・ジンが解放されたとき\nすぐに 巨人が動くと考えていますが\nそんなに 急ではないらしいのです{0005}	1	
00623	M033.ETC	0.83	すべてのジンが 巨人に力を送っても\n巨人が パワーをたくわえるまでには\nしばらく・・・時間がかかるようです。{0008}	1	
00624	M033.ETC	0.84	{000A}殿 全力をつくせば\nだれも 文句など申しますまい\n王様も かくごはできております。{0008}	1	
00625	M033.ETC	0.85	4つのジンが 解放されたからには\nいっこくのゆうよも なくなりました\n地底の沼に どうか急がれますように!{0008}	1	
00626	M033.ETC	0.86	大陸西で起こった パルメキア戦争!\n3大魔王 ゼオン復活を狙った魔界軍と\nボウイ率いるグランシール軍との戦いだ。{0008}	1	
00627	M033.ETC	0.87	虹色の光線は 魔法で跳ね返せる!\nサソリなどが 射ってくる虹色の光線は\nフリーズの魔法系で 跳ね返せるのだ!{0008}	1	
00628	M033.ETC	0.88	剣豪伝 剣士対クサリ分銅の勝負!\nリーチの短い分 不利であった剣士は\nクサリをジャンプでよけつつ戦った。{0008}	1	
00629	M033.ETC	0.89	新興国 豊かな国ストームサング!\n最近 めきめきと頭角を現した国だが\nさらに 種族間の交流がさかんである。{0008}	1	
00630	M033.ETC	0.90	宝剣 シャイニングソードを訪ねて!\n災いの絶えない 地上世界のために\n神が与えたもうた剣 各所にあるらしい。{0008}	1	
00631	M033.ETC	0.91	王族は コレステロールにご注意!\n食っちゃ寝の 乱れた生活を改めて\n適度な運動が 長生きの第一歩です。{0008}	1	
00632	M033.ETC	0.92	独り者の王様に 耳寄りマダム情報!\n新しいプレイスポット オデガン酒場は\n若いマダムの 夜のプライベートゾーン。{0008}	1	
00633	M033.ETC	0.93	サテラ王女 17才の素顔にせまる!\n今や オデガン国中のアイドルとなった\n王女の 17年を振り返って特集します。{0008}	1	
00634	M033.ETC	0.94	シャイニングソードは 選ばれし者の剣\n4つの元素の魔法を 使いこなせる者が\n双子岩の 光の迷宮の扉を開けるのだ。{0008}	1	
00635	M036.ETC	0.57	この西側の中庭には ほこらがあって\nそれを 見張っているように言われた{0005}	2	
00636	M036.ETC	0.58	でも あそこは カギがかかってるし\n見張る必要なんか ないと思うんだよ。{0008}	2	
00637	M036.ETC	0.59	オデガン国は 戦のない国だから\n兵士の数が 多くないんだよ・・・\nもう3日間 休みなしに働いてる。{0008}	1	
00638	M036.ETC	0.60	王様のお部屋に 何の用でやってきた!\n・・・どうせ 城をうろついてる内に\n迷ったんだろう? サッサと戻るんだ。{0008}	1	
00639	M036.ETC	0.61	城の中で 何かが起こってるらしい\n何かは・・・わからないけど・・・\nそれで 我々も気が立っているんだ。{0008}	1	
00640	M036.ETC	0.62	お前・・・ここを通りたいんだろう?\n普段の日なら 通してやれるんだけど\n今は 誰も通すなとの 命令なんだよ。{0008}	1	
00641	M036.ETC	0.63	こうして つくづく城を見てみると\nオデガン城も 古くなってきたなあ{0005}	1	
00642	M036.ETC	0.64	我々としては 立て直してほしいけど\nかくし通路の 伝説まである通り・・・{0006}\n名城とうたわれた城だから・・・ムリだよな。{0008}	1	
00643	M036.ETC	0.65	この通路の少し右側の くずれたかべは\nだいぶ前に しゅうりすることになって\nたしか 修理したはずなんだけど・・・{0005}	1	
00644	M036.ETC	0.66	さっき見たら またくずれてるだろ?\nおどろいたというか・・・変だよな。{0008}	1	
00645	M036.ETC	0.67	オレ どこのけいびをまかされるか?\nドキドキしてたけど ここでよかったよ{0005}	1	
00646	M036.ETC	0.68	城の北の方にある 王家の墓だったら\n気味が悪くて けいびどころじゃないぜ。{0008}	1	
00647	M036.ETC	0.69	オレは なんて幸福者なんだろう?\n王女様の棟で けいびができるんだぜ\nああ サテラ王女はまだかなあ・・・。{0008}	1	
00648	M036.ETC	0.70	こいつ・・・サテラ王女が好きなのさ\nだから ここでけいびをしていれば\n王女様に会えると ウキウキなんだ。{0008}	1	
00649	M036.ETC	0.72	へックション・・・グスグス・・・\n夕べ 西側のけいびで眠ったからって\n続けて 仕事をしろなんてヒドイーッ。{0008}	1	
00650	M036.ETC	0.73	ダークエルフが 国をねらってると\nうわさになってるが 本当だろうか?\nだとしたら この国も終わりかもな。{0008}	1	
00651	M036.ETC	0.74	夕べの事件が エルフのしわざなら\nどうして そんなことをしたんだ?\nぬすまれた物も ないようだしな。{0008}	1	
00652	M036.ETC	0.75	事件が起こったって さわいでるが\nこうしてると ノンビリしたもんさ\nあーあ ポカポカとあたたかいや!{0008}	1	
00653	M036.ETC	0.76	きのうは ホビットの長老たちで\n城下町の方が さわがしかったけど\n静かになったし 帰ったのかな?{0008}	1	
00654	M036.ETC	0.77	けさ 城に来てみると魔法さわぎで\nみんな 途方にくれていたが・・・\nエルフの魔法は おそろしいよなあ{0005}	1	
00655	M036.ETC	0.78	たしか千年樹には えらい仙人がいて\nどんな魔法でも 解いてしまうらしい\nその人を オデガン城によべないかな?{0008}	1	
00656	M036.ETC	0.79	オレ 王家の墓がこわかったんだけど\n城の西側も 何かがあったらしいな?\nやっぱり ここのけいびでよかった。{0008}	1	
00657	M036.ETC	0.80	オレは なんて幸せ者なんだろう?\n王女様の近くで けいびができるんだ\nああ サテラ王女はまだかなあ・・・。{0008}	1	
00658	M036.ETC	0.81	どうしたんだ {000A}・・・\nははあ さては 初めての夜勤で\n眠くて 忘れ物でもしたんだな?{0008}	2	
00659	M036.ETC	0.82	サテラ様は どうなるのでしょう?{0008}	1	
00660	M036.ETC	0.83	残念だが・・・わからん。{0008}	1	
00661	M036.ETC	0.84	あの・・・ひとつだけ\n質問しても よろしいですか?{0008}	1	
00662	M036.ETC	0.85	うむ・・・どんなことかな?{0008}	1	
00663	M036.ETC	0.86	色々と ウワサをまとめてみると\nボクたちの守る 王女様のお身体には\n何か・・・いじょうがあるのでは?{0005}	1	
00664	M036.ETC	0.87	それに ホビットの長老を帰したのも\n今度のことと 関係がありそうですし\n先に 話しておいていただけませんか?{0008}	1	
00665	M036.ETC	0.88	いや・・・大臣 彼らには・・・\nすべてを 話しておきましょう。{0008}	1	
00666	M036.ETC	0.89	・・・お前たちの 気づいたとおり\n王女は ダークエルフの魔法によって\n何日も 眠り続けているのだよ{0005}	1	
00667	M036.ETC	0.90	王女が魔法にかけられた あの夜\nダークエルフは 王様の目の前に現れ\n王女の命と 交換じょうけんを出した。{0008}	1	
00668	M036.ETC	0.91	王女は 魔法によって眠らせた・・・\n今のところ 命にかかわることはないが\n元にもどしたくば 宝玉を渡せ {0006}とな{0005}	1	
00669	M036.ETC	0.92	この城の者以外に このことが知れたら\n特にホビット族には 知らせてはならん\nその時は 永久に王女は目覚めないと。{0008}	1	
00670	M036.ETC	0.93	だから ホビットの長老にも会わずに\nこうして・・・王女をお守りするのだ{0005}	1	
00671	M036.ETC	0.94	ダークエルフのねらいが 巨人なら\n宝玉で 伝説の巨人が目覚めたら・・・\nこのオデガンは 終わりだから・・・。{0008}	1	
00672	M036.ETC	0.95	だが王女には 聖なるティアラがある\nあのティアラを 身につけている限り\nやつらも むやみには手を出せまい{0005}	1	
00673	M036.ETC	0.96	ただし もしもさらわれてしまったら\n王様とて もう ヤツらに抵抗できまい\n4つのオーブを 渡してしまうだろう。{0008}	1	
00674	M036.ETC	0.97	君たちの役目が どんなに大切かわかっただろう\nそれでは しっかりたのんだぞ!{0008}	1	
00675	M036.ETC	0.98	なんだか・・・きりが出てきた\n気味が悪くて イヤだなあ{0005}	1	
00676	M036.ETC	0.99	さあ それじゃ けいびをはじめよう\n{000A}から 見回ってきてよ。{0008}	1	
00677	M036.ETC	0.100	それじゃあ {000A}から\nグルッと 見回ってきてよ。{0008}	1	
00678	M036.ETC	0.101	王様は もうお休みになったので\n用なら 明日の朝出直してくるのだ。{0008}	1	
00679	M036.ETC	0.102	今夜は 少し はだざむいな\nこういうときは 酒に限るが\n仕事中だし 止めておくか・・・。{0008}	1	
00680	M036.ETC	0.103	お前・・・ベッドでサボル気だな?\n悪いことは いわないからヤメとけ!\nバレたら 後で何かといわれるぞ。{0008}	1	
00681	M036.ETC	0.104	{000A}の持ち場は 東側だろ!\nいくら 方向オンチといったって\n限度ってものが あるだろうが?{0008}	1	
00682	M036.ETC	0.105	うーっ さびぃーっ ぶるぶる・・・\nオレは さむいのがにがてだからって\nあれほど言ったのに 夜勤だもんな。{0008}	1	
00683	M036.ETC	0.106	しっかり けいびしろっていっても\n毎日 事件が起こるわけでもないし\n適当に いこうよ 適当にね。{0008}	1	
00684	M036.ETC	0.107	オデガン国を さわがしてるのは\nダークエルフの 魔導師らしいが\n何だって こんなことするのかな?{0008}	1	
00685	M036.ETC	0.108	そろそろ いいですかね?{0008}	1	
00686	M036.ETC	0.109	そろそろ 呪文が\n効いているはずですが・・・?{0008}	1	
00687	M036.ETC	0.110	やはり・・・ おかしい?\nそんなはずは ないのですが・・・?{0008}	1	
00688	M036.ETC	0.111	ほーら やっぱり\nちゃんと眠ってますよねえ。{0008}	1	
00689	M036.ETC	0.112	でも キミは・・・\n起きているんですよね?{0008}	1	
00690	M036.ETC	0.113	おや・・・ それは何ですか?{0008}	1	
00691	M036.ETC	0.114	バンボは{000A}を調べた{0008}	1	
00692	M036.ETC	0.115	{0002}バンボは 目覚めの石 を見つけた{0008}	1	
00693	M036.ETC	0.116	そうですか! これだったんですね?\nこれを持っているのは エルフだけだから\nこの件に エルフがからんだのですね?{0008}	1	
00694	M036.ETC	0.117	・・・これはいただくとして\nキミを どうしましょうかね{0005}	1	
00695	M036.ETC	0.118	見たところでは 動けそうもないし\nどうせ何も できっこないでしょう?\n{0006}まあ ゆるすことに しましょう!{0008}	1	
00696	M036.ETC	0.119	さあ それじゃサテラ王女に\n同行していただきますよ!{0008}	1	
00697	M036.ETC	0.120	プリンセス・サテラ カモーン!{0008}	1	
00698	M036.ETC	0.121	はーい プリンセス・サテラ!\nごきげんは いかが?{0008}	1	
00699	M036.ETC	0.122	それは けっこう!\nすいみんは 女性にとって大事ね。\nびようと けんこうにも一番ですから。{0008}	1	
00700	M036.ETC	0.123	プリンセス まいりましょうか?{0008}	1	
00701	M036.ETC	0.124	王家の墓に急ぎなさい!\n偉大なる ダークエルフにして魔道師\nパゾート様が お待ちになっています。{0008}	1	
00702	M036.ETC	0.125	プリンセス・サテラ\nレッツ・・・ゴーッ!{0008}	1	
00703	M036.ETC	0.126	おや・・・ キミは今\n動きましたよね?{0008}	1	
00704	M036.ETC	0.127	キミには 驚きましたよ\nエルフの 助けだけじゃなく\n人並み外れた精神力・・・ですねえ。{0008}	1	
00705	M036.ETC	0.128	ボクたちは キミみたいな人を\n一番恐れて いるんですよ。{0008}	1	
00706	M036.ETC	0.129	でも・・・ボクとしては\nキミの頑張りに 期待したいですね\nおおいに 楽しませてください。{0008}	1	
00707	M036.ETC	0.130	また あいましょう!{0008}	1	
00708	M036.ETC	0.132	事件が解決して けいびの仕事も\n楽になると よろこんでたんだ\nでも 当分 今のまんまだってさ。{0008}	2	
00709	M036.ETC	0.133	魔導師の パゾートにねらわれたら\nオデガンなんて アッという間・・・\nと思ったら 案外だいじょうぶなんだ。{0008}	1	
00710	M036.ETC	0.134	このところ しんこくな話が多くて\n国中が しずんでた感じだったけど\nこれで 元の明るい国に戻るだろう。{0008}	1	
00711	M036.ETC	0.135	北の迷いの森は 不思議なところで\n木の精の トレントとかもいるんだ\n自然の声を 聞く能力があればなあ。{0008}	1	
00712	M036.ETC	0.136	王様が パゾートにおどされてたのは\n城の者にも しらせてなかったのに\nみんな おかしいと思っていたよな。{0008}	1	
00713	M036.ETC	0.137	もし 北東のグドーの谷とか行くなら\n兵士の装備では 危険だそうな・・・\nかたいモンスターが 多いらしいぞ。{0008}	1	
00714	M036.ETC	0.138	考えて見れば この事件のおかげで\nオデガンの兵士の 心がまえなんかも\n変わってきた感じがするよ ウン!{0008}	1	
00715	M036.ETC	0.139	王家の墓は 恐ろしい所と思ってたが\nダークエルフの パゾートまでがね\nウーン やっぱりカンが当ってた!{0008}	1	
00716	M036.ETC	0.140	王女様は 呪いにかかってたのか?\nそれを・・・オレが助けられずに\nお前に おいしいとこを取られた!{0008}	1	
00717	M036.ETC	0.141	{000A}が 王女様を助けたって?\nでも そこから 一人で来たんだぜ\n何でお前が いっしょじゃなかった?{0008}	1	
00718	M036.ETC	0.142	マジックハンドという 宝があれば\nジンの力が宿った時に きせきが起き\n火の竜が現れるというが ホントかな。{0008}	2	
00719	M036.ETC	0.143	{000A}が ここを通りたいなら\nオレは 通したって棈わないんだが\n王様の命令の方が 絶対だからな。{0008}	1	
00720	M036.ETC	0.144	王女様は 本当に王様思いの方だよ\n夕べだって 心配だというから\n実はこっそり ここから入れたんだ。{0008}	1	
00721	M036.ETC	0.145	最近の王女様は 寝つけないのか?\nよく 夜中にお見かけするらしいが\n何か 良いクスリでもないものかな。{0008}	1	
00722	M036.ETC	0.146	王女様は 先ほどから中にいるのに\nまた南から 王女がやってきたんだ\nホントだよ この目で見たんだって!{0008}	1	
00723	M036.ETC	0.147	光の剣と呼ばれる 伝説の剣からは\nジンの力を 利用することによって\n数々の技が くり出せたと聞いたぞ。{0008}	1	
00724	M036.ETC	0.148	なんか・・・王家の墓の方から\n大きな生き物の うなり声がするんだ\nだれか 変なものをかってないかな?{0008}	1	
00725	M036.ETC	0.149	王女様は ここから出なかったのに\n南から 帰ってきたりするんだよ\nどうやって 表に出たんだろう・・・。{0008}	1	
00726	M036.ETC	0.150	王女様って 一見あどけないけど\n実は けっこう 情熱的だったりして!\nあのまなざしは グッときちゃうよな。{0008}	1	
00727	M036.ETC	0.151	オデガンの宝には 色々あるらしくて\nパワーグラブと 呼ばれる宝ときたら\nどんな物も 持ち上げる力が出るらしい。{0008}	1	
00728	M036.ETC	0.152	王女様が ニセ者だったんだって!\nくそっ 夕べ ここを通した時に\n宝箱のカギを 持っていったんだ。{0008}	1	
00729	M036.ETC	0.153	お前は パゾートの手下を追って\n王家の墓に 向かったはずなのに?\nまさか エルフが化けてるんじゃ。{0008}	1	
00730	M036.ETC	0.154	おそいじゃないか {000A}!\n敵を追っていった カイパ様と大臣が\n王家の墓で お前を待ってるはずだ。{0008}	1	
00731	M036.ETC	0.155	おそいじゃないか {000A}!\nお前が迷ってるかと 待ってたんだ\nここを入って 王家の墓に抜けるんだ。{0008}	1	
00732	M036.ETC	0.156	砂の迷宮は 南の砂漠の奥にあって\n色々なワナが 仕掛けられてるんだ\n砂を進める宝が かくされてるらしい。{0008}	1	
00733	M036.ETC	0.157	{000A}は 王女様の魔法をときに\n西の地方に 行ったことがあるって?\nよくまあ 生きて帰ってこれたよなあ。{0008}	1	
00734	M036.ETC	0.158	この国には 伝説の戦争のなごりで\nいろんな宝が 眠っているそうだから\nどこかで見つけたら 分けてくれよな。{0008}	1	
00735	M036.ETC	0.159	南の 砂漠から続く岩山の上にも\n道のようなものが 見えるんだけど\nあれは どこに通じているのかなあ。{0008}	1	
00736	M036.ETC	0.160	お前 王女様と旅をしてたらしいが\n何か 変なことはしなかったろうな?\n何だよ その顔は・・・まさか・・・。{0008}	1	
00737	M036.ETC	0.161	前に オレのジイさんがいってたけど\n戦って 戦闘がうまくなるのは技術で\n戦いで 色々見つけることが経験だって。{0008}	1	
00738	M036.ETC	0.162	ジンの迷宮に ひとりで行くなんて\nオレには 怖ろしくてできないよ\n{000A}は 勇気があるよなあ。{0008}	1	
00739	M036.ETC	0.163	火の迷宮と 北のカンバンの迷宮は\n・・・何か かんけいがあるそうだ\nどうも かくされた宝のことらしい。{0008}	1	
00740	M036.ETC	0.164	ジンの迷宮は 水 火 風の順に\n先に行くほど つらくなるらしいが\nくわしい者は オデガンにはいない。{0008}	1	
00741	M036.ETC	0.165	巨人の 沈んだ地底の沼ってのは\nこのオデガン城の 真下にあるって!\nそんなウワサを きかなかったかい?{0008}	1	
00742	M036.ETC	0.166	王女様から 声をかけられちまった!\nこんな時だから 親しくなれたんだし\n災いも たまにはいいかもしんないな。{0008}	1	
00743	M036.ETC	0.167	オレは 西の空からジンがやってきて\nほこらの中に 消えるのを見たんだ!\nそれは 巨大なヨロイの騎士だったぜ。{0008}	1	
00744	M036.ETC	0.168	ああ イヤだ・・・イヤだ・・・\nオデガン国が 破減するとわかって\nまじめに 仕事する気になるかい?{0008}	1	
00745	M036.ETC	0.169	ホビットの長老の 紹介だって\nエルフを 気持ちよく受け入れるか?\n元は・・・といえばダークエルフだぜ。{0008}	1	
00746	M036.ETC	0.170	ジンていうのは そりゃあ大きいんだ\n・・・ということは・・・だよ\n地下の巨人は どれだけ大きいんだ?{0008}	1	
00747	M036.ETC	0.171	王女様の 近くにいられる幸せは\nそう長くは 続きそうもないな・・・\nオレの幸せよ 永遠なれ!{0008}	1	
00748	M037.ETC	0.59	ふわああ おかしいなあ・・・\n今日は とっても眠いぞ!\n{000A} キミはどうだい?	1	
00749	M037.ETC	0.60	{0002}そうかあ {000A}は偉いんだなあ\nお父さんは ドラゴン倒しの英雄だし\nボクとは 何から何まで大違いだ。{0008}	1	
00750	M037.ETC	0.61	{0002}へええ {000A}でもそうなのかあ\nやっぱり ボクだけじゃないんだ。{0008}	1	
00751	M037.ETC	0.62	なあ {000A}・・・\nボクは すごく疲れてるらしい\n起きてられそうも ないくらいにね{0005}	1	
00752	M037.ETC	0.63	そこで 相談なんだけど・・・{0006}\n少しだけ 居眠りしちゃだめかな?	1	
00753	M037.ETC	0.64	{0002}そうか そうだよなあ・・・。{0008}	1	
00754	M037.ETC	0.65	勤務中に 居眠りなんて・・・\n悪いことだとは わかってるけど\n ど{0006} しても・{0006}・・ね む いんだ。{0008}	1	
00755	M037.ETC	0.66	悪いけど・・・ちょっとだけ\nちょっとの間 おやす{0006} み・・・。{0008}	1	
00756	M037.ETC	0.67	{0002}えっ ホントにいいんだね\n{000A}って いいやつだよなあ。{0008}	1	
00757	M037.ETC	0.68	じゃあ 悪いけど 眠らしてもらうよ\nおや {0006}す・・み・・・スースー。{0008}	1	
00758	M037.ETC	0.69	!!{0008}	1	
00759	M037.ETC	0.70	うーん・・・もう少し\nもう少し 寝かせておくれよ。{0008}	1	
00760	M037.ETC	0.71	ここまでを セーブしておきますか?	1	
00761	M037.ETC	0.72	あーあ よく眠った。{0008}	1	
00762	M037.ETC	0.73	{000A} 気持ちのいい朝だね\n夕べは 何も起こらなくて良かった。{0008}	1	
00763	M037.ETC	0.74	おい アルフレッド!\n夕べは 何もなかっただろうな?{0008}	1	
00764	M037.ETC	0.75	は はい 何もありませんでした。{0008}	1	
00765	M037.ETC	0.76	な 何だと? 本当か!\n何も 起こらなかったというのか?{0008}	1	
00766	M037.ETC	0.77	は はい・・・本当ですとも!\n夕べは 何もありませんでした\n{000A} そうだよな?	1	
00767	M037.ETC	0.78	{0002}そ そんなあ・・・\nさっき 何もなかったって・・・\nなあ ウソだよな 何もなかったろ?	1	
00768	M037.ETC	0.79	{0002}へへへっ どうです?\nやっぱり 何もなかったでしょ!{0008}	1	
00769	M037.ETC	0.80	これは 王様たちがよろこぶぞ!\nいますぐ いっしょに来てくれ\nそして 今のことを王様に話すのだ。{0008}	1	
00770	M037.ETC	0.81	えっ 王様がよろこぶって・・・\nいったい どういうことですか?{0008}	1	
00771	M037.ETC	0.82	まあ ついてくればわかるさ!{0008}	1	
00772	M037.ETC	0.83	{000A}よ 君もだ\n王様の所に きてくれよな!{0008}	1	
00773	M037.ETC	0.84	{000A}・・・どうしよう・・・{0006}\nとにかくボクは 先に行ってるから\n君も ぜったいに来てくれよな!{0008}	1	
00774	M037.ETC	0.88	何してるんだ {000A}?\nお前は 砂の迷宮に行くんだろ\n早く やつらを倒してきてくれよ。{0008}	1	
00775	M037.ETC	0.89	たまに起こるユレは なれたけど\n夜にほこらから 聞こえてくる音は\n何だろうか・・・うなり声かな?{0008}	1	
00776	M037.ETC	0.90	ウワッと! おどかすなよ・・・\nほこらと 地底の沼の関係を知ってから\nここを守るのが 怖ろしいんだからさあ。{0008}	1	
00777	M037.ETC	0.91	おお カズン殿ではありませんか!{0008}	1	
00778	M037.ETC	0.92	さっきから 見ていましたが\nずいぶん 力を落とされて・・・\nまさか 巨人が復活したのでは?{0008}	1	
00779	M037.ETC	0.93	いいや ジンは封じられました\nこれで 巨人も復活しますまい。{0008}	1	
00780	M037.ETC	0.94	な なんですって・・・本当ですか!\nそれでは・・・オデガンは・・・\nオデガンに 平和が戻ったのですね!{0008}	1	
00781	M037.ETC	0.95	カズン殿 ありがとうございます\n早速 みんなに知らせてやらなきゃ!{0008}	1	
00782	M037.ETC	0.96	あ いや・・・ほかにも・・・{0007}\nくっ もう 行ってしまったか。{0008}	1	
00783	M038.ETC	0.57	ここは オデガン王家代々の墓だ\n中を あらされることのないように\n我々が しっかり守っているのさ。{0008}	1	
00784	M038.ETC	0.58	なあ ここって気持ち悪いよな?\nまわりは 樹海におおわれてて\n夜なんか いられたもんじゃない。{0008}	1	
00785	M038.ETC	0.60	ムギュー・・・。{0008}	1	
00786	M038.ETC	0.61	カーリーは・・・手強いぞ・・・。{0008}	1	
00787	M038.ETC	0.62	カーリーを そこまで追いつめたら\nいきなり 魔物を呼び出しおったぞ\n兵士がやられた今 {000A}が頼りだ{0005}	1	
00788	M038.ETC	0.63	・・・ \nそうだ・・・魔物と戦うために\nこれをやろう 役立ててくれ!{0008}	1	
00789	M038.ETC	0.64	{000A}は 薬草を手に入れた。{0008}	2	
00790	M038.ETC	0.65	残念だが 私以外は倒された・・・\nもう {000A}だけが頼りなのだ\nあの魔物を倒し カーリーを頼む!{0005}	1	
00791	M038.ETC	0.66	・・・ \nそうだ・・・薬草は多い方がいいな\nここにある 私の薬草をやろう。{0008}	1	
00792	M038.ETC	0.68	{000A}よ でかした!{0008}	1	
00793	M038.ETC	0.69	しかし カーリーはどこですかな\nまさか・・・ 逃げられたのでは!{0008}	1	
00794	M038.ETC	0.70	ホホホ 私の可愛いペットを\nよくぞ倒したわね {000A}!{0008}	1	
00795	M038.ETC	0.71	ジンの宝玉は 確かにいただいた!\n我々は これからジンを解放しに行くわ\n返してほしければ その迷宮においで!{0008}	1	
00796	M038.ETC	0.72	私も その時には・・・\n今回の借りを 返してあげるわ\nその時を楽しみに ホホホ・・・。{0008}	1	
00797	M038.ETC	0.73	終わりだ・・・この国の終わりだ\n宝玉を持ち去られ 封印を解かれ\nジンが解放されたら・・・終わるのだ!{0008}	1	
00798	M038.ETC	0.74	いや・・・しかし・・・\nまだ 間に合うかも知れませんぞ。{0008}	1	
00799	M038.ETC	0.75	{000A}よ 頼む\nカーリーを 追ってくれ!{0008}	1	
00800	M038.ETC	0.76	我々は カーリーに逃げられたことを\n王様に 知らせに行くが・・・\n一刻も早く ヤツを追ってくれ!{0008}	1	
00801	M038.ETC	0.77	ここには だれも来なかったな・・・\n女エルフとかが やって来るどころか\n現住のモンスター以外 静かなもんさ{0005}	1	
00802	M038.ETC	0.78	それより 城の方で何かあったのか?\n大きな怪物の うなり声が聞こえて\n戦っているような 気配がしてたぞ。{0008}	1	
00803	M038.ETC	0.79	オレたちは ずっとここにいたけど\n何の変わりも なかったよ・・・{0005}	1	
00804	M038.ETC	0.80	パゾートの手下が 王女に化けてて\nジンのオーブを 盗んだのか・・・\nウーン これは大変なことになった。{0008}	1	
00805	M039.ETC	0.65	どうだな 剣士{000A}よ\nグドーの谷を 守る精に会って\nささやきの貝を手に入れたか?{0008}	1	
00806	M039.ETC	0.66	なんと! それは でかしたぞ!\nそれで トレントたちとも話せるぞ\nこのことは 王様にお伝えしよう。{0008}	1	
00807	M039.ETC	0.67	さて 次の冒険だが・・・そうだ!\n王様のため 千年樹に行ってもらおう\n大木からわく 薬をくんできてくれ。{0008}	1	
00808	M039.ETC	0.68	お前が 北西の地方の千年樹から\n大木の薬を 持って帰ってくれたら\n具合の悪い王様に 飲んで頂こう。{0008}	1	
00809	M039.ETC	0.69	ほほほ どうしたの?\n私が 何かおかしいかしら?	1	
00810	M039.ETC	0.70	そうでしょうとも 私はサテラよ\nオデガン国の 正当後継者ですわ。{0008}	1	
00811	M039.ETC	0.71	{0002}私が ニセ者だとでもいうの?	1	
00812	M039.ETC	0.72	{0002}ほほほ そうでしょうとも!\nうたがうなんて どうかしてるわよ。{0008}	1	
00813	M039.ETC	0.73	{0002}あら それじゃ 誰だというの\nパゾートの手下が 化けてるとでも?{0005}	1	
00814	M039.ETC	0.74	{0002}まさか 夢でも見たんじゃないの\nそれとも 証明できるかしら・・・\nやれるものなら やってみるがいいわ。{0008}	1	
00815	M039.ETC	0.88	やや {000A}が持っているのは\n千年樹からわく 大木の薬だな!\n早速 こちらにもらっておこう。{0008}	1	
00816	M039.ETC	0.89	{000A}は 大木の薬を渡して\n新しいシルバーボトルを もらった。{0008}	1	
00817	M039.ETC	0.90	お前が 成長してくれたおかげで\n貴重な薬まで 手に入るようになった{0005}	1	
00818	M039.ETC	0.91	そうだ 薬をとってきたことの\nほうびを やらねばならんな?{0008}	1	
00819	M039.ETC	0.92	ミラクルダイアリを手に入れた。{0008}	1	
00820	M039.ETC	0.93	お前の冒険に それはきっと役立つぞ\n・・・ところで {000A}は\n王様の病について どう思うかな?{0008}	1	
00821	M039.ETC	0.94	ふむぅ お前にもわからんか・・・\n大臣は城の者をうたがっていて\n犯人を捜すと 息まいているのだ。{0008}	1	
00822	M039.ETC	0.95	王様が倒れては 次の使命も渡せない\n・・・王様の病の原因が 毒とかなら\nお前も 犯人を捜してくれないか?{0008}	1	
00823	M039.ETC	0.96	王様の病は・・・私が思うに・・・\nあのパゾートが 銘んでいるのでは\nと・・・うたがっているのだ{0005}	1	
00824	M039.ETC	0.97	お前の力で その辺りのところを\n調べてみては くれないか?{0008}	1	
00825	M039.ETC	0.98	まったく・・・宝箱のカギは・・・\nどこに かくしているのかしら?{0005}	1	
00826	M039.ETC	0.99	王様の病が 直りそうもないから\nカギを 預かるといってるのに・・・\nさすがに 抜け目のない王様だこと。{0008}	1	
00827	M039.ETC	0.100	ハハハッ {000A}よ\nいつから お前はペットを連れて\n登城するように なったのだ?{0005}	1	
00828	M039.ETC	0.101	・・・それにしても その白鳥は\nなんて 理知的な目をしてるんだ\nしかも 深い悲しみを感じる・・・。{0008}	1	
00829	M039.ETC	0.102	{000A}は 剣士に出世しながら\n白鳥なんかを 供にしてるとは・・・\nまだ 子供の気持ちが抜けないのか!{0005}	1	
00830	M039.ETC	0.103	おや・・・どういうわけだろう?\nその白鳥は 私のことばに反応した{0006}\nまあよい 以後 気をつけるのだぞ。{0008}	1	
00831	M039.ETC	0.104	やや・・・お前に従う白鳥は・・・\nぼうや・・・なかなかやるわね\nまさか お前が探し出すとは意外だわ{0005}	1	
00832	M039.ETC	0.105	わざわざ 私の前に連れてきたのは\nサテラを 見つけたといいたいわけ?\nでもそれを だれが信じるかしら!{0008}	1	
00833	M039.ETC	0.106	おわっ サ サルが出おったか!\nお前は どこの山から来たのだ・・・\nとか聞いても 答えるワケないよな。{0008}	1	
00834	M039.ETC	0.107	だ だれか・・・おらんか!\n巨大なボスザルが やってきた\n早く・・・何とかしてくれ とほほ。{0008}	1	
00835	M039.ETC	0.108	ほほほ いくら サルに変化しても\n{000A}殿であるのは かくせないわ{0005}	1	
00836	M039.ETC	0.109	そんなに サルが気に入っているなら\nホントのサルに して上げましょうか?{0008}	1	
00837	M039.ETC	0.110	よお {000A}久しぶり!\nたまには アルフレッドの所にも\n顔を出してやれよ しょげてるぜ。{0008}	1	
00838	M039.ETC	0.112	{000A}に 教えてやるけど\n夜に西の方向で すごい光を見たよ\n西の地方で 何かが起きたんだよ!{0008}	1	
00839	M039.ETC	0.113	なんだい・・・どうかしたか?\n何だか 焦っている感じだけど\n何かあったなら 教えてくれよ!{0008}	1	
00840	M039.ETC	0.114	ねえ {000A}様 見て下さい!\nサテラ王女が 2人になるなんて\n私の目が おかしいのでしょうか?{0008}	1	
00841	M039.ETC	0.115	もう ビックリしちゃいました!\n王女様が 王様と話してらしたら\nとつぜん 王女様が入ってきたの!{0008}	1	
00842	M039.ETC	0.116	王女様は 王様の正面にいたのですが\n外から 王女様が入ってきたので・・・\n右・・・左? どっちだったかしら!{0008}	1	
00843	M039.ETC	0.117	あわわっ 王女様が2人になるなんて\nこんなことって・・・あっ そうだ!\n王女様は 本当は双子だったんだわ。{0008}	1	
00844	M039.ETC	0.118	オロオロ・・・オロオロ・・・\n{000A}殿に おたずねしますが\n王女様が 白鳥だったとは本当ですか?{0008}	1	
00845	M039.ETC	0.119	あっちに 王女様がいらしたのに\nそっちから 王女様が入ってらして\nウーン・・・頭がコンランしてます。{0008}	1	
00846	M039.ETC	0.120	いやあ・・・長年生きておりますが\nこんなことは ありませんでしたなあ\nサテラ王女が 分身するなんて・・・。{0008}	1	
00847	M039.ETC	0.121	そ そんなあ・・・でもなあ・・・\nお父親である 王様でもわからないほど\n似ている人が 生まれるものですかな?{0008}	1	
00848	M039.ETC	0.122	王様は 今日は少し元気とのことで\n玉座の方に 出ていらしてるんだ\nウン・・・王女様も いらっしゃるよ。{0008}	1	
00849	M039.ETC	0.123	ちょっと 中の様子が変だなあ・・・\nまあ 争うような 物音はしないし\n呼ばれたら 行けば良いんだろうさ。{0008}	1	
00850	M039.ETC	0.124	あの・・・{000A}様は感じません?\n王女様の ケモノの様な気配を・・・\n私は 何だか・・・怖ろしいのです。{0008}	1	
00851	M039.ETC	0.125	こうして 毎日のけいびをしてると\nたまには 何かが起きないかと思うんだ\nでも それはいけないことなんだよな。{0008}	1	
00852	M039.ETC	0.126	王女様が お2人になってしまうとは!\n・・・王様が 見分けがつかぬのでは\n私に わかるわけがないであろう・・・。{0008}	1	
00853	M039.ETC	0.127	あっ {000A}様 どうしましょう?\nニセ者が こんなに似てるなんて・・・\n私でさえ 鏡にうつしているみたいです。{0008}	1	
00854	M039.ETC	0.128	{000A}様には わかりますわね!\n白鳥から 元の姿にもどす旅をしてきて\nサテラを 理解してくれたと信じてます。{0008}	1	
00855	M039.ETC	0.129	や やあ {000A}元気かい?\nボクは相変わらず けいびなんだ{0005}	1	
00856	M039.ETC	0.130	はは 夜に備えなきゃいけないから\n悪いけど 眠らしてもらうよ グー。{0008}	1	
00857	M039.ETC	0.131	グーグー・・・スースー・・・。{0008}	1	
00858	M039.ETC	0.132	見ての通りだ {000A}よ\n片方の王女様は 白鳥の姿だった所を\nお前に救われたと・・・そうなのか?	1	
00859	M039.ETC	0.133	それじゃあ・・・後から来た方が\nやはり ニセ者であったのか!\nでも 気立ては良さそうだったぞ。{0008}	1	
00860	M039.ETC	0.134	ウーム・・・やはり そうだったのか!\nしかし これは困ったぞ・・・\nどちらだったか わからなくなった。{0008}	1	
00861	M039.ETC	0.135	いったい どうなってるんだ!{0008}	1	
00862	M039.ETC	0.136	王女様が 2人になるなど\n私にも 訳が分かりません!{0008}	1	
00863	M039.ETC	0.137	王女様が 2人いるわけがありません\nきっと どちらかがニセ者ですぞ!{0008}	1	
00864	M039.ETC	0.138	お父さま よくごらんになって?\n私が 本物のサテラですわ!{0008}	1	
00865	M039.ETC	0.139	んまあ! なんてズウズウしい!{0008}	1	
00866	M039.ETC	0.140	とんでもありませんわ お父さま!\nサテラは私 ダマされてはいけません。{0008}	1	
00867	M039.ETC	0.141	まあ あなたが サテラ王女?\nじゃあ 私は誰だと言うの?{0008}	1	
00868	M039.ETC	0.142	まあ 開き直る気ね!\nならば 言ってあげるわ\nあなたは パゾートの手下だわ{0005}	1	
00869	M039.ETC	0.143	名前は・・・たしか・・・\nそう カー・・・カーリーよ!{0008}	1	
00870	M039.ETC	0.144	もう よい!{0008}	1	
00871	M039.ETC	0.145	少し 考えさせてくれ・・・。{0008}	1	
00872	M039.ETC	0.146	むむ・・・そうだ・・・その手が!{0008}	1	
00873	M039.ETC	0.147	イヤ・・・それはできない\nいくらティアラに 守られていても\n自分の娘に 剣は向けられぬ・・・。{0008}	1	
00874	M039.ETC	0.148	しかし 私はオデガンの王だ\n国の平和のためには やらねばならぬ!{0005}	1	
00875	M039.ETC	0.149	カイパよ 剣を抜け!\nそして・・・どちらでもかまわぬから\n王女に その剣で切りつけるのだ!{0008}	1	
00876	M039.ETC	0.150	王様・・・私にはできません。{0008}	1	
00877	M039.ETC	0.151	なんと! なぜ できぬのだ!{0008}	1	
00878	M039.ETC	0.152	王様! カイパはせめられません{0005}	1	
00879	M039.ETC	0.153	本物の・・・お優しいサテラ王女に\nもしものことが あったらと思うと\nできることでは ありませんぞ。{0008}	1	
00880	M039.ETC	0.154	ぬぬぬ・・・おまえたち・・・\n私が 喜んでやらせると思うのか!\n・・・やれ オデガンの平和のために。{0008}	1	
00881	M039.ETC	0.155	し しかし・・・王様!{0008}	1	
00882	M039.ETC	0.156	ま まだ わからんのか!{0008}	1	
00883	M039.ETC	0.157	おや? {000A}ではないか!\nそうか やはりもどっていたのか?{0005}	1	
00884	M039.ETC	0.158	すると・・・片方のサテラの話は\nウソでは なかったようだなあ。{0008}	1	
00885	M039.ETC	0.159	だから 言ったではありませんか!{0008}	1	
00886	M039.ETC	0.160	{000A}様が いなかったら\n白鳥に変えられた ままでしたわ。{0008}	1	
00887	M039.ETC	0.161	こりゃあ まいったぞ!\n後から来た王女は どっちだったかな?\nわからなくなってしまった・・・。{0008}	1	
00888	M039.ETC	0.162	はてさて・・・どちらでしたかなあ。{0008}	1	
00889	M039.ETC	0.163	それなら 私です!\nお忘れに ならないで下さい。{0008}	1	
00890	M039.ETC	0.164	まあ なんてずうずうしい!\n{000A}様と 帰ってきたのは私ですわ。{0008}	1	
00891	M039.ETC	0.165	もう よい! \n頭が 変になりそうだ・・・。{0008}	1	
00892	M039.ETC	0.166	もう 我々には訳がわからん・・・\n今や 切りつける以外に方法もない{0005}	1	
00893	M039.ETC	0.167	そうだ! {000A}だ\n{000A}に 選んでもらおう!{0008}	1	
00894	M039.ETC	0.168	王様 それはあまりに・・・。{0008}	1	
00895	M039.ETC	0.169	まあ 聞け・・・大臣よ\nもし 後から来た王女の話が本当なら\n我々には ニセの王女が見抜けなかった{0005}	1	
00896	M039.ETC	0.170	しかし {000A}は白鳥の王女を助け\nこうやって 連れて帰って来てくれた\n{000A}なら きっと見抜いてくれよう!{0008}	1	
00897	M039.ETC	0.171	さあ {000A}よ\n本物は 右の王女か?	1	
00898	M039.ETC	0.172	なに? それでは 右の王女か?	1	
00899	M039.ETC	0.173	なに? それでは 左の王女か?	1	
00900	M039.ETC	0.174	そうか! 右の王女が本物か!{0008}	1	
00901	M039.ETC	0.175	カイパよ 切れ!\n左が ニセモノだ!{0008}	1	
00902	M039.ETC	0.176	そうか! 左の王女が本物か!{0008}	1	
00903	M039.ETC	0.177	カイパよ 切れ!\n右が ニセモノだ!{0008}	1	
00904	M039.ETC	0.178	カイパよ やめい!\nそれこそ まことのサテラ王女だ!{0008}	1	
00905	M039.ETC	0.179	そうか・・・きさまがニセ者か?\nよくも 王女にバケおったな!{0008}	1	
00906	M039.ETC	0.180	ホホホ ばれてしまったわね\nそう 私が魔女 カーリーよ。{0008}	1	
00907	M039.ETC	0.181	だまし通せるかと 思っていたけど\nついに 見抜かれてしまったわね?\nでも 残念ながら 遅かった{0005}	1	
00908	M039.ETC	0.182	宝箱のカギは 夕べ頂いておいたわ\nそのカギで 催眠術にかかった兵士が\n今頃は ジンのオーブを盗んでいる!{0005}	1	
00909	M039.ETC	0.183	これで パゾート様のユメがかない\n迷宮のジンたちを 開放できるのよ。{0008}	1	
00910	M039.ETC	0.184	そ そんなバカなことが!\nここに しっかりと・・・。{0008}	1	
00911	M039.ETC	0.185	な ないぞ 宝箱のカギが!{0008}	1	
00912	M039.ETC	0.186	ジンを開放・・・する?\nやはり 伝説の巨人スルトを・・・\n復活させようと しているのだな!{0008}	1	
00913	M039.ETC	0.187	スルトの巨人の伝説は・・・\n作り話では なかったのか・・・。{0008}	1	
00914	M039.ETC	0.188	スルトは 災いの巨人・・・\nそんなものを よみがえらせたら\nこのオデガンの国は・・・終わりだ。{0008}	1	
00915	M039.ETC	0.189	そうよ! もう 終わるのよ!\nこの国も タイクツで平和な世界もね。{0008}	1	
00916	M039.ETC	0.190	ならんぞ・・・させてはならん\n捕まえろ 宝玉を取り戻すのだ!{0008}	1	
00917	M039.ETC	0.191	ホホホ 私から取り戻すつもり?\nできるものだったら やってごらん!{0008}	1	
00918	M039.ETC	0.192	大臣よ カーリーが逃げぬように\nすべての通路を 兵士でふさぎ\n追いつめるのだ さあ 行け!{0008}	1	
00919	M039.ETC	0.193	{000A}よ お前も行け!\nなんとしても カーリーから\nジンの宝玉を 取り戻すのだ!{0008}	2	
00920	M039.ETC	0.195	パゾートたちの たくらみには\n怖ろしい 目的があったのですね\nそれに 私を利用するなんて・・・{0005}	1	
00921	M039.ETC	0.196	{000A}様 どうかお願いです\nやつらの野望を くい止めて下さい。{0008}	1	
00922	M039.ETC	0.197	あ あのカーリーとかいう人が\n目の前を通った時は ビックリ!\nその階段を・・・降りていきました。{0008}	1	
00923	M039.ETC	0.198	{000A}様が 助けた人って\nは・・・ニセ者だったんですね\n姿が変わった時には 怖ろしかったわ。{0008}	1	
00924	M039.ETC	0.199	カイパ様が 王女様を斬ったときは\n目を向けて いられませんでした\nでも お考えがあったのですね。{0008}	1	
00925	M039.ETC	0.200	王女が 危険にさらされてまでも\n国のためを 思ってらっしゃるなんて\n王様を・・・見直しましたわ・・・。{0008}	1	
00926	M039.ETC	0.201	私は 王様を信じておりました・・・\nにしても カイパ様に剣を抜かせて\n王女様を 斬りつけさせますとは!{0008}	1	
00927	M039.ETC	0.202	大臣が すぐに命令したことで\n城内の通路は せきとめられました\n安心して カーリーを追って下さい。{0008}	1	
00928	M039.ETC	0.203	パゾートは オデガンをあきらめたと\n私は そう信じておったのです・・・\nダークエルフは しゅうねん深い!{0008}	1	
00929	M039.ETC	0.204	{000A}殿は こんなことをやって\nヒマをつぶしてる 場合ではありません\n敵は 一階の方に回ったようですぞ!{0008}	1	
00930	M039.ETC	0.205	敵は だれでもソックリに化けるから\nだれも 通すなと命令を受けてるんだ\nたとえ{000A}でも 通せないぞ!{0008}	1	
00931	M039.ETC	0.206	敵は カーリーという女エルフだって?\nどうも 王家の墓の方に行ったらしい\nお前も早く そっちに向かうんだ!{0008}	1	
00932	M039.ETC	0.207	なんだか知らないが 大臣の命令で\nアリの子1匹たりとも 通すなとさ\nだから悪いが ここは通せないんだよ。{0008}	1	
00933	M039.ETC	0.208	いきなり お呼びがかかったら\n何があろうと 守り抜けだなんて\n理由ぐらい 教えてほしいよなあ。{0008}	1	
00934	M039.ETC	0.209	あれ? たしか{000A}は\n王家の墓の方に 向かうんじゃ?\n早くしないと 大臣にしかられるぜ。{0008}	1	
00935	M039.ETC	0.210	王家の墓方面に 向かうのだったら\nその階段を 下りるのが近道だぜ\n中庭から キッチンを抜ければいい。{0008}	1	
00936	M039.ETC	0.211	おお {000A}よ どうだった!\nカーリーは 見つかったのか?{0008}	1	
00937	M039.ETC	0.212	その分では・・・ダメだったようだな。{0008}	1	
00938	M039.ETC	0.213	やつらは あの宝玉を使って\nジンを開放しに 行くことでしょうな?{0008}	1	
00939	M039.ETC	0.214	ごくろうだが これからすぐに\n南にある 砂の迷宮に行ってくれ!{0008}	1	
00940	M039.ETC	0.215	なんとしても やつらの野望を\n砂の迷宮で くい止めるのだ!{0005}	1	
00941	M039.ETC	0.216	あそこでダメだと やっかいなのだ\n・・・西の地方という見知らぬ地で\nジンの迷宮を 探さねばならなくなる。{0008}	1	
00942	M039.ETC	0.217	そんなことに なったならば・・・\nますます・・・イヤ いかんいかん\n{000A}を 信じて待っていよう。{0008}	1	
00943	M039.ETC	0.218	{000A}よ 剣を見せてみよ。{0008}	1	
00944	M039.ETC	0.219	お前の これからのことを思うと\nショートソードでは 心細いだろう?{0005}	1	
00945	M039.ETC	0.220	これからの冒険に 見合う剣をと\nおやさしい王様からの 贈り物だ\nありがたく 受け取るがよいぞ{0005}	1	
00946	M039.ETC	0.221	そうだ! 新しい剣を受け取ると\n古い剣は ジャマになるだろう?\n宝箱の中に 置いていくがいい。{0008}	1	
00947	M039.ETC	0.222	お前が 砂の迷宮に行くにあたって\n宝物庫の宝を 与えることにした!{0005}	1	
00948	M039.ETC	0.223	宝箱のカギは 開けておいたから\nえんりょなく 持って行くがいいぞ。{0008}	1	
00949	M039.ETC	0.224	お前の力だけが 我々の頼りなのだ\nたのむぞ{000A} なんとしてでも\nヤツらの企みを くい止めてくれ!{0008}	1	
00950	M039.ETC	0.225	宝玉を盗まれるとは うかつだった!\nもしも 巨人が復活してしまったら\nあの宝玉だけが 最後の望みなのだ{0005}	1	
00951	M039.ETC	0.226	魔族の強大な力に 打ち勝つといわれる\nシャイニングソードの 迷宮のとびらは\n宝玉だけが 開けられるというのに。{0008}	1	
00952	M039.ETC	0.227	西の地方の ジンの迷宮の方には\nすでに 他の者を送っておいたが\nパゾートたちには 歯が立つまい{0005}	1	
00953	M039.ETC	0.228	もしも 土のジンが解放されたなら\nお前も 西の地方に向かってくれ\n残った迷宮で くい止めるしかない。{0008}	1	
00954	M039.ETC	0.229	あんなに 平和だったオデガンが\nこんなことで 終わってしまうのか?\nそりゃあ あんまりだあ トホホ。{0008}	1	
00955	M039.ETC	0.230	{000A}様 ご無事でしたのね!\n怖ろしい怪物と 戦われたと聞いて\n・・・心配しておりました ポッ。{0008}	1	
00956	M039.ETC	0.231	真っ昼間に 敵がおそってくるなんて\nまったく だいたん不敵なやつらだ\nしかも 宝玉を取られちまうとはなあ。{0008}	1	
00957	M039.ETC	0.232	あの時 {000A}が助けた王女様は\nカーリーという 敵の魔女だったのか!\nでも 剣士の身分のままだなんて・・・。{0008}	1	
00958	M039.ETC	0.234	{000A}に 教えてやるけど\n夜に西の方向で すごい光を見たよ\n西の地方で 何かが起きたんだよ。{0008}	1	
00959	M039.ETC	0.235	さっき 急いでいるお前を見かけたが\n王女様が ニセ者と変えられてたなんて\n・・・どおりで 焦ってたわけだよな。{0008}	1	
00960	M039.ETC	0.236	ああ・・・カーリーという魔女に\n宝玉を 持ち去られるなんて・・・\nオデガン城の殿方は 頼りないわあ。{0008}	1	
00961	M039.ETC	0.237	私 歴史は よくわからないけれど\nあの宝玉によって よみがえる巨人は\nオデガンに 不幸をもたらすのでしょ?{0008}	1	
00962	M039.ETC	0.238	{000A}様 どうかお願いよ\n砂の迷宮で やつらの悪巧みを\nどうか くい止めて下さい。{0008}	1	
00963	M039.ETC	0.239	先ほどの ごりっぱなふるまいも\nどことなく 気落ちされた所も\n王様・・・乙女心をくすぐるわ。{0008}	1	
00964	M039.ETC	0.240	王女様が パゾートに連れ去られた日\nあなたが 王女様をお助け下さったと\n信じておりましたのに・・・。{0008}	1	
00965	M039.ETC	0.241	{000A}殿とも あろうお方が\nまんまと 王女にすり替わった魔女を\nパゾートから 助け出してくるとは!{0005}	1	
00966	M039.ETC	0.242	あれが 宝玉の盗まれる原因ですから\n何としても 宝玉を取り戻して下さい。{0008}	1	
00967	M039.ETC	0.243	あの宝玉で 巨人がよみがえれば\nオデガンは 大変なことですが・・・{0005}	1	
00968	M039.ETC	0.244	そんな昔に 地下に沈んだ巨人が\nよみがえって くるものですかな?{0008}	1	
00969	M039.ETC	0.245	あの魔女は カーリーでしたか?\n宝玉を盗んだ にくい敵ですが\nなかなか みりょく的でしたな!{0008}	1	
00970	M039.ETC	0.246	{000A}が もどってくる前に\nオデガン軍が 西の地方へ出発した\nジンの迷宮に 向かったんだよ。{0008}	1	
00971	M039.ETC	0.247	さっき出発した オデガン軍は\nまず ホビットの村によって\n彼らの力を 借りるつもりなのさ。{0008}	1	
00972	M039.ETC	0.248	聞いて下さい 王女様ったら・・・\nさっきから {000A}様の話ばかりで\nもう 耳に タコができそうですわ!{0008}	1	
00973	M039.ETC	0.249	このフロアーは そうでもないが\nジンの迷宮に 進軍したおかげで\nオデガン城も さみしくなったぜ。{0008}	1	
00974	M041.ETC	0.57	{0015}この先 オデガン東の地方へ\n旅の用意のない者は 入るべからず。{0008}	1	
00975	M041.ETC	0.58	{0015}水の迷宮へ 通り抜けられます\n双子岩の西の岬も こちら!{0008}	1	
00976	M041.ETC	0.59	{0015}ホビットの村に ようこそ\nこころより かんげいいたします。{0008}	1	
00977	M041.ETC	0.60	{0015}千年樹方面は 川向こうに!\n向こう岸に 渡りたい方は\nパネルに 飛び込むこと!{0008}	1	
00978	M041.ETC	0.61	{0015}ホビット村・水の迷宮は川向こうへ\n向こう岸に 渡りたい方は\nパネルに 飛び込むこと!{0008}	1	
00979	M041.ETC	0.62	{0015}この先 北に千年樹\n仙人に ごようの方は 頂上まで{0008}	1	
00980	M041.ETC	0.63	{0015}この迷宮は 砂漠地帯へ\nオデガン東地方に 近道。{0008}	1	
00981	M041.ETC	0.64	{0015}火山地帯は ガケ向こうに!\n要ジャンプ力 キケン。{0008}	1	
00982	M041.ETC	0.65	{0015}光の装備を欲する者は 対岸の岬の岩で\n黒いカベに体を当て その権利を示せ!\n正当と認めし時 光の迷宮が現れよう。{0008}	1	
00983	M041.ETC	0.66	へい いらっしゃい{0006}\nあいにく全部品切れでね・・・\nまた来てくださいよ。{0008}	5	
00984	M041.ETC	0.67	おや おきゃくさんかい?\n悪いけど まだ じゅんびちゅうなんだよ\nもうすこししたら またおいで!	4	
00985	M041.ETC	0.68	へいいらっしゃい!\nいい品物ばかりだよ!\nゆっくり見ていってくれよ!{0008}	5	
00986	M041.ETC	0.69	{000E} だね そいつは\n金貨{0010}枚になるけど\nそれで いいかい?	5	
00987	M041.ETC	0.70	{0002}はいよ 渡すぜ\nだいじに使ってくれよな!\n{0007}{0002}もう一ついるかい?	5	
00988	M041.ETC	0.71	{0002}そいつはざんねんだなあ{0008}	5	
00989	M041.ETC	0.72	ありがとう またよってくれよ!{0007}{0008}	5	
00990	M041.ETC	0.73	おや・・・お金が足りませんよ{0008}	5	
00991	M041.ETC	0.74	おや・・・{000E}はもう持てませんよ{0008}	5	
00992	M042.ETC	0.57	{000A}様 オデガンですのね?{0008}	1	
00993	M042.ETC	0.58	私のニセ者が いるかと思うと・・・\n{000A}様・・・私 先にまいります\nニセ者の正体を あばかなければ!{0008}	1	
00994	M042.ETC	0.59	{0015}この迷宮はキケン 入るべからず!\nジャンプ力を与える 迷宮の宝が目当ての\nトレジャーハンターへ オデガン王。{0008}	1	
00995	M042.ETC	0.60	{0015}この先 オデガン西の地方へ\n旅の用意のない者は 入るべからず。{0008}	1	
00996	M042.ETC	0.61	{0015}この先 迷いの森へ\nキノコ取りに入る者は\n野生動物に 十分注意!{0008}	1	
00997	M042.ETC	0.62	{0015}ここから グドーの谷\nどうもうな 動物多し!{0008}	1	
00998	M042.ETC	0.63	{0015}ようこそ オデガン城下町へ\nどうぞ まっすぐお入り下さい。{0008}	1	
00999	M042.ETC	0.64	{0015}オデガン城・城下町は この先!\n橋を渡って 真っ直ぐお進み下さい。{0008}	1	
01000	M042.ETC	0.65	{0015}ここから 西にオデガン城\n北にグドーの谷・迷いの森\n南に砂漠地帯・砂の迷宮。{0008}	1	
01001	M042.ETC	0.66	{0015}オデガン城は 西に進め!\n{000A}の祖父より{0008}	1	
01002	M051.ETC	0.57	ここは 神聖なるオデガン教会です\n迷える子羊よ よくぞまいられました\n冒険を 記録して進ぜましょうか?	2	
01003	M051.ETC	0.58	なんと? 記録を断りなされますか?\nまあ それもよろしいでしょう・・・\nまた 救いを求めに おいでなさい。{0008}	2	
01004	M051.ETC	0.59	うむ 記録はできました\nいつでも 冒険を再開できますぞ\nさて 冒険を続けられますかな?	2	
01005	M051.ETC	0.60	ふむむ さらに冒険されますか?\nまあ それもよろしいでしょう・・・\nくれぐれも 無理をなされぬようにな。{0008}	2	
01006	M051.ETC	0.61	ふむ 次回の冒険にそなえ\nしばし休息をとるのが よろしかろう。{0008}	2	
01007	M051.ETC	0.62	何をしてるか 知りたいですか?\n残念ながら 私もわからないんです\n人が 集まってたもので・・・。{0008}	1	
01008	M051.ETC	0.63	ここは パルメキア大陸の北の大国\nオデガン国の首都 オデガンの町だ。{0008}	4	
01009	M051.ETC	0.64	オデガン地方は 海と山に守られて\n他の国から 干渉を受けないので\nとても平和で 美しいところだわ。{0008}	1	
01010	M051.ETC	0.65	わーっ お兄ちゃんのヨロイ新品だ\nこれから お城に勤めに行くんだね?\nいいなあ ボクも兵士になりたいな。{0008}	1	
01011	M051.ETC	0.66	お兄ちゃん・・・見ない顔ね・・・\nキョロキョロしたら はずかしいわよ\n都会を見るのが 珍しいんでしょ?{0008}	1	
01012	M051.ETC	0.67	お前さんは? どこから来なすった?\nお城に 勤めに来られたんじゃろ!\nなあに わしは何だってお見通しじゃ。{0008}	1	
01013	M051.ETC	0.68	あたしゃ ずっとここに住んでるけど\nあの人は 一度も見たことがないねえ\nあのバアさん・・・よそ者だよ。{0008}	1	
01014	M051.ETC	0.69	私は 移住してきたばかりなので\n見るもの全てが 新しいのです・・・{0006}\nおや? あなたもそうでしたか?{0008}	1	
01015	M051.ETC	0.70	あの ふんすいの前にいるバアさんが\n集まれっていうから 来たんだけど\nいったい何が 始まるんだろうねえ?{0008}	1	
01016	M051.ETC	0.71	あんたも ヤジ馬なんだろ?{0006}\nそこからじゃ 見にくいだろうから\n見やすいところを 探すがいいさ。{0008}	1	
01017	M051.ETC	0.72	聞いとくれよ・・・\nほんとに このまんまじゃ!{0008}	1	
01018	M051.ETC	0.73	オデガンの 城も町も{0006}\nみんな 減びちまうんだ。{0008}	1	
01019	M051.ETC	0.74	あんた 疑ってるね!{0008}	1	
01020	M051.ETC	0.75	あんたも 信じてないね!{0008}	1	
01021	M051.ETC	0.76	あんたも!{0008}	1	
01022	M051.ETC	0.77	はああー なさけないねぇ・・・。{0008}	1	
01023	M051.ETC	0.78	だけど 本当のことだよ。{0008}	1	
01024	M051.ETC	0.79	この水晶に 写ったのさ{0006}\nだから どうしても・・・。{0008}	1	
01025	M051.ETC	0.80	ちょっ ちょっと\nどこに 行こうってんだよ。{0008}	1	
01026	M051.ETC	0.81	面白い見せ物でも やるかと思ったら\n国が破減するだとか じゃなあ・・・\nまったく 時間を無駄にしちまった!{0008}	1	
01027	M051.ETC	0.82	その上に 水晶だからなあ\n期待して 損したぜ。{0008}	1	
01028	M051.ETC	0.83	そんなこと・・・あたしゃ見たんだよ\nだからそれを みんなの力でさあ・・・。{0008}	1	
01029	M051.ETC	0.84	水晶に 写ったからって\nなんだっていうのさ・・・?{0008}	1	
01030	M051.ETC	0.85	よしてくれよ エンギでもない。{0008}	1	
01031	M051.ETC	0.86	悪いな! 忙しいんだ。{0008}	1	
01032	M051.ETC	0.87	イカサマだって いうのかい!{0008}	1	
01033	M051.ETC	0.88	・・・情けないねえ・・・・・・。{0008}	1	
01034	M051.ETC	0.89	あんたたち! この国がどうなっても\nあたしゃ もう知らないからね!{0008}	1	
01035	M051.ETC	0.90	あんたは お城の兵士だね\nさっきの話を 聞いてたんだろ{0007}\nどうせ あたしのことを・・・\nイカサマ占い師だと 思ってるんだろ?	1	
01036	M051.ETC	0.91	フン そんなことだろうと思ったよ\nあっちに行っておくれ シッシ。{0008}	1	
01037	M051.ETC	0.92	なんだよ まだ 何か用かい?\nどうせイカサマだと 思ってるんだろ!	1	
01038	M051.ETC	0.93	ほう それじゃあ もっと\n詳しく 聞きたいって言うんだね?{0006}	1	
01039	M051.ETC	0.94	フーン・・・{0006}けど・・・{0006}それにしちゃあ\nなんだか 随分 頼りないねえ。{0008}	1	
01040	M051.ETC	0.95	あたしが オデガン城に来たのは\nドラゴンとも 対等に戦える勇者に\n国の危険を 知らせるためだったのさ{0005}	1	
01041	M051.ETC	0.96	けれど・・・{0006}あたしの心配が的中した{0006}\nオデガン国には もう勇者なんかいない{0006}\n勇者なんて いなくなっちまったのさ!{0008}	1	
01042	M051.ETC	0.97	ジャイルズのような 活きのいいのは{0006}\nもう 現れないのかと思うと・・・{0006}\nホントに さびしい・・・ねえ。{0008}	1	
01043	M051.ETC	0.98	あんた! 勇者になりたいかい!	1	
01044	M051.ETC	0.99	{0002}まあ そんなこといったって\nあんたの その若さじゃ・・・{0006}\nそりゃあ わかんないだろうさ。{0008}	1	
01045	M051.ETC	0.100	{0002}あんたは オデガンの兵士の中じゃ\n見込みがありそうだから 言っとくけど{0005}	1	
01046	M051.ETC	0.101	4つのジンが 甦ろうとしていて{0006}\nジンは さらなる災厄を導くのさ・・・{0006}	1	
01047	M051.ETC	0.102	オデガン王女には 気を付けることだよ。{0008}	1	
01048	M051.ETC	0.103	ちょいと おまちよ!{0008}	1	
01049	M051.ETC	0.105	オデガン地方は 海と山に守られて\n他の国から 干渉を受けないのよ\nだから 平和で美しいところなの。{0008}	1	
01050	M051.ETC	0.106	あれ? おかしいなあ・・・{0006}\nたしか今 この辺に人がいたのに\n目を離したすきに 消えちゃった。{0008}	1	
01051	M051.ETC	0.107	兄ちゃん・・・見ない顔ね・・・{0006}\nキョロキョロしたら はずかしいわよ\n都会を見るのが 珍しいんでしょ?{0008}	1	
01052	M051.ETC	0.108	あの・・・演説ぶってたバアさんは\nこの町では 初めて見かける顔だ{0005}	1	
01053	M051.ETC	0.109	なんでも グドーの谷から来たそうだが\nあんな所に 人が住んでたかなあ?\n私は 聞いたことがないぞ・・・。{0008}	1	
01054	M051.ETC	0.110	町の南西の角に 魔法使いの館があって\nうす気味悪い人が 沢山出入りしてるわ\n何で あんな連中を ほっとくのかね?{0008}	1	
01055	M051.ETC	0.111	あのバアさん・・・たちが悪いぜ!\nこの国が 減びるとか言ってたけど\nこんな平和な国に 何も起こるもんか。{0008}	1	
01056	M051.ETC	0.112	よお あんた! {000A}だろ?{0006}\n今日から 城に勤める新米兵のな!\nカイパ様が 中でお待ちになってるぜ。{0008}	1	
01057	M051.ETC	0.113	私は この国の平和だというウワサで\n山脈を越えて やって来たんですが\nオデガンは ノンビリとしたいい国だ{0005}	1	
01058	M051.ETC	0.114	それを なんですか あのバアさん?\nこんないい国が 減びるとか言って!\nきっと 平和がねたましいんですよね。{0008}	1	
01059	M051.ETC	0.115	町には 入り口のない建物があるけど\n南西の角の館は かくし通路を見つけた{0006}\nでも その小屋の入口はわかんないよ?{0008}	1	
01060	M051.ETC	0.116	ここは オデガンの城ですが・・・{0006}\nオデガン城に どんな用事ですかな?{0005}	1	
01061	M051.ETC	0.117	なにい 今日から勤める新入だと・・・{0006}\n一般兵は 西の入り口の詰め所に回れ!{0008}	1	
01062	M051.ETC	0.118	山脈を越えた パルメキアの西の方では\n戦争騒ぎが 絶えないらしいけど・・・{0006}\nオデガンに攻め込む 軍隊はないよな{0005}	1	
01063	M051.ETC	0.119	オレが オデガンの兵士になったのは\n命をかけた戦いに あこがれたからだ\nあーあ 兵士なんてたいくつだ・・・。{0008}	1	
01064	M051.ETC	0.120	あんた 魔法使いの館に入りたい?\nだったら 館の周りを調べてごらんよ。{0008}	1	
01065	M051.ETC	0.121	おや? お泊まりかい・・・{0006}\n悪いなあ 今日は予約がいっぱいだ\nまた今度 泊まってくれよな。{0008}	1	
01066	M051.ETC	0.122	今日は 北西のホビットの村から\n村長一行が お泊まりになるらしい{0005}	1	
01067	M051.ETC	0.123	あんた ホビットを見たことあるかい?\n何だったら 後で見に来るがいい。{0008}	1	
01068	M051.ETC	0.124	あんた? まだ未成年だろ!\n昼間から 酒場なんかうろついてると\n不良になるよ 帰った 帰った!{0008}	1	
01069	M051.ETC	0.125	4つのジンは その昔・・・\nスルトの巨人を封じ込めたのじゃ{0005}\n我らの使う 魔法の力の多くは\nそのジンに 与えられておるのじゃ。{0008}	1	
01070	M051.ETC	0.126	炎をつかさどる\n火のジンの 力を借りれば\nこんなことなど朝飯前だ ワッハッハ。{0008}	1	
01071	M051.ETC	0.127	若き戦士よ 教えてやろう!\nこの地は 汚れし土地じゃ{0005}\n古えの神々と 悪魔の最終決戦で\n伝説のいまわしき巨人が 倒れし土地ぞ。{0008}	1	
01072	M051.ETC	0.128	私 見習いの魔法使いなんだけど\n魔法って 思ったより簡単よね\nだって すぐにマスターしたもの!{0005}	1	
01073	M051.ETC	0.129	この国は 魔法の精霊の力のために\n割と楽に 魔法が扱えるんだって!\nでも精霊って どこにいるのかしら?{0008}	1	
01074	M051.ETC	0.130	魔法の精霊は 巨人の力をうばったが\nその強大な力に 操られかけて・・・\nそれぞれの迷宮に 封じられたそうだ{0005}	1	
01075	M051.ETC	0.131	精霊がひとたび 解放されたなら\n地底の沼の 巨人の洞窟へ向かい\nやつを よみがえらせるだろう・・・。{0008}	1	
01076	M051.ETC	0.141	ホビットの長老が やってきたけど\n城の正門で 足止めされてるのよ\nどうして 中に入れないのかねえ?{0008}	1	
01077	M051.ETC	0.142	ホビットの長老の 会見の申し入れは\n数日前に 断ったはずだったのに・・・\n正門の所で ねばっているらしいぞ。{0008}	1	
01078	M051.ETC	0.143	バアさんの次が ホビットの長老とは\n今日は ホントについてない日だ\nこれ以上 何も起こらないだろうな。{0008}	1	
01079	M051.ETC	0.144	今日はまた 色々ある日ですなあ\nいかがわしい バアさんの次は\nホビットたちの さわぎですか?{0008}	1	
01080	M051.ETC	0.145	おれは 一生けんめい止めたんだけど\nホビットの長老も ガンコだから・・・{0005}	1	
01081	M051.ETC	0.146	王様が 彼らに会ってくれないと\nホビットたちは 帰らないだろうさ。{0008}	1	
01082	M051.ETC	0.147	ホビットたちの 後ろにいるのは\nたしか エルフ族だと思うんだけど\nなぜ・・・エルフ族が一緒なのかな?{0008}	1	
01083	M051.ETC	0.148	ありゃりゃ エルフがいないぞ!\nさっきは 確かにいたんだけど\nいつの間に いなくなったんだ?{0008}	1	
01084	M051.ETC	0.149	あんた ホビットの族長を知ってる?\n一番先頭の 左の人が族長なんだけど\n賢者と呼ばれ そんけいされてるのよ。{0008}	1	
01085	M051.ETC	0.150	この宿が いっぱいになるなんて\nホントに しばらくぶりのことで\nしかも ホビットたちだから大変だ{0005}	1	
01086	M051.ETC	0.151	なんたって 彼らは大酒飲みだから\n今日はだいぶ もうかりそうなのさ\n急いで えん会の用意をしなくちゃ!{0008}	1	
01087	M051.ETC	0.152	エルフのじょうほうを 聞かせるため\n彼らと供に ここまでやってきたのに\nオデガン王は ワシと会おうとしない{0005}	1	
01088	M051.ETC	0.153	ワシとオデガン王の仲だというのに\nいったい どうなっとるんじゃ?{0008}	1	
01089	M051.ETC	0.154	ぼくたちと やってきたエルフたちは\nはるばる パルメキアの西の地方から\nダークエルフのことを 知らせに来た{0005}	1	
01090	M051.ETC	0.155	こんな重大な話を 伝えに来たのに\nオデガン王が 出てこないなんて!{0008}	1	
01091	M051.ETC	0.156	オデガン王が 会ってくれないなんて\nいったい そんなことってあるかい?\nホビットが きらいになったのかなあ。{0008}	1	
01092	M051.ETC	0.157	ボクらの里は ずっと西にあるんだ\n仙人の住む 千年樹の大木の向こうの\n水辺を望む それは美しい都さ。{0008}	1	
01093	M051.ETC	0.158	オデガンの城下町は 初めてだけど\nこんな簡単に 町に入れるんだね{0005}	1	
01094	M051.ETC	0.159	ホビットは とても用心深いのさ\nだから ぼくらが招待しない者だと\n村にだって たどり着けやしないよ。{0008}	1	
01095	M051.ETC	0.160	ウーム これは困ったぞ・・・\nオデガン王の 協力が得られなければ\nダークエルフの 思うつぼだ・・・。{0008}	1	
01096	M051.ETC	0.161	魔導師パゾートが 何かをする前に\n先手を打たなければ 大変なのだけど{0006}\n・・・それとも・・・まさか・・・。{0008}	1	
01097	M051.ETC	0.162	ホビットの族長なら 泊まってるよ\n2階の突き当たり 一番奥の部屋さ{0005}	1	
01098	M051.ETC	0.163	でも どうして宿に泊まるんだろう?\nいつもは 城の客人なのに・・・。{0008}	1	
01099	M051.ETC	0.164	やあ お帰りなさい!\nもう お部屋の準備は整ってますよ。{0008}	1	
01100	M051.ETC	0.165	オデガン王が 長老に会われないのは\nパゾートが 関係していると思うのね\nだとしたら これからどうしましょう?{0008}	1	
01101	M051.ETC	0.166	パゾートのねらいは わかっている!\nしかし それを実現するためには\nオデガンの宝玉が 必要なのもね{0005}	1	
01102	M051.ETC	0.167	宝玉は このオデガン国の宝だから\nオデガン王が 渡すとは思わないけど\n念のため今夜 調べてこようと思う。{0008}	1	
01103	M051.ETC	0.168	えっ それじゃ まさか!\n今夜 オデガン城に・・・。{0008}	1	
01104	M051.ETC	0.169	しっ・・・。{0008}	1	
01105	M051.ETC	0.170	ねえ! どうしたの?{0008}	1	
01106	M051.ETC	0.171	何か あったの?{0008}	1	
01107	M051.ETC	0.172	いや・・・なんでもない\n気のせいだったらしい。{0008}	1	
01108	M051.ETC	0.173	彼ね?{0008}	1	
01109	M051.ETC	0.174	うむ 彼だ・・・まちがいない\nあとは 実行に移すだけだ。{0008}	1	
01110	M051.ETC	0.176	オデガン地方は 海と山に囲まれて\n他の国も 簡単には近づけないの\nだから とっても平和な国なのよ。{0008}	1	
01111	M051.ETC	0.177	ホビットが 町を出る前に\nこのあたりで 消えたんだけど\nいったい どこに行ったのかな?{0008}	1	
01112	M051.ETC	0.178	グスン ホビットさんが帰っちゃった\n小さくて かわいらしい人たちだから\nとっても 好きだったのに・・・。{0008}	1	
01113	M051.ETC	0.179	朝っぱらから 帰ってきたのは\nエルフ族じゃったが 散歩かなあ?\nそれにしちゃ えらく早かったぞ。{0008}	1	
01114	M051.ETC	0.180	あたしゃ 夕べ 見たんだよ・・・\n深夜にエルフが 外出したのを!{0005}	1	
01115	M051.ETC	0.181	けさになったら オデガン城では\nエルフのことで さわぎになってるし\n・・・きっと あいつのことだわね。{0008}	1	
01116	M051.ETC	0.182	ホビットが 帰ってから知ったんだが\n城では エルフの魔法さわぎじゃない?\nはんにんは ひょっとしたら・・・。{0008}	1	
01117	M051.ETC	0.183	オデガンは 平和なところだったのに\nここのところ おかしなことが続くよ\nまだ 何か起こるんじゃないだろうな?{0008}	1	
01118	M051.ETC	0.184	お城で おかしな事が続いてると\n町のうわさですが 本当ですか?\nここは 平和だと思ってたのに・・・。{0008}	1	
01119	M051.ETC	0.185	あんた あんまり走んないでくれよな\nあんなすごいスピードで 走られると\n危なくてしょうがないぜ まったく!{0008}	1	
01120	M051.ETC	0.186	きのう ホビットの後ろにいたのは\n耳の長さからして エルフだよなあ\nエルフは この地方じゃめずらしいな。{0008}	1	
01121	M051.ETC	0.187	今日も ホビットが来るかと思ったら\nけさ早くに 帰ったって言うじゃない\nなんだか 気が抜けちまうよなあ。{0008}	1	
01122	M051.ETC	0.188	ホビットの住む オデガン西の地方は\nここいらとは 比べものにならない程\nキケンなんだってよ コワイねえ!{0008}	1	
01123	M051.ETC	0.189	ホビット族の 長老達なら\n今朝早くに この町を去って\n彼らの都に 戻っていったぜ{0005}	1	
01124	M051.ETC	0.190	しかし 本当にかわいそうだな\nあんな遠くから やってきたのに\n追い返されちまったんだからよ。{0008}	1	
01125	M051.ETC	0.191	いやあ 夕べのえん会はスゴかった!\n飲めや歌えの 大さわぎだったのさ\nヒック いけね まだ酒が残ってら!{0008}	1	
01126	M051.ETC	0.192	ホビットの 飲みっぷりはすごかったわ\n・・・でも ちょっと気になったのは\nエルフが 一人しかいなかったことよ{0005}	1	
01127	M051.ETC	0.193	たしか・・・エルフは 女性だけで\n男の方は いなかった気がするのさ。{0008}	1	
01128	M051.ETC	0.194	王が ホビットを追い返したことは\nきっと 不吉なことの前触れじゃ\nおお・・・おそろしいことが起こるぞ。{0008}	1	
01129	M051.ETC	0.195	炎を司る 火のジンの力を借りれば\nこんなことなど 朝飯前なんだが・・・\n今日のは 元気が良すぎるみたいだ。{0008}	1	
01130	M051.ETC	0.196	勇者ジャイルズの 子供とはお前か?\nうむ 良い面がまえをしているな\nそれなら この国も安心というものだ。{0008}	1	
01131	M051.ETC	0.197	今日の朝 ホビットがやってきて\nオババ様と 話してらしたけど\n何の 話しをしていたのかしら?{0005}	1	
01132	M051.ETC	0.198	ホビットが 帰ってから・・・\nコワイ顔を しているのだけど。{0008}	1	
01133	M051.ETC	0.199	ホビットの長老殿の 話しによると\n巨人伝説を 実現しようとする者が\nオデガン国に 現れたということだ{0005}	1	
01134	M051.ETC	0.200	もしも その話しが本当のことなら\n王家の宝が ねらわれているはず。{0008}	1	
01135	M051.ETC	0.201	へい いらっしゃいませ!\nうちの商品は 冒険の助けになるぜ\nさあ どれでも買っていってくれよ。{0008}	2	
01136	M051.ETC	0.202	よお 新米の{000A}殿\nあんたが 剣士の位につくってホント?	1	
01137	M051.ETC	0.203	やっぱり・・・そうだったんだあ\nどんなに まじめに勤めてたって\n手柄を上げなきゃ ダメだよなあ。{0008}	1	
01138	M051.ETC	0.204	ふーん なんだ ちがったのか・・・\nやっぱり ウワサはあてにならんな。{0008}	1	
01139	M051.ETC	0.205	あんたは グドーの谷に行くのかい?	1	
01140	M051.ETC	0.206	グドーの谷で 宝を1つ・・・\n迷いの森でも 宝を一つ・・・\nそれを 忘れずに見つけてごらん。{0008}	1	
01141	M051.ETC	0.207	でも・・・行くことになるだろうよ\nその時は また たずねておいで。{0008}	1	
01142	M051.ETC	0.208	オデガンの町の宿屋に ようこそ\nお一人様 10ゴールドですが\nお泊まりに なりますか?	2	
01143	M051.ETC	0.209	おや・・・お金が足りませんよ\n残念ですが お泊めできません\nまた お立ち寄り下さい。{0008}	2	
01144	M051.ETC	0.210	おやめに なるんですね?\nまた お立ち寄り下さい。{0008}	2	
01145	M051.ETC	0.211	それでは ごゆっくり\n身体を お休め下さい。{0008}	2	
01146	M051.ETC	0.212	・・・おはようございます\nゆっくり 休みになれましたか?\nそれでは またお立ち寄り下さい。{0008}	2	
01147	M051.ETC	0.214	南の道を 川沿いに北上していくと\n東側に けわしいグドーの谷が\n西側に 迷いの森が見えてくるわ。{0008}	1	
01148	M051.ETC	0.215	ねえ ダークエルフの魔導師って何さ!\nお城が おそわれたって ホントなの?\n子供あつかいしないで 答えてってば。{0008}	1	
01149	M051.ETC	0.216	王女様が エルフにゆうかいされたの?\nでも ステキな王子様が助けにきて\n2人は 恋に落ちたんですって・・・。{0008}	1	
01150	M051.ETC	0.217	川沿いの道を どこまでも北上すると\nどうくつの入り口が 見えてきます\nそこをぬけたのが 西の地方ですとも。{0008}	1	
01151	M051.ETC	0.218	お姫様がさらわれて 王子様が現れて!\n悪者を倒して 恋に落ちるなんて・・・\n子供のユメとは たあいのないものです。{0008}	1	
01152	M051.ETC	0.219	だれが しゃべったのか知らんが\nもう王女のことを 町の者が知ってて\n色々と聞いてくるので つかれるよ。{0008}	1	
01153	M051.ETC	0.220	お城で ダークエルフと戦いがあったと\n兵士に聞いて ビックリしましたよ!\nイザとなれば 兵士もやるもんですな。{0008}	1	
01154	M051.ETC	0.221	あんたが ウワサの{000A}だろ!\n王女を助けたって さわがれてるが\n・・・王女様って キレイだった?{0008}	1	
01155	M051.ETC	0.222	ホビットたちは 西の地方に帰って\n今ごろ 水辺の村についてるだろう\nきっと 城のさわぎも知らないでさ。{0008}	1	
01156	M051.ETC	0.223	ホビットたちと いっしょにいたのが\nダークエルフ・・・ちがうよなあ\nだとしたら あのエルフたちって?{0008}	1	
01157	M051.ETC	0.224	お城が おそわれたんだって・・・\nオデガンの西側は ぶっそうだけど\nこっち側も ゆだんできないんだねぇ。{0008}	1	
01158	M051.ETC	0.225	ホビットたちが 帰っちまったから\nこの宿も ずいぶん ヒマだなあ\nああ 団体さんが来ないかなあ・・・。{0008}	1	
01159	M051.ETC	0.226	ここを南に下ると 砂漠があるけど\nあそこは 行かない方がいいわね\n砂の迷宮とかも あるらしいしさ。{0008}	1	
01160	M051.ETC	0.227	砂の迷宮の フライパンコロシアムに\n土のジンが 眠っていると聞くが・・・\n巨大な魔物が そこを守っているらしい。{0008}	2	
01161	M051.ETC	0.228	今度の事件が パゾートのしわざなら\n変化の魔法を 使ってこなかったか?{0005}	1	
01162	M051.ETC	0.229	ヤツを 追い払ったなら心配ないが\nもし その魔法にかけられたならば\n大木の仙人に 助けてもらわねばならん。{0008}	1	
01163	M051.ETC	0.230	今回 ダークエルフのねらった宝は\nジンの力を封じた 水晶の玉なの{0005}	2	
01164	M051.ETC	0.231	そのジンのオーブは 装備する者に\n魔法の力を 与えると聞いたわ・・・。{0008}	2	
01165	M051.ETC	0.232	土のジンの眠る 砂の迷宮以外は\nすべて 西の地方にあるというが\n入るのさえも 楽ではないと聞くぞ。{0008}	1	
01166	M051.ETC	0.233	記録の書を 使いますか?{0008}	2	
01167	M051.ETC	0.234	今までの冒険は 記録しました\nまだ ゲームをつづけますか?{0008}	2	
01168	M051.ETC	0.235	フリーズの魔法の 有効活用とは?\n水のジンから 与えられる魔法の力は\n水やバクダンさえも 凍らせるのだ。{0008}	2	
01169	M051.ETC	0.236	土のジン スパークの魔法の効能!\n地点間移動の 動力発動を促す他に\nフラッシュボールを 水の輪の中に放れ。{0008}	2	
01170	M051.ETC	0.237	解放されたジンを どうするのか?\nジンの攻撃力を 再びうばい取れば\n自ら迷宮に戻ると 言い伝えがある。{0008}	2	
01171	M051.ETC	0.238	宝玉の持っている 魔法力の利用法!\n装備した者の 気の力を使って\n封じられた 強力な魔法が使える。{0008}	2	
01172	M051.ETC	0.239	ブレイズは 攻撃のスペシャル魔法だ!\n3つは 迷宮の謎解きに応用されるが\n火の魔法は 攻撃が主力になっているぞ。{0008}	2	
01173	M051.ETC	0.240	風のジンの魔法 ブラストの活用法!\n複数のボタンを 同時に押すことの他\n壁さえも 消し去ることができる魔法だ。{0008}	2	
01174	M051.ETC	0.241	魔法で作られる 魔法力のカベとは?\n魔法を自分の回りに張ることで作られ\n魔法力によってのみ 破ることができる。{0008}	2	
01175	M051.ETC	0.242	オデガン国は 宝の眠るエルドラドだ!\nあらゆる魔法を 使いこなせる者なら\nそこら中から 宝が見つかるであろう。{0008}	2	
01176	M051.ETC	0.243	ホビットの長老からの伝言!\nこれを読んだ 勇気のある者ならば\n私の村まで すぐにも来ておくれ!{0008}	2	
01177	M052.ETC	0.63	おや おきゃくさんかい?\n悪いけど まだ じゅんびちゅうなんだよ\nもうすこししたら またおいで!{0008}	1	
01178	M052.ETC	0.79	いま 目の前を通っていったのは\nサテラ王女に ぜったい間違いない\nどうして 表から入ってきたんだ?{0008}	1	
01179	M052.ETC	0.80	ねえ・・・あなたも見たでしょ?\n前を通って 城に入った人・・・\nきれいで お姫様みたいだったわ。{0008}	1	
01180	M052.ETC	0.81	わあーっ お兄ちゃんだ\nこの頃 見ないと思ってたけど\nどこかへ 行ってたんでしょ?{0008}	1	
01181	M052.ETC	0.82	私が 夢で見た王女様って\n今通った お姉さんの様な人よ\nあんなステキな人に なりたいな。{0008}	1	
01182	M052.ETC	0.83	あんた ちょっと見ない間に\nずいぶん たくましくなったのう\n剣士は 心棈えもちがうんだなあ。{0008}	1	
01183	M052.ETC	0.84	おとぎ話は おとぎ話なのさ!\nお姫様が・・・町の入り口から\nスタコラ 帰って来るんじゃねぇ{0005}	1	
01184	M052.ETC	0.85	これが すてきなおとぎ話なら\n王子様の 白馬にまたがって\nさっそうと 入ってくるだろうに。{0008}	1	
01185	M052.ETC	0.86	ダークエルフの あのさわぎの後は\nオデガン城も しずかものだよ\n何の事件も 起こらなかったもの。{0008}	1	
01186	M052.ETC	0.87	何にも・・・事件は起きてないけど\n城の上を けいびしたヤツの話では\n西の方で 何かがはげしく光ったとさ。{0008}	1	
01187	M052.ETC	0.88	王女様は お城にいるはずですよね!\nすると・・・そこを通っていったのは\nいったい 誰だったんでしょう?{0008}	1	
01188	M052.ETC	0.89	南の砂漠地帯に 行ってみたかい?\nそうだよなあ この国の者なら\nあんな危険な所には 行かないよな。{0008}	1	
01189	M052.ETC	0.90	いま 門を開けて入った女性・・・\nたしかに サテラと名乗ったんだけど\n王女のほかに サテラっていたっけ?{0008}	1	
01190	M052.ETC	0.91	あの・・・{000A}殿・・・\nただいま 王女様が表からやってきて\nここを通って 城に戻られたんだよ{0005}	1	
01191	M052.ETC	0.92	王女様は いつ 表に行かれたのか?\nそれとも 城に入ったのは幻なのかな?{0008}	1	
01192	M052.ETC	0.93	えっ 王女様が前を通ったって・・・\n何を馬鹿なこと いってるんだろね!\nそんなこと あるわけないじゃない?{0008}	1	
01193	M052.ETC	0.94	そういや ホビットたちがいってたが\n彼らの村には 簡単に入れないって!{0005}	1	
01194	M052.ETC	0.95	彼らの村の場所は 川でさえぎられてて\n電気の力を 借りなきゃいけないそうだ。{0008}	1	
01195	M052.ETC	0.96	前に町で 砂をほってる人がいたから\n何してるんだって 聞いたのよ・・・\n宝を探してるんだって いってたわ。{0008}	1	
01196	M052.ETC	0.97	ラララ 砂の迷宮の 石の像は\nスイッチを押したら ただの砂よ\nも一度スイッチで 元の場所 ラララ。{0008}	1	
01197	M052.ETC	0.99	砂の迷宮には 立体通路があって\n色々な場所に つながっているが\n砂がモロく 崩れるものもあるという。{0008}	1	
01198	M052.ETC	0.102	砂の迷宮の 段差のある通路は\n開かずの扉を開け 砂を流すのだ!\nかくされたスイッチを 探すがいい。{0008}	1	
01199	M052.ETC	0.103	オデガンから 軍が出陣していったよ\nボクは長年 ここに住んでるけど\nこんなことは 初めてだよ・・・。{0008}	1	
01200	M052.ETC	0.104	軍隊の 出陣のすがったって\nオデガンに生まれて 初めて見たわ\nみんな さみしそうだった・・・。{0008}	1	
01201	M052.ETC	0.105	ホビットさんに 聞いたんだけど\nホビット村に 遊びにいくには\nいなづまの力が 必要なんだって。{0008}	1	
01202	M052.ETC	0.106	ホビットさんて とっても器用で\nクツを変えて すべって見せてくれたわ\nあれができたら 会いに行けるらしいの。{0008}	1	
01203	M052.ETC	0.107	オデガンが 軍を出陣させたのには\nのっぴきならない 訳があるはずじゃ\nいったい 何があったというのじゃろ?{0008}	1	
01204	M052.ETC	0.108	オデガンも 軍を出陣させちまったら\n表門の守りさえ 一人になるようじゃ\nムダな兵って いなかったんだねぇ。{0008}	1	
01205	M052.ETC	0.109	西の地方に 出陣した仲間も大変だが\n砂の迷宮に1人で行く お前も大変だ{0005}	1	
01206	M052.ETC	0.110	砂の迷宮は ナゾが多いらしいから\n魔法使いに 色々聞いていくといい。{0008}	1	
01207	M052.ETC	0.111	平和だと聞いて やってきたオデガンも\nそれほどじゃ なかったみたいです\n軍隊が 出陣するのを見るとはねぇ{0005}	1	
01208	M052.ETC	0.112	戦争が始まるなら・・・その前に\nどこか 別の国にでも行くつもりです。{0008}	1	
01209	M052.ETC	0.113	オデガン軍が 西の地方に出陣なんて\n・・・また ずいぶん急でしたねぇ\nお城も 火が消えたような静けさだ。{0008}	1	
01210	M052.ETC	0.114	兵士仲間が 出陣するすがた・・・\nそれは 勇ましいものだけどさあ\n残る者は ものがなしいもんだぜ。{0008}	1	
01211	M052.ETC	0.115	王女様のことで さわぎが起きたって?\nそのせいで 軍が出陣したんだろ・・・\nいったい どんなさわぎが起きたのかねぇ。{0008}	1	
01212	M052.ETC	0.116	あんたは 不吉なことを言ってた\nあの おバアさんを覚えてるかい?	1	
01213	M052.ETC	0.117	グドーの谷から やって来たといってた\nうさんくさい 変なバアさんだったんで\nみんなで 追い返しちまったんだよ。{0008}	1	
01214	M052.ETC	0.118	あの おバアさんのいってたことを\nもう少し まじめに聞いとくんだった\n・・・いまさら おそいけどさ・・・。{0008}	1	
01215	M052.ETC	0.119	ねぇ {000A}殿は感じない?\n何か 地面がゆれているみたいだから\n町のみんなも 心配してるんだよ。{0008}	1	
01216	M052.ETC	0.120	イヤだわあ 地面がブルブルすると\nとても 不安な気持ちになるの・・・\nこの地面のゆれは なんなのかしら?{0008}	1	
01217	M052.ETC	0.121	ここのところ 変な地なりがするし\nオデガン軍は 帰ってこないし・・・\nこういうのを 世紀末とかいうそうじゃ。{0008}	1	
01218	M052.ETC	0.122	砂の迷宮から 戻ってこれたのか?\nゆ ゆうれいじゃ ないよなあ・・・{0005}	1	
01219	M052.ETC	0.123	砂の迷宮に行って ぶじだったなんて\n{000A}って 本当にすごいなあ!{0008}	1	
01220	M052.ETC	0.124	お城では 出陣した理由も教えてくれず\nこの変なゆれも かいけつできないのさ{0005}	1	
01221	M052.ETC	0.125	こういう時 ホビットの長老たちが\nやってきて くれたものだったのに\n今回は どうしたっていうのだろう?{0008}	1	
01222	M052.ETC	0.126	西の地方に行った オデガン軍からは\nいまだに 何の音さたもないんだよ\nあいつらは だいじょうぶなのかなあ。{0008}	1	
01223	M052.ETC	0.127	あたしゃ しんこくに考えない方だから\nこんなゆれ どうってことないのよ\nゆすられて 少しはヤセないかねぇ。{0008}	1	
01224	M052.ETC	0.128	客がいないから 朝から飲んでるけど\nこのゆれのおかげで まわるまわる!\nもう 悪よいしちまった ウィッ。{0008}	1	
01225	M052.ETC	0.129	あの人は 目をはなしてるスキに\nすぐに 商売物を飲んじまうから\nこうやって 見はってないとね。{0008}	1	
01226	M052.ETC	0.130	土のジンが 解放されたおかげで\n魔の生き物が 活動をはじめたよ{0005}	1	
01227	M052.ETC	0.131	もしも 魔の水草におそわれたら\nスパークの力を 投げつけるんだよ\nきっと おとなしくなるはずだから。{0008}	1	
01228	M052.ETC	0.132	{000A}が 全てのジンの迷宮で\n宝玉のオーブを 取り返すつもりなら\nわれらの話を おぼえていくがいい{0005}	1	
01229	M052.ETC	0.133	フリーズオーブを 取り返したら\n底の浅い水は 凍らせられるだろう\n水のしょうがいに まどわされるな。{0008}	1	
01230	M052.ETC	0.134	ジンの宝玉は 魔力のオーブともよばれ\n装備した者の 一心なる気が伝わると\n魔法となって 放つことができるのだ{0005}	1	
01231	M052.ETC	0.135	また それぞれのオーブの魔法は\nその時 身につけられた装備によって\nさまざまな効果を はっきするだろう。{0008}	1	
01232	M052.ETC	0.136	ジンのオーブの 全ての力を得ると\n西の地方の 双子岩と呼ばれる岬に\n光なる力の島が 現れるらしいわ。{0008}	1	
01233	M052.ETC	0.137	西の地方で 進めなくなったら\n東地方の 北の迷宮に行くのだ{0005}	1	
01234	M052.ETC	0.138	それが 新たな次なる道を\n{000A}に もたらすだろう。{0008}	1	
01235	M052.ETC	0.139	エルフが やってきたんだよ\nこの前 ホビットの長老とやってきた\nあのエルフたちだと 思うんだけどさ。{0008}	1	
01236	M052.ETC	0.140	エルフさんに 聞いたんだけど\nパゾートに 捕まったホビットたちを\nあなたが助けたって! スゴイわねぇ。{0008}	1	
01237	M052.ETC	0.141	あのね・・・西の空からね・・・\n大きな人が 飛んできたんだよ!\nすっごい スピードだったんだ。{0008}	1	
01238	M052.ETC	0.142	ホビットさんは カワイかったけど\nエルフさんは スタイルがいいから\nうーん・・・どっちもスキだわ。{0008}	1	
01239	M052.ETC	0.143	西の空から 飛んできたのは・・・\n風のジンに まちがいないわい!\nついに 風のジンまで解放された。{0008}	1	
01240	M052.ETC	0.144	ジンは 空を飛べるんだよ・・・\nさすがは 高位の精霊だけあるねぇ\n関心ばかりは してられないけどさ。{0008}	1	
01241	M052.ETC	0.145	西の地方へ行った オデガン軍は\nいったい どうなっちまったかなあ?\nとうとう 帰ってこなかったよ・・・。{0008}	1	
01242	M052.ETC	0.146	4つの迷宮の ナゾを解き明かして\n全ての宝玉を 取り返したんだね?\nキミは ぼくたちと違うと思ってたよ。{0008}	1	
01243	M052.ETC	0.147	やっと帰ってきたな {000A}!\n王様も 心配されているはずだから\n早く 顔を見せに行ってやれよ!{0008}	1	
01244	M052.ETC	0.148	大きなヨロイ騎士が 飛ぶ姿を見た時\nずっと先の時代を 思い浮かべたよ{0005}	1	
01245	M052.ETC	0.149	未来には あんなのが兵士として\n大空を飛び回って 戦ったりするのさ\nああ なんてロマンチックなんだろう。{0008}	1	
01246	M052.ETC	0.150	オデガンが 減びるかも知れない時に\n宿や酒場に 客なんて来やしないぜ\nでも こっちは生活しなきゃなんない。{0008}	1	
01247	M052.ETC	0.151	ダークエルフの 悪巧みのおかげで\nここんとこ ずっとヒマなんだよ\nどうだい 少し飲んでっておくれよ。{0008}	1	
01248	M052.ETC	0.152	4つのジンが 解放されたからには\n残された時間で ジンを封じておくれ!\nシャイニングソードは 見つけたろうね。{0008}	1	
01249	M052.ETC	0.153	パゾートは レインボーバリアの技で\nいっさいの攻撃を さけてくるはずだ{0005}	1	
01250	M052.ETC	0.154	それは あらゆる攻撃を無力にし\n弱い魔法を 跳ね返す技でもある\nバリアの色と 使う攻撃を考えるのだ。{0008}	1	
01251	M052.ETC	0.155	ジンから 力を注入されている間は\nみだりに 巨人に近づかぬ方がいい\n巨人の力を 見くびってはならんぞ。{0008}	1	
01252	M052.ETC	0.156	世界中に沢山ある ライフストックは\n命を貯めることのできる 魔力の器です\n使った後は 宿に泊まってマンタンよ。{0008}	1	
01253	M052.ETC	0.157	ドグウ戦士の使う 地ヒビキの技は\n{000A}の加速を 無効にする!\n加速ばかりを 頼りにすると大変だぞ。{0008}	1	
01254	M061.ETC	0.57	・・・{000A}や {000A}・・・\n・・・早く起きなさい・・・。{0008}	1	
01255	M061.ETC	0.58	{0002}あら・・・まだ 寝ぼけてるのね?\n早く起きて したくをしないと\n初めての お勤めに遅れますよ・・・。{0008}	1	
01256	M061.ETC	0.59	{0002}あなたも 今日からお城勤めをして\nあの勇敢な・・・お父さんのように\nりっぱな剣士に なるのですよ{0008}	1	
01257	M061.ETC	0.60	{0002}そのためにも 初めが肝心なの\n今度だけは 私が手伝ってあげるから\n急いで 準備をしてちょうだい!{0008}	1	
01258	M061.ETC	0.61	{0002}遅いのう・・・{000A}は・・・\nばあさんも 何をやってるんじゃ!{0006}\nまったく 日が暮れてしまうぞ。{0008}	1	
01259	M061.ETC	0.62	遅すぎる・・・が やむを得まい\n{000A}も 両親を亡くしてから\n我々に 育てられて 早10年・・・{0005}	1	
01260	M061.ETC	0.63	{000A}の素質は 父さんゆずりで\n超一流なのは 間違いないのじゃが・・・{0008}	1	
01261	M061.ETC	0.64	甘やかして 育てたかも知れんのう。{0008}	1	
01262	M061.ETC	0.65	いんや けっして そんなことはない!{0008}	1	
01263	M061.ETC	0.66	わしらは あの子の親代わりとして\nきびしく 育ててきたはずじゃ・・・。{0008}	1	
01264	M061.ETC	0.67	あの子には 我が家に伝わる技を\n修得させたのじゃから 心配はいらん\n・・・この技さえあれば 何もな!{0008}	1	
01265	M061.ETC	0.68	{0002}何をしてるんです おじいさん?\n若くないんだから 無理しないで下さい。{0008}	1	
01266	M061.ETC	0.69	{0002}言われなくても わかっとるわい・・・\nお前たちが あんまり遅いもんだから\nつい・・・年がいもなく・・・。{0008}	1	
01267	M061.ETC	0.70	{0002}お待たせしました おじいさん\nまごの晴れの姿は いかがです?{0008}	1	
01268	M061.ETC	0.71	{0002}うむ! 立派になったのう・・・\nこれなら安心して 城に出せるわい{0005}	1	
01269	M061.ETC	0.72	そうじゃ {000A}に頼みがある!\n最後に 加速の技を見せてっておくれ!{0008}	1	
01270	M061.ETC	0.73	まあ おじいさんったら!{0008}	1	
01271	M061.ETC	0.74	{0002}わしは 今日まで加速の技を\n{000A}に 教えてきたが・・・\n実戦で使えるかが 心配なんじゃよ。{0005}	1	
01272	M061.ETC	0.75	さあ {000A} えんりょはいらん\n敵だと思って ぶつかって来るんじゃ{0006}	1	
01273	M061.ETC	0.76	そして わしを飛ばしたら合格じゃ!{0008}	1	
01274	M061.ETC	0.77	{0002}しようのない おじいさん・・・\nしかたがないわ やっておあげなさい{0005}	1	
01275	M061.ETC	0.78	おじいさんは がんじょうだから\n思い切りやって だいじょうぶよ。{0008}	1	
01276	M061.ETC	0.79	{0002}おじいさんのことを 心配だから\n迷ってるの・・・やさしい子ね{0005}	1	
01277	M061.ETC	0.80	でも 何にも心配は入らないから\n思いっきり ぶつかってあげなさい。{0008}	1	
01278	M061.ETC	0.81	{0002}何じゃ・・・ははあ 怖じ気づいたか?\nそんなことでは 城勤めはきびしいぞ\n思い切って ぶつかって来るんじゃ!{0008}	1	
01279	M061.ETC	0.82	{0002}そらそら 何をやってるんじゃ!\nそんなことでは 城勤めはきびしいぞ\n思い切って ぶつかって来るんじゃ!{0008}	1	
01280	M061.ETC	0.83	{0002}何じゃ 何じゃ その腰つきは!\nそれでモンスターに ぶつかったら\n逆に はねとばされちまうわい!{0008}	1	
01281	M061.ETC	0.84	{0002}ふむう・・・これは 少しきいたぞ{0006}\nだが まだまだ 甘い 甘いわい\n手強い敵には 通用しないぞ!{0008}	1	
01282	M061.ETC	0.85	{0002}むぎゅー・・・みごと・・・。{0008}	1	
01283	M061.ETC	0.86	おじいさん! おじいさんったら!{0008}	1	
01284	M061.ETC	0.87	{0002}{000A}よ 今の呼吸じゃぞ!\nそのコツさえ 忘れなければ\nどんな強敵であろうと だいじょうぶ!{0008}	1	
01285	M061.ETC	0.88	その技は 剣を装備をしていない時\n敵に ダメージを与える唯一のわざ!\nけっして 忘れるでないぞ!{0008}	1	
01286	M061.ETC	0.89	{0002}おじいさん・・・どこに行くんです?{0008}	1	
01287	M061.ETC	0.90	{0002}いや・・・首をひねったらしい・・・\nベッドで・・・横になろうかの・・・。{0008}	1	
01288	M061.ETC	0.91	{0002}その技に 魔法のオーブを加えれば\nさらに 多くの攻撃法もあると聞く!{0006}\nより たんれんに精を出すことじゃ。{0008}	1	
01289	M061.ETC	0.92	{0002}ここを西に 真っ直ぐ向かって\nオデガン城の 兵士の詰め所に着いたら\nお父さんの親友の カイパ殿を探すのよ{0005}	1	
01290	M061.ETC	0.93	あの人も 偉くなってしまったけど\nお前の面倒を 見てくれるはずだから。{0008}	1	
01291	M061.ETC	0.94	{0002}さあ {000A}や 行っといで!{0006}\nそして 英雄だった父さんにはじない\nりっぱな剣士に なって帰っておいで。{0008}	1	
01292	M061.ETC	0.95	{0002}お前の父さんの 勇者ジャイルズは\nオデガン国が ドラゴンにおそわれた時\nただひとり 勇かんに立ち向った{0005}	1	
01293	M061.ETC	0.96	それは・・・すごい戦いだったんじゃが\n荒れ狂うドラゴンの 急所にひと突き\nやっとの思いで 倒したのじゃった{0005}	1	
01294	M061.ETC	0.97	その時のキズが元で 父さんは・・・\n母さんも 後を追うように病に倒れ\n・・・お前だけが 残されたんじゃ。{0008}	1	
01295	M061.ETC	0.98	{0002}{000A}の ヨロイすがたを見て\nおじいさんは お前のお父さんを\n思い出して しまったらしいの{0005}	1	
01296	M061.ETC	0.99	あなたが いなくなるとさびしいけど\n王様にお預けしたのだから・・・\nこの家は ないものと思っておくれ。{0008}	1	
01297	M061.ETC	0.100	先祖代々伝わる 加速の技の効能とは?\nパルメキア大陸でも 使える者は少なく\n攻撃や移動やジャンプと 幅広い効能だ。{0008}	1	
01298	M061.ETC	0.101	勇者ジャイルズ ドラゴンとの死闘!\nドラゴンのカギ爪や 吐かれる炎の中\nキズつきながら 立派に戦ったのだった。{0008}	1	
01299	M061.ETC	0.102	ジャイルズ著 戦闘の極意の書!\n戦いで 敵に背中や横を見せてはならん\n正面に比べ 思う以上に被害が大きいぞ。{0008}	1	
01300	M061.ETC	0.103	伝説のレーサー たけ! そのレコードは\n1:03.95・・・ と 刻まれている。{0008}	1	
01301	M061.ETC	0.104	{0002}ん? お前おもしろいものに乗っておるの。\nどうじゃ わしといっしょに\nサーキットの 風にならんか?	1	
01302	M061.ETC	0.105	そうか 残念じゃわい・・・。{0008}	1	
01303	M061.ETC	0.106	おお それでこそわが孫じゃい。\n男のロマンじゃぞい!{0008}	1	
01304	M071.ETC	0.57	{0006} 翼のプレートで 宝石をブルーにせよ	1	
01305	M071.ETC	0.58	{0006} その時 ペガサスは舞い上がるであろう	1	
01306	M071.ETC	0.59	{0006} 宝石が 皹きを失うまでのあいだ・・・・{0008}	1	
01307	M071.ETC	0.60	ケケケケッ 来たな {000A}!{0008}	1	
01308	M071.ETC	0.61	あの時の 弱かったお前が\nまさか オレを追ってくるとはな!{0008}	1	
01309	M071.ETC	0.62	頭が コンガラがる所は苦手だから\n追っ手が来ると せかされたってな!\n・・・体力には 自身があるけどよ{0005}	1	
01310	M071.ETC	0.63	そんなことより 聞きたかったんだ\n{0006}ここまで やって来たってことは\n他のやつらは やられたんだよな?{0008}	1	
01311	M071.ETC	0.65	ダマってるってことは そうなんだ\nバンボとグエイド そして・・・\nカーリーも カーリーもなんだな!{0008}	1	
01312	M071.ETC	0.67	グウォォォォーッ カーリィィィーッ!{0008}	1	
01313	M071.ETC	0.68	オレの・・・オレのカーリーを・・・\n許さねぇ 絶対に・・・許さねぇ!\n{000A}だけは 許さねぇぇぇっ!{0008}	1	
01314	M081.ETC	0.57	ウオーン パワーが パワーが・・・\nお前か! {000A}!\n巨人のパワーを うばったのは!{0008}	1	
01315	M081.ETC	0.58	あと少し・・・あと少しで\n巨人は 復活をとげたはずだった!{0008}	1	
01316	M081.ETC	0.59	しかし まだ間に合うはずだ\nジンのオーブを 返してもらおうか!\nお前を血察りに 巨人を復活する!{0008}	1	
01317	M081.ETC	0.60	私の負けだよ {000A}・・・\nオデガンの勇者の息子という肩書きは\nダテじゃなかった・・・ということだ。{0008}	2	
01318	M081.ETC	0.61	もうすぐ私は 魔界にいくだろう・・・\n親友のオッド・・・アイと同じように\nどんな所か・・・楽しみだ うぐぐ。{0008}	2	
01319	M081.ETC	0.62	クックックッ しかし 一人ではない\n{000A}よ お前もいっしょにだ\nお前も 道連れだぞ ぬわあああーっ!{0008}	2	
01320	M081.ETC	0.63	そ そんな・・・バカな・・・。{0008}	1	
01321	M081.ETC	0.64	沼に突き出てた・・・台地が・・・\n根こそぎ なくなってしまってる!\nまさか・・・パゾートの力で・・・。{0008}	1	
01322	M081.ETC	0.65	{000A}ーッ {000A}ーッ!{0008}	2	
01323	M081.ETC	0.67	{000A}ーッ {000A}・・・。{0008}	1	
01324	M081.ETC	0.68	だめだ・・・返事がないなんて・・・\n{000A}は パゾートを倒したのに・・・\nなのに・・・死んでしまったのか!{0008}	1	
01325	M081.ETC	0.69	{000A}ーッ {000A}ーッ\n頼むよ・・・返事をしてくれ・・・\n私は・・・どうしたらいいんだ・・・。{0008}	1	
01326	M081.ETC	0.70	こんなことって・・・あるか・・・\nこんなのって あんまりじゃないか!{0005}	1	
01327	M081.ETC	0.71	あんなにがんばった {000A}が\n最後のドタンバで 死ぬなんて・・・\nあんなに若くて 素晴らしい青年が。{0008}	1	
01328	M081.ETC	0.72	できるなら 私が代わりたい・・・\nでも ムリなんだ できないんだ\nだから帰るよ {000A}・・・。{0008}	1	
01329	M091.ETC	0.57	ふっふっふっふ・・・{0006}\n時間内にゴールできたら いいものをあげよう\nただし 持ち物は預からせてもうらうよ{0007}	1	
01330	M091.ETC	0.58	ゴーーーーール{0004}	1	
01331	M101.ETC	0.57	ほほう {000A} といったか・・・\nこの迷宮に お前がやってきたのでは\nバンボが 倒されたということだな?{0008}	1	
01332	M101.ETC	0.58	やつは 悪巧みにかけては天才だったが\n戦いの能力は 劣っていたからなあ\nふっ それも 運命というものか・・・。{0008}	1	
01333	M101.ETC	0.59	火のジンが 解放されぬために来たなら\n手遅れだったな ジンは解放されたのだ\n巨人の復活のため 地底の沼に向かった{0005}	1	
01334	M101.ETC	0.60	お前には これ以上動き回れぬように\nここで・・・死んでもらうことにした\n他の者より 少し先に行くがいい!{0008}	1	
01335	M111.ETC	0.57	ゴーーーーール{0007}	1	
01336	M121.ETC	0.57	やはり あんたが\nやってきたんだね!{0008}	1	
01337	M121.ETC	0.58	グドーに住んで ずいぶんたつけど\nオデガンの者が やってくるのは\nジャイルズ以来 はじめてのことだよ。{0008}	1	
01338	M121.ETC	0.59	そうだよ あんたの父さんさ\nあの人の ドラゴンとの戦いも\nグドーの谷が はじまりなんだ・・・{0005}	1	
01339	M121.ETC	0.60	オデガン王も 冒険に名を借りて\nあんたを 私の元によこすなんて\nまだまだ もうろくしちゃいないね。{0008}	1	
01340	M121.ETC	0.61	ははは わからなくても無理ないけど\n谷の精に 会いに行けっていうんで\nここに来たんだから まちがいないよ。{0008}	1	
01341	M121.ETC	0.62	おや・・・あたしじゃないというなら\nどんなヤツだと 思ってるんだい?\nそれは 例えば こんなやつかね!{0008}	1	
01342	M121.ETC	0.63	それとも こんなやつだったかね?{0008}	1	
01343	M121.ETC	0.64	それじゃ こんなだったかねぇ?{0008}	1	
01344	M121.ETC	0.65	それじゃ こんな風だったかしら?{0008}	1	
01345	M121.ETC	0.66	こんにちは {000A}さん\nやっと ここまで来てくれましたね。{0008}	1	
01346	M121.ETC	0.67	オデガンの国は 私が思っていたより\n大変なことに なってしまいました。{0008}	1	
01347	M121.ETC	0.68	きっと いつもは眺明な王様でも\n王女のことは 信じられないでしょう\nまさか 目の前の王女がニセ者なんて。{0008}	1	
01348	M121.ETC	0.69	こうなったら 本物の王女を見つけて\n王の目を さますしかありません{0005}	1	
01349	M121.ETC	0.70	いま 白鳥にされたサテラ王女は\n迷いの森を 奥へとさまよっています。{0008}	1	
01350	M121.ETC	0.71	これで 森のトレントとも話せます\n彼らから 白鳥の話しを聞き出して\n・・・彼女を すくって上げて下さい{0005}	1	
01351	M121.ETC	0.72	そして 西の地方の千年樹の仙人に\n彼女にかかった 魔法をといてもらい\nオデガン城に 連れて帰るのです。{0008}	1	
01352	M121.ETC	0.73	起きなさいな {000A}!\n起きなさいってば・・・。{0008}	1	
01353	M121.ETC	0.74	本当にありがとう {000A}!\nおかげで オデガンは救われたわ。{0008}	1	
01354	M121.ETC	0.75	あなた一人で パゾート一味を倒し\n巨人の復活を くい止めるなんて\n本当に ガンバリ屋さんだったわね!{0008}	1	
01355	M121.ETC	0.78	ごめんね・・・{000A}・・・\nここは オデガンではないのよ。{0008}	1	
01356	M121.ETC	0.79	パゾートとの 戦いを思い出して・・・\nあなたは パゾートとゆうかんに戦って\nそして・・・あいつに勝ったわよね?{0008}	1	
01357	M121.ETC	0.80	でも・・・ひきょうなパゾートは\n最後の力で あなたを道連れに・・・\n残念だけど あなたは死にかけてるの。{0008}	1	
01358	M121.ETC	0.81	ううん ここは天国じゃないわ。{0008}	1	
01359	M121.ETC	0.82	大変だわ・・・天国から・・・\nむかえが来たわ・・・。{0008}	1	
01360	M121.ETC	0.83	そりゃあ そうでしょうとも・・・\nだれだって 死にたくなんてないわ\n・・・だけど・・・運命なの・・・。{0008}	1	
01361	M121.ETC	0.85	一度 定まった運命は\nどうにもならないの・・・。{0008}	1	
01362	M121.ETC	0.86	でもね {000A}は死なせたくない\nあなたは 本当によくやってくれたもの\nそんな人を・・・死なせられないわ!{0008}	1	
01363	M121.ETC	0.87	あなたは まだ 死んでいないから\n私たち精霊が・・・命を吹き込める!\nそれは・・・禁じられてるけど・・・。{0008}	1	
01364	M121.ETC	0.88	お眠りなさい {000A}!\n気がついた時・・・あなたは\nオデガンに 戻っているでしょう。{0008}	1	
01365	M121.ETC	0.89	さようなら・・・\nいとしい {000A}・・・。{0008}	1	
01366	M121.ETC	0.91	精霊は 自然の運命に・・・\n関わっては いけない決まりなの{0005}	1	
01367	M121.ETC	0.92	あなたを助れば・・・罰せられます\n遠い・・・どこかの迷宮に封じられ\n二度と・・・会えないでしょう・・・。{0008}	1	
01368	M121.ETC	0.94	それでも・・・いいのです・・・\nそのせいじつな・・・心を・・・\nいつまでも なくさないで・・・。{0008}	1	
01369	M121.ETC	0.96	さようなら {000A}・・・\nさよう・・・なら・・・。{0008}	1	
01370	M151.ETC	0.57	魔力のティアラの 美しい白鳥なら\n迷いの森を 北の方へ向かったよ{0008}	1	
01371	M151.ETC	0.58	・・・ まずいな 大グモの巣の通路に\n大木を越えて 迷い込んだらしいよ\n大木は動かしとくから 早く行くんだね。{0008}	1	
01372	M151.ETC	0.59	白鳥が 大グモにやられる前に\n急いで 助けに行くんだね。{0008}	1	
01373	M151.ETC	0.60	あんたが 大グモから助けたのが\nその きれいな白鳥さんだね?\nよかったな 白鳥のおじょうさん!{0008}	1	
01374	M151.ETC	0.61	へえ そのおじょうさんが\nあの時の 白鳥だなんて・・・ {0006}\nこの世界は 不思議なことがあるね。{0008}	1	
01375	M151.ETC	0.62	谷の精から聞いて おどろいたが\n有名な ダークエルフのパゾートが\n巨人を解放しに やってきてるって?{0005}ジンたちが 宝玉で解放されたら\n悪夢が 現実になってしまうんだ\nああ 考えただけでも 恐ろしいよ。{0008}	1	
01376	M151.ETC	0.63	かみかざりをした白鳥? ウーン\n眠っていたから 気づかなかったな\n他のトレントにも 聞いてみるといい。{0008}	1	
01377	M151.ETC	0.64	北の方から 助けを求める声がする\nよく 聞き取れないけど・・・ たぶん\n大グモの巣から 聞こえてくるんだよ。{0008}	1	
01378	M151.ETC	0.65	千年樹の大きな葉は ヘソまがりだから\n道をふさがれたら おどかしてやるといい\n重いので ヘソを押してみるとかね。{0008}	1	
01379	M151.ETC	0.66	この前の勇気ある少年に・・・こんにちは人間のおじょうさんお似合いのカップルだと思うよ。{0008}	1	
01380	M151.ETC	0.67	もし 西の地方に行くのなら\nいいことを 教えてあげよう{0005}西の地方を南に 下っていくと\n東の地方へ続く どうくつがあるのさ\n何かのときには 使ってみると便利だよ。{0008}	1	
01381	M151.ETC	0.68	・・・・・・{0008}	2	
01382	M151.ETC	0.69	もしや・・・{0006} 私の言葉がわかるのね?{0008}	1	
01383	M151.ETC	0.70	あなたは 私が白鳥にされた夜に\n私を 助けに来てくれた人ですね?{0008}	1	
01384	M151.ETC	0.71	あの夜から どうしていいか・・・\nでも 私を助けに来てくれたのなら\nあなたの後に ついてまいります!{0008}	1	
01385	M161.ETC	0.57	勇者ジャイルズの子 {000A}や\nよくぞ ここまでやってきましたね!{0008}	1	
01386	M161.ETC	0.58	私の所に 剣を授かりに来たのは\nジャイルズ以来 久しぶりのことです。{0008}	1	
01387	M161.ETC	0.59	それでは 地上の者たちとの約朿です\n光なる剣を 授けましょう・・・。{0008}	1	
01388	M161.ETC	0.60	{000A}や 剣をかかげなさい!{0008}	1	
01389	M161.ETC	0.61	全ての魔法と シャイニングソードで\nあなたは どんな敵とも戦えます{0005}	1	
01390	M161.ETC	0.62	さあ お行きなさい\nダークエルフの 悪しき野望から\nこのオデガンを 守るのです!{0008}	1	
01391	M171.ETC	0.57	来ましたね {000A}クン!\n残念ながら 水のジンは解放され\n今頃は 地底の沼に向かってるはず!{0005}	1	
01392	M171.ETC	0.58	この前 ハジをかかせてくれてから\nずっと この時を待ってましたよ\nキミと戦う・・・その日をね。{0008}	1	
01393	M171.ETC	0.59	キミは 私と戦わなければなりません\n・・・水のオーブが 欲しいんでしょ?\nねっ だから 戦わなきゃいけない{0005}	1	
01394	M171.ETC	0.60	でも 水のあるところの戦いとなると\nキミには 勝ち目はありませんよ\nフォフォフォ 死ぬがいい!{0008}	1	
01395	M181.ETC	0.57	「なんじ 水のオーブを持つ者なら\n この迷宮にいどむ 資格者とみなす\n 持たぬならば 引き上げるがよい!」{0008}	1	
01396	M191.ETC	0.57	井戸を のぞき込んでみると・・・\n美しい 元気の出そうな水があります\n飲んでみますか?	1	
01397	M191.ETC	0.59	へぇぇ ささやきの貝を持ってるなんて\n谷の妖精に合う力を持ってるのかい?\n人間族にも そんな人が残ってたのか!{0005}	1	
01398	M191.ETC	0.60	オーケイ 何か聞きたいんだろう\nホビット族の 行方のことかな?	1	
01399	M191.ETC	0.61	あの夜・・・村の泉がかがやいて\n村人たちが 集まっていったんだ{0005}	1	
01400	M191.ETC	0.62	全員が 泉の回りを囲んだとたんに\n泉がかがやきをまし 光を失った時\n村の者のすがたが 消えていたのだよ。{0008}	1	
01401	M191.ETC	0.63	村人をのみこんだ あの光は\nカガミのかがやきに そっくりだった\n村人は 鏡に吸い込まれたのかも・・・{0005}	1	
01402	M191.ETC	0.64	パッセージミラーを知っているかね?\n魔力のかかった鏡に 向かい合わせると\n鏡の世界に 行けるらしいのだよ。{0008}	1	
01403	M191.ETC	0.65	ホビットたちが 救われたおかげで\nまた 彼らと楽しく過ごせそうだよ{0005}	1	
01404	M191.ETC	0.66	ほかにも 私の知っていることを\n知りたそうだね・・・オーケイ\nシャイニングソードのことかな?	1	
01405	M191.ETC	0.67	水の迷宮の北の 2対の岬があって\nそこで すべてのオーブの力を見せると\n聖なる迷宮の道が 開かれるというよ。{0008}	1	
01406	M191.ETC	0.68	巨人の眠る 地底の沼に続く迷宮の上に\nオデガン城が 立てられたと聞いたよ\nジンたちも きっとそこにいるはずさ。{0008}	1	
01407	M191.ETC	0.69	ボクは エルフの魔法使いカズン!\nパルメキアの グランシール国から\nパゾートを追って やって来たんだ{0005}	2	
01408	M191.ETC	0.70	{000A}君のことは 注目してたけど\nさすがは 大陸でも有名な勇者の子息だ\nキミの勇気には 感心してるんだよ!{0005}	2	
01409	M191.ETC	0.71	キミは ボクの親友のようだ・・・\nそいつは ボウイっていうんだけどさ。{0008}	2	
01410	M191.ETC	0.72	私は エルフのサラ どうぞよろしく\n私たちは・・・パゾートを追って\n旅をして ここまでやって来たのです。{0005}	2	
01411	M191.ETC	0.73	2人で旅してるから 間違われるけど\nけっして 恋人同士じゃないのよ!\nそう思われるのは・・・心外だわ。{0008}	2	
01412	M191.ETC	0.74	あの夜・・・泉がかがやいていると\nこの村の者が 全員集まったのです{0005}	1	
01413	M191.ETC	0.75	まさか ダークエルフのワナだったとは\n・・・{000A}に助けられなければ\nどうなったかと思うと 怖ろしい。{0008}	1	
01414	M191.ETC	0.76	{000A}は ジャイルズ殿の息子?\nどおりで ぼくらを助けられたはずだ\nキミは 父親の血を受けついでるんだ。{0008}	1	
01415	M191.ETC	0.77	オデガン王が 会ってくれなかったのは\n王女様のことで おどされてたからだろ\nはは それくらいのことはわかるのさ。{0008}	1	
01416	M191.ETC	0.78	パゾートの 4人の子分の内の3人を\nキミ一人で 倒しちゃったってホント?\nさすがは ジャイルズ殿の息子さんだ{0005}	1	
01417	M191.ETC	0.79	風の迷宮で 残りのヌーグを倒せば\n4つのオーブが そろうんだよね?{0008}	1	
01418	M191.ETC	0.80	ぼくらが 閉じこめられている間に\n3つのジンが 解放されたんだって!\n4つ目も 解放されちゃうのかなあ{0005}	1	
01419	M191.ETC	0.81	そうなると シャイニングソードだけが\n最後の 巨人を封ずる切り札だなあ。{0008}	1	
01420	M191.ETC	0.82	ぼくたちは キラキラとした中に\nずっと 閉じこめられていたんだ{0005}	1	
01421	M191.ETC	0.83	すごい光が 一面に広がって・・・\n光が消えると 泉の前にもどってた\n何だか・・・ユメでも見てたみたいさ。{0008}	1	
01422	M191.ETC	0.84	ここは 歴史の古いホビット村だよ\nそうだ! 村の井戸の水を飲むと\n力がわいてくるから 行ってごらんよ。{0008}	1	
01423	M191.ETC	0.85	キミが ジャイルズの息子{000A}!\nダークエルフの魔女 カーリーから\nよくぞ助けてくれたな ありがとうよ{0008}	1	
01424	M191.ETC	0.91	まさか あのパゾートの一味が\nホビット村を ターゲットにするとは\n思わんかったんで 油断したわい。{0008}	1	
01425	M191.ETC	0.92	やつらにとって 私たちが動くことが\n目ざわりだった・・・のでしょうね。{0008}	1	
01426	M191.ETC	0.93	鏡の迷宮に 閉じこめらている間に\n3つのジンが解放されてしまったのね?{0008}	1	
01427	M191.ETC	0.95	長老 私たちはオデガン城に向かい\nこの前と同じ様に 古代のほこらから\n巨人の様子を 見てこようと思います。{0008}	1	
01428	M191.ETC	0.96	{000A} キミは風の迷宮に行って\n風のジンが 解放されるのを防いでくれ{0005}	1	
01429	M191.ETC	0.97	もしも それがダメだったなら・・・\nヌーグの持つ 最後のオーブを取り返し\n全てのジンと 戦える準備を整えろ!{0008}	1	
01430	M191.ETC	0.98	そうね 全てのジンが解放されたなら\n巨人の復活を 防ぐ手だてとしては\nその方法しか・・・残されていないもの{0005}	1	
01431	M191.ETC	0.99	巨人が 復活する力を取りもどす前に\nジンを倒し オーブに封じ込めること\n・・・そのためにも オーブが必要ね。{0008}	1	
01432	M191.ETC	0.100	これは ペガサスヘルムといって\n風の精霊の 魔力を受けたカブトなんだ{0005}	1	
01433	M191.ETC	0.101	このエルフの宝を キミに上げよう!\nキミが 風の迷宮に行ったときに\nきっと 役に立つはずだから・・・。{0008}	1	
01434	M191.ETC	0.102	うむ くれぐれも頼んだぞ!{0008}	1	
01435	M191.ETC	0.103	万が一 風のジンが解放されたなら\n4つのオーブが 導いてくれるという\n光の迷宮を探し 剣を見つけなさい{0005}	1	
01436	M191.ETC	0.104	そこにある シャイニングソードこそ\n巨人を・・・パゾートを倒すための\n最後の 切り札となる武器だから。{0008}	1	
01437	M191.ETC	0.105	エルフの宝 ペガサスヘルムをつければ\n風の迷宮を 自由に動き回れるじゃろ{0005}	1	
01438	M191.ETC	0.106	しかし・・・空を飛んでいる間は\n魔法以外 戦う手立てがない\nオーブを 忘れずに装備するんじゃ。{0008}	1	
01439	M191.ETC	0.107	井戸の水を 飲むのは自由だけど\nボトルに詰めるには お金をもらうよ\n村のしきたりで そうなってるんだ{0005}	1	
01440	M191.ETC	0.108	ホビットの薬は 金貨100枚だけど\nどうだい 持っていくかい	1	
01441	M191.ETC	0.109	そうかい・・・そりゃ残念・・・\nまた 必要になったら\nいつでも 言ってくれよ。{0008}	1	
01442	M191.ETC	0.110	よし わかった 早速入れてやろう!{0008}	1	
01443	M191.ETC	0.111	ホビットのくすりを 入れてもらった{0008}	1	
01444	M191.ETC	0.112	これでいい ボトルはマンタンだ\nまた 必要になったら\nいつでも 言ってくれよ。{0008}	1	
01445	M191.ETC	0.113	おや? お金が足りないようだね\n残念だが お金がたまったら\nまた 声をかけてくれよな。{0008}	1	
01446	M191.ETC	0.114	おや? 空のボトルを 持ってないようだね\n空のボトルがあったら\nまた 声をかけてくれよな。{0008}	1	
01447	M191.ETC	0.115	ホビットの 名もない若者の日記!\nダークエルフと このまま戦えば\nいつかは われわれも狙われる。{0008}	1	
01448	M191.ETC	0.116	双子岩の 黒いカベの伝説!\n4つのオーブと たくましい精神の者が\n黒いカベにふれた時 迷宮が開かれる。{0008}	1	
01449	M191.ETC	0.117	ジャンプシューズの 迷宮の伝説!\n水のオーブを 使いこなせる者だけが\n跳躍の力を手に入れるという・・・。{0008}	1	
01450	M191.ETC	0.118	ホビット族の 仲間の交流!\nグランシール島に 渡った仲間たちは\nミスリル銀の 細工職人になったとか。{0008}	1	
01451	M191.ETC	0.119	ホビット村の 不思議な井戸の伝説!\nいつからか? ホビット村の井戸には\nどんな疲れもいやす 不思議な水がわく。{0008}	1	
01452	M191.ETC	0.120	火の迷宮の 近くの道具屋の広告!\n西の地方にない 便利な道具の店が\n火の迷宮近くの 岩の中にオープン。{0008}	1	
01453	M191.ETC	0.121	火の迷宮の道具屋 姉妹店の広告!\n今度 東の地方の泉に 堂々オープン!\n珍しい品続々 ぜひお立ち寄り下さい。{0008}	1	
01454	M191.ETC	0.122	パッセージミラーと 鏡の迷宮!\n魔法力のある 反射効果のあるものに\n反応して 魔なる迷宮の扉を開く。{0008}	1	
01455	M201.ETC	0.57	ホホホ {000A} あなただったの?\n{0006}よく 泉のなぞを解き明かしたものね{0005}	1	
01456	M201.ETC	0.58	私たちの野望が じゃまされないように\nホビットたちを 閉じこめておくため\nせっかく 作った迷宮だったのにね。{0008}	1	
01457	M201.ETC	0.59	あなたの持っている そのオーブは?\n{0006}・・・水と火のオーブを持っているのは\nバンボとグエイドが 倒されたってこと!{0008}	1	
01458	M201.ETC	0.60	あなたが そこまで強くなるのだったら\n砂の迷宮で 倒しておくのだったわね{0005}	1	
01459	M201.ETC	0.61	いいでしょう 相手にとって不足はないわ\nバンボとグエイドを 倒した力を使って\nどこまでやれるか 試して見せてごらん!{0008}	1	
01460	M215.ETC	0.57	・・・来てくれたか {000A}!\n・・・ボクは ごらんの通りさ\n巨人の魔法で たたきのめされたよ{0005}	1	
01461	M215.ETC	0.58	パゾートめ・・・巨人の手のひらで\nじまんそうに 笑っていやがった!・・・{0008}	1	
01462	M215.ETC	0.59	巨人を・・・どうにかするためには\nやはり ジンを封印しなければダメだ\nでないと パゾートにも手が出せない{0005}	1	
01463	M215.ETC	0.60	それができるのは キミだけだ・・・\nやってくれるね {000A}!{0008}	1	
01464	M215.ETC	0.61	くそ・・・やっぱり身体がうごかない\nボクにかまわず・・・行ってくれ!\nジンは 迷宮のどこかにいるはずだ・・・。{0008}	1	
01465	M215.ETC	0.62	そうか! ジンを封印したか!\nこれで 巨人の復活をくい止めた{0005}	1	
01466	M215.ETC	0.63	ようし 残るはパゾートひとりだ\n巨人の魔法にさえ ジャマされなければ\nヤツを倒す 絶好のチャンスだ・・・{0005}	1	
01467	M215.ETC	0.64	こんな時に 動けないなんて・・・\nしかし パゾートを逃がしてはダメだ\n頼むぞ{000A} ヤツを倒してくれ!{0008}	1	
01468	M215.ETC	0.65	ぐわああああ・・・・・・。{0008}	1	
01469	M215.ETC	0.66	{000A}が・・・勝ったのか・・・\nあの・・・恐ろしいパゾートに?{0008}	1	
01470	M215.ETC	0.68	やっぱり・・・勝ったんだ・・・。{0008}	1	
01471	M215.ETC	0.70	・・・あの戦いにパゾートがいたら\nパルメキア戦争の 結果は逆だった\n天が われわれに味方したんだ・・・。{0008}	1	
01472	M215.ETC	0.72	なに! {000A}・・・。{0008}	1	
01473	M215.ETC	0.73	{000A}・・・!{0008}	1	
01474	M215.ETC	0.74	そうだ・・・{000A}はいったい?{0008}	1	
01475	M231.ETC	0.57	あなたね・・・ {0006}うなされていたのは?	2	
01476	M231.ETC	0.58	恐ろしい呪文に 反応してしまうなんて{0006}	2	
01477	M231.ETC	0.59	きっと・・・{0006}カンが鋭いんだわ!{0005}	2	
01478	M231.ETC	0.60	でも{0006} そのカンの鋭さは・・・ {0006}あなたを	2	
01479	M231.ETC	0.61	つらい試練に 向かわせるかも知れない?{0005}	2	
01480	M231.ETC	0.62	{0002}さあ あなたの望みを\n教えてちょうだい。{0006}	2	
01481	M231.ETC	0.63	{0002}あなたの お名前を教えてちょうだい。{0006}	2	
01482	M231.ETC	0.64	{000A}って 名前なのね?\n精霊のイシャハ・カット様に 言われて\nあなたに 会いに来て良かった!{0005}	2	
01483	M231.ETC	0.65	今日は オデガン城に初めて行く日・・・{0006}\n城で何が起こっても あきらめちゃだめよ{0005}	2	
01484	M231.ETC	0.66	そして・・・ {0006}きっと また会いましょ!{0004}	2	
01485	M231.ETC	0.67	どこから 続けるのかしら?	2	
01486	M231.ETC	0.68	そう・・・わかったわ\nくれぐれも 気をつけるのよ。{0007}	2	
01487	M231.ETC	0.69	どれを 写すのかしら?	2	
01488	M231.ETC	0.70	どこに 写すのかしら?	2	
01489	M231.ETC	0.71	写したわ・・・。{0005}	2	
01490	M231.ETC	0.72	どれを 消すのかしら?	2	
01491	M231.ETC	0.73	本当に 消してしまって いいのね?	2	
01492	M231.ETC	0.74	消えてしまったわ・・・。{0005}	2	
01493	M231.ETC	0.75	冒険の続きは また明日・・・。{0006}\nおやすみなさい {000A}。\nまた会えるのを 楽しみにしているわ{0007}	2	
01494	M231.ETC	0.76	こうして オデガン国の危機は\n{000A}様の 大活躍によって\nギリギリの所で 救われたのでした。{0004}	2	
01495	M231.ETC	0.77	エルフ族の カズン様とサラ様は\n{000A}様の 無事を確認して\nグランシールへと 旅立ちました。{0004}	2	
01496	M231.ETC	0.78	でも・・・ 私の幸せな日々は\n・・・長くは 続きませんでした。{0004}	2	
01497	M231.ETC	0.79	{000A}様は 旅立ったのです\n・・・精霊を 救うために・・・\nまったく あてもないというのに。{0004}	2	
01498	M231.ETC	0.80	でも あの{000A}様のことです\nきっと 精霊の迷宮を見つけだして\n目的を果たし 戻ってきますわ!{0004}	2	
01499	M231.ETC	0.81	#if 0	2	
01500	M231.ETC	0.82	私は 東京おもちゃショーの\nシャイニング・ウィズダムの案内役\nダークエルフのカーリーです{0005}	2	
01501	M231.ETC	0.83	それじゃあ プレイしたいマップを選んでね	2	
01502	M231.ETC	0.84	{0002}「浮遊大陸猛レース!」\n宝箱の中に 入っているアイテムで\n行けるところが ドンドン増えるの{0005}	2	
01503	M231.ETC	0.85	アイテムの使い方を よく考えて\n残りタイムが 0になる前に\n北東のゲートに着けば 大成功!{0005}	2	
01504	M231.ETC	0.86	さあ 用意はいいかしら?\nそれじゃあ シャイニング・ウィズダム!{0006}\nレディ・・・{0006} ゴーッ!!{0006}	4	
01505	M231.ETC	0.87	{0002}「迷宮に隠された 宝物を見つけだせ!」\n最初に ペガサスヘルムを探して\n青と赤の カギを見つけてね{0005}	2	
01506	M231.ETC	0.88	アイテムの使い方を よく考えて\n青いマークの トビラの中にある\n宝箱を取ることができたら 大成功{0005}	2	
01507	M231.ETC	0.90	おみごと! 大成功ね\nとっても! 楽しかったでしょ?\nでも本編は もっとすごいのよ{0005}	2	
01508	M231.ETC	0.91	今度は 夏休みに会いましょ\nその時を 楽しみにしていてね\nそれまで・・・ ウフフ さよなら{0008}	2	
01509	M231.ETC	0.92	うーん 残念だったわね\nちょっと 難しかったかなあ\nでも ガッカリしないでね{0005}	2	
01510	M231.ETC	0.93	ここって・・・ 本当は\n後半の 難しい場所だったの\n慣れずに プレイしたんじゃねえ・・・{0005}	2	
01511	M231.ETC	0.94	面白さが わかってもらえたか\nすっごく 心配になっちゃったけど\n次は 夏休みに じっくり遊んでね{0008}	2	
01512	M231.ETC	0.95	#endif	2	
01513	M241.ETC	0.57	・・・男は 戦わなければならぬ時がある\n{000A}よ ゆけ! 行って勝利を\nその手に つかむのじゃ!{0005}	1	
01514	M241.ETC	0.58	{0002}ルールは 知っておるな?	1	
01515	M241.ETC	0.59	{0002}まだ言っておらんかったか? まあよい。\n3周勝負! 車から降りたら失格じゃ。\n覚えたか?	1	
01516	M241.ETC	0.60	{0002}何度も言わせるでない! まあよい。\n3周勝負! 車から降りたら失格じゃ。\n覚えたか?	1	
01517	M241.ETC	0.61	{0002}いいかげんにせんか! まあよい。\n3周勝負! 車から降りたら失格じゃ。\n今度こそ 覚えたな?	1	
01518	M241.ETC	0.62	{0002}もうよいわ!{0005}	1	
01519	M241.ETC	0.63	心してかかれい!\nちなみに コースレコードは\n{0010}分	1	
01520	M241.ETC	0.64	{0001}{0010}秒	1	
01521	M241.ETC	0.65	{0001}{0010}じゃからの{0005}	1	
01522	M241.ETC	0.66	よし{000A} スタートじゃ!\n風になってこい!{0008}	1	
01523	M241.ETC	0.67	{000A}! 新記録じゃ!\nわしも 鼻が高いぞ!{0008}	1	
01524	M241.ETC	0.68	じゃが・・・お前を見ていたら\nまた 首をひねったらしい・・・\n帰ってベッドで・・・横になろうかの・・・。{0008}	1	
01525	M241.ETC	0.69	まだまだ修行が 足りんようじゃの・・・{0008}	1	
01526	M241.ETC	0.70	こりゃ 車から降りたら失格じゃと\n言ったではないか。 まあよい。 帰るぞ。{0005}	1	
01527	M241.ETC	0.71	おお {000A}!\nみごと 風になったな{0005}	1	
01528	M241.ETC	0.72	ワシがその昔 人知れずだした記録を\n破るとは たいしたものだ{0005}	1	
01529	M241.ETC	0.73	ほうびに我が家の宝 スモールオーブを授けよう{0005}	1	
01530	M241.ETC	0.74	{000A}は スモールオーブを手に入れた{0005}	1	
01531	M241.ETC	0.75	キャーキャー{0006}	1	
